DataHora=2026-09-26T18:14:46.2846521-03:00 | Nivel=INFO | Usuario=Nao autenticado | Perfil=Sem perfil | Tela=Geral | Acao=Inicializando estrutura do banco SQLite em 'C:\Users\campo\AppData\Local\Temp\primox-c115-smoke-20260926_181445\primoauto.db'. | ErroTecnico= | StackTrace=
DataHora=2026-09-26T18:14:46.8038928-03:00 | Nivel=WARN | Usuario=Nao autenticado | Perfil=Sem perfil | Tela=Geral | Acao=Senha temporaria do administrador inicial gerada em 'C:\Users\campo\AppData\Local\Temp\primox-c115-smoke-20260926_181445\credenciais-iniciais-admin.txt'. Troque no primeiro acesso. | ErroTecnico= | StackTrace=
DataHora=2026-09-26T18:14:46.8248707-03:00 | Nivel=INFO | Usuario=Nao autenticado | Perfil=Sem perfil | Tela=Geral | Acao=Estrutura do banco SQLite validada em 'C:\Users\campo\AppData\Local\Temp\primox-c115-smoke-20260926_181445\primoauto.db'. | ErroTecnico= | StackTrace=
DataHora=2026-09-26T18:14:46.8344070-03:00 | Nivel=INFO | Usuario=Nao autenticado | Perfil=Sem perfil | Tela=Geral | Acao=Inicializacao do ERP iniciada. | ErroTecnico= | StackTrace=
DataHora=2026-09-26T18:14:46.8413194-03:00 | Nivel=INFO | Usuario=Nao autenticado | Perfil=Sem perfil | Tela=Geral | Acao=Saude do banco validada. Migrations aplicadas: 30. | ErroTecnico= | StackTrace=
DataHora=2026-09-26T18:14:46.8812393-03:00 | Nivel=INFO | Usuario=Nao autenticado | Perfil=Sem perfil | Tela=Geral | Acao=Backup automático diário iniciado com intervalo de 24 horas. | ErroTecnico= | StackTrace=
DataHora=2026-09-26T18:14:46.9004079-03:00 | Nivel=INFO | Usuario=Nao autenticado | Perfil=Sem perfil | Tela=Geral | Acao=Backup do banco criado em 'C:\Users\campo\AppData\Local\Temp\primox-c115-smoke-20260926_181445\Backups\PrimoAutoEletrica_Backup_2026-09-26_18-14-46.db' em 16ms. Hash: 30E46B735315163E6315F48EB5A1A0C476C6B55F194251A64EB5BF36EE4BB6D5 | ErroTecnico= | StackTrace=
DataHora=2026-09-26T18:14:47.2010130-03:00 | Nivel=INFO | Usuario=Nao autenticado | Perfil=Sem perfil | Tela=Geral | Acao=Iniciando smoke test de UI. | ErroTecnico= | StackTrace=
DataHora=2026-09-26T18:14:47.2032053-03:00 | Nivel=INFO | Usuario=Smoke Test | Perfil=Administrador | Tela=Geral | Acao=Smoke test iniciando: MainWindow. | ErroTecnico= | StackTrace=
DataHora=2026-09-26T18:14:47.5560497-03:00 | Nivel=INFO | Usuario=Smoke Test | Perfil=Administrador | Tela=Geral | Acao=Adicionado ao cache: Dashboard | ErroTecnico= | StackTrace=
DataHora=2026-09-26T18:14:47.5569158-03:00 | Nivel=INFO | Usuario=Smoke Test | Perfil=Administrador | Tela=Geral | Acao=Navegacao registrada: Dashboard | ErroTecnico= | StackTrace=
DataHora=2026-09-26T18:14:47.5586250-03:00 | Nivel=INFO | Usuario=Smoke Test | Perfil=Administrador | Tela=Geral | Acao=Navegacao concluida para o modulo 'Dashboard'. | ErroTecnico= | StackTrace=
DataHora=2026-09-26T18:14:48.2741435-03:00 | Nivel=INFO | Usuario=Smoke Test | Perfil=Administrador | Tela=Geral | Acao=Smoke test aprovado: MainWindow (1070 ms). | ErroTecnico= | StackTrace=
DataHora=2026-09-26T18:14:48.2748491-03:00 | Nivel=INFO | Usuario=Smoke Test | Perfil=Administrador | Tela=Geral | Acao=Smoke test iniciando: Dados:SeedBaseUi. | ErroTecnico= | StackTrace=
DataHora=2026-09-26T18:14:48.7550315-03:00 | Nivel=INFO | Usuario=Smoke Test | Perfil=Administrador | Tela=Geral | Acao=Smoke test aprovado: Dados:SeedBaseUi (480 ms). | ErroTecnico= | StackTrace=
DataHora=2026-09-26T18:14:48.7559025-03:00 | Nivel=INFO | Usuario=Smoke Test | Perfil=Administrador | Tela=Geral | Acao=Smoke test iniciando: Produtos:CamposAnexosOperacionais. | ErroTecnico= | StackTrace=
DataHora=2026-09-26T18:14:49.2110728-03:00 | Nivel=INFO | Usuario=Smoke Test | Perfil=Administrador | Tela=Geral | Acao=Bloqueio criado: Produto/bfb1a80f-d3ab-4065-90f9-0cb7ff010e89 por Smoke Test em CIRO. Expira em 30 minutos. | ErroTecnico= | StackTrace=
DataHora=2026-09-26T18:14:49.9397635-03:00 | Nivel=INFO | Usuario=Smoke Test | Perfil=Administrador | Tela=Estoque | Acao=Abertura de anexo do produto validada em automacao: C:\Users\campo\AppData\Local\Temp\primox-c115-smoke-20260926_181445\Media\Produtos\Anexos\bfb1a80fd3ab406590f90cb7ff010e89\20260926181448791_Produto_Smoke_020899281842_ficha-tecnica-20260926181448764-9ddc6dc096814060afdb48377d510cc8.txt | ErroTecnico= | StackTrace=
DataHora=2026-09-26T18:14:50.6202968-03:00 | Nivel=INFO | Usuario=Smoke Test | Perfil=Administrador | Tela=Estoque | Acao=Sucesso: Produto atualizado com sucesso! | ErroTecnico= | StackTrace=
DataHora=2026-09-26T18:14:50.6222568-03:00 | Nivel=INFO | Usuario=Smoke Test | Perfil=Administrador | Tela=Estoque | Acao=DialogResult suprimido em automacao para 'EditarProdutoWindow': DialogResult somente pode ser definido após Window ser criado e exibido como caixa de diálogo. | ErroTecnico= | StackTrace=
DataHora=2026-09-26T18:14:50.6728272-03:00 | Nivel=INFO | Usuario=Smoke Test | Perfil=Administrador | Tela=Geral | Acao=Bloqueio liberado: Produto/bfb1a80f-d3ab-4065-90f9-0cb7ff010e89 por Smoke Test. | ErroTecnico= | StackTrace=
DataHora=2026-09-26T18:14:51.3039682-03:00 | Nivel=INFO | Usuario=Smoke Test | Perfil=Administrador | Tela=Geral | Acao=Smoke test aprovado: Produtos:CamposAnexosOperacionais (2548 ms). | ErroTecnico= | StackTrace=
DataHora=2026-09-26T18:14:51.3047591-03:00 | Nivel=INFO | Usuario=Smoke Test | Perfil=Administrador | Tela=Geral | Acao=Smoke test iniciando: Produtos:CadastroCompletoPelaTela. | ErroTecnico= | StackTrace=
DataHora=2026-09-26T18:14:52.2348612-03:00 | Nivel=INFO | Usuario=Smoke Test | Perfil=Administrador | Tela=Estoque | Acao=Sucesso: Produto cadastrado com sucesso! | ErroTecnico= | StackTrace=
DataHora=2026-09-26T18:14:52.2358498-03:00 | Nivel=INFO | Usuario=Smoke Test | Perfil=Administrador | Tela=Estoque | Acao=DialogResult suprimido em automacao para 'NovoProdutoWindow': DialogResult somente pode ser definido após Window ser criado e exibido como caixa de diálogo. | ErroTecnico= | StackTrace=
DataHora=2026-09-26T18:14:52.9115620-03:00 | Nivel=INFO | Usuario=Smoke Test | Perfil=Administrador | Tela=Geral | Acao=Smoke test aprovado: Produtos:CadastroCompletoPelaTela (1606 ms). | ErroTecnico= | StackTrace=
DataHora=2026-09-26T18:14:52.9122860-03:00 | Nivel=INFO | Usuario=Smoke Test | Perfil=Administrador | Tela=Geral | Acao=Smoke test iniciando: Produtos:EtiquetaPdfPelaTela. | ErroTecnico= | StackTrace=
DataHora=2026-09-26T18:14:53.0584330-03:00 | Nivel=INFO | Usuario=Smoke Test | Perfil=Administrador | Tela=Estoque | Acao=Estoque: listagem carregou 2 produto(s). | ErroTecnico= | StackTrace=
DataHora=2026-09-26T18:14:53.2352386-03:00 | Nivel=INFO | Usuario=Smoke Test | Perfil=Administrador | Tela=Estoque | Acao=Estoque layout: rootH=821; headerH=59; actionBarH=140; actionBarVis=Visible; metricsH=76; metricsVis=Visible; stateHostH=519; contentH=519; contentVis=Visible; loadingH=0; loadingVis=Collapsed; emptyH=0; emptyVis=Collapsed; errorH=0; errorVis=Collapsed; dataGridH=365; gridItems=2; totalTxt=2 | ErroTecnico= | StackTrace=
DataHora=2026-09-26T18:14:54.4835933-03:00 | Nivel=INFO | Usuario=Smoke Test | Perfil=Administrador | Tela=Estoque | Acao=Etiqueta gerada para produto SMK-020899281842 em C:\Users\campo\AppData\Local\Temp\primox-c115-smoke-20260926_181445\Logs\produtos-smoke\Etiqueta_020899281842_20260926_181454.pdf. | ErroTecnico= | StackTrace=
DataHora=2026-09-26T18:14:55.1621498-03:00 | Nivel=INFO | Usuario=Smoke Test | Perfil=Administrador | Tela=Geral | Acao=Smoke test aprovado: Produtos:EtiquetaPdfPelaTela (2249 ms). | ErroTecnico= | StackTrace=
DataHora=2026-09-26T18:14:55.1631231-03:00 | Nivel=INFO | Usuario=Smoke Test | Perfil=Administrador | Tela=Geral | Acao=Smoke test iniciando: Estoque:EntradaSaidaHistoricoPelaTela. | ErroTecnico= | StackTrace=
DataHora=2026-09-26T18:14:55.2684468-03:00 | Nivel=INFO | Usuario=Smoke Test | Perfil=Administrador | Tela=Estoque | Acao=Estoque: listagem carregou 2 produto(s). | ErroTecnico= | StackTrace=
DataHora=2026-09-26T18:14:55.3405873-03:00 | Nivel=INFO | Usuario=Smoke Test | Perfil=Administrador | Tela=Estoque | Acao=Estoque layout: rootH=821; headerH=59; actionBarH=140; actionBarVis=Visible; metricsH=76; metricsVis=Visible; stateHostH=519; contentH=519; contentVis=Visible; loadingH=0; loadingVis=Collapsed; emptyH=0; emptyVis=Collapsed; errorH=0; errorVis=Collapsed; dataGridH=365; gridItems=2; totalTxt=2 | ErroTecnico= | StackTrace=
DataHora=2026-09-26T18:14:56.1723607-03:00 | Nivel=INFO | Usuario=Smoke Test | Perfil=Administrador | Tela=Estoque | Acao=Estoque: listagem carregou 2 produto(s). | ErroTecnico= | StackTrace=
DataHora=2026-09-26T18:14:56.1835567-03:00 | Nivel=INFO | Usuario=Smoke Test | Perfil=Administrador | Tela=Estoque | Acao=Movimentacao dedicada de Entrada validada em automacao para produto SMK-020899281842. | ErroTecnico= | StackTrace=
DataHora=2026-09-26T18:14:56.2210142-03:00 | Nivel=INFO | Usuario=Smoke Test | Perfil=Administrador | Tela=Estoque | Acao=Estoque layout: rootH=821; headerH=59; actionBarH=140; actionBarVis=Visible; metricsH=76; metricsVis=Visible; stateHostH=519; contentH=519; contentVis=Visible; loadingH=0; loadingVis=Collapsed; emptyH=0; emptyVis=Collapsed; errorH=0; errorVis=Collapsed; dataGridH=365; gridItems=2; totalTxt=2 | ErroTecnico= | StackTrace=
DataHora=2026-09-26T18:14:57.5423786-03:00 | Nivel=INFO | Usuario=Smoke Test | Perfil=Administrador | Tela=Estoque | Acao=Estoque: listagem carregou 2 produto(s). | ErroTecnico= | StackTrace=
DataHora=2026-09-26T18:14:57.5504748-03:00 | Nivel=INFO | Usuario=Smoke Test | Perfil=Administrador | Tela=Estoque | Acao=Movimentacao dedicada de Saida validada em automacao para produto SMK-020899281842. | ErroTecnico= | StackTrace=
DataHora=2026-09-26T18:14:57.6123041-03:00 | Nivel=INFO | Usuario=Smoke Test | Perfil=Administrador | Tela=Estoque | Acao=Estoque layout: rootH=821; headerH=59; actionBarH=140; actionBarVis=Visible; metricsH=76; metricsVis=Visible; stateHostH=519; contentH=519; contentVis=Visible; loadingH=0; loadingVis=Collapsed; emptyH=0; emptyVis=Collapsed; errorH=0; errorVis=Collapsed; dataGridH=365; gridItems=2; totalTxt=2 | ErroTecnico= | StackTrace=
DataHora=2026-09-26T18:14:58.8960710-03:00 | Nivel=INFO | Usuario=Smoke Test | Perfil=Administrador | Tela=Geral | Acao=Smoke test aprovado: Estoque:EntradaSaidaHistoricoPelaTela (3732 ms). | ErroTecnico= | StackTrace=
DataHora=2026-09-26T18:14:58.8967347-03:00 | Nivel=INFO | Usuario=Smoke Test | Perfil=Administrador | Tela=Geral | Acao=Smoke test iniciando: Estoque:FiltrosOperacionaisPelaTela. | ErroTecnico= | StackTrace=
DataHora=2026-09-26T18:14:59.0001447-03:00 | Nivel=INFO | Usuario=Smoke Test | Perfil=Administrador | Tela=Estoque | Acao=Estoque: listagem carregou 7 produto(s). | ErroTecnico= | StackTrace=
DataHora=2026-09-26T18:14:59.1043585-03:00 | Nivel=INFO | Usuario=Smoke Test | Perfil=Administrador | Tela=Estoque | Acao=Estoque layout: rootH=821; headerH=59; actionBarH=140; actionBarVis=Visible; metricsH=84; metricsVis=Visible; stateHostH=511; contentH=511; contentVis=Visible; loadingH=0; loadingVis=Collapsed; emptyH=0; emptyVis=Collapsed; errorH=0; errorVis=Collapsed; dataGridH=357; gridItems=7; totalTxt=7 | ErroTecnico= | StackTrace=
DataHora=2026-09-26T18:15:05.9671135-03:00 | Nivel=INFO | Usuario=Smoke Test | Perfil=Administrador | Tela=Geral | Acao=Smoke test aprovado: Estoque:FiltrosOperacionaisPelaTela (7070 ms). | ErroTecnico= | StackTrace=
DataHora=2026-09-26T18:15:05.9679712-03:00 | Nivel=INFO | Usuario=Smoke Test | Perfil=Administrador | Tela=Geral | Acao=Smoke test iniciando: Fornecedores:ProdutoFornecedorComprasPrazosRanking. | ErroTecnico= | StackTrace=
DataHora=2026-09-26T18:15:06.3183709-03:00 | Nivel=INFO | Usuario=Smoke Test | Perfil=Administrador | Tela=Geral | Acao=Smoke test aprovado: Fornecedores:ProdutoFornecedorComprasPrazosRanking (350 ms). | ErroTecnico= | StackTrace=
DataHora=2026-09-26T18:15:06.3191901-03:00 | Nivel=INFO | Usuario=Smoke Test | Perfil=Administrador | Tela=Geral | Acao=Smoke test iniciando: Fornecedores:AcoesSemExcluirNaColuna. | ErroTecnico= | StackTrace=
DataHora=2026-09-26T18:15:06.3549486-03:00 | Nivel=INFO | Usuario=Smoke Test | Perfil=Administrador | Tela=Geral | Acao=Smoke test aprovado: Fornecedores:AcoesSemExcluirNaColuna (35 ms). | ErroTecnico= | StackTrace=
DataHora=2026-09-26T18:15:06.3556336-03:00 | Nivel=INFO | Usuario=Smoke Test | Perfil=Administrador | Tela=Geral | Acao=Smoke test iniciando: Fornecedores:ExcluirSomenteSelecionado. | ErroTecnico= | StackTrace=
DataHora=2026-09-26T18:15:07.9951496-03:00 | Nivel=INFO | Usuario=Smoke Test | Perfil=Administrador | Tela=Geral | Acao=Smoke test aprovado: Fornecedores:ExcluirSomenteSelecionado (1639 ms). | ErroTecnico= | StackTrace=
DataHora=2026-09-26T18:15:07.9960811-03:00 | Nivel=INFO | Usuario=Smoke Test | Perfil=Administrador | Tela=Geral | Acao=Smoke test iniciando: Fornecedores:EditarPrazoCategoriaContatoRefleteFicha. | ErroTecnico= | StackTrace=
DataHora=2026-09-26T18:15:08.1107173-03:00 | Nivel=INFO | Usuario=Smoke Test | Perfil=Administrador | Tela=Fornecedores | Acao=Sucesso: Fornecedor Fornecedor Exclusao Edicao 20260926181507997-a6023d3b2a6147c2a11af701491889cc atualizado com sucesso! | ErroTecnico= | StackTrace=
DataHora=2026-09-26T18:15:08.1121195-03:00 | Nivel=INFO | Usuario=Smoke Test | Perfil=Administrador | Tela=Fornecedores | Acao=DialogResult suprimido em automacao para 'EditarFornecedorWindow': DialogResult somente pode ser definido após Window ser criado e exibido como caixa de diálogo. | ErroTecnico= | StackTrace=
DataHora=2026-09-26T18:15:08.7804663-03:00 | Nivel=INFO | Usuario=Smoke Test | Perfil=Administrador | Tela=Geral | Acao=Smoke test aprovado: Fornecedores:EditarPrazoCategoriaContatoRefleteFicha (784 ms). | ErroTecnico= | StackTrace=
DataHora=2026-09-26T18:15:08.7812755-03:00 | Nivel=INFO | Usuario=Smoke Test | Perfil=Administrador | Tela=Geral | Acao=Smoke test iniciando: Clientes:LGPDAtalhosOperacionais. | ErroTecnico= | StackTrace=
DataHora=2026-09-26T18:15:09.7592111-03:00 | Nivel=INFO | Usuario=Smoke Test | Perfil=Administrador | Tela=Clientes | Acao=WhatsApp do cliente validado em automacao para o telefone 5511988880001. | ErroTecnico= | StackTrace=
DataHora=2026-09-26T18:15:10.5388935-03:00 | Nivel=INFO | Usuario=Smoke Test | Perfil=Administrador | Tela=Clientes | Acao=Janela de nova OS por atalho de cliente validada em automacao sem abrir modal bloqueante. | ErroTecnico= | StackTrace=
DataHora=2026-09-26T18:15:11.2491971-03:00 | Nivel=INFO | Usuario=Smoke Test | Perfil=Administrador | Tela=Clientes | Acao=Janela de novo orcamento por atalho de cliente validada em automacao sem abrir modal bloqueante. | ErroTecnico= | StackTrace=
DataHora=2026-09-26T18:15:11.8785820-03:00 | Nivel=INFO | Usuario=Smoke Test | Perfil=Administrador | Tela=Geral | Acao=Smoke test aprovado: Clientes:LGPDAtalhosOperacionais (3097 ms). | ErroTecnico= | StackTrace=
DataHora=2026-09-26T18:15:11.8794492-03:00 | Nivel=INFO | Usuario=Smoke Test | Perfil=Administrador | Tela=Geral | Acao=Smoke test iniciando: Clientes:CadastroCompletoPelaTela. | ErroTecnico= | StackTrace=
DataHora=2026-09-26T18:15:12.0283520-03:00 | Nivel=INFO | Usuario=Smoke Test | Perfil=Administrador | Tela=Clientes | Acao=Arquivo sintetico de cliente gerado em 'C:\Users\campo\AppData\Local\Temp\primox-c115-smoke-20260926_181445\Clientes\Automacao\documento-cliente-smoke.txt'. | ErroTecnico= | StackTrace=
DataHora=2026-09-26T18:15:12.0292943-03:00 | Nivel=INFO | Usuario=Smoke Test | Perfil=Administrador | Tela=Clientes | Acao=Documento: Documento sintetico vinculado ao cadastro em automacao. | ErroTecnico= | StackTrace=
DataHora=2026-09-26T18:15:12.6692395-03:00 | Nivel=INFO | Usuario=Smoke Test | Perfil=Administrador | Tela=Geral | Acao=Assinatura digital registrada para cliente 'Cliente Cadastro Completo 181511881' em 'C:\Users\campo\AppData\Local\Temp\primox-c115-smoke-20260926_181445\Clientes\Assinaturas\20260926181512_Cliente_Cadastro_Completo_181511881_fa8b08557fc84aaea6ef95db96e286a6.txt'. | ErroTecnico= | StackTrace=
DataHora=2026-09-26T18:15:12.6700495-03:00 | Nivel=INFO | Usuario=Smoke Test | Perfil=Administrador | Tela=Clientes | Acao=Assinatura Digital: Assinatura digital registrada e vinculada ao cadastro. | ErroTecnico= | StackTrace=
DataHora=2026-09-26T18:15:13.9385151-03:00 | Nivel=INFO | Usuario=Smoke Test | Perfil=Administrador | Tela=Clientes | Acao=Sucesso: Cliente Cliente Cadastro Completo 181511881 salvo com sucesso! | ErroTecnico= | StackTrace=
DataHora=2026-09-26T18:15:13.9394904-03:00 | Nivel=INFO | Usuario=Smoke Test | Perfil=Administrador | Tela=Clientes | Acao=DialogResult suprimido em automacao para 'NovoClienteWindow': DialogResult somente pode ser definido após Window ser criado e exibido como caixa de diálogo. | ErroTecnico= | StackTrace=
DataHora=2026-09-26T18:15:14.6828586-03:00 | Nivel=INFO | Usuario=Smoke Test | Perfil=Administrador | Tela=Geral | Acao=Bloqueio criado: Cliente/58503e1e-dc93-44d0-9c3f-6e67aa3aa613 por Smoke Test em CIRO. Expira em 30 minutos. | ErroTecnico= | StackTrace=
DataHora=2026-09-26T18:15:14.7319353-03:00 | Nivel=INFO | Usuario=Smoke Test | Perfil=Administrador | Tela=Geral | Acao=Bloqueio liberado: Cliente/58503e1e-dc93-44d0-9c3f-6e67aa3aa613 por Smoke Test. | ErroTecnico= | StackTrace=
DataHora=2026-09-26T18:15:19.7830231-03:00 | Nivel=WARN | Usuario=Smoke Test | Perfil=Administrador | Tela=Geral | Acao=Smoke test: janela EditarClienteWindow nao ficou visivel apos 5s. | ErroTecnico= | StackTrace=
DataHora=2026-09-26T18:15:19.7884376-03:00 | Nivel=INFO | Usuario=Smoke Test | Perfil=Administrador | Tela=Clientes | Acao=Sucesso: Cliente atualizado com sucesso! | ErroTecnico= | StackTrace=
DataHora=2026-09-26T18:15:19.7893179-03:00 | Nivel=INFO | Usuario=Smoke Test | Perfil=Administrador | Tela=Clientes | Acao=DialogResult suprimido em automacao para 'EditarClienteWindow': DialogResult somente pode ser definido após Window ser criado e exibido como caixa de diálogo. | ErroTecnico= | StackTrace=
DataHora=2026-09-26T18:15:20.5652520-03:00 | Nivel=INFO | Usuario=Smoke Test | Perfil=Administrador | Tela=Geral | Acao=Smoke test aprovado: Clientes:CadastroCompletoPelaTela (8685 ms). | ErroTecnico= | StackTrace=
DataHora=2026-09-26T18:15:20.5660908-03:00 | Nivel=INFO | Usuario=Smoke Test | Perfil=Administrador | Tela=Geral | Acao=Smoke test iniciando: Clientes:AnexosAssinatura. | ErroTecnico= | StackTrace=
DataHora=2026-09-26T18:15:20.7233865-03:00 | Nivel=INFO | Usuario=Smoke Test | Perfil=Administrador | Tela=Clientes | Acao=Abertura de documento validada em automacao sem executar aplicativo externo. | ErroTecnico= | StackTrace=
DataHora=2026-09-26T18:15:21.3786470-03:00 | Nivel=INFO | Usuario=Smoke Test | Perfil=Administrador | Tela=Clientes | Acao=Abertura de assinatura validada em automacao sem executar aplicativo externo. | ErroTecnico= | StackTrace=
DataHora=2026-09-26T18:15:22.0948431-03:00 | Nivel=INFO | Usuario=Smoke Test | Perfil=Administrador | Tela=Geral | Acao=Bloqueio criado: Cliente/ac2264d9-a3ed-4585-bc73-634c1e1e35cf por Smoke Test em CIRO. Expira em 30 minutos. | ErroTecnico= | StackTrace=
DataHora=2026-09-26T18:15:22.1611384-03:00 | Nivel=INFO | Usuario=Smoke Test | Perfil=Administrador | Tela=Clientes | Acao=Abertura de documento validada em automacao sem executar aplicativo externo. | ErroTecnico= | StackTrace=
DataHora=2026-09-26T18:15:22.8129081-03:00 | Nivel=INFO | Usuario=Smoke Test | Perfil=Administrador | Tela=Clientes | Acao=Abertura de assinatura validada em automacao sem executar aplicativo externo. | ErroTecnico= | StackTrace=
DataHora=2026-09-26T18:15:23.4448219-03:00 | Nivel=INFO | Usuario=Smoke Test | Perfil=Administrador | Tela=Geral | Acao=Bloqueio liberado: Cliente/ac2264d9-a3ed-4585-bc73-634c1e1e35cf por Smoke Test. | ErroTecnico= | StackTrace=
DataHora=2026-09-26T18:15:23.4455704-03:00 | Nivel=INFO | Usuario=Smoke Test | Perfil=Administrador | Tela=Geral | Acao=Smoke test aprovado: Clientes:AnexosAssinatura (2879 ms). | ErroTecnico= | StackTrace=
DataHora=2026-09-26T18:15:23.4463958-03:00 | Nivel=INFO | Usuario=Smoke Test | Perfil=Administrador | Tela=Geral | Acao=Smoke test iniciando: Dashboard:IndicadoresReaisAtalhos. | ErroTecnico= | StackTrace=
DataHora=2026-09-26T18:15:23.4562312-03:00 | Nivel=INFO | Usuario=Smoke Test | Perfil=Administrador | Tela=Geral | Acao=Venda 'a7bba948-7cf2-4b43-8b34-fb02915ce8ba' registrada com 1 item(ns) e total R$ 25,00. | ErroTecnico= | StackTrace=
DataHora=2026-09-26T18:15:23.5468302-03:00 | Nivel=INFO | Usuario=Smoke Test | Perfil=Administrador | Tela=Geral | Acao=Adicionado ao cache: Dashboard | ErroTecnico= | StackTrace=
DataHora=2026-09-26T18:15:23.5473994-03:00 | Nivel=INFO | Usuario=Smoke Test | Perfil=Administrador | Tela=Geral | Acao=Navegacao registrada: Dashboard | ErroTecnico= | StackTrace=
DataHora=2026-09-26T18:15:23.5479172-03:00 | Nivel=INFO | Usuario=Smoke Test | Perfil=Administrador | Tela=Geral | Acao=Navegacao concluida para o modulo 'Dashboard'. | ErroTecnico= | StackTrace=
DataHora=2026-09-26T18:15:24.4730790-03:00 | Nivel=INFO | Usuario=Smoke Test | Perfil=Administrador | Tela=Financeiro | Acao=ObterMovimentacoes(limit=1200) concluida em 1 ms. | ErroTecnico= | StackTrace=
DataHora=2026-09-26T18:15:24.5753171-03:00 | Nivel=INFO | Usuario=Smoke Test | Perfil=Administrador | Tela=Financeiro | Acao=ObterMovimentacoes(limit=1200) concluida em 0 ms. | ErroTecnico= | StackTrace=
DataHora=2026-09-26T18:15:24.6344936-03:00 | Nivel=INFO | Usuario=Smoke Test | Perfil=Administrador | Tela=Financeiro | Acao=ObterMovimentacoes(limit=1200) concluida em 0 ms. | ErroTecnico= | StackTrace=
DataHora=2026-09-26T18:15:24.6363495-03:00 | Nivel=INFO | Usuario=Smoke Test | Perfil=Administrador | Tela=Geral | Acao=Adicionado ao cache: Financeiro | ErroTecnico= | StackTrace=
DataHora=2026-09-26T18:15:24.6369099-03:00 | Nivel=INFO | Usuario=Smoke Test | Perfil=Administrador | Tela=Geral | Acao=Navegacao registrada: Financeiro | ErroTecnico= | StackTrace=
DataHora=2026-09-26T18:15:24.6375282-03:00 | Nivel=INFO | Usuario=Smoke Test | Perfil=Administrador | Tela=Geral | Acao=Navegacao concluida para o modulo 'Financeiro'. | ErroTecnico= | StackTrace=
DataHora=2026-09-26T18:15:24.8006160-03:00 | Nivel=INFO | Usuario=Smoke Test | Perfil=Administrador | Tela=Financeiro | Acao=ObterMovimentacoes(limit=1200) concluida em 0 ms. | ErroTecnico= | StackTrace=
DataHora=2026-09-26T18:15:24.8092780-03:00 | Nivel=INFO | Usuario=Smoke Test | Perfil=Administrador | Tela=Financeiro | Acao=ObterMovimentacoes(limit=1200) concluida em 0 ms. | ErroTecnico= | StackTrace=
DataHora=2026-09-26T18:15:24.8283611-03:00 | Nivel=INFO | Usuario=Smoke Test | Perfil=Administrador | Tela=Financeiro | Acao=ObterMovimentacoes(limit=1200) concluida em 0 ms. | ErroTecnico= | StackTrace=
DataHora=2026-09-26T18:15:25.7455012-03:00 | Nivel=INFO | Usuario=Smoke Test | Perfil=Administrador | Tela=Geral | Acao=Smoke test aprovado: Dashboard:IndicadoresReaisAtalhos (2299 ms). | ErroTecnico= | StackTrace=
DataHora=2026-09-26T18:15:25.7464117-03:00 | Nivel=INFO | Usuario=Smoke Test | Perfil=Administrador | Tela=Geral | Acao=Smoke test iniciando: Veiculos:CadastroCompletoPelaTela. | ErroTecnico= | StackTrace=
DataHora=2026-09-26T18:15:26.6765717-03:00 | Nivel=INFO | Usuario=Smoke Test | Perfil=Administrador | Tela=Veiculos | Acao=DialogResult suprimido em automacao para 'NovoVeiculoWindow': DialogResult somente pode ser definido após Window ser criado e exibido como caixa de diálogo. | ErroTecnico= | StackTrace=
DataHora=2026-09-26T18:15:27.3408695-03:00 | Nivel=INFO | Usuario=Smoke Test | Perfil=Administrador | Tela=Geral | Acao=Smoke test aprovado: Veiculos:CadastroCompletoPelaTela (1594 ms). | ErroTecnico= | StackTrace=
DataHora=2026-09-26T18:15:27.3416834-03:00 | Nivel=INFO | Usuario=Smoke Test | Perfil=Administrador | Tela=Geral | Acao=Smoke test iniciando: Veiculos:AlertasMidiaDocumentos. | ErroTecnico= | StackTrace=
DataHora=2026-09-26T18:15:27.7914273-03:00 | Nivel=INFO | Usuario=Smoke Test | Perfil=Administrador | Tela=Geral | Acao=Smoke test aprovado: Veiculos:AlertasMidiaDocumentos (449 ms). | ErroTecnico= | StackTrace=
DataHora=2026-09-26T18:15:27.7922330-03:00 | Nivel=INFO | Usuario=Smoke Test | Perfil=Administrador | Tela=Geral | Acao=Smoke test iniciando: Veiculos:ExportacaoCsvPelaTela. | ErroTecnico= | StackTrace=
DataHora=2026-09-26T18:15:27.9804121-03:00 | Nivel=INFO | Usuario=Smoke Test | Perfil=Administrador | Tela=Geral | Acao=Exportacao de veiculos validada em automacao: C:\Users\campo\AppData\Local\Temp\primox-c115-smoke-20260926_181445\Exports\veiculos_20260926181527.csv | ErroTecnico= | StackTrace=
DataHora=2026-09-26T18:15:28.6513268-03:00 | Nivel=INFO | Usuario=Smoke Test | Perfil=Administrador | Tela=Geral | Acao=Smoke test aprovado: Veiculos:ExportacaoCsvPelaTela (859 ms). | ErroTecnico= | StackTrace=
DataHora=2026-09-26T18:15:28.6524346-03:00 | Nivel=INFO | Usuario=Smoke Test | Perfil=Administrador | Tela=Geral | Acao=Smoke test iniciando: AutoEletrica:CatalogosTecnicosObrigatorios. | ErroTecnico= | StackTrace=
DataHora=2026-09-26T18:15:28.6643083-03:00 | Nivel=INFO | Usuario=Smoke Test | Perfil=Administrador | Tela=Geral | Acao=Smoke test aprovado: AutoEletrica:CatalogosTecnicosObrigatorios (11 ms). | ErroTecnico= | StackTrace=
DataHora=2026-09-26T18:15:28.6649860-03:00 | Nivel=INFO | Usuario=Smoke Test | Perfil=Administrador | Tela=Geral | Acao=Smoke test iniciando: AutoEletrica:ProntuarioPersistenteVeiculo. | ErroTecnico= | StackTrace=
DataHora=2026-09-26T18:15:28.6714889-03:00 | Nivel=INFO | Usuario=Smoke Test | Perfil=Administrador | Tela=Geral | Acao=Smoke test aprovado: AutoEletrica:ProntuarioPersistenteVeiculo (6 ms). | ErroTecnico= | StackTrace=
DataHora=2026-09-26T18:15:28.6721180-03:00 | Nivel=INFO | Usuario=Smoke Test | Perfil=Administrador | Tela=Geral | Acao=Smoke test iniciando: AutoEletrica:DiagnosticoGeraOrcamento. | ErroTecnico= | StackTrace=
DataHora=2026-09-26T18:15:28.6805718-03:00 | Nivel=INFO | Usuario=Smoke Test | Perfil=Administrador | Tela=Geral | Acao=Smoke test aprovado: AutoEletrica:DiagnosticoGeraOrcamento (8 ms). | ErroTecnico= | StackTrace=
DataHora=2026-09-26T18:15:28.6811782-03:00 | Nivel=INFO | Usuario=Smoke Test | Perfil=Administrador | Tela=Geral | Acao=Smoke test iniciando: AutoEletrica:HistoricoDefeitosRecorrentes. | ErroTecnico= | StackTrace=
DataHora=2026-09-26T18:15:28.6893807-03:00 | Nivel=INFO | Usuario=Smoke Test | Perfil=Administrador | Tela=Geral | Acao=OS 'c3d417af-3a07-49c1-be17-7d3ad53c7e59' integrada ao financeiro. Total=R$ 105,00. | ErroTecnico= | StackTrace=
DataHora=2026-09-26T18:15:28.6917907-03:00 | Nivel=INFO | Usuario=Smoke Test | Perfil=Administrador | Tela=Geral | Acao=OS '693ca782-80ca-451c-b9d8-0bd771f06327' integrada ao financeiro. Total=R$ 105,00. | ErroTecnico= | StackTrace=
DataHora=2026-09-26T18:15:28.7151989-03:00 | Nivel=INFO | Usuario=Smoke Test | Perfil=Administrador | Tela=Geral | Acao=Smoke test aprovado: AutoEletrica:HistoricoDefeitosRecorrentes (34 ms). | ErroTecnico= | StackTrace=
DataHora=2026-09-26T18:15:28.7158679-03:00 | Nivel=INFO | Usuario=Smoke Test | Perfil=Administrador | Tela=Geral | Acao=Smoke test iniciando: AutoEletrica:TelaCarregaEAcoes. | ErroTecnico= | StackTrace=
DataHora=2026-09-26T18:15:29.8969664-03:00 | Nivel=INFO | Usuario=Smoke Test | Perfil=Administrador | Tela=Geral | Acao=Auto eletrica tecnica: Orcamento ORC-20260926-0003 gerado em rascunho a partir do diagnostico. | ErroTecnico= | StackTrace=
DataHora=2026-09-26T18:15:30.5399092-03:00 | Nivel=INFO | Usuario=Smoke Test | Perfil=Administrador | Tela=Geral | Acao=Smoke test aprovado: AutoEletrica:TelaCarregaEAcoes (1824 ms). | ErroTecnico= | StackTrace=
DataHora=2026-09-26T18:15:30.5405691-03:00 | Nivel=INFO | Usuario=Smoke Test | Perfil=Administrador | Tela=Geral | Acao=Smoke test iniciando: MainWindow:NavegaAutoEletricaTecnica. | ErroTecnico= | StackTrace=
DataHora=2026-09-26T18:15:30.5697587-03:00 | Nivel=INFO | Usuario=Smoke Test | Perfil=Administrador | Tela=Geral | Acao=Adicionado ao cache: Dashboard | ErroTecnico= | StackTrace=
DataHora=2026-09-26T18:15:30.5703383-03:00 | Nivel=INFO | Usuario=Smoke Test | Perfil=Administrador | Tela=Geral | Acao=Navegacao registrada: Dashboard | ErroTecnico= | StackTrace=
DataHora=2026-09-26T18:15:30.5708567-03:00 | Nivel=INFO | Usuario=Smoke Test | Perfil=Administrador | Tela=Geral | Acao=Navegacao concluida para o modulo 'Dashboard'. | ErroTecnico= | StackTrace=
DataHora=2026-09-26T18:15:30.7376986-03:00 | Nivel=INFO | Usuario=Smoke Test | Perfil=Administrador | Tela=Geral | Acao=Adicionado ao cache: AutoEletricaTecnica | ErroTecnico= | StackTrace=
DataHora=2026-09-26T18:15:30.7383879-03:00 | Nivel=INFO | Usuario=Smoke Test | Perfil=Administrador | Tela=Geral | Acao=Navegacao registrada: AutoEletricaTecnica | ErroTecnico= | StackTrace=
DataHora=2026-09-26T18:15:30.7389596-03:00 | Nivel=INFO | Usuario=Smoke Test | Perfil=Administrador | Tela=Geral | Acao=Navegacao concluida para o modulo 'AutoEletricaTecnica'. | ErroTecnico= | StackTrace=
DataHora=2026-09-26T18:15:30.7930273-03:00 | Nivel=INFO | Usuario=Smoke Test | Perfil=Administrador | Tela=Geral | Acao=Smoke test aprovado: MainWindow:NavegaAutoEletricaTecnica (252 ms). | ErroTecnico= | StackTrace=
DataHora=2026-09-26T18:15:30.7939957-03:00 | Nivel=INFO | Usuario=Smoke Test | Perfil=Administrador | Tela=Geral | Acao=Smoke test iniciando: OrdensServico:CadastroCompletoPelaTela. | ErroTecnico= | StackTrace=
DataHora=2026-09-26T18:15:33.7632154-03:00 | Nivel=INFO | Usuario=Smoke Test | Perfil=Administrador | Tela=OrdensServico | Acao=DialogResult suprimido em automacao para 'OrdemServicoWindow': DialogResult somente pode ser definido após Window ser criado e exibido como caixa de diálogo. | ErroTecnico= | StackTrace=
DataHora=2026-09-26T18:15:34.4257972-03:00 | Nivel=INFO | Usuario=Smoke Test | Perfil=Administrador | Tela=Geral | Acao=Smoke test aprovado: OrdensServico:CadastroCompletoPelaTela (3631 ms). | ErroTecnico= | StackTrace=
DataHora=2026-09-26T18:15:34.4264083-03:00 | Nivel=INFO | Usuario=Smoke Test | Perfil=Administrador | Tela=Geral | Acao=Smoke test iniciando: OrdensServico:MidiasChecklistFinanceiro. | ErroTecnico= | StackTrace=
DataHora=2026-09-26T18:15:36.1227658-03:00 | Nivel=INFO | Usuario=Smoke Test | Perfil=Administrador | Tela=Geral | Acao=OS '1f0717e5-73bf-4c2f-bc64-4552fbe2e307' integrada ao financeiro. Total=R$ 105,00. | ErroTecnico= | StackTrace=
DataHora=2026-09-26T18:15:36.7938217-03:00 | Nivel=INFO | Usuario=Smoke Test | Perfil=Administrador | Tela=Geral | Acao=OS '1f0717e5-73bf-4c2f-bc64-4552fbe2e307' integrada ao financeiro. Total=R$ 105,00. | ErroTecnico= | StackTrace=
DataHora=2026-09-26T18:15:36.7962864-03:00 | Nivel=INFO | Usuario=Smoke Test | Perfil=Administrador | Tela=Geral | Acao=OS '1f0717e5-73bf-4c2f-bc64-4552fbe2e307' integrada ao financeiro. Total=R$ 105,00. | ErroTecnico= | StackTrace=
DataHora=2026-09-26T18:15:37.5013367-03:00 | Nivel=INFO | Usuario=Smoke Test | Perfil=Administrador | Tela=Geral | Acao=Envio ao cliente validado em automacao para OS OS-2026-0001. PDF gerado em 'C:\Users\campo\OneDrive\Documentos\PrimoAutoEletrica\PDFs\OS_OS-2026-0001_20260926_181537.pdf' sem abrir apps externos. | ErroTecnico= | StackTrace=
DataHora=2026-09-26T18:15:38.1484783-03:00 | Nivel=INFO | Usuario=Smoke Test | Perfil=Administrador | Tela=Geral | Acao=Impressao da OS OS-2026-0001 validada em automacao sem abrir dialogo de impressora. | ErroTecnico= | StackTrace=
DataHora=2026-09-26T18:15:38.9506624-03:00 | Nivel=INFO | Usuario=Smoke Test | Perfil=Administrador | Tela=Geral | Acao=Bloqueio criado: OrdemServico/1f0717e5-73bf-4c2f-bc64-4552fbe2e307 por Smoke Test em CIRO. Expira em 30 minutos. | ErroTecnico= | StackTrace=
DataHora=2026-09-26T18:15:39.0761042-03:00 | Nivel=INFO | Usuario=Smoke Test | Perfil=Administrador | Tela=Geral | Acao=Bloqueio liberado: OrdemServico/1f0717e5-73bf-4c2f-bc64-4552fbe2e307 por Smoke Test. | ErroTecnico= | StackTrace=
DataHora=2026-09-26T18:15:39.0768364-03:00 | Nivel=INFO | Usuario=Smoke Test | Perfil=Administrador | Tela=Geral | Acao=Smoke test aprovado: OrdensServico:MidiasChecklistFinanceiro (4650 ms). | ErroTecnico= | StackTrace=
DataHora=2026-09-26T18:15:39.0776911-03:00 | Nivel=INFO | Usuario=Smoke Test | Perfil=Administrador | Tela=Geral | Acao=Smoke test iniciando: OficinaKanban:SnapshotTimelineComunicacao. | ErroTecnico= | StackTrace=
DataHora=2026-09-26T18:15:39.1053034-03:00 | Nivel=INFO | Usuario=Smoke Test | Perfil=Administrador | Tela=Geral | Acao=Smoke test aprovado: OficinaKanban:SnapshotTimelineComunicacao (27 ms). | ErroTecnico= | StackTrace=
DataHora=2026-09-26T18:15:39.1059673-03:00 | Nivel=INFO | Usuario=Smoke Test | Perfil=Administrador | Tela=Geral | Acao=Smoke test iniciando: OficinaKanban:OrcamentoWhatsAppAprovacaoRecusa. | ErroTecnico= | StackTrace=
DataHora=2026-09-26T18:15:39.1192898-03:00 | Nivel=INFO | Usuario=Smoke Test | Perfil=Administrador | Tela=Geral | Acao=Smoke test aprovado: OficinaKanban:OrcamentoWhatsAppAprovacaoRecusa (13 ms). | ErroTecnico= | StackTrace=
DataHora=2026-09-26T18:15:39.1199017-03:00 | Nivel=INFO | Usuario=Smoke Test | Perfil=Administrador | Tela=Geral | Acao=Smoke test iniciando: OficinaKanban:AssinaturaDigitalCanvas. | ErroTecnico= | StackTrace=
DataHora=2026-09-26T18:15:39.9240488-03:00 | Nivel=INFO | Usuario=Smoke Test | Perfil=Administrador | Tela=Geral | Acao=Smoke test aprovado: OficinaKanban:AssinaturaDigitalCanvas (804 ms). | ErroTecnico= | StackTrace=
DataHora=2026-09-26T18:15:39.9246592-03:00 | Nivel=INFO | Usuario=Smoke Test | Perfil=Administrador | Tela=Geral | Acao=Smoke test iniciando: OficinaKanban:TelaCarregaEAcoes. | ErroTecnico= | StackTrace=
DataHora=2026-09-26T18:15:41.0149187-03:00 | Nivel=INFO | Usuario=Smoke Test | Perfil=Administrador | Tela=Geral | Acao=Abertura da OS OS-2026-0001 validada em automacao pelo Kanban. | ErroTecnico= | StackTrace=
DataHora=2026-09-26T18:15:41.6583454-03:00 | Nivel=INFO | Usuario=Smoke Test | Perfil=Administrador | Tela=Geral | Acao=Smoke test aprovado: OficinaKanban:TelaCarregaEAcoes (1733 ms). | ErroTecnico= | StackTrace=
DataHora=2026-09-26T18:15:41.6590922-03:00 | Nivel=INFO | Usuario=Smoke Test | Perfil=Administrador | Tela=Geral | Acao=Smoke test iniciando: MainWindow:NavegaOficinaKanban. | ErroTecnico= | StackTrace=
DataHora=2026-09-26T18:15:41.6873016-03:00 | Nivel=INFO | Usuario=Smoke Test | Perfil=Administrador | Tela=Geral | Acao=Adicionado ao cache: Dashboard | ErroTecnico= | StackTrace=
DataHora=2026-09-26T18:15:41.6879075-03:00 | Nivel=INFO | Usuario=Smoke Test | Perfil=Administrador | Tela=Geral | Acao=Navegacao registrada: Dashboard | ErroTecnico= | StackTrace=
DataHora=2026-09-26T18:15:41.6884611-03:00 | Nivel=INFO | Usuario=Smoke Test | Perfil=Administrador | Tela=Geral | Acao=Navegacao concluida para o modulo 'Dashboard'. | ErroTecnico= | StackTrace=
DataHora=2026-09-26T18:15:41.7048085-03:00 | Nivel=INFO | Usuario=Smoke Test | Perfil=Administrador | Tela=Geral | Acao=Adicionado ao cache: OficinaKanban | ErroTecnico= | StackTrace=
DataHora=2026-09-26T18:15:41.7053976-03:00 | Nivel=INFO | Usuario=Smoke Test | Perfil=Administrador | Tela=Geral | Acao=Navegacao registrada: OficinaKanban | ErroTecnico= | StackTrace=
DataHora=2026-09-26T18:15:41.7060342-03:00 | Nivel=INFO | Usuario=Smoke Test | Perfil=Administrador | Tela=Geral | Acao=Navegacao concluida para o modulo 'OficinaKanban'. | ErroTecnico= | StackTrace=
DataHora=2026-09-26T18:15:41.7083730-03:00 | Nivel=INFO | Usuario=Smoke Test | Perfil=Administrador | Tela=Geral | Acao=Smoke test aprovado: MainWindow:NavegaOficinaKanban (49 ms). | ErroTecnico= | StackTrace=
DataHora=2026-09-26T18:15:41.7091156-03:00 | Nivel=INFO | Usuario=Smoke Test | Perfil=Administrador | Tela=Geral | Acao=Smoke test iniciando: Orcamentos:ConversoesPdfWhatsAppAlertas. | ErroTecnico= | StackTrace=
DataHora=2026-09-26T18:15:42.5924602-03:00 | Nivel=INFO | Usuario=Smoke Test | Perfil=Administrador | Tela=Geral | Acao=Exportacao PDF do orcamento 'ORC-20260926-0001' validada em automacao: C:\Users\campo\AppData\Local\Temp\primox-c115-smoke-20260926_181445\Logs\orcamentos-smoke\Orcamento_ORC-20260926-0001_20260926181542557.pdf | ErroTecnico= | StackTrace=
DataHora=2026-09-26T18:15:43.2252142-03:00 | Nivel=INFO | Usuario=Smoke Test | Perfil=Administrador | Tela=Geral | Acao=Compartilhamento WhatsApp do orcamento 'ORC-20260926-0001' validado em automacao. | ErroTecnico= | StackTrace=
DataHora=2026-09-26T18:15:43.9018690-03:00 | Nivel=INFO | Usuario=Smoke Test | Perfil=Administrador | Tela=Geral | Acao=Orcamento '4ca72a3e-b040-4264-9bc1-addf48c1632d' aprovado comercialmente. | ErroTecnico= | StackTrace=
DataHora=2026-09-26T18:15:43.9101457-03:00 | Nivel=INFO | Usuario=Smoke Test | Perfil=Administrador | Tela=Geral | Acao=Orcamento '4ca72a3e-b040-4264-9bc1-addf48c1632d' convertido em OS '7897490f-5703-40c6-99cf-24d501763a58'. | ErroTecnico= | StackTrace=
DataHora=2026-09-26T18:15:43.9248181-03:00 | Nivel=INFO | Usuario=Smoke Test | Perfil=Administrador | Tela=Geral | Acao=Venda '98632879-639a-4b30-91b2-ce1ea3458279' registrada com 1 item(ns) e total R$ 25,00. | ErroTecnico= | StackTrace=
DataHora=2026-09-26T18:15:43.9281719-03:00 | Nivel=INFO | Usuario=Smoke Test | Perfil=Administrador | Tela=Geral | Acao=Orcamento '054c988d-0e29-400b-aa39-f7f37bacba8c' integrado ao financeiro. Total=R$ 25,00; PagamentoImediato=True. | ErroTecnico= | StackTrace=
DataHora=2026-09-26T18:15:43.9330027-03:00 | Nivel=INFO | Usuario=Smoke Test | Perfil=Administrador | Tela=Geral | Acao=Orcamento '054c988d-0e29-400b-aa39-f7f37bacba8c' convertido em venda '98632879-639a-4b30-91b2-ce1ea3458279'. | ErroTecnico= | StackTrace=
DataHora=2026-09-26T18:15:43.9361117-03:00 | Nivel=INFO | Usuario=Smoke Test | Perfil=Administrador | Tela=Geral | Acao=Smoke test aprovado: Orcamentos:ConversoesPdfWhatsAppAlertas (2226 ms). | ErroTecnico= | StackTrace=
DataHora=2026-09-26T18:15:43.9368387-03:00 | Nivel=INFO | Usuario=Smoke Test | Perfil=Administrador | Tela=Geral | Acao=Smoke test iniciando: Dvi:OrcamentoOsFluxoLight1280. | ErroTecnico= | StackTrace=
DataHora=2026-09-26T18:15:52.5501473-03:00 | Nivel=INFO | Usuario=Smoke Test | Perfil=Administrador | Tela=Geral | Acao=Orcamento '1f299796-07c7-43dc-988c-13345da0c7bf' aprovado comercialmente. | ErroTecnico= | StackTrace=
DataHora=2026-09-26T18:15:52.5566437-03:00 | Nivel=INFO | Usuario=Smoke Test | Perfil=Administrador | Tela=Geral | Acao=Orcamento '1f299796-07c7-43dc-988c-13345da0c7bf' convertido em OS 'd19feee3-a775-4cc6-83ac-662151546196'. | ErroTecnico= | StackTrace=
DataHora=2026-09-26T18:15:52.7333272-03:00 | Nivel=INFO | Usuario=Smoke Test | Perfil=Administrador | Tela=Geral | Acao=Bloqueio criado: OrdemServico/d19feee3-a775-4cc6-83ac-662151546196 por Smoke Test em CIRO. Expira em 30 minutos. | ErroTecnico= | StackTrace=
DataHora=2026-09-26T18:15:53.4570813-03:00 | Nivel=INFO | Usuario=Smoke Test | Perfil=Administrador | Tela=Geral | Acao=Bloqueio liberado: OrdemServico/d19feee3-a775-4cc6-83ac-662151546196 por Smoke Test. | ErroTecnico= | StackTrace=
DataHora=2026-09-26T18:15:53.4766962-03:00 | Nivel=INFO | Usuario=Smoke Test | Perfil=Administrador | Tela=Geral | Acao=Smoke test aprovado: Dvi:OrcamentoOsFluxoLight1280 (9539 ms). | ErroTecnico= | StackTrace=
DataHora=2026-09-26T18:15:53.4773730-03:00 | Nivel=INFO | Usuario=Smoke Test | Perfil=Administrador | Tela=Geral | Acao=Smoke test iniciando: Dvi:OrcamentoOsFluxoDark1280. | ErroTecnico= | StackTrace=
DataHora=2026-09-26T18:16:02.0961085-03:00 | Nivel=INFO | Usuario=Smoke Test | Perfil=Administrador | Tela=Geral | Acao=Orcamento '8d685461-7303-476e-b8cb-2eb1772c378e' aprovado comercialmente. | ErroTecnico= | StackTrace=
DataHora=2026-09-26T18:16:02.1029986-03:00 | Nivel=INFO | Usuario=Smoke Test | Perfil=Administrador | Tela=Geral | Acao=Orcamento '8d685461-7303-476e-b8cb-2eb1772c378e' convertido em OS '5d812c09-9c28-444f-987e-5dc6602a4584'. | ErroTecnico= | StackTrace=
DataHora=2026-09-26T18:16:02.2888410-03:00 | Nivel=INFO | Usuario=Smoke Test | Perfil=Administrador | Tela=Geral | Acao=Bloqueio criado: OrdemServico/5d812c09-9c28-444f-987e-5dc6602a4584 por Smoke Test em CIRO. Expira em 30 minutos. | ErroTecnico= | StackTrace=
DataHora=2026-09-26T18:16:03.0404170-03:00 | Nivel=INFO | Usuario=Smoke Test | Perfil=Administrador | Tela=Geral | Acao=Bloqueio liberado: OrdemServico/5d812c09-9c28-444f-987e-5dc6602a4584 por Smoke Test. | ErroTecnico= | StackTrace=
DataHora=2026-09-26T18:16:03.0842875-03:00 | Nivel=INFO | Usuario=Smoke Test | Perfil=Administrador | Tela=Geral | Acao=Smoke test aprovado: Dvi:OrcamentoOsFluxoDark1280 (9606 ms). | ErroTecnico= | StackTrace=
DataHora=2026-09-26T18:16:03.0851592-03:00 | Nivel=INFO | Usuario=Smoke Test | Perfil=Administrador | Tela=Geral | Acao=Smoke test iniciando: Documentos:PdfPadronizadosObrigatorios. | ErroTecnico= | StackTrace=
DataHora=2026-09-26T18:16:03.0888835-03:00 | Nivel=INFO | Usuario=Smoke Test | Perfil=Administrador | Tela=Geral | Acao=OS '1f0717e5-73bf-4c2f-bc64-4552fbe2e307' integrada ao financeiro. Total=R$ 105,00. | ErroTecnico= | StackTrace=
DataHora=2026-09-26T18:16:03.2263643-03:00 | Nivel=INFO | Usuario=Smoke Test | Perfil=Administrador | Tela=Geral | Acao=Smoke test aprovado: Documentos:PdfPadronizadosObrigatorios (141 ms). | ErroTecnico= | StackTrace=
DataHora=2026-09-26T18:16:03.2269868-03:00 | Nivel=INFO | Usuario=Smoke Test | Perfil=Administrador | Tela=Geral | Acao=Smoke test iniciando: Documentos:RoteiroImpressaoManual. | ErroTecnico= | StackTrace=
DataHora=2026-09-26T18:16:03.2357300-03:00 | Nivel=INFO | Usuario=Smoke Test | Perfil=Administrador | Tela=Geral | Acao=Smoke test aprovado: Documentos:RoteiroImpressaoManual (8 ms). | ErroTecnico= | StackTrace=
DataHora=2026-09-26T18:16:03.2364383-03:00 | Nivel=INFO | Usuario=Smoke Test | Perfil=Administrador | Tela=Geral | Acao=Smoke test iniciando: Documentacao:ManualUsuarioManualTecnicoRoadmap. | ErroTecnico= | StackTrace=
DataHora=2026-09-26T18:16:03.3068430-03:00 | Nivel=INFO | Usuario=Smoke Test | Perfil=Administrador | Tela=Geral | Acao=Smoke test aprovado: Documentacao:ManualUsuarioManualTecnicoRoadmap (70 ms). | ErroTecnico= | StackTrace=
DataHora=2026-09-26T18:16:03.3076261-03:00 | Nivel=INFO | Usuario=Smoke Test | Perfil=Administrador | Tela=Geral | Acao=Smoke test iniciando: Agendamentos:VisualizacoesFiltrosConversoes. | ErroTecnico= | StackTrace=
DataHora=2026-09-26T18:16:03.3712285-03:00 | Nivel=INFO | Usuario=Smoke Test | Perfil=Administrador | Tela=Agendamentos | Acao=WhatsApp validado em automacao para agendamento AG-VIS-HOJE-181603310-181603313-574b (lembrete). | ErroTecnico= | StackTrace=
DataHora=2026-09-26T18:16:03.4170414-03:00 | Nivel=INFO | Usuario=Smoke Test | Perfil=Administrador | Tela=Geral | Acao=Smoke test aprovado: Agendamentos:VisualizacoesFiltrosConversoes (109 ms). | ErroTecnico= | StackTrace=
DataHora=2026-09-26T18:16:03.4178459-03:00 | Nivel=INFO | Usuario=Smoke Test | Perfil=Administrador | Tela=Geral | Acao=Smoke test iniciando: Agendamentos:CheckInCheckOutPelaTela. | ErroTecnico= | StackTrace=
DataHora=2026-09-26T18:16:05.6742204-03:00 | Nivel=INFO | Usuario=Smoke Test | Perfil=Administrador | Tela=Geral | Acao=Agendamento 'f483bc60-a7ab-4f36-ae96-3c2021ceb927' integrado ao financeiro. Total=R$ 115,00, Recebido=R$ 0,00, Aberto=R$ 115,00. | ErroTecnico= | StackTrace=
DataHora=2026-09-26T18:16:05.6819079-03:00 | Nivel=INFO | Usuario=Smoke Test | Perfil=Administrador | Tela=Geral | Acao=Estoque integrado para o agendamento 'f483bc60-a7ab-4f36-ae96-3c2021ceb927' com 1 produto(s). | ErroTecnico= | StackTrace=
DataHora=2026-09-26T18:16:05.6841627-03:00 | Nivel=INFO | Usuario=Smoke Test | Perfil=Administrador | Tela=Geral | Acao=Venda '52dedef8-ade7-457e-b72b-6fa408cd2bd3' registrada com 1 item(ns) e total R$ 25,00. | ErroTecnico= | StackTrace=
DataHora=2026-09-26T18:16:05.6857898-03:00 | Nivel=INFO | Usuario=Smoke Test | Perfil=Administrador | Tela=Geral | Acao=Agendamento 'f483bc60-a7ab-4f36-ae96-3c2021ceb927' registrado no PDV como venda '52dedef8-ade7-457e-b72b-6fa408cd2bd3'. | ErroTecnico= | StackTrace=
DataHora=2026-09-26T18:16:06.4090539-03:00 | Nivel=INFO | Usuario=Smoke Test | Perfil=Administrador | Tela=Geral | Acao=Smoke test aprovado: Agendamentos:CheckInCheckOutPelaTela (2991 ms). | ErroTecnico= | StackTrace=
DataHora=2026-09-26T18:16:06.4101535-03:00 | Nivel=INFO | Usuario=Smoke Test | Perfil=Administrador | Tela=Geral | Acao=Smoke test iniciando: Financeiro:GraficosAlertasDivergencia. | ErroTecnico= | StackTrace=
DataHora=2026-09-26T18:16:06.4327493-03:00 | Nivel=INFO | Usuario=Smoke Test | Perfil=Administrador | Tela=Geral | Acao=Venda '3881b604-f1d6-40ad-987c-a216b793ece9' registrada com 2 item(ns) e total R$ 210,00. | ErroTecnico= | StackTrace=
DataHora=2026-09-26T18:16:06.4352615-03:00 | Nivel=INFO | Usuario=Smoke Test | Perfil=Administrador | Tela=Geral | Acao=OS '1f0717e5-73bf-4c2f-bc64-4552fbe2e307' integrada ao financeiro. Total=R$ 105,00. | ErroTecnico= | StackTrace=
DataHora=2026-09-26T18:16:06.4374906-03:00 | Nivel=INFO | Usuario=Smoke Test | Perfil=Administrador | Tela=Financeiro | Acao=ObterMovimentacoes(limit=1200) concluida em 0 ms. | ErroTecnico= | StackTrace=
DataHora=2026-09-26T18:16:06.4513793-03:00 | Nivel=INFO | Usuario=Smoke Test | Perfil=Administrador | Tela=Financeiro | Acao=ObterMovimentacoes(limit=1200) concluida em 0 ms. | ErroTecnico= | StackTrace=
DataHora=2026-09-26T18:16:06.4736446-03:00 | Nivel=INFO | Usuario=Smoke Test | Perfil=Administrador | Tela=Financeiro | Acao=ObterMovimentacoes(limit=1200) concluida em 0 ms. | ErroTecnico= | StackTrace=
DataHora=2026-09-26T18:16:06.4950965-03:00 | Nivel=INFO | Usuario=Smoke Test | Perfil=Administrador | Tela=Financeiro | Acao=ObterMovimentacoes(limit=1200) concluida em 0 ms. | ErroTecnico= | StackTrace=
DataHora=2026-09-26T18:16:06.4970591-03:00 | Nivel=INFO | Usuario=Smoke Test | Perfil=Administrador | Tela=Financeiro | Acao=ObterMovimentacoes(limit=1200) concluida em 0 ms. | ErroTecnico= | StackTrace=
DataHora=2026-09-26T18:16:06.5047939-03:00 | Nivel=INFO | Usuario=Smoke Test | Perfil=Administrador | Tela=Financeiro | Acao=ObterMovimentacoes(limit=1200) concluida em 0 ms. | ErroTecnico= | StackTrace=
DataHora=2026-09-26T18:16:06.7547857-03:00 | Nivel=INFO | Usuario=Smoke Test | Perfil=Administrador | Tela=Geral | Acao=Smoke test aprovado: Financeiro:GraficosAlertasDivergencia (344 ms). | ErroTecnico= | StackTrace=
DataHora=2026-09-26T18:16:06.7555438-03:00 | Nivel=INFO | Usuario=Smoke Test | Perfil=Administrador | Tela=Geral | Acao=Smoke test iniciando: Financeiro:FiltrosBaixasPelaTela. | ErroTecnico= | StackTrace=
DataHora=2026-09-26T18:16:06.7844349-03:00 | Nivel=INFO | Usuario=Smoke Test | Perfil=Administrador | Tela=Financeiro | Acao=ObterMovimentacoes(limit=1200) concluida em 0 ms. | ErroTecnico= | StackTrace=
DataHora=2026-09-26T18:16:06.7864548-03:00 | Nivel=INFO | Usuario=Smoke Test | Perfil=Administrador | Tela=Financeiro | Acao=ObterMovimentacoes(limit=1200) concluida em 0 ms. | ErroTecnico= | StackTrace=
DataHora=2026-09-26T18:16:06.7946400-03:00 | Nivel=INFO | Usuario=Smoke Test | Perfil=Administrador | Tela=Financeiro | Acao=ObterMovimentacoes(limit=1200) concluida em 0 ms. | ErroTecnico= | StackTrace=
DataHora=2026-09-26T18:16:07.1751754-03:00 | Nivel=INFO | Usuario=Smoke Test | Perfil=Administrador | Tela=Financeiro | Acao=ObterMovimentacoes(limit=1200) concluida em 0 ms. | ErroTecnico= | StackTrace=
DataHora=2026-09-26T18:16:07.1804710-03:00 | Nivel=INFO | Usuario=Smoke Test | Perfil=Administrador | Tela=Financeiro | Acao=ObterMovimentacoes(limit=1200) concluida em 0 ms. | ErroTecnico= | StackTrace=
DataHora=2026-09-26T18:16:07.2393360-03:00 | Nivel=INFO | Usuario=Smoke Test | Perfil=Administrador | Tela=Financeiro | Acao=ObterMovimentacoes(limit=1200) concluida em 0 ms. | ErroTecnico= | StackTrace=
DataHora=2026-09-26T18:16:10.3496658-03:00 | Nivel=INFO | Usuario=Smoke Test | Perfil=Administrador | Tela=Financeiro | Acao=ObterMovimentacoes(limit=1200) concluida em 0 ms. | ErroTecnico= | StackTrace=
DataHora=2026-09-26T18:16:10.3550355-03:00 | Nivel=INFO | Usuario=Smoke Test | Perfil=Administrador | Tela=Financeiro | Acao=ObterMovimentacoes(limit=1200) concluida em 0 ms. | ErroTecnico= | StackTrace=
DataHora=2026-09-26T18:16:10.3886068-03:00 | Nivel=INFO | Usuario=Smoke Test | Perfil=Administrador | Tela=Financeiro | Acao=ObterMovimentacoes(limit=1200) concluida em 0 ms. | ErroTecnico= | StackTrace=
DataHora=2026-09-26T18:16:10.3899015-03:00 | Nivel=INFO | Usuario=Smoke Test | Perfil=Administrador | Tela=Financeiro | Acao=Financeiro: Conta a pagar liquidada com sucesso! | ErroTecnico= | StackTrace=
DataHora=2026-09-26T18:16:13.9851127-03:00 | Nivel=INFO | Usuario=Smoke Test | Perfil=Administrador | Tela=Financeiro | Acao=ObterMovimentacoes(limit=1200) concluida em 0 ms. | ErroTecnico= | StackTrace=
DataHora=2026-09-26T18:16:13.9908717-03:00 | Nivel=INFO | Usuario=Smoke Test | Perfil=Administrador | Tela=Financeiro | Acao=ObterMovimentacoes(limit=1200) concluida em 0 ms. | ErroTecnico= | StackTrace=
DataHora=2026-09-26T18:16:14.0253498-03:00 | Nivel=INFO | Usuario=Smoke Test | Perfil=Administrador | Tela=Financeiro | Acao=ObterMovimentacoes(limit=1200) concluida em 0 ms. | ErroTecnico= | StackTrace=
DataHora=2026-09-26T18:16:14.0264647-03:00 | Nivel=INFO | Usuario=Smoke Test | Perfil=Administrador | Tela=Financeiro | Acao=Financeiro: Conta a receber liquidada com sucesso! | ErroTecnico= | StackTrace=
DataHora=2026-09-26T18:16:14.8873701-03:00 | Nivel=INFO | Usuario=Smoke Test | Perfil=Administrador | Tela=Geral | Acao=Smoke test aprovado: Financeiro:FiltrosBaixasPelaTela (8131 ms). | ErroTecnico= | StackTrace=
DataHora=2026-09-26T18:16:14.8880887-03:00 | Nivel=INFO | Usuario=Smoke Test | Perfil=Administrador | Tela=Geral | Acao=Smoke test iniciando: Financeiro:ExportacaoArquivoPelaTela. | ErroTecnico= | StackTrace=
DataHora=2026-09-26T18:16:14.9359704-03:00 | Nivel=INFO | Usuario=Smoke Test | Perfil=Administrador | Tela=Financeiro | Acao=ObterMovimentacoes(limit=1200) concluida em 0 ms. | ErroTecnico= | StackTrace=
DataHora=2026-09-26T18:16:14.9381813-03:00 | Nivel=INFO | Usuario=Smoke Test | Perfil=Administrador | Tela=Financeiro | Acao=ObterMovimentacoes(limit=1200) concluida em 0 ms. | ErroTecnico= | StackTrace=
DataHora=2026-09-26T18:16:14.9460573-03:00 | Nivel=INFO | Usuario=Smoke Test | Perfil=Administrador | Tela=Financeiro | Acao=ObterMovimentacoes(limit=1200) concluida em 0 ms. | ErroTecnico= | StackTrace=
DataHora=2026-09-26T18:16:15.2880971-03:00 | Nivel=INFO | Usuario=Smoke Test | Perfil=Administrador | Tela=Financeiro | Acao=ObterMovimentacoes(limit=1200) concluida em 0 ms. | ErroTecnico= | StackTrace=
DataHora=2026-09-26T18:16:15.2932020-03:00 | Nivel=INFO | Usuario=Smoke Test | Perfil=Administrador | Tela=Financeiro | Acao=ObterMovimentacoes(limit=1200) concluida em 0 ms. | ErroTecnico= | StackTrace=
DataHora=2026-09-26T18:16:15.3242529-03:00 | Nivel=INFO | Usuario=Smoke Test | Perfil=Administrador | Tela=Financeiro | Acao=ObterMovimentacoes(limit=1200) concluida em 0 ms. | ErroTecnico= | StackTrace=
DataHora=2026-09-26T18:16:15.8152959-03:00 | Nivel=INFO | Usuario=Smoke Test | Perfil=Administrador | Tela=Financeiro | Acao=Relatorio financeiro CSV validado em automacao em 'C:\Users\campo\AppData\Local\Temp\primox-c115-smoke-20260926_181445\Logs\financeiro-smoke\RelatorioFinanceiro_20260926_181615.csv'. | ErroTecnico= | StackTrace=
DataHora=2026-09-26T18:16:16.4991535-03:00 | Nivel=INFO | Usuario=Smoke Test | Perfil=Administrador | Tela=Geral | Acao=Smoke test aprovado: Financeiro:ExportacaoArquivoPelaTela (1611 ms). | ErroTecnico= | StackTrace=
DataHora=2026-09-26T18:16:16.5001000-03:00 | Nivel=INFO | Usuario=Smoke Test | Perfil=Administrador | Tela=Geral | Acao=Smoke test iniciando: ImportarNFe:RollbackProdutosAuditavel. | ErroTecnico= | StackTrace=
DataHora=2026-09-26T18:16:16.5405093-03:00 | Nivel=INFO | Usuario=Smoke Test | Perfil=Administrador | Tela=Geral | Acao=Smoke test aprovado: ImportarNFe:RollbackProdutosAuditavel (40 ms). | ErroTecnico= | StackTrace=
DataHora=2026-09-26T18:16:16.5412092-03:00 | Nivel=INFO | Usuario=Smoke Test | Perfil=Administrador | Tela=Geral | Acao=Smoke test iniciando: ImportarNFe:RollbackAtualizacaoComSnapshot. | ErroTecnico= | StackTrace=
DataHora=2026-09-26T18:16:16.5757569-03:00 | Nivel=INFO | Usuario=Smoke Test | Perfil=Administrador | Tela=Geral | Acao=Smoke test aprovado: ImportarNFe:RollbackAtualizacaoComSnapshot (34 ms). | ErroTecnico= | StackTrace=
DataHora=2026-09-26T18:16:16.5766615-03:00 | Nivel=INFO | Usuario=Smoke Test | Perfil=Administrador | Tela=Geral | Acao=Smoke test iniciando: ImportarNFe:TelaExcluirSelecionadoDesfazerRelancar. | ErroTecnico= | StackTrace=
DataHora=2026-09-26T18:16:22.3915541-03:00 | Nivel=INFO | Usuario=Smoke Test | Perfil=Administrador | Tela=Geral | Acao=Smoke test aprovado: ImportarNFe:TelaExcluirSelecionadoDesfazerRelancar (5814 ms). | ErroTecnico= | StackTrace=
DataHora=2026-09-26T18:16:22.3926907-03:00 | Nivel=INFO | Usuario=Smoke Test | Perfil=Administrador | Tela=Geral | Acao=Smoke test iniciando: Funcionarios:CadastroEdicaoPelaTela. | ErroTecnico= | StackTrace=
DataHora=2026-09-26T18:16:23.4838390-03:00 | Nivel=INFO | Usuario=Smoke Test | Perfil=Administrador | Tela=Geral | Acao=Funcionario 'funcionario.cadastro.181622395@primoauto.local' criado por 'Smoke Test'. | ErroTecnico= | StackTrace=
DataHora=2026-09-26T18:16:23.4847390-03:00 | Nivel=INFO | Usuario=Smoke Test | Perfil=Administrador | Tela=Funcionarios | Acao=Sucesso: Funcionario cadastrado com sucesso! | ErroTecnico= | StackTrace=
DataHora=2026-09-26T18:16:23.4861262-03:00 | Nivel=INFO | Usuario=Smoke Test | Perfil=Administrador | Tela=Funcionarios | Acao=DialogResult suprimido em automacao para 'NovoFuncionarioWindow': DialogResult somente pode ser definido após Window ser criado e exibido como caixa de diálogo. | ErroTecnico= | StackTrace=
DataHora=2026-09-26T18:16:25.6602563-03:00 | Nivel=INFO | Usuario=Smoke Test | Perfil=Administrador | Tela=Geral | Acao=Funcionario 'funcionario.edicao.181622395@primoauto.local' atualizado por 'Smoke Test'. | ErroTecnico= | StackTrace=
DataHora=2026-09-26T18:16:25.6610420-03:00 | Nivel=INFO | Usuario=Smoke Test | Perfil=Administrador | Tela=Funcionarios | Acao=Sucesso: Funcionario atualizado com sucesso! | ErroTecnico= | StackTrace=
DataHora=2026-09-26T18:16:25.6621272-03:00 | Nivel=INFO | Usuario=Smoke Test | Perfil=Administrador | Tela=Funcionarios | Acao=DialogResult suprimido em automacao para 'EditarFuncionarioWindow': DialogResult somente pode ser definido após Window ser criado e exibido como caixa de diálogo. | ErroTecnico= | StackTrace=
DataHora=2026-09-26T18:16:26.7555873-03:00 | Nivel=INFO | Usuario=Smoke Test | Perfil=Administrador | Tela=Geral | Acao=Smoke test aprovado: Funcionarios:CadastroEdicaoPelaTela (4362 ms). | ErroTecnico= | StackTrace=
DataHora=2026-09-26T18:16:26.7563527-03:00 | Nivel=INFO | Usuario=Smoke Test | Perfil=Administrador | Tela=Geral | Acao=Smoke test iniciando: Funcionarios:AuditoriaProdutividadePermissoes. | ErroTecnico= | StackTrace=
DataHora=2026-09-26T18:16:27.0675332-03:00 | Nivel=INFO | Usuario=Smoke Test | Perfil=Administrador | Tela=Geral | Acao=Smoke test aprovado: Funcionarios:AuditoriaProdutividadePermissoes (311 ms). | ErroTecnico= | StackTrace=
DataHora=2026-09-26T18:16:27.0681992-03:00 | Nivel=INFO | Usuario=Smoke Test | Perfil=Administrador | Tela=Geral | Acao=Smoke test iniciando: Funcionarios:BloquearReativarLogin. | ErroTecnico= | StackTrace=
DataHora=2026-09-26T18:16:30.5717540-03:00 | Nivel=INFO | Usuario=Smoke Test | Perfil=Administrador | Tela=Geral | Acao=Smoke test aprovado: Funcionarios:BloquearReativarLogin (3503 ms). | ErroTecnico= | StackTrace=
DataHora=2026-09-26T18:16:30.5727904-03:00 | Nivel=INFO | Usuario=Smoke Test | Perfil=Administrador | Tela=Geral | Acao=Smoke test iniciando: Configuracoes:ComercialBackupRestauracao. | ErroTecnico= | StackTrace=
DataHora=2026-09-26T18:16:31.2166247-03:00 | Nivel=WARN | Usuario=Smoke Test | Perfil=Administrador | Tela=Relatorios | Acao=Falha ao inserir logo no relatorio PDF: Method not found: 'SixLabors.ImageSharp.Image`1<!!0> SixLabors.ImageSharp.Image.Load(System.String, SixLabors.ImageSharp.Formats.IImageFormat ByRef)'. | ErroTecnico= | StackTrace=
DataHora=2026-09-26T18:16:31.2573999-03:00 | Nivel=INFO | Usuario=Smoke Test | Perfil=Administrador | Tela=Geral | Acao=Backup do banco criado em 'C:\Users\campo\AppData\Local\Temp\primox-c115-smoke-20260926_181445\Logs\configuracoes-smoke\PrimoAutoEletrica_Backup_ConfigSmoke_20260926181630577.db' em 14ms. Hash: 85B1775D387935983CE9F5FA9E598718B43338684C92B2EB3AF9C37F6A9E3D6A | ErroTecnico= | StackTrace=
DataHora=2026-09-26T18:16:31.5562908-03:00 | Nivel=INFO | Usuario=Smoke Test | Perfil=Administrador | Tela=Geral | Acao=Configuracoes de estacao salvas: Caixa Smoke 630577 (Caixa) | ErroTecnico= | StackTrace=
DataHora=2026-09-26T18:16:32.8807228-03:00 | Nivel=INFO | Usuario=Smoke Test | Perfil=Administrador | Tela=Geral | Acao=Backup do banco criado em 'C:\Users\campo\AppData\Local\Temp\primox-c115-smoke-20260926_181445\Backups\PrimoAutoEletrica_Backup_2026-09-26_18-16-32.db' em 11ms. Hash: E7BAD9C0FBA422B25F91B4488283A8BFFEA9C583FA6347575E52A1E7DCFA07A3 | ErroTecnico= | StackTrace=
DataHora=2026-09-26T18:16:32.8869351-03:00 | Nivel=INFO | Usuario=Smoke Test | Perfil=Administrador | Tela=Geral | Acao=Backup de seguranca criado antes da restauracao: C:\Users\campo\AppData\Local\Temp\primox-c115-smoke-20260926_181445\Backups\PrimoAutoEletrica_Backup_2026-09-26_18-16-32.db | ErroTecnico= | StackTrace=
DataHora=2026-09-26T18:16:32.9065114-03:00 | Nivel=INFO | Usuario=Smoke Test | Perfil=Administrador | Tela=Configuracoes | Acao=Restauracao concluida: Backup restaurado com sucesso.\n\nReinicie o sistema antes de continuar operando. | ErroTecnico= | StackTrace=
DataHora=2026-09-26T18:16:34.9011438-03:00 | Nivel=INFO | Usuario=Smoke Test | Perfil=Administrador | Tela=Geral | Acao=Smoke test aprovado: Configuracoes:ComercialBackupRestauracao (4328 ms). | ErroTecnico= | StackTrace=
DataHora=2026-09-26T18:16:34.9020961-03:00 | Nivel=INFO | Usuario=Smoke Test | Perfil=Administrador | Tela=Geral | Acao=Smoke test iniciando: Configuracoes:SistemaPersistenciaPermissoes. | ErroTecnico= | StackTrace=
DataHora=2026-09-26T18:16:34.9116017-03:00 | Nivel=WARN | Usuario=Smoke Test | Perfil=Administrador | Tela=Geral | Acao=Permissao negada. Usuario=Smoke Sem Configuracao; Perfil=Vendedor; Tipo=AcaoCriticaSemLinha; Alvo=SISTEMA_CONFIGURAR; Codigo=SISTEMA_CONFIGURAR | ErroTecnico= | StackTrace=
DataHora=2026-09-26T18:16:35.8170430-03:00 | Nivel=INFO | Usuario=Smoke Test | Perfil=Administrador | Tela=Geral | Acao=Smoke test aprovado: Configuracoes:SistemaPersistenciaPermissoes (914 ms). | ErroTecnico= | StackTrace=
DataHora=2026-09-26T18:16:35.8177086-03:00 | Nivel=INFO | Usuario=Smoke Test | Perfil=Administrador | Tela=Geral | Acao=Smoke test iniciando: Robustez:LogsEstruturadosErroAmigavel. | ErroTecnico= | StackTrace=
DataHora=2026-09-26T18:16:35.8189038-03:00 | Nivel=ERROR | Usuario=Smoke Test | Perfil=Administrador | Tela=Robustez | Acao=Acao estruturada robustez-smoke-20260926181635818 | ErroTecnico=System.InvalidOperationException: Falha sintetica robustez-smoke-20260926181635818 | StackTrace=
DataHora=2026-09-26T18:16:35.8445505-03:00 | Nivel=ERROR | Usuario=Smoke Test | Perfil=Administrador | Tela=Robustez | Acao=Erro amigavel registrado. Codigo=20260926181635844; Contexto=Robustez; Acao=OperacaoSintetica; Mensagem=Falha sintetica robustez-smoke-20260926181635818 | ErroTecnico=System.InvalidOperationException: Falha sintetica robustez-smoke-20260926181635818 | StackTrace=
DataHora=2026-09-26T18:16:35.8465422-03:00 | Nivel=INFO | Usuario=Smoke Test | Perfil=Administrador | Tela=Geral | Acao=Smoke test aprovado: Robustez:LogsEstruturadosErroAmigavel (28 ms). | ErroTecnico= | StackTrace=
DataHora=2026-09-26T18:16:35.8473122-03:00 | Nivel=INFO | Usuario=Smoke Test | Perfil=Administrador | Tela=Geral | Acao=Smoke test iniciando: Tema:ClaroEscuroModulosPrincipais. | ErroTecnico= | StackTrace=
DataHora=2026-09-26T18:16:35.8934389-03:00 | Nivel=INFO | Usuario=Smoke Test | Perfil=Administrador | Tela=Geral | Acao=Adicionado ao cache: Dashboard | ErroTecnico= | StackTrace=
DataHora=2026-09-26T18:16:35.8940581-03:00 | Nivel=INFO | Usuario=Smoke Test | Perfil=Administrador | Tela=Geral | Acao=Navegacao registrada: Dashboard | ErroTecnico= | StackTrace=
DataHora=2026-09-26T18:16:35.8945823-03:00 | Nivel=INFO | Usuario=Smoke Test | Perfil=Administrador | Tela=Geral | Acao=Navegacao concluida para o modulo 'Dashboard'. | ErroTecnico= | StackTrace=
DataHora=2026-09-26T18:16:36.1017357-03:00 | Nivel=INFO | Usuario=Smoke Test | Perfil=Administrador | Tela=Geral | Acao=Adicionado ao cache: Agendamentos | ErroTecnico= | StackTrace=
DataHora=2026-09-26T18:16:36.1024207-03:00 | Nivel=INFO | Usuario=Smoke Test | Perfil=Administrador | Tela=Geral | Acao=Navegacao registrada: Agendamentos | ErroTecnico= | StackTrace=
DataHora=2026-09-26T18:16:36.1030408-03:00 | Nivel=INFO | Usuario=Smoke Test | Perfil=Administrador | Tela=Geral | Acao=Navegacao concluida para o modulo 'Agendamentos'. | ErroTecnico= | StackTrace=
DataHora=2026-09-26T18:16:39.5253813-03:00 | Nivel=INFO | Usuario=Smoke Test | Perfil=Administrador | Tela=Geral | Acao=Adicionado ao cache: AutoEletricaTecnica | ErroTecnico= | StackTrace=
DataHora=2026-09-26T18:16:39.5261124-03:00 | Nivel=INFO | Usuario=Smoke Test | Perfil=Administrador | Tela=Geral | Acao=Navegacao registrada: AutoEletricaTecnica | ErroTecnico= | StackTrace=
DataHora=2026-09-26T18:16:39.5266432-03:00 | Nivel=INFO | Usuario=Smoke Test | Perfil=Administrador | Tela=Geral | Acao=Navegacao concluida para o modulo 'AutoEletricaTecnica'. | ErroTecnico= | StackTrace=
DataHora=2026-09-26T18:16:43.3808804-03:00 | Nivel=INFO | Usuario=Smoke Test | Perfil=Administrador | Tela=Geral | Acao=Adicionado ao cache: BaseConhecimento | ErroTecnico= | StackTrace=
DataHora=2026-09-26T18:16:43.3816575-03:00 | Nivel=INFO | Usuario=Smoke Test | Perfil=Administrador | Tela=Geral | Acao=Navegacao registrada: BaseConhecimento | ErroTecnico= | StackTrace=
DataHora=2026-09-26T18:16:43.3822369-03:00 | Nivel=INFO | Usuario=Smoke Test | Perfil=Administrador | Tela=Geral | Acao=Navegacao concluida para o modulo 'BaseConhecimento'. | ErroTecnico= | StackTrace=
DataHora=2026-09-26T18:16:46.7311623-03:00 | Nivel=INFO | Usuario=Smoke Test | Perfil=Administrador | Tela=Geral | Acao=Adicionado ao cache: CatalogoPecas | ErroTecnico= | StackTrace=
DataHora=2026-09-26T18:16:46.7319443-03:00 | Nivel=INFO | Usuario=Smoke Test | Perfil=Administrador | Tela=Geral | Acao=Navegacao registrada: CatalogoPecas | ErroTecnico= | StackTrace=
DataHora=2026-09-26T18:16:46.7324772-03:00 | Nivel=INFO | Usuario=Smoke Test | Perfil=Administrador | Tela=Geral | Acao=Navegacao concluida para o modulo 'CatalogoPecas'. | ErroTecnico= | StackTrace=
DataHora=2026-09-26T18:16:46.7857331-03:00 | Nivel=INFO | Usuario=Smoke Test | Perfil=Administrador | Tela=Geral | Acao=Catalogo veiculos: seed +171 veiculos, +0 vinculos peca↔veiculo. | ErroTecnico= | StackTrace=
DataHora=2026-09-26T18:16:50.0160785-03:00 | Nivel=INFO | Usuario=Smoke Test | Perfil=Administrador | Tela=Geral | Acao=Adicionado ao cache: Clientes | ErroTecnico= | StackTrace=
DataHora=2026-09-26T18:16:50.0167604-03:00 | Nivel=INFO | Usuario=Smoke Test | Perfil=Administrador | Tela=Geral | Acao=Navegacao registrada: Clientes | ErroTecnico= | StackTrace=
DataHora=2026-09-26T18:16:50.0173784-03:00 | Nivel=INFO | Usuario=Smoke Test | Perfil=Administrador | Tela=Geral | Acao=Navegacao concluida para o modulo 'Clientes'. | ErroTecnico= | StackTrace=
DataHora=2026-09-26T18:16:53.5052119-03:00 | Nivel=INFO | Usuario=Smoke Test | Perfil=Administrador | Tela=Geral | Acao=Adicionado ao cache: Compras | ErroTecnico= | StackTrace=
DataHora=2026-09-26T18:16:53.5059123-03:00 | Nivel=INFO | Usuario=Smoke Test | Perfil=Administrador | Tela=Geral | Acao=Navegacao registrada: Compras | ErroTecnico= | StackTrace=
DataHora=2026-09-26T18:16:53.5064261-03:00 | Nivel=INFO | Usuario=Smoke Test | Perfil=Administrador | Tela=Geral | Acao=Navegacao concluida para o modulo 'Compras'. | ErroTecnico= | StackTrace=
DataHora=2026-09-26T18:16:56.7457108-03:00 | Nivel=INFO | Usuario=Smoke Test | Perfil=Administrador | Tela=Geral | Acao=Modulo removido manualmente do cache: Dashboard | ErroTecnico= | StackTrace=
DataHora=2026-09-26T18:16:56.7846739-03:00 | Nivel=INFO | Usuario=Smoke Test | Perfil=Administrador | Tela=Geral | Acao=Adicionado ao cache: Dashboard | ErroTecnico= | StackTrace=
DataHora=2026-09-26T18:16:56.7853895-03:00 | Nivel=INFO | Usuario=Smoke Test | Perfil=Administrador | Tela=Geral | Acao=Navegacao registrada: Dashboard | ErroTecnico= | StackTrace=
DataHora=2026-09-26T18:16:56.7859264-03:00 | Nivel=INFO | Usuario=Smoke Test | Perfil=Administrador | Tela=Geral | Acao=Navegacao concluida para o modulo 'Dashboard'. | ErroTecnico= | StackTrace=
DataHora=2026-09-26T18:17:00.0818307-03:00 | Nivel=INFO | Usuario=Smoke Test | Perfil=Administrador | Tela=Geral | Acao=Adicionado ao cache: Estoque | ErroTecnico= | StackTrace=
DataHora=2026-09-26T18:17:00.0824869-03:00 | Nivel=INFO | Usuario=Smoke Test | Perfil=Administrador | Tela=Geral | Acao=Navegacao registrada: Estoque | ErroTecnico= | StackTrace=
DataHora=2026-09-26T18:17:00.0830039-03:00 | Nivel=INFO | Usuario=Smoke Test | Perfil=Administrador | Tela=Geral | Acao=Navegacao concluida para o modulo 'Estoque'. | ErroTecnico= | StackTrace=
DataHora=2026-09-26T18:17:00.1246861-03:00 | Nivel=INFO | Usuario=Smoke Test | Perfil=Administrador | Tela=Estoque | Acao=Estoque: listagem carregou 7 produto(s). | ErroTecnico= | StackTrace=
DataHora=2026-09-26T18:17:00.2223590-03:00 | Nivel=INFO | Usuario=Smoke Test | Perfil=Administrador | Tela=Estoque | Acao=Estoque layout: rootH=885; headerH=59; actionBarH=140; actionBarVis=Visible; metricsH=84; metricsVis=Visible; stateHostH=575; contentH=575; contentVis=Visible; loadingH=0; loadingVis=Collapsed; emptyH=0; emptyVis=Collapsed; errorH=0; errorVis=Collapsed; dataGridH=421; gridItems=7; totalTxt=7 | ErroTecnico= | StackTrace=
DataHora=2026-09-26T18:17:03.8409605-03:00 | Nivel=INFO | Usuario=Smoke Test | Perfil=Administrador | Tela=Geral | Acao=Adicionado ao cache: Ferramentas | ErroTecnico= | StackTrace=
DataHora=2026-09-26T18:17:03.8416741-03:00 | Nivel=INFO | Usuario=Smoke Test | Perfil=Administrador | Tela=Geral | Acao=Navegacao registrada: Ferramentas | ErroTecnico= | StackTrace=
DataHora=2026-09-26T18:17:03.8421907-03:00 | Nivel=INFO | Usuario=Smoke Test | Perfil=Administrador | Tela=Geral | Acao=Navegacao concluida para o modulo 'Ferramentas'. | ErroTecnico= | StackTrace=
DataHora=2026-09-26T18:17:07.2599313-03:00 | Nivel=INFO | Usuario=Smoke Test | Perfil=Administrador | Tela=Financeiro | Acao=ObterMovimentacoes(limit=1200) concluida em 0 ms. | ErroTecnico= | StackTrace=
DataHora=2026-09-26T18:17:07.2621850-03:00 | Nivel=INFO | Usuario=Smoke Test | Perfil=Administrador | Tela=Financeiro | Acao=ObterMovimentacoes(limit=1200) concluida em 0 ms. | ErroTecnico= | StackTrace=
DataHora=2026-09-26T18:17:07.2703633-03:00 | Nivel=INFO | Usuario=Smoke Test | Perfil=Administrador | Tela=Financeiro | Acao=ObterMovimentacoes(limit=1200) concluida em 0 ms. | ErroTecnico= | StackTrace=
DataHora=2026-09-26T18:17:07.2715539-03:00 | Nivel=INFO | Usuario=Smoke Test | Perfil=Administrador | Tela=Geral | Acao=Adicionado ao cache: Financeiro | ErroTecnico= | StackTrace=
DataHora=2026-09-26T18:17:07.2721278-03:00 | Nivel=INFO | Usuario=Smoke Test | Perfil=Administrador | Tela=Geral | Acao=Navegacao registrada: Financeiro | ErroTecnico= | StackTrace=
DataHora=2026-09-26T18:17:07.2726852-03:00 | Nivel=INFO | Usuario=Smoke Test | Perfil=Administrador | Tela=Geral | Acao=Navegacao concluida para o modulo 'Financeiro'. | ErroTecnico= | StackTrace=
DataHora=2026-09-26T18:17:07.5899485-03:00 | Nivel=INFO | Usuario=Smoke Test | Perfil=Administrador | Tela=Financeiro | Acao=ObterMovimentacoes(limit=1200) concluida em 0 ms. | ErroTecnico= | StackTrace=
DataHora=2026-09-26T18:17:07.5953298-03:00 | Nivel=INFO | Usuario=Smoke Test | Perfil=Administrador | Tela=Financeiro | Acao=ObterMovimentacoes(limit=1200) concluida em 0 ms. | ErroTecnico= | StackTrace=
DataHora=2026-09-26T18:17:07.6296680-03:00 | Nivel=INFO | Usuario=Smoke Test | Perfil=Administrador | Tela=Financeiro | Acao=ObterMovimentacoes(limit=1200) concluida em 0 ms. | ErroTecnico= | StackTrace=
DataHora=2026-09-26T18:17:11.9026100-03:00 | Nivel=INFO | Usuario=Smoke Test | Perfil=Administrador | Tela=Geral | Acao=Adicionado ao cache: FiscalOperacoes | ErroTecnico= | StackTrace=
DataHora=2026-09-26T18:17:11.9033106-03:00 | Nivel=INFO | Usuario=Smoke Test | Perfil=Administrador | Tela=Geral | Acao=Navegacao registrada: FiscalOperacoes | ErroTecnico= | StackTrace=
DataHora=2026-09-26T18:17:11.9039510-03:00 | Nivel=INFO | Usuario=Smoke Test | Perfil=Administrador | Tela=Geral | Acao=Navegacao concluida para o modulo 'FiscalOperacoes'. | ErroTecnico= | StackTrace=
DataHora=2026-09-26T18:17:15.3086920-03:00 | Nivel=INFO | Usuario=Smoke Test | Perfil=Administrador | Tela=Geral | Acao=Adicionado ao cache: Fornecedores | ErroTecnico= | StackTrace=
DataHora=2026-09-26T18:17:15.3094964-03:00 | Nivel=INFO | Usuario=Smoke Test | Perfil=Administrador | Tela=Geral | Acao=Navegacao registrada: Fornecedores | ErroTecnico= | StackTrace=
DataHora=2026-09-26T18:17:15.3100100-03:00 | Nivel=INFO | Usuario=Smoke Test | Perfil=Administrador | Tela=Geral | Acao=Navegacao concluida para o modulo 'Fornecedores'. | ErroTecnico= | StackTrace=
DataHora=2026-09-26T18:17:18.5912646-03:00 | Nivel=INFO | Usuario=Smoke Test | Perfil=Administrador | Tela=Geral | Acao=Adicionado ao cache: Funcionarios | ErroTecnico= | StackTrace=
DataHora=2026-09-26T18:17:18.5920202-03:00 | Nivel=INFO | Usuario=Smoke Test | Perfil=Administrador | Tela=Geral | Acao=Navegacao registrada: Funcionarios | ErroTecnico= | StackTrace=
DataHora=2026-09-26T18:17:18.5925314-03:00 | Nivel=INFO | Usuario=Smoke Test | Perfil=Administrador | Tela=Geral | Acao=Navegacao concluida para o modulo 'Funcionarios'. | ErroTecnico= | StackTrace=
DataHora=2026-09-26T18:17:21.9622231-03:00 | Nivel=INFO | Usuario=Smoke Test | Perfil=Administrador | Tela=Geral | Acao=Adicionado ao cache: Help | ErroTecnico= | StackTrace=
DataHora=2026-09-26T18:17:21.9630550-03:00 | Nivel=INFO | Usuario=Smoke Test | Perfil=Administrador | Tela=Geral | Acao=Navegacao registrada: Help | ErroTecnico= | StackTrace=
DataHora=2026-09-26T18:17:21.9636052-03:00 | Nivel=INFO | Usuario=Smoke Test | Perfil=Administrador | Tela=Geral | Acao=Navegacao concluida para o modulo 'Help'. | ErroTecnico= | StackTrace=
DataHora=2026-09-26T18:17:25.3373542-03:00 | Nivel=INFO | Usuario=Smoke Test | Perfil=Administrador | Tela=Geral | Acao=Abertura da pagina de importacao NF-e. | ErroTecnico= | StackTrace=
DataHora=2026-09-26T18:17:25.3450529-03:00 | Nivel=INFO | Usuario=Smoke Test | Perfil=Administrador | Tela=Geral | Acao=Adicionado ao cache: ImportarNFe | ErroTecnico= | StackTrace=
DataHora=2026-09-26T18:17:25.3456660-03:00 | Nivel=INFO | Usuario=Smoke Test | Perfil=Administrador | Tela=Geral | Acao=Navegacao registrada: ImportarNFe | ErroTecnico= | StackTrace=
DataHora=2026-09-26T18:17:25.3462042-03:00 | Nivel=INFO | Usuario=Smoke Test | Perfil=Administrador | Tela=Geral | Acao=Navegacao concluida para o modulo 'ImportarNFe'. | ErroTecnico= | StackTrace=
DataHora=2026-09-26T18:17:28.6553988-03:00 | Nivel=INFO | Usuario=Smoke Test | Perfil=Administrador | Tela=Geral | Acao=Adicionado ao cache: OficinaKanban | ErroTecnico= | StackTrace=
DataHora=2026-09-26T18:17:28.6560225-03:00 | Nivel=INFO | Usuario=Smoke Test | Perfil=Administrador | Tela=Geral | Acao=Navegacao registrada: OficinaKanban | ErroTecnico= | StackTrace=
DataHora=2026-09-26T18:17:28.6565447-03:00 | Nivel=INFO | Usuario=Smoke Test | Perfil=Administrador | Tela=Geral | Acao=Navegacao concluida para o modulo 'OficinaKanban'. | ErroTecnico= | StackTrace=
DataHora=2026-09-26T18:17:32.0732366-03:00 | Nivel=INFO | Usuario=Smoke Test | Perfil=Administrador | Tela=Geral | Acao=Adicionado ao cache: Orcamentos | ErroTecnico= | StackTrace=
DataHora=2026-09-26T18:17:32.0742529-03:00 | Nivel=INFO | Usuario=Smoke Test | Perfil=Administrador | Tela=Geral | Acao=Navegacao registrada: Orcamentos | ErroTecnico= | StackTrace=
DataHora=2026-09-26T18:17:32.0750276-03:00 | Nivel=INFO | Usuario=Smoke Test | Perfil=Administrador | Tela=Geral | Acao=Navegacao concluida para o modulo 'Orcamentos'. | ErroTecnico= | StackTrace=
DataHora=2026-09-26T18:17:35.6171782-03:00 | Nivel=INFO | Usuario=Smoke Test | Perfil=Administrador | Tela=Geral | Acao=Adicionado ao cache: OrdensServico | ErroTecnico= | StackTrace=
DataHora=2026-09-26T18:17:35.6178807-03:00 | Nivel=INFO | Usuario=Smoke Test | Perfil=Administrador | Tela=Geral | Acao=Navegacao registrada: OrdensServico | ErroTecnico= | StackTrace=
DataHora=2026-09-26T18:17:35.6184184-03:00 | Nivel=INFO | Usuario=Smoke Test | Perfil=Administrador | Tela=Geral | Acao=Navegacao concluida para o modulo 'OrdensServico'. | ErroTecnico= | StackTrace=
DataHora=2026-09-26T18:17:39.1330977-03:00 | Nivel=INFO | Usuario=Smoke Test | Perfil=Administrador | Tela=Geral | Acao=Adicionado ao cache: PDV | ErroTecnico= | StackTrace=
DataHora=2026-09-26T18:17:39.1338424-03:00 | Nivel=INFO | Usuario=Smoke Test | Perfil=Administrador | Tela=Geral | Acao=Navegacao registrada: PDV | ErroTecnico= | StackTrace=
DataHora=2026-09-26T18:17:39.1343890-03:00 | Nivel=INFO | Usuario=Smoke Test | Perfil=Administrador | Tela=Geral | Acao=Navegacao concluida para o modulo 'PDV'. | ErroTecnico= | StackTrace=
DataHora=2026-09-26T18:17:39.1868862-03:00 | Nivel=INFO | Usuario=Smoke Test | Perfil=Administrador | Tela=PDV | Acao=Diagnostico de impressao do PDV: Default=Microsoft Print to PDF / Fisica=False / Instaladas=1 / Microsoft Print to PDF [Driver=Microsoft Print To PDF; Porta=PORTPROMPT:; Default=True; Virtual=True; Offline=False; Shared=False] | ErroTecnico= | StackTrace=
DataHora=2026-09-26T18:17:39.1882598-03:00 | Nivel=WARN | Usuario=Smoke Test | Perfil=Administrador | Tela=PDV | Acao=Nenhuma impressora fisica foi detectada para homologacao final do PDV. O ambiente atual depende apenas de fila virtual. | ErroTecnico= | StackTrace=
DataHora=2026-09-26T18:17:42.4199116-03:00 | Nivel=INFO | Usuario=Smoke Test | Perfil=Administrador | Tela=Geral | Acao=Adicionado ao cache: Relatorios | ErroTecnico= | StackTrace=
DataHora=2026-09-26T18:17:42.4206194-03:00 | Nivel=INFO | Usuario=Smoke Test | Perfil=Administrador | Tela=Geral | Acao=Navegacao registrada: Relatorios | ErroTecnico= | StackTrace=
DataHora=2026-09-26T18:17:42.4211572-03:00 | Nivel=INFO | Usuario=Smoke Test | Perfil=Administrador | Tela=Geral | Acao=Navegacao concluida para o modulo 'Relatorios'. | ErroTecnico= | StackTrace=
DataHora=2026-09-26T18:17:42.4554176-03:00 | Nivel=INFO | Usuario=Smoke Test | Perfil=Administrador | Tela=Relatorios | Acao=ObterDadosFinanceiros(limit=250) concluida em 1 ms. | ErroTecnico= | StackTrace=
DataHora=2026-09-26T18:17:42.4589266-03:00 | Nivel=INFO | Usuario=Smoke Test | Perfil=Administrador | Tela=Relatorios | Acao=ObterDadosVendas(limit=250) concluida em 1 ms. | ErroTecnico= | StackTrace=
DataHora=2026-09-26T18:17:42.4619419-03:00 | Nivel=INFO | Usuario=Smoke Test | Perfil=Administrador | Tela=Relatorios | Acao=ObterMargemPorProduto(limit=100) concluida em 1 ms. | ErroTecnico= | StackTrace=
DataHora=2026-09-26T18:17:42.4642043-03:00 | Nivel=INFO | Usuario=Smoke Test | Perfil=Administrador | Tela=Relatorios | Acao=ObterVendasPorHora concluida em 1 ms. | ErroTecnico= | StackTrace=
DataHora=2026-09-26T18:17:42.4664630-03:00 | Nivel=INFO | Usuario=Smoke Test | Perfil=Administrador | Tela=Relatorios | Acao=ObterVendasPorDia(limit=31) concluida em 0 ms. | ErroTecnico= | StackTrace=
DataHora=2026-09-26T18:17:42.4696528-03:00 | Nivel=INFO | Usuario=Smoke Test | Perfil=Administrador | Tela=Relatorios | Acao=ObterInadimplenciaDetalhada(limit=100) concluida em 1 ms. | ErroTecnico= | StackTrace=
DataHora=2026-09-26T18:17:42.4726415-03:00 | Nivel=INFO | Usuario=Smoke Test | Perfil=Administrador | Tela=Relatorios | Acao=ObterConciliacaoFinanceira concluida em 1 ms. | ErroTecnico= | StackTrace=
DataHora=2026-09-26T18:17:42.4750947-03:00 | Nivel=INFO | Usuario=Smoke Test | Perfil=Administrador | Tela=Relatorios | Acao=ObterOsAbertas concluida em 1 ms. | ErroTecnico= | StackTrace=
DataHora=2026-09-26T18:17:42.4764953-03:00 | Nivel=INFO | Usuario=Smoke Test | Perfil=Administrador | Tela=Relatorios | Acao=ObterOsFinalizadas concluida em 0 ms. | ErroTecnico= | StackTrace=
DataHora=2026-09-26T18:17:42.4790462-03:00 | Nivel=INFO | Usuario=Smoke Test | Perfil=Administrador | Tela=Relatorios | Acao=ObterOrdensServicoPorTecnico concluida em 1 ms. | ErroTecnico= | StackTrace=
DataHora=2026-09-26T18:17:42.4821400-03:00 | Nivel=INFO | Usuario=Smoke Test | Perfil=Administrador | Tela=Relatorios | Acao=ObterServicosRelatorio concluida em 1 ms. | ErroTecnico= | StackTrace=
DataHora=2026-09-26T18:17:42.4873262-03:00 | Nivel=INFO | Usuario=Smoke Test | Perfil=Administrador | Tela=Relatorios | Acao=ObterDadosEstoque(limit=250) concluida em 3 ms. | ErroTecnico= | StackTrace=
DataHora=2026-09-26T18:17:42.4900291-03:00 | Nivel=INFO | Usuario=Smoke Test | Perfil=Administrador | Tela=Relatorios | Acao=ObterDadosClientes(limit=250) concluida em 1 ms. | ErroTecnico= | StackTrace=
DataHora=2026-09-26T18:17:42.4921637-03:00 | Nivel=INFO | Usuario=Smoke Test | Perfil=Administrador | Tela=Relatorios | Acao=ObterDadosOrcamentos(limit=250) concluida em 0 ms. | ErroTecnico= | StackTrace=
DataHora=2026-09-26T18:17:42.4941806-03:00 | Nivel=INFO | Usuario=Smoke Test | Perfil=Administrador | Tela=Relatorios | Acao=ObterDadosCaixa(limit=250) concluida em 0 ms. | ErroTecnico= | StackTrace=
DataHora=2026-09-26T18:17:42.5008472-03:00 | Nivel=INFO | Usuario=Smoke Test | Perfil=Administrador | Tela=Relatorios | Acao=ObterDemonstrativoResultado concluida em 0 ms. | ErroTecnico= | StackTrace=
DataHora=2026-09-26T18:17:42.5050449-03:00 | Nivel=INFO | Usuario=Smoke Test | Perfil=Administrador | Tela=Relatorios | Acao=ObterTicketMedio concluida em 0 ms. | ErroTecnico= | StackTrace=
DataHora=2026-09-26T18:17:42.5067720-03:00 | Nivel=INFO | Usuario=Smoke Test | Perfil=Administrador | Tela=Relatorios | Acao=ObterTotalClientes concluida em 0 ms. | ErroTecnico= | StackTrace=
DataHora=2026-09-26T18:17:42.5082723-03:00 | Nivel=INFO | Usuario=Smoke Test | Perfil=Administrador | Tela=Relatorios | Acao=ObterProdutosSemGiro concluida em 0 ms. | ErroTecnico= | StackTrace=
DataHora=2026-09-26T18:17:42.5099777-03:00 | Nivel=INFO | Usuario=Smoke Test | Perfil=Administrador | Tela=Relatorios | Acao=ObterConversaoOrcamentos concluida em 0 ms. | ErroTecnico= | StackTrace=
DataHora=2026-09-26T18:17:42.5124042-03:00 | Nivel=INFO | Usuario=Smoke Test | Perfil=Administrador | Tela=Relatorios | Acao=ObterResumoConsistenciaOperacional concluida em 1 ms. | ErroTecnico= | StackTrace=
DataHora=2026-09-26T18:17:42.5704403-03:00 | Nivel=INFO | Usuario=Smoke Test | Perfil=Administrador | Tela=Auditoria | Acao=ObterAuditoriaPaginada(pagina=1, tamanho=100) concluida em 4 ms. | ErroTecnico= | StackTrace=
DataHora=2026-09-26T18:17:42.5736268-03:00 | Nivel=INFO | Usuario=Smoke Test | Perfil=Administrador | Tela=Auditoria | Acao=ObterCategoriasAuditoriaOperacional concluida em 0 ms. | ErroTecnico= | StackTrace=
DataHora=2026-09-26T18:17:42.6510498-03:00 | Nivel=INFO | Usuario=Smoke Test | Perfil=Administrador | Tela=Relatorios | Acao=Workspace de relatorios carregado com 0 vendas, 2 clientes e 0 eventos de auditoria exibidos. | ErroTecnico= | StackTrace=
DataHora=2026-09-26T18:17:46.1492954-03:00 | Nivel=INFO | Usuario=Smoke Test | Perfil=Administrador | Tela=Geral | Acao=Removido do cache (LRU): Agendamentos | ErroTecnico= | StackTrace=
DataHora=2026-09-26T18:17:46.1499920-03:00 | Nivel=INFO | Usuario=Smoke Test | Perfil=Administrador | Tela=Geral | Acao=Adicionado ao cache: Veiculos | ErroTecnico= | StackTrace=
DataHora=2026-09-26T18:17:46.1505165-03:00 | Nivel=INFO | Usuario=Smoke Test | Perfil=Administrador | Tela=Geral | Acao=Navegacao registrada: Veiculos | ErroTecnico= | StackTrace=
DataHora=2026-09-26T18:17:46.1511702-03:00 | Nivel=INFO | Usuario=Smoke Test | Perfil=Administrador | Tela=Geral | Acao=Navegacao concluida para o modulo 'Veiculos'. | ErroTecnico= | StackTrace=
DataHora=2026-09-26T18:17:49.6760247-03:00 | Nivel=WARN | Usuario=Smoke Test | Perfil=Administrador | Tela=Geral | Acao=Smoke test 'Tema:ClaroEscuroModulosPrincipais' demorou 73828 ms (acima de 30000 ms). | ErroTecnico= | StackTrace=
DataHora=2026-09-26T18:17:49.6766856-03:00 | Nivel=INFO | Usuario=Smoke Test | Perfil=Administrador | Tela=Geral | Acao=Smoke test aprovado: Tema:ClaroEscuroModulosPrincipais (73828 ms). | ErroTecnico= | StackTrace=
DataHora=2026-09-26T18:17:49.6771874-03:00 | Nivel=INFO | Usuario=Smoke Test | Perfil=Administrador | Tela=Geral | Acao=Smoke test iniciando: Tema:DensidadeCompactaConfortavel. | ErroTecnico= | StackTrace=
DataHora=2026-09-26T18:17:49.7069376-03:00 | Nivel=INFO | Usuario=Smoke Test | Perfil=Administrador | Tela=Geral | Acao=Adicionado ao cache: Dashboard | ErroTecnico= | StackTrace=
DataHora=2026-09-26T18:17:49.7076458-03:00 | Nivel=INFO | Usuario=Smoke Test | Perfil=Administrador | Tela=Geral | Acao=Navegacao registrada: Dashboard | ErroTecnico= | StackTrace=
DataHora=2026-09-26T18:17:49.7081746-03:00 | Nivel=INFO | Usuario=Smoke Test | Perfil=Administrador | Tela=Geral | Acao=Navegacao concluida para o modulo 'Dashboard'. | ErroTecnico= | StackTrace=
DataHora=2026-09-26T18:17:52.5137259-03:00 | Nivel=INFO | Usuario=Smoke Test | Perfil=Administrador | Tela=Geral | Acao=Smoke test aprovado: Tema:DensidadeCompactaConfortavel (2836 ms). | ErroTecnico= | StackTrace=
DataHora=2026-09-26T18:17:52.5146330-03:00 | Nivel=INFO | Usuario=Smoke Test | Perfil=Administrador | Tela=Geral | Acao=Smoke test iniciando: LoginSessao:MensagensLockoutLogoutPermissoes. | ErroTecnico= | StackTrace=
DataHora=2026-09-26T18:17:56.0567540-03:00 | Nivel=INFO | Usuario=Smoke Login Seguranca | Perfil=Vendedor | Tela=Geral | Acao=Sessão criada no banco: Usuario='Smoke Login Seguranca', SessionId='384fc4cb-c0f9-4af7-a23a-fddba6edca66', Machine='CIRO'. | ErroTecnico= | StackTrace=
DataHora=2026-09-26T18:17:56.1070863-03:00 | Nivel=WARN | Usuario=Smoke Login Seguranca | Perfil=Vendedor | Tela=Geral | Acao=Permissao negada. Usuario=Smoke Login Seguranca; Perfil=Vendedor; Tipo=AcaoCriticaSemLinha; Alvo=SISTEMA_CONFIGURAR; Codigo=SISTEMA_CONFIGURAR | ErroTecnico= | StackTrace=
DataHora=2026-09-26T18:17:56.1143762-03:00 | Nivel=INFO | Usuario=Smoke Login Seguranca | Perfil=Vendedor | Tela=Geral | Acao=Adicionado ao cache: Dashboard | ErroTecnico= | StackTrace=
DataHora=2026-09-26T18:17:56.1149756-03:00 | Nivel=INFO | Usuario=Smoke Login Seguranca | Perfil=Vendedor | Tela=Geral | Acao=Navegacao registrada: Dashboard | ErroTecnico= | StackTrace=
DataHora=2026-09-26T18:17:56.1155077-03:00 | Nivel=INFO | Usuario=Smoke Login Seguranca | Perfil=Vendedor | Tela=Geral | Acao=Navegacao concluida para o modulo 'Dashboard'. | ErroTecnico= | StackTrace=
DataHora=2026-09-26T18:17:56.3041023-03:00 | Nivel=INFO | Usuario=Smoke Login Seguranca | Perfil=Vendedor | Tela=Geral | Acao=Logout solicitado por 'smoke-login-seguranca@primoauto.com'. | ErroTecnico= | StackTrace=
DataHora=2026-09-26T18:17:56.3064300-03:00 | Nivel=INFO | Usuario=Smoke Login Seguranca | Perfil=Vendedor | Tela=Geral | Acao=Sessão encerrada no banco: SessionId='384fc4cb-c0f9-4af7-a23a-fddba6edca66'. | ErroTecnico= | StackTrace=
DataHora=2026-09-26T18:17:57.1046449-03:00 | Nivel=INFO | Usuario=Smoke Login Seguranca | Perfil=Vendedor | Tela=Geral | Acao=Sessão criada no banco: Usuario='Smoke Login Seguranca', SessionId='a19c2f1d-0cc5-41b1-8db9-7c90c5ff4089', Machine='CIRO'. | ErroTecnico= | StackTrace=
DataHora=2026-09-26T18:17:57.1071134-03:00 | Nivel=INFO | Usuario=Smoke Login Seguranca | Perfil=Vendedor | Tela=Geral | Acao=Sessões expiradas limpas: 1 sessões. | ErroTecnico= | StackTrace=
DataHora=2026-09-26T18:17:57.1086270-03:00 | Nivel=INFO | Usuario=Smoke Login Seguranca | Perfil=Vendedor | Tela=Geral | Acao=Monitor de inatividade iniciado com timeout de 1 minutos. | ErroTecnico= | StackTrace=
DataHora=2026-09-26T18:17:57.1103293-03:00 | Nivel=WARN | Usuario=Smoke Login Seguranca | Perfil=Vendedor | Tela=Geral | Acao=Sessao expirada por inatividade. Usuario='smoke-login-seguranca@primoauto.com', InativoPor='00:02:00.0009089'. | ErroTecnico= | StackTrace=
DataHora=2026-09-26T18:17:57.1122340-03:00 | Nivel=WARN | Usuario=Smoke Vendedor | Perfil=Vendedor | Tela=Geral | Acao=Permissao negada. Usuario=Smoke Vendedor; Perfil=Vendedor; Tipo=Modulo; Alvo=Financeiro; Codigo=FINANCEIRO_VER | ErroTecnico= | StackTrace=
DataHora=2026-09-26T18:17:57.1143844-03:00 | Nivel=INFO | Usuario=Smoke Test | Perfil=Administrador | Tela=Geral | Acao=Smoke test aprovado: LoginSessao:MensagensLockoutLogoutPermissoes (4599 ms). | ErroTecnico= | StackTrace=
DataHora=2026-09-26T18:17:57.1155432-03:00 | Nivel=INFO | Usuario=Smoke Test | Perfil=Administrador | Tela=Geral | Acao=Smoke test iniciando: PreCheck:SemModaisPresasNavegacao. | ErroTecnico= | StackTrace=
DataHora=2026-09-26T18:17:57.1454520-03:00 | Nivel=INFO | Usuario=Smoke Test | Perfil=Administrador | Tela=Geral | Acao=Adicionado ao cache: Dashboard | ErroTecnico= | StackTrace=
DataHora=2026-09-26T18:17:57.1461296-03:00 | Nivel=INFO | Usuario=Smoke Test | Perfil=Administrador | Tela=Geral | Acao=Navegacao registrada: Dashboard | ErroTecnico= | StackTrace=
DataHora=2026-09-26T18:17:57.1466586-03:00 | Nivel=INFO | Usuario=Smoke Test | Perfil=Administrador | Tela=Geral | Acao=Navegacao concluida para o modulo 'Dashboard'. | ErroTecnico= | StackTrace=
DataHora=2026-09-26T18:17:58.0390073-03:00 | Nivel=INFO | Usuario=Smoke Test | Perfil=Administrador | Tela=Geral | Acao=Modulo removido manualmente do cache: Dashboard | ErroTecnico= | StackTrace=
DataHora=2026-09-26T18:17:58.0460867-03:00 | Nivel=INFO | Usuario=Smoke Test | Perfil=Administrador | Tela=Geral | Acao=Adicionado ao cache: Dashboard | ErroTecnico= | StackTrace=
DataHora=2026-09-26T18:17:58.0466730-03:00 | Nivel=INFO | Usuario=Smoke Test | Perfil=Administrador | Tela=Geral | Acao=Navegacao concluida para o modulo 'Dashboard'. | ErroTecnico= | StackTrace=
DataHora=2026-09-26T18:17:58.7646536-03:00 | Nivel=INFO | Usuario=Smoke Test | Perfil=Administrador | Tela=Geral | Acao=Adicionado ao cache: Clientes | ErroTecnico= | StackTrace=
DataHora=2026-09-26T18:17:58.7653821-03:00 | Nivel=INFO | Usuario=Smoke Test | Perfil=Administrador | Tela=Geral | Acao=Navegacao registrada: Clientes | ErroTecnico= | StackTrace=
DataHora=2026-09-26T18:17:58.7659866-03:00 | Nivel=INFO | Usuario=Smoke Test | Perfil=Administrador | Tela=Geral | Acao=Navegacao concluida para o modulo 'Clientes'. | ErroTecnico= | StackTrace=
DataHora=2026-09-26T18:17:59.6129853-03:00 | Nivel=INFO | Usuario=Smoke Test | Perfil=Administrador | Tela=Geral | Acao=Adicionado ao cache: Veiculos | ErroTecnico= | StackTrace=
DataHora=2026-09-26T18:17:59.6136396-03:00 | Nivel=INFO | Usuario=Smoke Test | Perfil=Administrador | Tela=Geral | Acao=Navegacao registrada: Veiculos | ErroTecnico= | StackTrace=
DataHora=2026-09-26T18:17:59.6142666-03:00 | Nivel=INFO | Usuario=Smoke Test | Perfil=Administrador | Tela=Geral | Acao=Navegacao concluida para o modulo 'Veiculos'. | ErroTecnico= | StackTrace=
DataHora=2026-09-26T18:18:00.5442078-03:00 | Nivel=INFO | Usuario=Smoke Test | Perfil=Administrador | Tela=Geral | Acao=Adicionado ao cache: AutoEletricaTecnica | ErroTecnico= | StackTrace=
DataHora=2026-09-26T18:18:00.5448835-03:00 | Nivel=INFO | Usuario=Smoke Test | Perfil=Administrador | Tela=Geral | Acao=Navegacao registrada: AutoEletricaTecnica | ErroTecnico= | StackTrace=
DataHora=2026-09-26T18:18:00.5454433-03:00 | Nivel=INFO | Usuario=Smoke Test | Perfil=Administrador | Tela=Geral | Acao=Navegacao concluida para o modulo 'AutoEletricaTecnica'. | ErroTecnico= | StackTrace=
DataHora=2026-09-26T18:18:01.5912971-03:00 | Nivel=INFO | Usuario=Smoke Test | Perfil=Administrador | Tela=Geral | Acao=Adicionado ao cache: Orcamentos | ErroTecnico= | StackTrace=
DataHora=2026-09-26T18:18:01.5920188-03:00 | Nivel=INFO | Usuario=Smoke Test | Perfil=Administrador | Tela=Geral | Acao=Navegacao registrada: Orcamentos | ErroTecnico= | StackTrace=
DataHora=2026-09-26T18:18:01.5925407-03:00 | Nivel=INFO | Usuario=Smoke Test | Perfil=Administrador | Tela=Geral | Acao=Navegacao concluida para o modulo 'Orcamentos'. | ErroTecnico= | StackTrace=
DataHora=2026-09-26T18:18:02.4118687-03:00 | Nivel=INFO | Usuario=Smoke Test | Perfil=Administrador | Tela=Geral | Acao=Adicionado ao cache: OrdensServico | ErroTecnico= | StackTrace=
DataHora=2026-09-26T18:18:02.4125293-03:00 | Nivel=INFO | Usuario=Smoke Test | Perfil=Administrador | Tela=Geral | Acao=Navegacao registrada: OrdensServico | ErroTecnico= | StackTrace=
DataHora=2026-09-26T18:18:02.4130351-03:00 | Nivel=INFO | Usuario=Smoke Test | Perfil=Administrador | Tela=Geral | Acao=Navegacao concluida para o modulo 'OrdensServico'. | ErroTecnico= | StackTrace=
DataHora=2026-09-26T18:18:03.2052544-03:00 | Nivel=INFO | Usuario=Smoke Test | Perfil=Administrador | Tela=Geral | Acao=Adicionado ao cache: OficinaKanban | ErroTecnico= | StackTrace=
DataHora=2026-09-26T18:18:03.2059755-03:00 | Nivel=INFO | Usuario=Smoke Test | Perfil=Administrador | Tela=Geral | Acao=Navegacao registrada: OficinaKanban | ErroTecnico= | StackTrace=
DataHora=2026-09-26T18:18:03.2065050-03:00 | Nivel=INFO | Usuario=Smoke Test | Perfil=Administrador | Tela=Geral | Acao=Navegacao concluida para o modulo 'OficinaKanban'. | ErroTecnico= | StackTrace=
DataHora=2026-09-26T18:18:04.0310633-03:00 | Nivel=INFO | Usuario=Smoke Test | Perfil=Administrador | Tela=Geral | Acao=Adicionado ao cache: PDV | ErroTecnico= | StackTrace=
DataHora=2026-09-26T18:18:04.0318007-03:00 | Nivel=INFO | Usuario=Smoke Test | Perfil=Administrador | Tela=Geral | Acao=Navegacao registrada: PDV | ErroTecnico= | StackTrace=
DataHora=2026-09-26T18:18:04.0323143-03:00 | Nivel=INFO | Usuario=Smoke Test | Perfil=Administrador | Tela=Geral | Acao=Navegacao concluida para o modulo 'PDV'. | ErroTecnico= | StackTrace=
DataHora=2026-09-26T18:18:04.0815547-03:00 | Nivel=INFO | Usuario=Smoke Test | Perfil=Administrador | Tela=PDV | Acao=Diagnostico de impressao do PDV: Default=Microsoft Print to PDF / Fisica=False / Instaladas=1 / Microsoft Print to PDF [Driver=Microsoft Print To PDF; Porta=PORTPROMPT:; Default=True; Virtual=True; Offline=False; Shared=False] | ErroTecnico= | StackTrace=
DataHora=2026-09-26T18:18:04.0827018-03:00 | Nivel=WARN | Usuario=Smoke Test | Perfil=Administrador | Tela=PDV | Acao=Nenhuma impressora fisica foi detectada para homologacao final do PDV. O ambiente atual depende apenas de fila virtual. | ErroTecnico= | StackTrace=
DataHora=2026-09-26T18:18:04.7204934-03:00 | Nivel=INFO | Usuario=Smoke Test | Perfil=Administrador | Tela=Geral | Acao=Adicionado ao cache: Estoque | ErroTecnico= | StackTrace=
DataHora=2026-09-26T18:18:04.7212075-03:00 | Nivel=INFO | Usuario=Smoke Test | Perfil=Administrador | Tela=Geral | Acao=Navegacao registrada: Estoque | ErroTecnico= | StackTrace=
DataHora=2026-09-26T18:18:04.7217264-03:00 | Nivel=INFO | Usuario=Smoke Test | Perfil=Administrador | Tela=Geral | Acao=Navegacao concluida para o modulo 'Estoque'. | ErroTecnico= | StackTrace=
DataHora=2026-09-26T18:18:04.7608840-03:00 | Nivel=INFO | Usuario=Smoke Test | Perfil=Administrador | Tela=Estoque | Acao=Estoque: listagem carregou 7 produto(s). | ErroTecnico= | StackTrace=
DataHora=2026-09-26T18:18:04.8433926-03:00 | Nivel=INFO | Usuario=Smoke Test | Perfil=Administrador | Tela=Estoque | Acao=Estoque layout: rootH=885; headerH=59; actionBarH=140; actionBarVis=Visible; metricsH=84; metricsVis=Visible; stateHostH=575; contentH=575; contentVis=Visible; loadingH=0; loadingVis=Collapsed; emptyH=0; emptyVis=Collapsed; errorH=0; errorVis=Collapsed; dataGridH=421; gridItems=7; totalTxt=7 | ErroTecnico= | StackTrace=
DataHora=2026-09-26T18:18:05.6950654-03:00 | Nivel=INFO | Usuario=Smoke Test | Perfil=Administrador | Tela=Geral | Acao=Adicionado ao cache: CatalogoPecas | ErroTecnico= | StackTrace=
DataHora=2026-09-26T18:18:05.6958413-03:00 | Nivel=INFO | Usuario=Smoke Test | Perfil=Administrador | Tela=Geral | Acao=Navegacao registrada: CatalogoPecas | ErroTecnico= | StackTrace=
DataHora=2026-09-26T18:18:05.6964093-03:00 | Nivel=INFO | Usuario=Smoke Test | Perfil=Administrador | Tela=Geral | Acao=Navegacao concluida para o modulo 'CatalogoPecas'. | ErroTecnico= | StackTrace=
DataHora=2026-09-26T18:18:05.7466910-03:00 | Nivel=INFO | Usuario=Smoke Test | Perfil=Administrador | Tela=Geral | Acao=Catalogo veiculos: seed +0 veiculos, +0 vinculos peca↔veiculo. | ErroTecnico= | StackTrace=
DataHora=2026-09-26T18:18:06.4247098-03:00 | Nivel=INFO | Usuario=Smoke Test | Perfil=Administrador | Tela=Geral | Acao=Abertura da pagina de importacao NF-e. | ErroTecnico= | StackTrace=
DataHora=2026-09-26T18:18:06.4322742-03:00 | Nivel=INFO | Usuario=Smoke Test | Perfil=Administrador | Tela=Geral | Acao=Adicionado ao cache: ImportarNFe | ErroTecnico= | StackTrace=
DataHora=2026-09-26T18:18:06.4329475-03:00 | Nivel=INFO | Usuario=Smoke Test | Perfil=Administrador | Tela=Geral | Acao=Navegacao registrada: ImportarNFe | ErroTecnico= | StackTrace=
DataHora=2026-09-26T18:18:06.4334764-03:00 | Nivel=INFO | Usuario=Smoke Test | Perfil=Administrador | Tela=Geral | Acao=Navegacao concluida para o modulo 'ImportarNFe'. | ErroTecnico= | StackTrace=
DataHora=2026-09-26T18:18:07.1448805-03:00 | Nivel=INFO | Usuario=Smoke Test | Perfil=Administrador | Tela=Financeiro | Acao=ObterMovimentacoes(limit=1200) concluida em 0 ms. | ErroTecnico= | StackTrace=
DataHora=2026-09-26T18:18:07.1469652-03:00 | Nivel=INFO | Usuario=Smoke Test | Perfil=Administrador | Tela=Financeiro | Acao=ObterMovimentacoes(limit=1200) concluida em 0 ms. | ErroTecnico= | StackTrace=
DataHora=2026-09-26T18:18:07.1551455-03:00 | Nivel=INFO | Usuario=Smoke Test | Perfil=Administrador | Tela=Financeiro | Acao=ObterMovimentacoes(limit=1200) concluida em 0 ms. | ErroTecnico= | StackTrace=
DataHora=2026-09-26T18:18:07.1563397-03:00 | Nivel=INFO | Usuario=Smoke Test | Perfil=Administrador | Tela=Geral | Acao=Adicionado ao cache: Financeiro | ErroTecnico= | StackTrace=
DataHora=2026-09-26T18:18:07.1568901-03:00 | Nivel=INFO | Usuario=Smoke Test | Perfil=Administrador | Tela=Geral | Acao=Navegacao registrada: Financeiro | ErroTecnico= | StackTrace=
DataHora=2026-09-26T18:18:07.1574238-03:00 | Nivel=INFO | Usuario=Smoke Test | Perfil=Administrador | Tela=Geral | Acao=Navegacao concluida para o modulo 'Financeiro'. | ErroTecnico= | StackTrace=
DataHora=2026-09-26T18:18:07.4857862-03:00 | Nivel=INFO | Usuario=Smoke Test | Perfil=Administrador | Tela=Financeiro | Acao=ObterMovimentacoes(limit=1200) concluida em 0 ms. | ErroTecnico= | StackTrace=
DataHora=2026-09-26T18:18:07.4914812-03:00 | Nivel=INFO | Usuario=Smoke Test | Perfil=Administrador | Tela=Financeiro | Acao=ObterMovimentacoes(limit=1200) concluida em 0 ms. | ErroTecnico= | StackTrace=
DataHora=2026-09-26T18:18:07.5267322-03:00 | Nivel=INFO | Usuario=Smoke Test | Perfil=Administrador | Tela=Financeiro | Acao=ObterMovimentacoes(limit=1200) concluida em 0 ms. | ErroTecnico= | StackTrace=
DataHora=2026-09-26T18:18:08.6172879-03:00 | Nivel=INFO | Usuario=Smoke Test | Perfil=Administrador | Tela=Geral | Acao=Adicionado ao cache: Fornecedores | ErroTecnico= | StackTrace=
DataHora=2026-09-26T18:18:08.6181153-03:00 | Nivel=INFO | Usuario=Smoke Test | Perfil=Administrador | Tela=Geral | Acao=Navegacao registrada: Fornecedores | ErroTecnico= | StackTrace=
DataHora=2026-09-26T18:18:08.6186625-03:00 | Nivel=INFO | Usuario=Smoke Test | Perfil=Administrador | Tela=Geral | Acao=Navegacao concluida para o modulo 'Fornecedores'. | ErroTecnico= | StackTrace=
DataHora=2026-09-26T18:18:09.3945200-03:00 | Nivel=INFO | Usuario=Smoke Test | Perfil=Administrador | Tela=Geral | Acao=Adicionado ao cache: Funcionarios | ErroTecnico= | StackTrace=
DataHora=2026-09-26T18:18:09.3952611-03:00 | Nivel=INFO | Usuario=Smoke Test | Perfil=Administrador | Tela=Geral | Acao=Navegacao registrada: Funcionarios | ErroTecnico= | StackTrace=
DataHora=2026-09-26T18:18:09.3957830-03:00 | Nivel=INFO | Usuario=Smoke Test | Perfil=Administrador | Tela=Geral | Acao=Navegacao concluida para o modulo 'Funcionarios'. | ErroTecnico= | StackTrace=
DataHora=2026-09-26T18:18:10.1211734-03:00 | Nivel=INFO | Usuario=Smoke Test | Perfil=Administrador | Tela=Geral | Acao=Adicionado ao cache: Agendamentos | ErroTecnico= | StackTrace=
DataHora=2026-09-26T18:18:10.1218751-03:00 | Nivel=INFO | Usuario=Smoke Test | Perfil=Administrador | Tela=Geral | Acao=Navegacao registrada: Agendamentos | ErroTecnico= | StackTrace=
DataHora=2026-09-26T18:18:10.1223869-03:00 | Nivel=INFO | Usuario=Smoke Test | Perfil=Administrador | Tela=Geral | Acao=Navegacao concluida para o modulo 'Agendamentos'. | ErroTecnico= | StackTrace=
DataHora=2026-09-26T18:18:10.9115327-03:00 | Nivel=INFO | Usuario=Smoke Test | Perfil=Administrador | Tela=Geral | Acao=Adicionado ao cache: Relatorios | ErroTecnico= | StackTrace=
DataHora=2026-09-26T18:18:10.9122469-03:00 | Nivel=INFO | Usuario=Smoke Test | Perfil=Administrador | Tela=Geral | Acao=Navegacao registrada: Relatorios | ErroTecnico= | StackTrace=
DataHora=2026-09-26T18:18:10.9128120-03:00 | Nivel=INFO | Usuario=Smoke Test | Perfil=Administrador | Tela=Geral | Acao=Navegacao concluida para o modulo 'Relatorios'. | ErroTecnico= | StackTrace=
DataHora=2026-09-26T18:18:10.9431145-03:00 | Nivel=INFO | Usuario=Smoke Test | Perfil=Administrador | Tela=Relatorios | Acao=ObterDadosFinanceiros(limit=250) concluida em 0 ms. | ErroTecnico= | StackTrace=
DataHora=2026-09-26T18:18:10.9445614-03:00 | Nivel=INFO | Usuario=Smoke Test | Perfil=Administrador | Tela=Relatorios | Acao=ObterDadosVendas(limit=250) concluida em 0 ms. | ErroTecnico= | StackTrace=
DataHora=2026-09-26T18:18:10.9461511-03:00 | Nivel=INFO | Usuario=Smoke Test | Perfil=Administrador | Tela=Relatorios | Acao=ObterMargemPorProduto(limit=100) concluida em 0 ms. | ErroTecnico= | StackTrace=
DataHora=2026-09-26T18:18:10.9473232-03:00 | Nivel=INFO | Usuario=Smoke Test | Perfil=Administrador | Tela=Relatorios | Acao=ObterVendasPorHora concluida em 0 ms. | ErroTecnico= | StackTrace=
DataHora=2026-09-26T18:18:10.9485535-03:00 | Nivel=INFO | Usuario=Smoke Test | Perfil=Administrador | Tela=Relatorios | Acao=ObterVendasPorDia(limit=31) concluida em 0 ms. | ErroTecnico= | StackTrace=
DataHora=2026-09-26T18:18:10.9497216-03:00 | Nivel=INFO | Usuario=Smoke Test | Perfil=Administrador | Tela=Relatorios | Acao=ObterInadimplenciaDetalhada(limit=100) concluida em 0 ms. | ErroTecnico= | StackTrace=
DataHora=2026-09-26T18:18:10.9508786-03:00 | Nivel=INFO | Usuario=Smoke Test | Perfil=Administrador | Tela=Relatorios | Acao=ObterConciliacaoFinanceira concluida em 0 ms. | ErroTecnico= | StackTrace=
DataHora=2026-09-26T18:18:10.9521747-03:00 | Nivel=INFO | Usuario=Smoke Test | Perfil=Administrador | Tela=Relatorios | Acao=ObterOsAbertas concluida em 0 ms. | ErroTecnico= | StackTrace=
DataHora=2026-09-26T18:18:10.9536216-03:00 | Nivel=INFO | Usuario=Smoke Test | Perfil=Administrador | Tela=Relatorios | Acao=ObterOsFinalizadas concluida em 0 ms. | ErroTecnico= | StackTrace=
DataHora=2026-09-26T18:18:10.9554723-03:00 | Nivel=INFO | Usuario=Smoke Test | Perfil=Administrador | Tela=Relatorios | Acao=ObterOrdensServicoPorTecnico concluida em 0 ms. | ErroTecnico= | StackTrace=
DataHora=2026-09-26T18:18:10.9568930-03:00 | Nivel=INFO | Usuario=Smoke Test | Perfil=Administrador | Tela=Relatorios | Acao=ObterServicosRelatorio concluida em 0 ms. | ErroTecnico= | StackTrace=
DataHora=2026-09-26T18:18:10.9580172-03:00 | Nivel=INFO | Usuario=Smoke Test | Perfil=Administrador | Tela=Relatorios | Acao=ObterDadosEstoque(limit=250) concluida em 0 ms. | ErroTecnico= | StackTrace=
DataHora=2026-09-26T18:18:10.9590209-03:00 | Nivel=INFO | Usuario=Smoke Test | Perfil=Administrador | Tela=Relatorios | Acao=ObterDadosClientes(limit=250) concluida em 0 ms. | ErroTecnico= | StackTrace=
DataHora=2026-09-26T18:18:10.9600908-03:00 | Nivel=INFO | Usuario=Smoke Test | Perfil=Administrador | Tela=Relatorios | Acao=ObterDadosOrcamentos(limit=250) concluida em 0 ms. | ErroTecnico= | StackTrace=
DataHora=2026-09-26T18:18:10.9610850-03:00 | Nivel=INFO | Usuario=Smoke Test | Perfil=Administrador | Tela=Relatorios | Acao=ObterDadosCaixa(limit=250) concluida em 0 ms. | ErroTecnico= | StackTrace=
DataHora=2026-09-26T18:18:10.9632210-03:00 | Nivel=INFO | Usuario=Smoke Test | Perfil=Administrador | Tela=Relatorios | Acao=ObterDemonstrativoResultado concluida em 0 ms. | ErroTecnico= | StackTrace=
DataHora=2026-09-26T18:18:10.9646377-03:00 | Nivel=INFO | Usuario=Smoke Test | Perfil=Administrador | Tela=Relatorios | Acao=ObterTicketMedio concluida em 0 ms. | ErroTecnico= | StackTrace=
DataHora=2026-09-26T18:18:10.9655870-03:00 | Nivel=INFO | Usuario=Smoke Test | Perfil=Administrador | Tela=Relatorios | Acao=ObterTotalClientes concluida em 0 ms. | ErroTecnico= | StackTrace=
DataHora=2026-09-26T18:18:10.9664742-03:00 | Nivel=INFO | Usuario=Smoke Test | Perfil=Administrador | Tela=Relatorios | Acao=ObterProdutosSemGiro concluida em 0 ms. | ErroTecnico= | StackTrace=
DataHora=2026-09-26T18:18:10.9675009-03:00 | Nivel=INFO | Usuario=Smoke Test | Perfil=Administrador | Tela=Relatorios | Acao=ObterConversaoOrcamentos concluida em 0 ms. | ErroTecnico= | StackTrace=
DataHora=2026-09-26T18:18:10.9687979-03:00 | Nivel=INFO | Usuario=Smoke Test | Perfil=Administrador | Tela=Relatorios | Acao=ObterResumoConsistenciaOperacional concluida em 0 ms. | ErroTecnico= | StackTrace=
DataHora=2026-09-26T18:18:11.0235617-03:00 | Nivel=INFO | Usuario=Smoke Test | Perfil=Administrador | Tela=Auditoria | Acao=ObterAuditoriaPaginada(pagina=1, tamanho=100) concluida em 0 ms. | ErroTecnico= | StackTrace=
DataHora=2026-09-26T18:18:11.0996695-03:00 | Nivel=INFO | Usuario=Smoke Test | Perfil=Administrador | Tela=Auditoria | Acao=ObterCategoriasAuditoriaOperacional concluida em 0 ms. | ErroTecnico= | StackTrace=
DataHora=2026-09-26T18:18:11.1760307-03:00 | Nivel=INFO | Usuario=Smoke Test | Perfil=Administrador | Tela=Relatorios | Acao=Workspace de relatorios carregado com 0 vendas, 2 clientes e 0 eventos de auditoria exibidos. | ErroTecnico= | StackTrace=
DataHora=2026-09-26T18:18:12.5004103-03:00 | Nivel=INFO | Usuario=Smoke Test | Perfil=Administrador | Tela=Geral | Acao=Smoke test aprovado: PreCheck:SemModaisPresasNavegacao (15384 ms). | ErroTecnico= | StackTrace=
DataHora=2026-09-26T18:18:12.5011033-03:00 | Nivel=INFO | Usuario=Smoke Test | Perfil=Administrador | Tela=Geral | Acao=Smoke test iniciando: MainWindow:NavegacaoSequencial. | ErroTecnico= | StackTrace=
DataHora=2026-09-26T18:18:12.5558459-03:00 | Nivel=INFO | Usuario=Smoke Test | Perfil=Administrador | Tela=Geral | Acao=Adicionado ao cache: Dashboard | ErroTecnico= | StackTrace=
DataHora=2026-09-26T18:18:12.5565655-03:00 | Nivel=INFO | Usuario=Smoke Test | Perfil=Administrador | Tela=Geral | Acao=Navegacao registrada: Dashboard | ErroTecnico= | StackTrace=
DataHora=2026-09-26T18:18:12.5571127-03:00 | Nivel=INFO | Usuario=Smoke Test | Perfil=Administrador | Tela=Geral | Acao=Navegacao concluida para o modulo 'Dashboard'. | ErroTecnico= | StackTrace=
DataHora=2026-09-26T18:18:12.5696776-03:00 | Nivel=INFO | Usuario=Smoke Test | Perfil=Administrador | Tela=Geral | Acao=Adicionado ao cache: Clientes | ErroTecnico= | StackTrace=
DataHora=2026-09-26T18:18:12.5702927-03:00 | Nivel=INFO | Usuario=Smoke Test | Perfil=Administrador | Tela=Geral | Acao=Navegacao registrada: Clientes | ErroTecnico= | StackTrace=
DataHora=2026-09-26T18:18:12.5708749-03:00 | Nivel=INFO | Usuario=Smoke Test | Perfil=Administrador | Tela=Geral | Acao=Navegacao concluida para o modulo 'Clientes'. | ErroTecnico= | StackTrace=
DataHora=2026-09-26T18:18:12.5815006-03:00 | Nivel=INFO | Usuario=Smoke Test | Perfil=Administrador | Tela=Geral | Acao=Adicionado ao cache: Estoque | ErroTecnico= | StackTrace=
DataHora=2026-09-26T18:18:12.5821457-03:00 | Nivel=INFO | Usuario=Smoke Test | Perfil=Administrador | Tela=Geral | Acao=Navegacao registrada: Estoque | ErroTecnico= | StackTrace=
DataHora=2026-09-26T18:18:12.5826617-03:00 | Nivel=INFO | Usuario=Smoke Test | Perfil=Administrador | Tela=Geral | Acao=Navegacao concluida para o modulo 'Estoque'. | ErroTecnico= | StackTrace=
DataHora=2026-09-26T18:18:12.5863877-03:00 | Nivel=INFO | Usuario=Smoke Test | Perfil=Administrador | Tela=Geral | Acao=Smoke test aprovado: MainWindow:NavegacaoSequencial (85 ms). | ErroTecnico= | StackTrace=
DataHora=2026-09-26T18:18:12.5869412-03:00 | Nivel=INFO | Usuario=Smoke Test | Perfil=Administrador | Tela=Geral | Acao=Smoke test iniciando: MainWindow:VoltarHistorico. | ErroTecnico= | StackTrace=
DataHora=2026-09-26T18:18:12.6454761-03:00 | Nivel=INFO | Usuario=Smoke Test | Perfil=Administrador | Tela=Geral | Acao=Adicionado ao cache: Dashboard | ErroTecnico= | StackTrace=
DataHora=2026-09-26T18:18:12.6461403-03:00 | Nivel=INFO | Usuario=Smoke Test | Perfil=Administrador | Tela=Geral | Acao=Navegacao registrada: Dashboard | ErroTecnico= | StackTrace=
DataHora=2026-09-26T18:18:12.6467087-03:00 | Nivel=INFO | Usuario=Smoke Test | Perfil=Administrador | Tela=Geral | Acao=Navegacao concluida para o modulo 'Dashboard'. | ErroTecnico= | StackTrace=
DataHora=2026-09-26T18:18:12.6587831-03:00 | Nivel=INFO | Usuario=Smoke Test | Perfil=Administrador | Tela=Geral | Acao=Adicionado ao cache: Clientes | ErroTecnico= | StackTrace=
DataHora=2026-09-26T18:18:12.6594914-03:00 | Nivel=INFO | Usuario=Smoke Test | Perfil=Administrador | Tela=Geral | Acao=Navegacao registrada: Clientes | ErroTecnico= | StackTrace=
DataHora=2026-09-26T18:18:12.6600426-03:00 | Nivel=INFO | Usuario=Smoke Test | Perfil=Administrador | Tela=Geral | Acao=Navegacao concluida para o modulo 'Clientes'. | ErroTecnico= | StackTrace=
DataHora=2026-09-26T18:18:12.6704512-03:00 | Nivel=INFO | Usuario=Smoke Test | Perfil=Administrador | Tela=Geral | Acao=Adicionado ao cache: Estoque | ErroTecnico= | StackTrace=
DataHora=2026-09-26T18:18:12.6710853-03:00 | Nivel=INFO | Usuario=Smoke Test | Perfil=Administrador | Tela=Geral | Acao=Navegacao registrada: Estoque | ErroTecnico= | StackTrace=
DataHora=2026-09-26T18:18:12.6716054-03:00 | Nivel=INFO | Usuario=Smoke Test | Perfil=Administrador | Tela=Geral | Acao=Navegacao concluida para o modulo 'Estoque'. | ErroTecnico= | StackTrace=
DataHora=2026-09-26T18:18:12.6757569-03:00 | Nivel=INFO | Usuario=Smoke Test | Perfil=Administrador | Tela=Geral | Acao=Obtido do cache: Clientes | ErroTecnico= | StackTrace=
DataHora=2026-09-26T18:18:12.6763499-03:00 | Nivel=INFO | Usuario=Smoke Test | Perfil=Administrador | Tela=Geral | Acao=Navegacao concluida para o modulo 'Clientes'. | ErroTecnico= | StackTrace=
DataHora=2026-09-26T18:18:12.6802919-03:00 | Nivel=INFO | Usuario=Smoke Test | Perfil=Administrador | Tela=Geral | Acao=Smoke test aprovado: MainWindow:VoltarHistorico (93 ms). | ErroTecnico= | StackTrace=
DataHora=2026-09-26T18:18:12.6808438-03:00 | Nivel=INFO | Usuario=Smoke Test | Perfil=Administrador | Tela=Geral | Acao=Smoke test iniciando: MainWindow:AtualizarModulo. | ErroTecnico= | StackTrace=
DataHora=2026-09-26T18:18:12.7154314-03:00 | Nivel=INFO | Usuario=Smoke Test | Perfil=Administrador | Tela=Geral | Acao=Adicionado ao cache: Dashboard | ErroTecnico= | StackTrace=
DataHora=2026-09-26T18:18:12.7161051-03:00 | Nivel=INFO | Usuario=Smoke Test | Perfil=Administrador | Tela=Geral | Acao=Navegacao registrada: Dashboard | ErroTecnico= | StackTrace=
DataHora=2026-09-26T18:18:12.7166528-03:00 | Nivel=INFO | Usuario=Smoke Test | Perfil=Administrador | Tela=Geral | Acao=Navegacao concluida para o modulo 'Dashboard'. | ErroTecnico= | StackTrace=
DataHora=2026-09-26T18:18:12.7286567-03:00 | Nivel=INFO | Usuario=Smoke Test | Perfil=Administrador | Tela=Geral | Acao=Adicionado ao cache: Clientes | ErroTecnico= | StackTrace=
DataHora=2026-09-26T18:18:12.7292792-03:00 | Nivel=INFO | Usuario=Smoke Test | Perfil=Administrador | Tela=Geral | Acao=Navegacao registrada: Clientes | ErroTecnico= | StackTrace=
DataHora=2026-09-26T18:18:12.7298430-03:00 | Nivel=INFO | Usuario=Smoke Test | Perfil=Administrador | Tela=Geral | Acao=Navegacao concluida para o modulo 'Clientes'. | ErroTecnico= | StackTrace=
DataHora=2026-09-26T18:18:12.7334432-03:00 | Nivel=INFO | Usuario=Smoke Test | Perfil=Administrador | Tela=Geral | Acao=Modulo removido manualmente do cache: Clientes | ErroTecnico= | StackTrace=
DataHora=2026-09-26T18:18:12.7436022-03:00 | Nivel=INFO | Usuario=Smoke Test | Perfil=Administrador | Tela=Geral | Acao=Adicionado ao cache: Clientes | ErroTecnico= | StackTrace=
DataHora=2026-09-26T18:18:12.7442363-03:00 | Nivel=INFO | Usuario=Smoke Test | Perfil=Administrador | Tela=Geral | Acao=Navegacao concluida para o modulo 'Clientes'. | ErroTecnico= | StackTrace=
DataHora=2026-09-26T18:18:12.7474520-03:00 | Nivel=INFO | Usuario=Smoke Test | Perfil=Administrador | Tela=Geral | Acao=Modulo atualizado manualmente: Clientes | ErroTecnico= | StackTrace=
DataHora=2026-09-26T18:18:12.7493097-03:00 | Nivel=INFO | Usuario=Smoke Test | Perfil=Administrador | Tela=Geral | Acao=Smoke test aprovado: MainWindow:AtualizarModulo (68 ms). | ErroTecnico= | StackTrace=
DataHora=2026-09-26T18:18:12.7499095-03:00 | Nivel=INFO | Usuario=Smoke Test | Perfil=Administrador | Tela=Geral | Acao=Smoke test iniciando: MainWindow:PermissoesMenuVendedor. | ErroTecnico= | StackTrace=
DataHora=2026-09-26T18:18:12.7811113-03:00 | Nivel=WARN | Usuario=Smoke Test | Perfil=Administrador | Tela=Geral | Acao=Permissao negada. Usuario=Smoke Vendedor; Perfil=Vendedor; Tipo=AcaoCriticaSemLinha; Alvo=SISTEMA_CONFIGURAR; Codigo=SISTEMA_CONFIGURAR | ErroTecnico= | StackTrace=
DataHora=2026-09-26T18:18:12.7882737-03:00 | Nivel=INFO | Usuario=Smoke Test | Perfil=Administrador | Tela=Geral | Acao=Adicionado ao cache: Dashboard | ErroTecnico= | StackTrace=
DataHora=2026-09-26T18:18:12.7889610-03:00 | Nivel=INFO | Usuario=Smoke Test | Perfil=Administrador | Tela=Geral | Acao=Navegacao registrada: Dashboard | ErroTecnico= | StackTrace=
DataHora=2026-09-26T18:18:12.7894985-03:00 | Nivel=INFO | Usuario=Smoke Test | Perfil=Administrador | Tela=Geral | Acao=Navegacao concluida para o modulo 'Dashboard'. | ErroTecnico= | StackTrace=
DataHora=2026-09-26T18:18:12.7919416-03:00 | Nivel=INFO | Usuario=Smoke Test | Perfil=Administrador | Tela=Geral | Acao=Smoke test aprovado: MainWindow:PermissoesMenuVendedor (42 ms). | ErroTecnico= | StackTrace=
DataHora=2026-09-26T18:18:12.7925323-03:00 | Nivel=INFO | Usuario=Smoke Test | Perfil=Administrador | Tela=Geral | Acao=Smoke test iniciando: MainWindow:BuscaGlobalNavegaModulo. | ErroTecnico= | StackTrace=
DataHora=2026-09-26T18:18:12.8205456-03:00 | Nivel=INFO | Usuario=Smoke Test | Perfil=Administrador | Tela=Geral | Acao=Adicionado ao cache: Dashboard | ErroTecnico= | StackTrace=
DataHora=2026-09-26T18:18:12.8212720-03:00 | Nivel=INFO | Usuario=Smoke Test | Perfil=Administrador | Tela=Geral | Acao=Navegacao registrada: Dashboard | ErroTecnico= | StackTrace=
DataHora=2026-09-26T18:18:12.8218742-03:00 | Nivel=INFO | Usuario=Smoke Test | Perfil=Administrador | Tela=Geral | Acao=Navegacao concluida para o modulo 'Dashboard'. | ErroTecnico= | StackTrace=
DataHora=2026-09-26T18:18:12.8326573-03:00 | Nivel=INFO | Usuario=Smoke Test | Perfil=Administrador | Tela=Geral | Acao=Adicionado ao cache: Estoque | ErroTecnico= | StackTrace=
DataHora=2026-09-26T18:18:12.8333045-03:00 | Nivel=INFO | Usuario=Smoke Test | Perfil=Administrador | Tela=Geral | Acao=Navegacao registrada: Estoque | ErroTecnico= | StackTrace=
DataHora=2026-09-26T18:18:12.8338477-03:00 | Nivel=INFO | Usuario=Smoke Test | Perfil=Administrador | Tela=Geral | Acao=Navegacao concluida para o modulo 'Estoque'. | ErroTecnico= | StackTrace=
DataHora=2026-09-26T18:18:12.8377683-03:00 | Nivel=INFO | Usuario=Smoke Test | Perfil=Administrador | Tela=Geral | Acao=Smoke test aprovado: MainWindow:BuscaGlobalNavegaModulo (45 ms). | ErroTecnico= | StackTrace=
DataHora=2026-09-26T18:18:12.8383193-03:00 | Nivel=INFO | Usuario=Smoke Test | Perfil=Administrador | Tela=Geral | Acao=Smoke test iniciando: MainWindow:ImportarNFeAutomacao. | ErroTecnico= | StackTrace=
DataHora=2026-09-26T18:18:12.8715499-03:00 | Nivel=INFO | Usuario=Smoke Test | Perfil=Administrador | Tela=Geral | Acao=Adicionado ao cache: Dashboard | ErroTecnico= | StackTrace=
DataHora=2026-09-26T18:18:12.8721321-03:00 | Nivel=INFO | Usuario=Smoke Test | Perfil=Administrador | Tela=Geral | Acao=Navegacao registrada: Dashboard | ErroTecnico= | StackTrace=
DataHora=2026-09-26T18:18:12.8726853-03:00 | Nivel=INFO | Usuario=Smoke Test | Perfil=Administrador | Tela=Geral | Acao=Navegacao concluida para o modulo 'Dashboard'. | ErroTecnico= | StackTrace=
DataHora=2026-09-26T18:18:12.8750827-03:00 | Nivel=INFO | Usuario=Smoke Test | Perfil=Administrador | Tela=Geral | Acao=Abertura da pagina de importacao NF-e. | ErroTecnico= | StackTrace=
DataHora=2026-09-26T18:18:12.8819270-03:00 | Nivel=INFO | Usuario=Smoke Test | Perfil=Administrador | Tela=Geral | Acao=Adicionado ao cache: ImportarNFe | ErroTecnico= | StackTrace=
DataHora=2026-09-26T18:18:12.8825004-03:00 | Nivel=INFO | Usuario=Smoke Test | Perfil=Administrador | Tela=Geral | Acao=Navegacao registrada: ImportarNFe | ErroTecnico= | StackTrace=
DataHora=2026-09-26T18:18:12.8830867-03:00 | Nivel=INFO | Usuario=Smoke Test | Perfil=Administrador | Tela=Geral | Acao=Navegacao concluida para o modulo 'ImportarNFe'. | ErroTecnico= | StackTrace=
DataHora=2026-09-26T18:18:12.8866216-03:00 | Nivel=INFO | Usuario=Smoke Test | Perfil=Administrador | Tela=Geral | Acao=Smoke test aprovado: MainWindow:ImportarNFeAutomacao (48 ms). | ErroTecnico= | StackTrace=
DataHora=2026-09-26T18:18:12.8871681-03:00 | Nivel=INFO | Usuario=Smoke Test | Perfil=Administrador | Tela=Geral | Acao=Smoke test iniciando: MainWindow:BuscaGlobalSobDemanda. | ErroTecnico= | StackTrace=
DataHora=2026-09-26T18:18:12.9231855-03:00 | Nivel=INFO | Usuario=Smoke Test | Perfil=Administrador | Tela=Geral | Acao=Adicionado ao cache: Dashboard | ErroTecnico= | StackTrace=
DataHora=2026-09-26T18:18:12.9238224-03:00 | Nivel=INFO | Usuario=Smoke Test | Perfil=Administrador | Tela=Geral | Acao=Navegacao registrada: Dashboard | ErroTecnico= | StackTrace=
DataHora=2026-09-26T18:18:12.9243680-03:00 | Nivel=INFO | Usuario=Smoke Test | Perfil=Administrador | Tela=Geral | Acao=Navegacao concluida para o modulo 'Dashboard'. | ErroTecnico= | StackTrace=
DataHora=2026-09-26T18:18:12.9414553-03:00 | Nivel=INFO | Usuario=Smoke Test | Perfil=Administrador | Tela=Geral | Acao=Smoke test aprovado: MainWindow:BuscaGlobalSobDemanda (54 ms). | ErroTecnico= | StackTrace=
DataHora=2026-09-26T18:18:12.9421047-03:00 | Nivel=INFO | Usuario=Smoke Test | Perfil=Administrador | Tela=Geral | Acao=Smoke test iniciando: MainWindow:NotificacaoShellAcionavel. | ErroTecnico= | StackTrace=
DataHora=2026-09-26T18:18:12.9773744-03:00 | Nivel=INFO | Usuario=Smoke Test | Perfil=Administrador | Tela=Geral | Acao=Adicionado ao cache: Dashboard | ErroTecnico= | StackTrace=
DataHora=2026-09-26T18:18:12.9780733-03:00 | Nivel=INFO | Usuario=Smoke Test | Perfil=Administrador | Tela=Geral | Acao=Navegacao registrada: Dashboard | ErroTecnico= | StackTrace=
DataHora=2026-09-26T18:18:12.9786418-03:00 | Nivel=INFO | Usuario=Smoke Test | Perfil=Administrador | Tela=Geral | Acao=Navegacao concluida para o modulo 'Dashboard'. | ErroTecnico= | StackTrace=
DataHora=2026-09-26T18:18:12.9988755-03:00 | Nivel=INFO | Usuario=Smoke Test | Perfil=Administrador | Tela=Financeiro | Acao=ObterMovimentacoes(limit=1200) concluida em 0 ms. | ErroTecnico= | StackTrace=
DataHora=2026-09-26T18:18:13.0008425-03:00 | Nivel=INFO | Usuario=Smoke Test | Perfil=Administrador | Tela=Financeiro | Acao=ObterMovimentacoes(limit=1200) concluida em 0 ms. | ErroTecnico= | StackTrace=
DataHora=2026-09-26T18:18:13.0089934-03:00 | Nivel=INFO | Usuario=Smoke Test | Perfil=Administrador | Tela=Financeiro | Acao=ObterMovimentacoes(limit=1200) concluida em 0 ms. | ErroTecnico= | StackTrace=
DataHora=2026-09-26T18:18:13.0102031-03:00 | Nivel=INFO | Usuario=Smoke Test | Perfil=Administrador | Tela=Geral | Acao=Adicionado ao cache: Financeiro | ErroTecnico= | StackTrace=
DataHora=2026-09-26T18:18:13.0107954-03:00 | Nivel=INFO | Usuario=Smoke Test | Perfil=Administrador | Tela=Geral | Acao=Navegacao registrada: Financeiro | ErroTecnico= | StackTrace=
DataHora=2026-09-26T18:18:13.0113509-03:00 | Nivel=INFO | Usuario=Smoke Test | Perfil=Administrador | Tela=Geral | Acao=Navegacao concluida para o modulo 'Financeiro'. | ErroTecnico= | StackTrace=
DataHora=2026-09-26T18:18:13.0165944-03:00 | Nivel=INFO | Usuario=Smoke Test | Perfil=Administrador | Tela=Geral | Acao=Smoke test aprovado: MainWindow:NotificacaoShellAcionavel (74 ms). | ErroTecnico= | StackTrace=
DataHora=2026-09-26T18:18:13.0171538-03:00 | Nivel=INFO | Usuario=Smoke Test | Perfil=Administrador | Tela=Geral | Acao=Smoke test iniciando: MainWindow:CruzadaAgendamentosParaOS. | ErroTecnico= | StackTrace=
DataHora=2026-09-26T18:18:13.0452044-03:00 | Nivel=INFO | Usuario=Smoke Test | Perfil=Administrador | Tela=Geral | Acao=Adicionado ao cache: Dashboard | ErroTecnico= | StackTrace=
DataHora=2026-09-26T18:18:13.0457901-03:00 | Nivel=INFO | Usuario=Smoke Test | Perfil=Administrador | Tela=Geral | Acao=Navegacao registrada: Dashboard | ErroTecnico= | StackTrace=
DataHora=2026-09-26T18:18:13.0463610-03:00 | Nivel=INFO | Usuario=Smoke Test | Perfil=Administrador | Tela=Geral | Acao=Navegacao concluida para o modulo 'Dashboard'. | ErroTecnico= | StackTrace=
DataHora=2026-09-26T18:18:13.0742208-03:00 | Nivel=INFO | Usuario=Smoke Test | Perfil=Administrador | Tela=Geral | Acao=Adicionado ao cache: Agendamentos | ErroTecnico= | StackTrace=
DataHora=2026-09-26T18:18:13.0748610-03:00 | Nivel=INFO | Usuario=Smoke Test | Perfil=Administrador | Tela=Geral | Acao=Navegacao registrada: Agendamentos | ErroTecnico= | StackTrace=
DataHora=2026-09-26T18:18:13.0754500-03:00 | Nivel=INFO | Usuario=Smoke Test | Perfil=Administrador | Tela=Geral | Acao=Navegacao concluida para o modulo 'Agendamentos'. | ErroTecnico= | StackTrace=
DataHora=2026-09-26T18:18:13.0978892-03:00 | Nivel=INFO | Usuario=Smoke Test | Perfil=Administrador | Tela=Geral | Acao=Adicionado ao cache: OrdensServico | ErroTecnico= | StackTrace=
DataHora=2026-09-26T18:18:13.0985190-03:00 | Nivel=INFO | Usuario=Smoke Test | Perfil=Administrador | Tela=Geral | Acao=Navegacao registrada: OrdensServico | ErroTecnico= | StackTrace=
DataHora=2026-09-26T18:18:13.0990620-03:00 | Nivel=INFO | Usuario=Smoke Test | Perfil=Administrador | Tela=Geral | Acao=Navegacao concluida para o modulo 'OrdensServico'. | ErroTecnico= | StackTrace=
DataHora=2026-09-26T18:18:13.1041727-03:00 | Nivel=INFO | Usuario=Smoke Test | Perfil=Administrador | Tela=Geral | Acao=Smoke test aprovado: MainWindow:CruzadaAgendamentosParaOS (87 ms). | ErroTecnico= | StackTrace=
DataHora=2026-09-26T18:18:13.1047299-03:00 | Nivel=INFO | Usuario=Smoke Test | Perfil=Administrador | Tela=Geral | Acao=Smoke test iniciando: MainWindow:CruzadaOrcamentosParaFinanceiro. | ErroTecnico= | StackTrace=
DataHora=2026-09-26T18:18:13.1600572-03:00 | Nivel=INFO | Usuario=Smoke Test | Perfil=Administrador | Tela=Geral | Acao=Adicionado ao cache: Dashboard | ErroTecnico= | StackTrace=
DataHora=2026-09-26T18:18:13.1607227-03:00 | Nivel=INFO | Usuario=Smoke Test | Perfil=Administrador | Tela=Geral | Acao=Navegacao registrada: Dashboard | ErroTecnico= | StackTrace=
DataHora=2026-09-26T18:18:13.1612769-03:00 | Nivel=INFO | Usuario=Smoke Test | Perfil=Administrador | Tela=Geral | Acao=Navegacao concluida para o modulo 'Dashboard'. | ErroTecnico= | StackTrace=
DataHora=2026-09-26T18:18:13.1807434-03:00 | Nivel=INFO | Usuario=Smoke Test | Perfil=Administrador | Tela=Geral | Acao=Adicionado ao cache: Orcamentos | ErroTecnico= | StackTrace=
DataHora=2026-09-26T18:18:13.1813873-03:00 | Nivel=INFO | Usuario=Smoke Test | Perfil=Administrador | Tela=Geral | Acao=Navegacao registrada: Orcamentos | ErroTecnico= | StackTrace=
DataHora=2026-09-26T18:18:13.1819306-03:00 | Nivel=INFO | Usuario=Smoke Test | Perfil=Administrador | Tela=Geral | Acao=Navegacao concluida para o modulo 'Orcamentos'. | ErroTecnico= | StackTrace=
DataHora=2026-09-26T18:18:13.2023883-03:00 | Nivel=INFO | Usuario=Smoke Test | Perfil=Administrador | Tela=Financeiro | Acao=ObterMovimentacoes(limit=1200) concluida em 0 ms. | ErroTecnico= | StackTrace=
DataHora=2026-09-26T18:18:13.2044128-03:00 | Nivel=INFO | Usuario=Smoke Test | Perfil=Administrador | Tela=Financeiro | Acao=ObterMovimentacoes(limit=1200) concluida em 0 ms. | ErroTecnico= | StackTrace=
DataHora=2026-09-26T18:18:13.2123401-03:00 | Nivel=INFO | Usuario=Smoke Test | Perfil=Administrador | Tela=Financeiro | Acao=ObterMovimentacoes(limit=1200) concluida em 0 ms. | ErroTecnico= | StackTrace=
DataHora=2026-09-26T18:18:13.2135578-03:00 | Nivel=INFO | Usuario=Smoke Test | Perfil=Administrador | Tela=Geral | Acao=Adicionado ao cache: Financeiro | ErroTecnico= | StackTrace=
DataHora=2026-09-26T18:18:13.2140882-03:00 | Nivel=INFO | Usuario=Smoke Test | Perfil=Administrador | Tela=Geral | Acao=Navegacao registrada: Financeiro | ErroTecnico= | StackTrace=
DataHora=2026-09-26T18:18:13.2146737-03:00 | Nivel=INFO | Usuario=Smoke Test | Perfil=Administrador | Tela=Geral | Acao=Navegacao concluida para o modulo 'Financeiro'. | ErroTecnico= | StackTrace=
DataHora=2026-09-26T18:18:13.2204589-03:00 | Nivel=INFO | Usuario=Smoke Test | Perfil=Administrador | Tela=Geral | Acao=Smoke test aprovado: MainWindow:CruzadaOrcamentosParaFinanceiro (115 ms). | ErroTecnico= | StackTrace=
DataHora=2026-09-26T18:18:13.2211779-03:00 | Nivel=INFO | Usuario=Smoke Test | Perfil=Administrador | Tela=Geral | Acao=Smoke test iniciando: Modulo:Dashboard. | ErroTecnico= | StackTrace=
DataHora=2026-09-26T18:18:13.2279733-03:00 | Nivel=INFO | Usuario=Smoke Test | Perfil=Administrador | Tela=Geral | Acao=Adicionado ao cache: Dashboard | ErroTecnico= | StackTrace=
DataHora=2026-09-26T18:18:13.2285623-03:00 | Nivel=INFO | Usuario=Smoke Test | Perfil=Administrador | Tela=Geral | Acao=Navegacao registrada: Dashboard | ErroTecnico= | StackTrace=
DataHora=2026-09-26T18:18:13.2480635-03:00 | Nivel=INFO | Usuario=Smoke Test | Perfil=Administrador | Tela=Geral | Acao=Smoke test aprovado: Modulo:Dashboard (26 ms). | ErroTecnico= | StackTrace=
DataHora=2026-09-26T18:18:13.2486964-03:00 | Nivel=INFO | Usuario=Smoke Test | Perfil=Administrador | Tela=Geral | Acao=Smoke test iniciando: Modulo:Clientes. | ErroTecnico= | StackTrace=
DataHora=2026-09-26T18:18:13.2788073-03:00 | Nivel=INFO | Usuario=Smoke Test | Perfil=Administrador | Tela=Geral | Acao=Adicionado ao cache: Clientes | ErroTecnico= | StackTrace=
DataHora=2026-09-26T18:18:13.2794701-03:00 | Nivel=INFO | Usuario=Smoke Test | Perfil=Administrador | Tela=Geral | Acao=Navegacao registrada: Clientes | ErroTecnico= | StackTrace=
DataHora=2026-09-26T18:18:13.3104182-03:00 | Nivel=INFO | Usuario=Smoke Test | Perfil=Administrador | Tela=Geral | Acao=Smoke test aprovado: Modulo:Clientes (61 ms). | ErroTecnico= | StackTrace=
DataHora=2026-09-26T18:18:13.3110874-03:00 | Nivel=INFO | Usuario=Smoke Test | Perfil=Administrador | Tela=Geral | Acao=Smoke test iniciando: Modulo:Veiculos. | ErroTecnico= | StackTrace=
DataHora=2026-09-26T18:18:13.3295418-03:00 | Nivel=INFO | Usuario=Smoke Test | Perfil=Administrador | Tela=Geral | Acao=Adicionado ao cache: Veiculos | ErroTecnico= | StackTrace=
DataHora=2026-09-26T18:18:13.3301506-03:00 | Nivel=INFO | Usuario=Smoke Test | Perfil=Administrador | Tela=Geral | Acao=Navegacao registrada: Veiculos | ErroTecnico= | StackTrace=
DataHora=2026-09-26T18:18:13.3582339-03:00 | Nivel=INFO | Usuario=Smoke Test | Perfil=Administrador | Tela=Geral | Acao=Smoke test aprovado: Modulo:Veiculos (47 ms). | ErroTecnico= | StackTrace=
DataHora=2026-09-26T18:18:13.3588520-03:00 | Nivel=INFO | Usuario=Smoke Test | Perfil=Administrador | Tela=Geral | Acao=Smoke test iniciando: Modulo:AutoEletricaTecnica. | ErroTecnico= | StackTrace=
DataHora=2026-09-26T18:18:13.3638007-03:00 | Nivel=INFO | Usuario=Smoke Test | Perfil=Administrador | Tela=Geral | Acao=Adicionado ao cache: AutoEletricaTecnica | ErroTecnico= | StackTrace=
DataHora=2026-09-26T18:18:13.3643599-03:00 | Nivel=INFO | Usuario=Smoke Test | Perfil=Administrador | Tela=Geral | Acao=Navegacao registrada: AutoEletricaTecnica | ErroTecnico= | StackTrace=
DataHora=2026-09-26T18:18:13.3795276-03:00 | Nivel=INFO | Usuario=Smoke Test | Perfil=Administrador | Tela=Geral | Acao=Smoke test aprovado: Modulo:AutoEletricaTecnica (20 ms). | ErroTecnico= | StackTrace=
DataHora=2026-09-26T18:18:13.3801400-03:00 | Nivel=INFO | Usuario=Smoke Test | Perfil=Administrador | Tela=Geral | Acao=Smoke test iniciando: Modulo:Orcamentos. | ErroTecnico= | StackTrace=
DataHora=2026-09-26T18:18:13.3982908-03:00 | Nivel=INFO | Usuario=Smoke Test | Perfil=Administrador | Tela=Geral | Acao=Adicionado ao cache: Orcamentos | ErroTecnico= | StackTrace=
DataHora=2026-09-26T18:18:13.3989096-03:00 | Nivel=INFO | Usuario=Smoke Test | Perfil=Administrador | Tela=Geral | Acao=Navegacao registrada: Orcamentos | ErroTecnico= | StackTrace=
DataHora=2026-09-26T18:18:13.5039291-03:00 | Nivel=INFO | Usuario=Smoke Test | Perfil=Administrador | Tela=Geral | Acao=Smoke test aprovado: Modulo:Orcamentos (123 ms). | ErroTecnico= | StackTrace=
DataHora=2026-09-26T18:18:13.5046101-03:00 | Nivel=INFO | Usuario=Smoke Test | Perfil=Administrador | Tela=Geral | Acao=Smoke test iniciando: Modulo:OrdensServico. | ErroTecnico= | StackTrace=
DataHora=2026-09-26T18:18:13.5241649-03:00 | Nivel=INFO | Usuario=Smoke Test | Perfil=Administrador | Tela=Geral | Acao=Adicionado ao cache: OrdensServico | ErroTecnico= | StackTrace=
DataHora=2026-09-26T18:18:13.5247751-03:00 | Nivel=INFO | Usuario=Smoke Test | Perfil=Administrador | Tela=Geral | Acao=Navegacao registrada: OrdensServico | ErroTecnico= | StackTrace=
DataHora=2026-09-26T18:18:13.5663685-03:00 | Nivel=INFO | Usuario=Smoke Test | Perfil=Administrador | Tela=Geral | Acao=Smoke test aprovado: Modulo:OrdensServico (61 ms). | ErroTecnico= | StackTrace=
DataHora=2026-09-26T18:18:13.5670216-03:00 | Nivel=INFO | Usuario=Smoke Test | Perfil=Administrador | Tela=Geral | Acao=Smoke test iniciando: Modulo:OficinaKanban. | ErroTecnico= | StackTrace=
DataHora=2026-09-26T18:18:13.5852462-03:00 | Nivel=INFO | Usuario=Smoke Test | Perfil=Administrador | Tela=Geral | Acao=Adicionado ao cache: OficinaKanban | ErroTecnico= | StackTrace=
DataHora=2026-09-26T18:18:13.5858988-03:00 | Nivel=INFO | Usuario=Smoke Test | Perfil=Administrador | Tela=Geral | Acao=Navegacao registrada: OficinaKanban | ErroTecnico= | StackTrace=
DataHora=2026-09-26T18:18:13.7141849-03:00 | Nivel=INFO | Usuario=Smoke Test | Perfil=Administrador | Tela=Geral | Acao=Smoke test aprovado: Modulo:OficinaKanban (147 ms). | ErroTecnico= | StackTrace=
DataHora=2026-09-26T18:18:13.7148424-03:00 | Nivel=INFO | Usuario=Smoke Test | Perfil=Administrador | Tela=Geral | Acao=Smoke test iniciando: Modulo:PDV. | ErroTecnico= | StackTrace=
DataHora=2026-09-26T18:18:13.7264564-03:00 | Nivel=INFO | Usuario=Smoke Test | Perfil=Administrador | Tela=Geral | Acao=Adicionado ao cache: PDV | ErroTecnico= | StackTrace=
DataHora=2026-09-26T18:18:13.7270266-03:00 | Nivel=INFO | Usuario=Smoke Test | Perfil=Administrador | Tela=Geral | Acao=Navegacao registrada: PDV | ErroTecnico= | StackTrace=
DataHora=2026-09-26T18:18:13.7446490-03:00 | Nivel=INFO | Usuario=Smoke Test | Perfil=Administrador | Tela=Geral | Acao=Smoke test aprovado: Modulo:PDV (29 ms). | ErroTecnico= | StackTrace=
DataHora=2026-09-26T18:18:13.7453002-03:00 | Nivel=INFO | Usuario=Smoke Test | Perfil=Administrador | Tela=Geral | Acao=Smoke test iniciando: Modulo:Estoque. | ErroTecnico= | StackTrace=
DataHora=2026-09-26T18:18:13.7536591-03:00 | Nivel=INFO | Usuario=Smoke Test | Perfil=Administrador | Tela=Geral | Acao=Adicionado ao cache: Estoque | ErroTecnico= | StackTrace=
DataHora=2026-09-26T18:18:13.7542682-03:00 | Nivel=INFO | Usuario=Smoke Test | Perfil=Administrador | Tela=Geral | Acao=Navegacao registrada: Estoque | ErroTecnico= | StackTrace=
DataHora=2026-09-26T18:18:13.7832800-03:00 | Nivel=INFO | Usuario=Smoke Test | Perfil=Administrador | Tela=Geral | Acao=Smoke test aprovado: Modulo:Estoque (37 ms). | ErroTecnico= | StackTrace=
DataHora=2026-09-26T18:18:13.7839418-03:00 | Nivel=INFO | Usuario=Smoke Test | Perfil=Administrador | Tela=Geral | Acao=Smoke test iniciando: Modulo:CatalogoPecas. | ErroTecnico= | StackTrace=
DataHora=2026-09-26T18:18:13.7917410-03:00 | Nivel=INFO | Usuario=Smoke Test | Perfil=Administrador | Tela=Geral | Acao=Adicionado ao cache: CatalogoPecas | ErroTecnico= | StackTrace=
DataHora=2026-09-26T18:18:13.7925001-03:00 | Nivel=INFO | Usuario=Smoke Test | Perfil=Administrador | Tela=Geral | Acao=Navegacao registrada: CatalogoPecas | ErroTecnico= | StackTrace=
DataHora=2026-09-26T18:18:13.8139509-03:00 | Nivel=INFO | Usuario=Smoke Test | Perfil=Administrador | Tela=Geral | Acao=Smoke test aprovado: Modulo:CatalogoPecas (30 ms). | ErroTecnico= | StackTrace=
DataHora=2026-09-26T18:18:13.8146255-03:00 | Nivel=INFO | Usuario=Smoke Test | Perfil=Administrador | Tela=Geral | Acao=Smoke test iniciando: Modulo:ImportarNFe. | ErroTecnico= | StackTrace=
DataHora=2026-09-26T18:18:13.8210650-03:00 | Nivel=INFO | Usuario=Smoke Test | Perfil=Administrador | Tela=Geral | Acao=Adicionado ao cache: ImportarNFe | ErroTecnico= | StackTrace=
DataHora=2026-09-26T18:18:13.8217001-03:00 | Nivel=INFO | Usuario=Smoke Test | Perfil=Administrador | Tela=Geral | Acao=Navegacao registrada: ImportarNFe | ErroTecnico= | StackTrace=
DataHora=2026-09-26T18:18:13.8343040-03:00 | Nivel=INFO | Usuario=Smoke Test | Perfil=Administrador | Tela=Geral | Acao=Smoke test aprovado: Modulo:ImportarNFe (19 ms). | ErroTecnico= | StackTrace=
DataHora=2026-09-26T18:18:13.8348828-03:00 | Nivel=INFO | Usuario=Smoke Test | Perfil=Administrador | Tela=Geral | Acao=Smoke test iniciando: Modulo:Financeiro. | ErroTecnico= | StackTrace=
DataHora=2026-09-26T18:18:13.8710005-03:00 | Nivel=INFO | Usuario=Smoke Test | Perfil=Administrador | Tela=Financeiro | Acao=ObterMovimentacoes(limit=1200) concluida em 0 ms. | ErroTecnico= | StackTrace=
DataHora=2026-09-26T18:18:13.8731266-03:00 | Nivel=INFO | Usuario=Smoke Test | Perfil=Administrador | Tela=Financeiro | Acao=ObterMovimentacoes(limit=1200) concluida em 0 ms. | ErroTecnico= | StackTrace=
DataHora=2026-09-26T18:18:13.8810616-03:00 | Nivel=INFO | Usuario=Smoke Test | Perfil=Administrador | Tela=Financeiro | Acao=ObterMovimentacoes(limit=1200) concluida em 0 ms. | ErroTecnico= | StackTrace=
DataHora=2026-09-26T18:18:13.8822725-03:00 | Nivel=INFO | Usuario=Smoke Test | Perfil=Administrador | Tela=Geral | Acao=Adicionado ao cache: Financeiro | ErroTecnico= | StackTrace=
DataHora=2026-09-26T18:18:13.8827943-03:00 | Nivel=INFO | Usuario=Smoke Test | Perfil=Administrador | Tela=Geral | Acao=Navegacao registrada: Financeiro | ErroTecnico= | StackTrace=
DataHora=2026-09-26T18:18:14.1820924-03:00 | Nivel=INFO | Usuario=Smoke Test | Perfil=Administrador | Tela=Geral | Acao=Smoke test aprovado: Modulo:Financeiro (347 ms). | ErroTecnico= | StackTrace=
DataHora=2026-09-26T18:18:14.1827580-03:00 | Nivel=INFO | Usuario=Smoke Test | Perfil=Administrador | Tela=Geral | Acao=Smoke test iniciando: Modulo:Fornecedores. | ErroTecnico= | StackTrace=
DataHora=2026-09-26T18:18:14.1898116-03:00 | Nivel=INFO | Usuario=Smoke Test | Perfil=Administrador | Tela=Geral | Acao=Adicionado ao cache: Fornecedores | ErroTecnico= | StackTrace=
DataHora=2026-09-26T18:18:14.1904455-03:00 | Nivel=INFO | Usuario=Smoke Test | Perfil=Administrador | Tela=Geral | Acao=Navegacao registrada: Fornecedores | ErroTecnico= | StackTrace=
DataHora=2026-09-26T18:18:14.2157183-03:00 | Nivel=INFO | Usuario=Smoke Test | Perfil=Administrador | Tela=Geral | Acao=Smoke test aprovado: Modulo:Fornecedores (32 ms). | ErroTecnico= | StackTrace=
DataHora=2026-09-26T18:18:14.2164302-03:00 | Nivel=INFO | Usuario=Smoke Test | Perfil=Administrador | Tela=Geral | Acao=Smoke test iniciando: Modulo:Funcionarios. | ErroTecnico= | StackTrace=
DataHora=2026-09-26T18:18:14.2228727-03:00 | Nivel=INFO | Usuario=Smoke Test | Perfil=Administrador | Tela=Geral | Acao=Adicionado ao cache: Funcionarios | ErroTecnico= | StackTrace=
DataHora=2026-09-26T18:18:14.2234488-03:00 | Nivel=INFO | Usuario=Smoke Test | Perfil=Administrador | Tela=Geral | Acao=Navegacao registrada: Funcionarios | ErroTecnico= | StackTrace=
DataHora=2026-09-26T18:18:14.2406053-03:00 | Nivel=INFO | Usuario=Smoke Test | Perfil=Administrador | Tela=Geral | Acao=Smoke test aprovado: Modulo:Funcionarios (24 ms). | ErroTecnico= | StackTrace=
DataHora=2026-09-26T18:18:14.2412042-03:00 | Nivel=INFO | Usuario=Smoke Test | Perfil=Administrador | Tela=Geral | Acao=Smoke test iniciando: Modulo:Agendamentos. | ErroTecnico= | StackTrace=
DataHora=2026-09-26T18:18:14.2591299-03:00 | Nivel=INFO | Usuario=Smoke Test | Perfil=Administrador | Tela=Geral | Acao=Adicionado ao cache: Agendamentos | ErroTecnico= | StackTrace=
DataHora=2026-09-26T18:18:14.2597729-03:00 | Nivel=INFO | Usuario=Smoke Test | Perfil=Administrador | Tela=Geral | Acao=Navegacao registrada: Agendamentos | ErroTecnico= | StackTrace=
DataHora=2026-09-26T18:18:14.4352295-03:00 | Nivel=INFO | Usuario=Smoke Test | Perfil=Administrador | Tela=Geral | Acao=Smoke test aprovado: Modulo:Agendamentos (194 ms). | ErroTecnico= | StackTrace=
DataHora=2026-09-26T18:18:14.4359102-03:00 | Nivel=INFO | Usuario=Smoke Test | Perfil=Administrador | Tela=Geral | Acao=Smoke test iniciando: Modulo:Relatorios. | ErroTecnico= | StackTrace=
DataHora=2026-09-26T18:18:14.4612145-03:00 | Nivel=INFO | Usuario=Smoke Test | Perfil=Administrador | Tela=Geral | Acao=Adicionado ao cache: Relatorios | ErroTecnico= | StackTrace=
DataHora=2026-09-26T18:18:14.4618084-03:00 | Nivel=INFO | Usuario=Smoke Test | Perfil=Administrador | Tela=Geral | Acao=Navegacao registrada: Relatorios | ErroTecnico= | StackTrace=
DataHora=2026-09-26T18:18:14.5308350-03:00 | Nivel=INFO | Usuario=Smoke Test | Perfil=Administrador | Tela=Geral | Acao=Smoke test aprovado: Modulo:Relatorios (94 ms). | ErroTecnico= | StackTrace=
DataHora=2026-09-26T18:18:14.5315097-03:00 | Nivel=INFO | Usuario=Smoke Test | Perfil=Administrador | Tela=Geral | Acao=Smoke test iniciando: Janela:ImportarNota. | ErroTecnico= | StackTrace=
DataHora=2026-09-26T18:18:14.7795979-03:00 | Nivel=INFO | Usuario=Smoke Test | Perfil=Administrador | Tela=Geral | Acao=Smoke test aprovado: Janela:ImportarNota (248 ms). | ErroTecnico= | StackTrace=
DataHora=2026-09-26T18:18:14.7802392-03:00 | Nivel=INFO | Usuario=Smoke Test | Perfil=Administrador | Tela=Geral | Acao=Smoke test iniciando: Janela:ImportarCatalogoPecas. | ErroTecnico= | StackTrace=
DataHora=2026-09-26T18:18:14.9268604-03:00 | Nivel=INFO | Usuario=Smoke Test | Perfil=Administrador | Tela=Geral | Acao=Smoke test aprovado: Janela:ImportarCatalogoPecas (146 ms). | ErroTecnico= | StackTrace=
DataHora=2026-09-26T18:18:14.9423137-03:00 | Nivel=INFO | Usuario=Smoke Test | Perfil=Administrador | Tela=Geral | Acao=Smoke test iniciando: Janela:AjusteEstoqueWindow. | ErroTecnico= | StackTrace=
DataHora=2026-09-26T18:18:15.0765648-03:00 | Nivel=INFO | Usuario=Smoke Test | Perfil=Administrador | Tela=Geral | Acao=Smoke test aprovado: Janela:AjusteEstoqueWindow (134 ms). | ErroTecnico= | StackTrace=
DataHora=2026-09-26T18:18:15.0772354-03:00 | Nivel=INFO | Usuario=Smoke Test | Perfil=Administrador | Tela=Geral | Acao=Smoke test iniciando: Janela:AtalhosTecladoWindow. | ErroTecnico= | StackTrace=
DataHora=2026-09-26T18:18:15.2047166-03:00 | Nivel=INFO | Usuario=Smoke Test | Perfil=Administrador | Tela=Geral | Acao=Smoke test aprovado: Janela:AtalhosTecladoWindow (127 ms). | ErroTecnico= | StackTrace=
DataHora=2026-09-26T18:18:15.2053942-03:00 | Nivel=INFO | Usuario=Smoke Test | Perfil=Administrador | Tela=Geral | Acao=Smoke test iniciando: Janela:NovoClienteWindow. | ErroTecnico= | StackTrace=
DataHora=2026-09-26T18:18:15.3913731-03:00 | Nivel=INFO | Usuario=Smoke Test | Perfil=Administrador | Tela=Geral | Acao=Smoke test aprovado: Janela:NovoClienteWindow (185 ms). | ErroTecnico= | StackTrace=
DataHora=2026-09-26T18:18:15.3920608-03:00 | Nivel=INFO | Usuario=Smoke Test | Perfil=Administrador | Tela=Geral | Acao=Smoke test iniciando: Janela:VisualizarClienteWindow. | ErroTecnico= | StackTrace=
DataHora=2026-09-26T18:18:15.5496036-03:00 | Nivel=INFO | Usuario=Smoke Test | Perfil=Administrador | Tela=Geral | Acao=Smoke test aprovado: Janela:VisualizarClienteWindow (157 ms). | ErroTecnico= | StackTrace=
DataHora=2026-09-26T18:18:15.5502948-03:00 | Nivel=INFO | Usuario=Smoke Test | Perfil=Administrador | Tela=Geral | Acao=Smoke test iniciando: Janela:ComissaoSettlementWindow. | ErroTecnico= | StackTrace=
DataHora=2026-09-26T18:18:15.6776298-03:00 | Nivel=INFO | Usuario=Smoke Test | Perfil=Administrador | Tela=Geral | Acao=Smoke test aprovado: Janela:ComissaoSettlementWindow (127 ms). | ErroTecnico= | StackTrace=
DataHora=2026-09-26T18:18:15.6783684-03:00 | Nivel=INFO | Usuario=Smoke Test | Perfil=Administrador | Tela=Geral | Acao=Smoke test iniciando: Janela:GarantiaRetornosWindow. | ErroTecnico= | StackTrace=
DataHora=2026-09-26T18:18:15.8335875-03:00 | Nivel=INFO | Usuario=Smoke Test | Perfil=Administrador | Tela=Geral | Acao=Smoke test aprovado: Janela:GarantiaRetornosWindow (155 ms). | ErroTecnico= | StackTrace=
DataHora=2026-09-26T18:18:15.8342502-03:00 | Nivel=INFO | Usuario=Smoke Test | Perfil=Administrador | Tela=Geral | Acao=Smoke test iniciando: Janela:ImportarCatalogoPecasWindow. | ErroTecnico= | StackTrace=
DataHora=2026-09-26T18:18:15.9728792-03:00 | Nivel=INFO | Usuario=Smoke Test | Perfil=Administrador | Tela=Geral | Acao=Smoke test aprovado: Janela:ImportarCatalogoPecasWindow (138 ms). | ErroTecnico= | StackTrace=
DataHora=2026-09-26T18:18:15.9735789-03:00 | Nivel=INFO | Usuario=Smoke Test | Perfil=Administrador | Tela=Geral | Acao=Smoke test iniciando: Janela:LembretesRevisaoWindow. | ErroTecnico= | StackTrace=
DataHora=2026-09-26T18:18:16.0970567-03:00 | Nivel=INFO | Usuario=Smoke Test | Perfil=Administrador | Tela=Geral | Acao=Smoke test aprovado: Janela:LembretesRevisaoWindow (123 ms). | ErroTecnico= | StackTrace=
DataHora=2026-09-26T18:18:16.0977285-03:00 | Nivel=INFO | Usuario=Smoke Test | Perfil=Administrador | Tela=Geral | Acao=Smoke test iniciando: Janela:LoginWindow. | ErroTecnico= | StackTrace=
DataHora=2026-09-26T18:18:16.2681043-03:00 | Nivel=INFO | Usuario=Smoke Test | Perfil=Administrador | Tela=Geral | Acao=Smoke test aprovado: Janela:LoginWindow (170 ms). | ErroTecnico= | StackTrace=
DataHora=2026-09-26T18:18:16.2687548-03:00 | Nivel=INFO | Usuario=Smoke Test | Perfil=Administrador | Tela=Geral | Acao=Smoke test iniciando: Janela:NovoAgendamentoPremiumWindow. | ErroTecnico= | StackTrace=
DataHora=2026-09-26T18:18:16.4663740-03:00 | Nivel=INFO | Usuario=Smoke Test | Perfil=Administrador | Tela=Geral | Acao=Smoke test aprovado: Janela:NovoAgendamentoPremiumWindow (197 ms). | ErroTecnico= | StackTrace=
DataHora=2026-09-26T18:18:16.4670745-03:00 | Nivel=INFO | Usuario=Smoke Test | Perfil=Administrador | Tela=Geral | Acao=Smoke test iniciando: Janela:NovoFornecedorWindow. | ErroTecnico= | StackTrace=
DataHora=2026-09-26T18:18:16.6149223-03:00 | Nivel=INFO | Usuario=Smoke Test | Perfil=Administrador | Tela=Geral | Acao=Smoke test aprovado: Janela:NovoFornecedorWindow (147 ms). | ErroTecnico= | StackTrace=
DataHora=2026-09-26T18:18:16.6156285-03:00 | Nivel=INFO | Usuario=Smoke Test | Perfil=Administrador | Tela=Geral | Acao=Smoke test iniciando: Janela:NovoProdutoWindow. | ErroTecnico= | StackTrace=
DataHora=2026-09-26T18:18:16.7480791-03:00 | Nivel=INFO | Usuario=Smoke Test | Perfil=Administrador | Tela=Geral | Acao=Smoke test aprovado: Janela:NovoProdutoWindow (132 ms). | ErroTecnico= | StackTrace=
DataHora=2026-09-26T18:18:16.7489484-03:00 | Nivel=INFO | Usuario=Smoke Test | Perfil=Administrador | Tela=Geral | Acao=Smoke test iniciando: Janela:OrcamentosView. | ErroTecnico= | StackTrace=
DataHora=2026-09-26T18:18:16.8964278-03:00 | Nivel=INFO | Usuario=Smoke Test | Perfil=Administrador | Tela=Geral | Acao=Smoke test aprovado: Janela:OrcamentosView (147 ms). | ErroTecnico= | StackTrace=
DataHora=2026-09-26T18:18:16.8971101-03:00 | Nivel=INFO | Usuario=Smoke Test | Perfil=Administrador | Tela=Geral | Acao=Smoke test iniciando: Janela:PrimeiraExecucaoWindow. | ErroTecnico= | StackTrace=
DataHora=2026-09-26T18:18:17.0268237-03:00 | Nivel=INFO | Usuario=Smoke Test | Perfil=Administrador | Tela=Geral | Acao=Smoke test aprovado: Janela:PrimeiraExecucaoWindow (129 ms). | ErroTecnico= | StackTrace=
DataHora=2026-09-26T18:18:17.0275233-03:00 | Nivel=INFO | Usuario=Smoke Test | Perfil=Administrador | Tela=Geral | Acao=Smoke test iniciando: Janela:SelecaoFilialWindow. | ErroTecnico= | StackTrace=
DataHora=2026-09-26T18:18:17.1029266-03:00 | Nivel=INFO | Usuario=Smoke Test | Perfil=Administrador | Tela=Geral | Acao=Unidade de trabalho atual: Unidade local | ErroTecnico= | StackTrace=
DataHora=2026-09-26T18:18:17.1035947-03:00 | Nivel=INFO | Usuario=Smoke Test | Perfil=Administrador | Tela=Geral | Acao=Multi-filial indisponivel: usando apenas Unidade local. | ErroTecnico= | StackTrace=
DataHora=2026-09-26T18:18:17.1475003-03:00 | Nivel=INFO | Usuario=Smoke Test | Perfil=Administrador | Tela=Geral | Acao=Smoke test aprovado: Janela:SelecaoFilialWindow (119 ms). | ErroTecnico= | StackTrace=
DataHora=2026-09-26T18:18:17.1481479-03:00 | Nivel=INFO | Usuario=Smoke Test | Perfil=Administrador | Tela=Geral | Acao=Smoke test iniciando: Janela:UsuariosOnlineWindow. | ErroTecnico= | StackTrace=
DataHora=2026-09-26T18:18:17.2619871-03:00 | Nivel=INFO | Usuario=Smoke Test | Perfil=Administrador | Tela=Geral | Acao=Smoke test aprovado: Janela:UsuariosOnlineWindow (113 ms). | ErroTecnico= | StackTrace=
DataHora=2026-09-26T18:18:17.2642364-03:00 | Nivel=INFO | Usuario=Smoke Test | Perfil=Administrador | Tela=Geral | Acao=Smoke test iniciando: Controle:BaseConhecimentoControl. | ErroTecnico= | StackTrace=
DataHora=2026-09-26T18:18:17.3118715-03:00 | Nivel=INFO | Usuario=Smoke Test | Perfil=Administrador | Tela=Geral | Acao=Smoke test aprovado: Controle:BaseConhecimentoControl (47 ms). | ErroTecnico= | StackTrace=
DataHora=2026-09-26T18:18:17.3125144-03:00 | Nivel=INFO | Usuario=Smoke Test | Perfil=Administrador | Tela=Geral | Acao=Smoke test iniciando: Controle:FerramentasControl. | ErroTecnico= | StackTrace=
DataHora=2026-09-26T18:18:17.3332175-03:00 | Nivel=INFO | Usuario=Smoke Test | Perfil=Administrador | Tela=Geral | Acao=Smoke test aprovado: Controle:FerramentasControl (20 ms). | ErroTecnico= | StackTrace=
DataHora=2026-09-26T18:18:17.3338315-03:00 | Nivel=INFO | Usuario=Smoke Test | Perfil=Administrador | Tela=Geral | Acao=Smoke test iniciando: Controle:FiscalOperationsControl. | ErroTecnico= | StackTrace=
DataHora=2026-09-26T18:18:17.3564125-03:00 | Nivel=INFO | Usuario=Smoke Test | Perfil=Administrador | Tela=Geral | Acao=Smoke test aprovado: Controle:FiscalOperationsControl (22 ms). | ErroTecnico= | StackTrace=
DataHora=2026-09-26T18:18:17.3570106-03:00 | Nivel=INFO | Usuario=Smoke Test | Perfil=Administrador | Tela=Geral | Acao=Smoke test iniciando: Controle:GlobalSearchControl. | ErroTecnico= | StackTrace=
DataHora=2026-09-26T18:18:17.3597666-03:00 | Nivel=INFO | Usuario=Smoke Test | Perfil=Administrador | Tela=Geral | Acao=Smoke test aprovado: Controle:GlobalSearchControl (2 ms). | ErroTecnico= | StackTrace=
DataHora=2026-09-26T18:18:17.3603327-03:00 | Nivel=INFO | Usuario=Smoke Test | Perfil=Administrador | Tela=Geral | Acao=Smoke test iniciando: Controle:HelpControl. | ErroTecnico= | StackTrace=
DataHora=2026-09-26T18:18:17.3780522-03:00 | Nivel=INFO | Usuario=Smoke Test | Perfil=Administrador | Tela=Geral | Acao=Smoke test aprovado: Controle:HelpControl (17 ms). | ErroTecnico= | StackTrace=
DataHora=2026-09-26T18:18:17.3786981-03:00 | Nivel=INFO | Usuario=Smoke Test | Perfil=Administrador | Tela=Geral | Acao=Smoke test iniciando: Controle:NecessidadesCompraControl. | ErroTecnico= | StackTrace=
DataHora=2026-09-26T18:18:17.3984759-03:00 | Nivel=INFO | Usuario=Smoke Test | Perfil=Administrador | Tela=Geral | Acao=Smoke test aprovado: Controle:NecessidadesCompraControl (19 ms). | ErroTecnico= | StackTrace=
DataHora=2026-09-26T18:18:17.3990966-03:00 | Nivel=INFO | Usuario=Smoke Test | Perfil=Administrador | Tela=Geral | Acao=Smoke test iniciando: Controle:OrcamentoAlertasControl. | ErroTecnico= | StackTrace=
DataHora=2026-09-26T18:18:17.4006492-03:00 | Nivel=INFO | Usuario=Smoke Test | Perfil=Administrador | Tela=Geral | Acao=Smoke test aprovado: Controle:OrcamentoAlertasControl (1 ms). | ErroTecnico= | StackTrace=
DataHora=2026-09-26T18:18:17.4012242-03:00 | Nivel=INFO | Usuario=Smoke Test | Perfil=Administrador | Tela=Geral | Acao=Smoke test iniciando: Controle:OrcamentoBuscaInteligenteControl. | ErroTecnico= | StackTrace=
DataHora=2026-09-26T18:18:17.4028023-03:00 | Nivel=INFO | Usuario=Smoke Test | Perfil=Administrador | Tela=Geral | Acao=Smoke test aprovado: Controle:OrcamentoBuscaInteligenteControl (1 ms). | ErroTecnico= | StackTrace=
DataHora=2026-09-26T18:18:17.4033344-03:00 | Nivel=INFO | Usuario=Smoke Test | Perfil=Administrador | Tela=Geral | Acao=Smoke test iniciando: Controle:OrcamentoCarrinhoControl. | ErroTecnico= | StackTrace=
DataHora=2026-09-26T18:18:17.4119585-03:00 | Nivel=INFO | Usuario=Smoke Test | Perfil=Administrador | Tela=Geral | Acao=Smoke test aprovado: Controle:OrcamentoCarrinhoControl (8 ms). | ErroTecnico= | StackTrace=
DataHora=2026-09-26T18:18:17.4125710-03:00 | Nivel=INFO | Usuario=Smoke Test | Perfil=Administrador | Tela=Geral | Acao=Smoke test iniciando: Controle:OrcamentoClientePanelControl. | ErroTecnico= | StackTrace=
DataHora=2026-09-26T18:18:17.4164518-03:00 | Nivel=INFO | Usuario=Smoke Test | Perfil=Administrador | Tela=Geral | Acao=Smoke test aprovado: Controle:OrcamentoClientePanelControl (3 ms). | ErroTecnico= | StackTrace=
DataHora=2026-09-26T18:18:17.4170232-03:00 | Nivel=INFO | Usuario=Smoke Test | Perfil=Administrador | Tela=Geral | Acao=Smoke test iniciando: Controle:OrcamentoHistoricoNegociacaoControl. | ErroTecnico= | StackTrace=
DataHora=2026-09-26T18:18:17.4195861-03:00 | Nivel=INFO | Usuario=Smoke Test | Perfil=Administrador | Tela=Geral | Acao=Smoke test aprovado: Controle:OrcamentoHistoricoNegociacaoControl (2 ms). | ErroTecnico= | StackTrace=
DataHora=2026-09-26T18:18:17.4201241-03:00 | Nivel=INFO | Usuario=Smoke Test | Perfil=Administrador | Tela=Geral | Acao=Smoke test iniciando: Controle:OrcamentoProdutosPanelControl. | ErroTecnico= | StackTrace=
DataHora=2026-09-26T18:18:17.4221687-03:00 | Nivel=INFO | Usuario=Smoke Test | Perfil=Administrador | Tela=Geral | Acao=Smoke test aprovado: Controle:OrcamentoProdutosPanelControl (2 ms). | ErroTecnico= | StackTrace=
DataHora=2026-09-26T18:18:17.4227119-03:00 | Nivel=INFO | Usuario=Smoke Test | Perfil=Administrador | Tela=Geral | Acao=Smoke test iniciando: Controle:OrcamentoResumoFinanceiroControl. | ErroTecnico= | StackTrace=
DataHora=2026-09-26T18:18:17.4260443-03:00 | Nivel=INFO | Usuario=Smoke Test | Perfil=Administrador | Tela=Geral | Acao=Smoke test aprovado: Controle:OrcamentoResumoFinanceiroControl (3 ms). | ErroTecnico= | StackTrace=
DataHora=2026-09-26T18:18:17.4265853-03:00 | Nivel=INFO | Usuario=Smoke Test | Perfil=Administrador | Tela=Geral | Acao=Smoke test iniciando: Controle:OrcamentoStatusControl. | ErroTecnico= | StackTrace=
DataHora=2026-09-26T18:18:17.4309117-03:00 | Nivel=INFO | Usuario=Smoke Test | Perfil=Administrador | Tela=Geral | Acao=Smoke test aprovado: Controle:OrcamentoStatusControl (4 ms). | ErroTecnico= | StackTrace=
DataHora=2026-09-26T18:18:17.4314491-03:00 | Nivel=INFO | Usuario=Smoke Test | Perfil=Administrador | Tela=Geral | Acao=Smoke test iniciando: Controle:OrcamentoTimelineControl. | ErroTecnico= | StackTrace=
DataHora=2026-09-26T18:18:17.4334601-03:00 | Nivel=INFO | Usuario=Smoke Test | Perfil=Administrador | Tela=Geral | Acao=Smoke test aprovado: Controle:OrcamentoTimelineControl (2 ms). | ErroTecnico= | StackTrace=
DataHora=2026-09-26T18:18:17.4340115-03:00 | Nivel=INFO | Usuario=Smoke Test | Perfil=Administrador | Tela=Geral | Acao=Smoke test iniciando: Controle:OrcamentosDashboardControl. | ErroTecnico= | StackTrace=
DataHora=2026-09-26T18:18:17.4351521-03:00 | Nivel=INFO | Usuario=Smoke Test | Perfil=Administrador | Tela=Geral | Acao=Smoke test aprovado: Controle:OrcamentosDashboardControl (1 ms). | ErroTecnico= | StackTrace=
DataHora=2026-09-26T18:18:17.4359147-03:00 | Nivel=INFO | Usuario=Smoke Test | Perfil=Administrador | Tela=Geral | Acao=Smoke test iniciando: Interacao:MainWindow:Botoes. | ErroTecnico= | StackTrace=
DataHora=2026-09-26T18:18:17.5028107-03:00 | Nivel=INFO | Usuario=Smoke Test | Perfil=Administrador | Tela=Geral | Acao=Adicionado ao cache: Dashboard | ErroTecnico= | StackTrace=
DataHora=2026-09-26T18:18:17.5033936-03:00 | Nivel=INFO | Usuario=Smoke Test | Perfil=Administrador | Tela=Geral | Acao=Navegacao registrada: Dashboard | ErroTecnico= | StackTrace=
DataHora=2026-09-26T18:18:17.5039510-03:00 | Nivel=INFO | Usuario=Smoke Test | Perfil=Administrador | Tela=Geral | Acao=Navegacao concluida para o modulo 'Dashboard'. | ErroTecnico= | StackTrace=
DataHora=2026-09-26T18:18:18.0367132-03:00 | Nivel=INFO | Usuario=Smoke Test | Perfil=Administrador | Tela=Geral | Acao=Adicionado ao cache: Dashboard | ErroTecnico= | StackTrace=
DataHora=2026-09-26T18:18:18.0374034-03:00 | Nivel=INFO | Usuario=Smoke Test | Perfil=Administrador | Tela=Geral | Acao=Navegacao registrada: Dashboard | ErroTecnico= | StackTrace=
DataHora=2026-09-26T18:18:18.0379386-03:00 | Nivel=INFO | Usuario=Smoke Test | Perfil=Administrador | Tela=Geral | Acao=Navegacao concluida para o modulo 'Dashboard'. | ErroTecnico= | StackTrace=
DataHora=2026-09-26T18:18:18.3632963-03:00 | Nivel=INFO | Usuario=Smoke Test | Perfil=Administrador | Tela=Geral | Acao=Adicionado ao cache: OficinaKanban | ErroTecnico= | StackTrace=
DataHora=2026-09-26T18:18:18.3639621-03:00 | Nivel=INFO | Usuario=Smoke Test | Perfil=Administrador | Tela=Geral | Acao=Navegacao registrada: OficinaKanban | ErroTecnico= | StackTrace=
DataHora=2026-09-26T18:18:18.3645424-03:00 | Nivel=INFO | Usuario=Smoke Test | Perfil=Administrador | Tela=Geral | Acao=Navegacao concluida para o modulo 'OficinaKanban'. | ErroTecnico= | StackTrace=
DataHora=2026-09-26T18:18:19.2254036-03:00 | Nivel=INFO | Usuario=Smoke Test | Perfil=Administrador | Tela=Geral | Acao=Adicionado ao cache: Dashboard | ErroTecnico= | StackTrace=
DataHora=2026-09-26T18:18:19.2259945-03:00 | Nivel=INFO | Usuario=Smoke Test | Perfil=Administrador | Tela=Geral | Acao=Navegacao registrada: Dashboard | ErroTecnico= | StackTrace=
DataHora=2026-09-26T18:18:19.2265138-03:00 | Nivel=INFO | Usuario=Smoke Test | Perfil=Administrador | Tela=Geral | Acao=Navegacao concluida para o modulo 'Dashboard'. | ErroTecnico= | StackTrace=
DataHora=2026-09-26T18:18:19.5279459-03:00 | Nivel=INFO | Usuario=Smoke Test | Perfil=Administrador | Tela=Financeiro | Acao=ObterMovimentacoes(limit=1200) concluida em 0 ms. | ErroTecnico= | StackTrace=
DataHora=2026-09-26T18:18:19.5299610-03:00 | Nivel=INFO | Usuario=Smoke Test | Perfil=Administrador | Tela=Financeiro | Acao=ObterMovimentacoes(limit=1200) concluida em 0 ms. | ErroTecnico= | StackTrace=
DataHora=2026-09-26T18:18:19.5381422-03:00 | Nivel=INFO | Usuario=Smoke Test | Perfil=Administrador | Tela=Financeiro | Acao=ObterMovimentacoes(limit=1200) concluida em 0 ms. | ErroTecnico= | StackTrace=
DataHora=2026-09-26T18:18:19.5393282-03:00 | Nivel=INFO | Usuario=Smoke Test | Perfil=Administrador | Tela=Geral | Acao=Adicionado ao cache: Financeiro | ErroTecnico= | StackTrace=
DataHora=2026-09-26T18:18:19.5398791-03:00 | Nivel=INFO | Usuario=Smoke Test | Perfil=Administrador | Tela=Geral | Acao=Navegacao registrada: Financeiro | ErroTecnico= | StackTrace=
DataHora=2026-09-26T18:18:19.5404700-03:00 | Nivel=INFO | Usuario=Smoke Test | Perfil=Administrador | Tela=Geral | Acao=Navegacao concluida para o modulo 'Financeiro'. | ErroTecnico= | StackTrace=
DataHora=2026-09-26T18:18:19.8602489-03:00 | Nivel=INFO | Usuario=Smoke Test | Perfil=Administrador | Tela=Financeiro | Acao=ObterMovimentacoes(limit=1200) concluida em 0 ms. | ErroTecnico= | StackTrace=
DataHora=2026-09-26T18:18:19.8653687-03:00 | Nivel=INFO | Usuario=Smoke Test | Perfil=Administrador | Tela=Financeiro | Acao=ObterMovimentacoes(limit=1200) concluida em 0 ms. | ErroTecnico= | StackTrace=
DataHora=2026-09-26T18:18:19.8986720-03:00 | Nivel=INFO | Usuario=Smoke Test | Perfil=Administrador | Tela=Financeiro | Acao=ObterMovimentacoes(limit=1200) concluida em 0 ms. | ErroTecnico= | StackTrace=
DataHora=2026-09-26T18:18:21.2205281-03:00 | Nivel=INFO | Usuario=Smoke Test | Perfil=Administrador | Tela=Geral | Acao=Adicionado ao cache: Dashboard | ErroTecnico= | StackTrace=
DataHora=2026-09-26T18:18:21.2211688-03:00 | Nivel=INFO | Usuario=Smoke Test | Perfil=Administrador | Tela=Geral | Acao=Navegacao registrada: Dashboard | ErroTecnico= | StackTrace=
DataHora=2026-09-26T18:18:21.2217885-03:00 | Nivel=INFO | Usuario=Smoke Test | Perfil=Administrador | Tela=Geral | Acao=Navegacao concluida para o modulo 'Dashboard'. | ErroTecnico= | StackTrace=
DataHora=2026-09-26T18:18:21.6485810-03:00 | Nivel=INFO | Usuario=Smoke Test | Perfil=Administrador | Tela=Geral | Acao=Adicionado ao cache: Estoque | ErroTecnico= | StackTrace=
DataHora=2026-09-26T18:18:21.6492616-03:00 | Nivel=INFO | Usuario=Smoke Test | Perfil=Administrador | Tela=Geral | Acao=Navegacao registrada: Estoque | ErroTecnico= | StackTrace=
DataHora=2026-09-26T18:18:21.6498275-03:00 | Nivel=INFO | Usuario=Smoke Test | Perfil=Administrador | Tela=Geral | Acao=Navegacao concluida para o modulo 'Estoque'. | ErroTecnico= | StackTrace=
DataHora=2026-09-26T18:18:21.6899932-03:00 | Nivel=INFO | Usuario=Smoke Test | Perfil=Administrador | Tela=Estoque | Acao=Estoque: listagem carregou 7 produto(s). | ErroTecnico= | StackTrace=
DataHora=2026-09-26T18:18:21.7709721-03:00 | Nivel=INFO | Usuario=Smoke Test | Perfil=Administrador | Tela=Estoque | Acao=Estoque layout: rootH=885; headerH=59; actionBarH=140; actionBarVis=Visible; metricsH=84; metricsVis=Visible; stateHostH=575; contentH=575; contentVis=Visible; loadingH=0; loadingVis=Collapsed; emptyH=0; emptyVis=Collapsed; errorH=0; errorVis=Collapsed; dataGridH=421; gridItems=7; totalTxt=7 | ErroTecnico= | StackTrace=
DataHora=2026-09-26T18:18:22.7768118-03:00 | Nivel=INFO | Usuario=Smoke Test | Perfil=Administrador | Tela=Geral | Acao=Adicionado ao cache: Dashboard | ErroTecnico= | StackTrace=
DataHora=2026-09-26T18:18:22.7774475-03:00 | Nivel=INFO | Usuario=Smoke Test | Perfil=Administrador | Tela=Geral | Acao=Navegacao registrada: Dashboard | ErroTecnico= | StackTrace=
DataHora=2026-09-26T18:18:22.7779743-03:00 | Nivel=INFO | Usuario=Smoke Test | Perfil=Administrador | Tela=Geral | Acao=Navegacao concluida para o modulo 'Dashboard'. | ErroTecnico= | StackTrace=
DataHora=2026-09-26T18:18:23.1950043-03:00 | Nivel=INFO | Usuario=Smoke Test | Perfil=Administrador | Tela=Geral | Acao=Adicionado ao cache: Veiculos | ErroTecnico= | StackTrace=
DataHora=2026-09-26T18:18:23.1956955-03:00 | Nivel=INFO | Usuario=Smoke Test | Perfil=Administrador | Tela=Geral | Acao=Navegacao registrada: Veiculos | ErroTecnico= | StackTrace=
DataHora=2026-09-26T18:18:23.1962250-03:00 | Nivel=INFO | Usuario=Smoke Test | Perfil=Administrador | Tela=Geral | Acao=Navegacao concluida para o modulo 'Veiculos'. | ErroTecnico= | StackTrace=
DataHora=2026-09-26T18:18:24.1702886-03:00 | Nivel=INFO | Usuario=Smoke Test | Perfil=Administrador | Tela=Geral | Acao=Adicionado ao cache: Dashboard | ErroTecnico= | StackTrace=
DataHora=2026-09-26T18:18:24.1709549-03:00 | Nivel=INFO | Usuario=Smoke Test | Perfil=Administrador | Tela=Geral | Acao=Navegacao registrada: Dashboard | ErroTecnico= | StackTrace=
DataHora=2026-09-26T18:18:24.1714939-03:00 | Nivel=INFO | Usuario=Smoke Test | Perfil=Administrador | Tela=Geral | Acao=Navegacao concluida para o modulo 'Dashboard'. | ErroTecnico= | StackTrace=
DataHora=2026-09-26T18:18:24.5904431-03:00 | Nivel=INFO | Usuario=Smoke Test | Perfil=Administrador | Tela=Geral | Acao=Adicionado ao cache: Clientes | ErroTecnico= | StackTrace=
DataHora=2026-09-26T18:18:24.5911875-03:00 | Nivel=INFO | Usuario=Smoke Test | Perfil=Administrador | Tela=Geral | Acao=Navegacao registrada: Clientes | ErroTecnico= | StackTrace=
DataHora=2026-09-26T18:18:24.5917565-03:00 | Nivel=INFO | Usuario=Smoke Test | Perfil=Administrador | Tela=Geral | Acao=Navegacao concluida para o modulo 'Clientes'. | ErroTecnico= | StackTrace=
DataHora=2026-09-26T18:18:25.5796208-03:00 | Nivel=INFO | Usuario=Smoke Test | Perfil=Administrador | Tela=Geral | Acao=Adicionado ao cache: Dashboard | ErroTecnico= | StackTrace=
DataHora=2026-09-26T18:18:25.5802180-03:00 | Nivel=INFO | Usuario=Smoke Test | Perfil=Administrador | Tela=Geral | Acao=Navegacao registrada: Dashboard | ErroTecnico= | StackTrace=
DataHora=2026-09-26T18:18:25.5807414-03:00 | Nivel=INFO | Usuario=Smoke Test | Perfil=Administrador | Tela=Geral | Acao=Navegacao concluida para o modulo 'Dashboard'. | ErroTecnico= | StackTrace=
DataHora=2026-09-26T18:18:26.0069494-03:00 | Nivel=INFO | Usuario=Smoke Test | Perfil=Administrador | Tela=Geral | Acao=Adicionado ao cache: PDV | ErroTecnico= | StackTrace=
DataHora=2026-09-26T18:18:26.0075793-03:00 | Nivel=INFO | Usuario=Smoke Test | Perfil=Administrador | Tela=Geral | Acao=Navegacao registrada: PDV | ErroTecnico= | StackTrace=
DataHora=2026-09-26T18:18:26.0081353-03:00 | Nivel=INFO | Usuario=Smoke Test | Perfil=Administrador | Tela=Geral | Acao=Navegacao concluida para o modulo 'PDV'. | ErroTecnico= | StackTrace=
DataHora=2026-09-26T18:18:26.0500771-03:00 | Nivel=INFO | Usuario=Smoke Test | Perfil=Administrador | Tela=PDV | Acao=Diagnostico de impressao do PDV: Default=Microsoft Print to PDF / Fisica=False / Instaladas=1 / Microsoft Print to PDF [Driver=Microsoft Print To PDF; Porta=PORTPROMPT:; Default=True; Virtual=True; Offline=False; Shared=False] | ErroTecnico= | StackTrace=
DataHora=2026-09-26T18:18:26.0510795-03:00 | Nivel=WARN | Usuario=Smoke Test | Perfil=Administrador | Tela=PDV | Acao=Nenhuma impressora fisica foi detectada para homologacao final do PDV. O ambiente atual depende apenas de fila virtual. | ErroTecnico= | StackTrace=
DataHora=2026-09-26T18:18:26.9354430-03:00 | Nivel=INFO | Usuario=Smoke Test | Perfil=Administrador | Tela=Geral | Acao=Adicionado ao cache: Dashboard | ErroTecnico= | StackTrace=
DataHora=2026-09-26T18:18:26.9361003-03:00 | Nivel=INFO | Usuario=Smoke Test | Perfil=Administrador | Tela=Geral | Acao=Navegacao registrada: Dashboard | ErroTecnico= | StackTrace=
DataHora=2026-09-26T18:18:26.9368003-03:00 | Nivel=INFO | Usuario=Smoke Test | Perfil=Administrador | Tela=Geral | Acao=Navegacao concluida para o modulo 'Dashboard'. | ErroTecnico= | StackTrace=
DataHora=2026-09-26T18:18:27.2329726-03:00 | Nivel=INFO | Usuario=Smoke Test | Perfil=Administrador | Tela=Geral | Acao=Adicionado ao cache: Agendamentos | ErroTecnico= | StackTrace=
DataHora=2026-09-26T18:18:27.2336743-03:00 | Nivel=INFO | Usuario=Smoke Test | Perfil=Administrador | Tela=Geral | Acao=Navegacao registrada: Agendamentos | ErroTecnico= | StackTrace=
DataHora=2026-09-26T18:18:27.2343226-03:00 | Nivel=INFO | Usuario=Smoke Test | Perfil=Administrador | Tela=Geral | Acao=Navegacao concluida para o modulo 'Agendamentos'. | ErroTecnico= | StackTrace=
DataHora=2026-09-26T18:18:28.2100917-03:00 | Nivel=INFO | Usuario=Smoke Test | Perfil=Administrador | Tela=Geral | Acao=Adicionado ao cache: Dashboard | ErroTecnico= | StackTrace=
DataHora=2026-09-26T18:18:28.2107681-03:00 | Nivel=INFO | Usuario=Smoke Test | Perfil=Administrador | Tela=Geral | Acao=Navegacao registrada: Dashboard | ErroTecnico= | StackTrace=
DataHora=2026-09-26T18:18:28.2113039-03:00 | Nivel=INFO | Usuario=Smoke Test | Perfil=Administrador | Tela=Geral | Acao=Navegacao concluida para o modulo 'Dashboard'. | ErroTecnico= | StackTrace=
DataHora=2026-09-26T18:18:28.5434739-03:00 | Nivel=INFO | Usuario=Smoke Test | Perfil=Administrador | Tela=Geral | Acao=Adicionado ao cache: OrdensServico | ErroTecnico= | StackTrace=
DataHora=2026-09-26T18:18:28.5441083-03:00 | Nivel=INFO | Usuario=Smoke Test | Perfil=Administrador | Tela=Geral | Acao=Navegacao registrada: OrdensServico | ErroTecnico= | StackTrace=
DataHora=2026-09-26T18:18:28.5446730-03:00 | Nivel=INFO | Usuario=Smoke Test | Perfil=Administrador | Tela=Geral | Acao=Navegacao concluida para o modulo 'OrdensServico'. | ErroTecnico= | StackTrace=
DataHora=2026-09-26T18:18:29.5724330-03:00 | Nivel=INFO | Usuario=Smoke Test | Perfil=Administrador | Tela=Geral | Acao=Adicionado ao cache: Dashboard | ErroTecnico= | StackTrace=
DataHora=2026-09-26T18:18:29.5730506-03:00 | Nivel=INFO | Usuario=Smoke Test | Perfil=Administrador | Tela=Geral | Acao=Navegacao registrada: Dashboard | ErroTecnico= | StackTrace=
DataHora=2026-09-26T18:18:29.5735659-03:00 | Nivel=INFO | Usuario=Smoke Test | Perfil=Administrador | Tela=Geral | Acao=Navegacao concluida para o modulo 'Dashboard'. | ErroTecnico= | StackTrace=
DataHora=2026-09-26T18:18:29.9997547-03:00 | Nivel=INFO | Usuario=Smoke Test | Perfil=Administrador | Tela=Geral | Acao=Adicionado ao cache: Orcamentos | ErroTecnico= | StackTrace=
DataHora=2026-09-26T18:18:30.0004164-03:00 | Nivel=INFO | Usuario=Smoke Test | Perfil=Administrador | Tela=Geral | Acao=Navegacao registrada: Orcamentos | ErroTecnico= | StackTrace=
DataHora=2026-09-26T18:18:30.0010838-03:00 | Nivel=INFO | Usuario=Smoke Test | Perfil=Administrador | Tela=Geral | Acao=Navegacao concluida para o modulo 'Orcamentos'. | ErroTecnico= | StackTrace=
DataHora=2026-09-26T18:18:30.9998554-03:00 | Nivel=INFO | Usuario=Smoke Test | Perfil=Administrador | Tela=Geral | Acao=Adicionado ao cache: Dashboard | ErroTecnico= | StackTrace=
DataHora=2026-09-26T18:18:31.0005133-03:00 | Nivel=INFO | Usuario=Smoke Test | Perfil=Administrador | Tela=Geral | Acao=Navegacao registrada: Dashboard | ErroTecnico= | StackTrace=
DataHora=2026-09-26T18:18:31.0010401-03:00 | Nivel=INFO | Usuario=Smoke Test | Perfil=Administrador | Tela=Geral | Acao=Navegacao concluida para o modulo 'Dashboard'. | ErroTecnico= | StackTrace=
DataHora=2026-09-26T18:18:31.3362758-03:00 | Nivel=INFO | Usuario=Smoke Test | Perfil=Administrador | Tela=Geral | Acao=Adicionado ao cache: Agendamentos | ErroTecnico= | StackTrace=
DataHora=2026-09-26T18:18:31.3369817-03:00 | Nivel=INFO | Usuario=Smoke Test | Perfil=Administrador | Tela=Geral | Acao=Navegacao registrada: Agendamentos | ErroTecnico= | StackTrace=
DataHora=2026-09-26T18:18:31.3375560-03:00 | Nivel=INFO | Usuario=Smoke Test | Perfil=Administrador | Tela=Geral | Acao=Navegacao concluida para o modulo 'Agendamentos'. | ErroTecnico= | StackTrace=
DataHora=2026-09-26T18:18:32.2752475-03:00 | Nivel=INFO | Usuario=Smoke Test | Perfil=Administrador | Tela=Geral | Acao=Adicionado ao cache: Dashboard | ErroTecnico= | StackTrace=
DataHora=2026-09-26T18:18:32.2758677-03:00 | Nivel=INFO | Usuario=Smoke Test | Perfil=Administrador | Tela=Geral | Acao=Navegacao registrada: Dashboard | ErroTecnico= | StackTrace=
DataHora=2026-09-26T18:18:32.2763938-03:00 | Nivel=INFO | Usuario=Smoke Test | Perfil=Administrador | Tela=Geral | Acao=Navegacao concluida para o modulo 'Dashboard'. | ErroTecnico= | StackTrace=
DataHora=2026-09-26T18:18:32.7076139-03:00 | Nivel=INFO | Usuario=Smoke Test | Perfil=Administrador | Tela=Geral | Acao=Adicionado ao cache: OrdensServico | ErroTecnico= | StackTrace=
DataHora=2026-09-26T18:18:32.7082508-03:00 | Nivel=INFO | Usuario=Smoke Test | Perfil=Administrador | Tela=Geral | Acao=Navegacao registrada: OrdensServico | ErroTecnico= | StackTrace=
DataHora=2026-09-26T18:18:32.7089639-03:00 | Nivel=INFO | Usuario=Smoke Test | Perfil=Administrador | Tela=Geral | Acao=Navegacao concluida para o modulo 'OrdensServico'. | ErroTecnico= | StackTrace=
DataHora=2026-09-26T18:18:33.7598411-03:00 | Nivel=INFO | Usuario=Smoke Test | Perfil=Administrador | Tela=Geral | Acao=Adicionado ao cache: Dashboard | ErroTecnico= | StackTrace=
DataHora=2026-09-26T18:18:33.7605169-03:00 | Nivel=INFO | Usuario=Smoke Test | Perfil=Administrador | Tela=Geral | Acao=Navegacao registrada: Dashboard | ErroTecnico= | StackTrace=
DataHora=2026-09-26T18:18:33.7610798-03:00 | Nivel=INFO | Usuario=Smoke Test | Perfil=Administrador | Tela=Geral | Acao=Navegacao concluida para o modulo 'Dashboard'. | ErroTecnico= | StackTrace=
DataHora=2026-09-26T18:18:34.1990105-03:00 | Nivel=INFO | Usuario=Smoke Test | Perfil=Administrador | Tela=Geral | Acao=Adicionado ao cache: Orcamentos | ErroTecnico= | StackTrace=
DataHora=2026-09-26T18:18:34.1996993-03:00 | Nivel=INFO | Usuario=Smoke Test | Perfil=Administrador | Tela=Geral | Acao=Navegacao registrada: Orcamentos | ErroTecnico= | StackTrace=
DataHora=2026-09-26T18:18:34.2002721-03:00 | Nivel=INFO | Usuario=Smoke Test | Perfil=Administrador | Tela=Geral | Acao=Navegacao concluida para o modulo 'Orcamentos'. | ErroTecnico= | StackTrace=
DataHora=2026-09-26T18:18:35.1947156-03:00 | Nivel=INFO | Usuario=Smoke Test | Perfil=Administrador | Tela=Geral | Acao=Adicionado ao cache: Dashboard | ErroTecnico= | StackTrace=
DataHora=2026-09-26T18:18:35.1954039-03:00 | Nivel=INFO | Usuario=Smoke Test | Perfil=Administrador | Tela=Geral | Acao=Navegacao registrada: Dashboard | ErroTecnico= | StackTrace=
DataHora=2026-09-26T18:18:35.1959461-03:00 | Nivel=INFO | Usuario=Smoke Test | Perfil=Administrador | Tela=Geral | Acao=Navegacao concluida para o modulo 'Dashboard'. | ErroTecnico= | StackTrace=
DataHora=2026-09-26T18:18:36.3851063-03:00 | Nivel=INFO | Usuario=Smoke Test | Perfil=Administrador | Tela=Geral | Acao=Adicionado ao cache: Dashboard | ErroTecnico= | StackTrace=
DataHora=2026-09-26T18:18:36.3857617-03:00 | Nivel=INFO | Usuario=Smoke Test | Perfil=Administrador | Tela=Geral | Acao=Navegacao registrada: Dashboard | ErroTecnico= | StackTrace=
DataHora=2026-09-26T18:18:36.3863523-03:00 | Nivel=INFO | Usuario=Smoke Test | Perfil=Administrador | Tela=Geral | Acao=Navegacao concluida para o modulo 'Dashboard'. | ErroTecnico= | StackTrace=
DataHora=2026-09-26T18:18:37.5271950-03:00 | Nivel=INFO | Usuario=Smoke Test | Perfil=Administrador | Tela=Geral | Acao=Adicionado ao cache: Dashboard | ErroTecnico= | StackTrace=
DataHora=2026-09-26T18:18:37.5281337-03:00 | Nivel=INFO | Usuario=Smoke Test | Perfil=Administrador | Tela=Geral | Acao=Navegacao registrada: Dashboard | ErroTecnico= | StackTrace=
DataHora=2026-09-26T18:18:37.5287437-03:00 | Nivel=INFO | Usuario=Smoke Test | Perfil=Administrador | Tela=Geral | Acao=Navegacao concluida para o modulo 'Dashboard'. | ErroTecnico= | StackTrace=
DataHora=2026-09-26T18:18:38.6985972-03:00 | Nivel=INFO | Usuario=Smoke Test | Perfil=Administrador | Tela=Geral | Acao=Adicionado ao cache: Dashboard | ErroTecnico= | StackTrace=
DataHora=2026-09-26T18:18:38.6992015-03:00 | Nivel=INFO | Usuario=Smoke Test | Perfil=Administrador | Tela=Geral | Acao=Navegacao registrada: Dashboard | ErroTecnico= | StackTrace=
DataHora=2026-09-26T18:18:38.6997397-03:00 | Nivel=INFO | Usuario=Smoke Test | Perfil=Administrador | Tela=Geral | Acao=Navegacao concluida para o modulo 'Dashboard'. | ErroTecnico= | StackTrace=
DataHora=2026-09-26T18:18:39.8234174-03:00 | Nivel=INFO | Usuario=Smoke Test | Perfil=Administrador | Tela=Geral | Acao=Adicionado ao cache: Dashboard | ErroTecnico= | StackTrace=
DataHora=2026-09-26T18:18:39.8240403-03:00 | Nivel=INFO | Usuario=Smoke Test | Perfil=Administrador | Tela=Geral | Acao=Navegacao registrada: Dashboard | ErroTecnico= | StackTrace=
DataHora=2026-09-26T18:18:39.8245973-03:00 | Nivel=INFO | Usuario=Smoke Test | Perfil=Administrador | Tela=Geral | Acao=Navegacao concluida para o modulo 'Dashboard'. | ErroTecnico= | StackTrace=
DataHora=2026-09-26T18:18:41.0706102-03:00 | Nivel=INFO | Usuario=Smoke Test | Perfil=Administrador | Tela=Geral | Acao=Adicionado ao cache: Dashboard | ErroTecnico= | StackTrace=
DataHora=2026-09-26T18:18:41.0712486-03:00 | Nivel=INFO | Usuario=Smoke Test | Perfil=Administrador | Tela=Geral | Acao=Navegacao registrada: Dashboard | ErroTecnico= | StackTrace=
DataHora=2026-09-26T18:18:41.0717976-03:00 | Nivel=INFO | Usuario=Smoke Test | Perfil=Administrador | Tela=Geral | Acao=Navegacao concluida para o modulo 'Dashboard'. | ErroTecnico= | StackTrace=
DataHora=2026-09-26T18:18:42.2127749-03:00 | Nivel=INFO | Usuario=Smoke Test | Perfil=Administrador | Tela=Geral | Acao=Adicionado ao cache: Dashboard | ErroTecnico= | StackTrace=
DataHora=2026-09-26T18:18:42.2133723-03:00 | Nivel=INFO | Usuario=Smoke Test | Perfil=Administrador | Tela=Geral | Acao=Navegacao registrada: Dashboard | ErroTecnico= | StackTrace=
DataHora=2026-09-26T18:18:42.2139299-03:00 | Nivel=INFO | Usuario=Smoke Test | Perfil=Administrador | Tela=Geral | Acao=Navegacao concluida para o modulo 'Dashboard'. | ErroTecnico= | StackTrace=
DataHora=2026-09-26T18:18:43.4577969-03:00 | Nivel=INFO | Usuario=Smoke Test | Perfil=Administrador | Tela=Geral | Acao=Adicionado ao cache: Dashboard | ErroTecnico= | StackTrace=
DataHora=2026-09-26T18:18:43.4584588-03:00 | Nivel=INFO | Usuario=Smoke Test | Perfil=Administrador | Tela=Geral | Acao=Navegacao registrada: Dashboard | ErroTecnico= | StackTrace=
DataHora=2026-09-26T18:18:43.4590132-03:00 | Nivel=INFO | Usuario=Smoke Test | Perfil=Administrador | Tela=Geral | Acao=Navegacao concluida para o modulo 'Dashboard'. | ErroTecnico= | StackTrace=
DataHora=2026-09-26T18:18:43.7713885-03:00 | Nivel=INFO | Usuario=Smoke Test | Perfil=Administrador | Tela=Geral | Acao=Modulo removido manualmente do cache: Dashboard | ErroTecnico= | StackTrace=
DataHora=2026-09-26T18:18:43.7783649-03:00 | Nivel=INFO | Usuario=Smoke Test | Perfil=Administrador | Tela=Geral | Acao=Adicionado ao cache: Dashboard | ErroTecnico= | StackTrace=
DataHora=2026-09-26T18:18:43.7789904-03:00 | Nivel=INFO | Usuario=Smoke Test | Perfil=Administrador | Tela=Geral | Acao=Navegacao concluida para o modulo 'Dashboard'. | ErroTecnico= | StackTrace=
DataHora=2026-09-26T18:18:43.7874936-03:00 | Nivel=INFO | Usuario=Smoke Test | Perfil=Administrador | Tela=Geral | Acao=Modulo atualizado manualmente: Dashboard | ErroTecnico= | StackTrace=
DataHora=2026-09-26T18:18:44.6482411-03:00 | Nivel=INFO | Usuario=Smoke Test | Perfil=Administrador | Tela=Geral | Acao=Adicionado ao cache: Dashboard | ErroTecnico= | StackTrace=
DataHora=2026-09-26T18:18:44.6489627-03:00 | Nivel=INFO | Usuario=Smoke Test | Perfil=Administrador | Tela=Geral | Acao=Navegacao registrada: Dashboard | ErroTecnico= | StackTrace=
DataHora=2026-09-26T18:18:44.6494806-03:00 | Nivel=INFO | Usuario=Smoke Test | Perfil=Administrador | Tela=Geral | Acao=Navegacao concluida para o modulo 'Dashboard'. | ErroTecnico= | StackTrace=
DataHora=2026-09-26T18:18:44.9494255-03:00 | Nivel=INFO | Usuario=Smoke Test | Perfil=Administrador | Tela=Geral | Acao=Adicionado ao cache: Help | ErroTecnico= | StackTrace=
DataHora=2026-09-26T18:18:44.9501562-03:00 | Nivel=INFO | Usuario=Smoke Test | Perfil=Administrador | Tela=Geral | Acao=Navegacao registrada: Help | ErroTecnico= | StackTrace=
DataHora=2026-09-26T18:18:44.9507606-03:00 | Nivel=INFO | Usuario=Smoke Test | Perfil=Administrador | Tela=Geral | Acao=Navegacao concluida para o modulo 'Help'. | ErroTecnico= | StackTrace=
DataHora=2026-09-26T18:18:45.7550700-03:00 | Nivel=INFO | Usuario=Smoke Test | Perfil=Administrador | Tela=Geral | Acao=Adicionado ao cache: Dashboard | ErroTecnico= | StackTrace=
DataHora=2026-09-26T18:18:45.7557193-03:00 | Nivel=INFO | Usuario=Smoke Test | Perfil=Administrador | Tela=Geral | Acao=Navegacao registrada: Dashboard | ErroTecnico= | StackTrace=
DataHora=2026-09-26T18:18:45.7562607-03:00 | Nivel=INFO | Usuario=Smoke Test | Perfil=Administrador | Tela=Geral | Acao=Navegacao concluida para o modulo 'Dashboard'. | ErroTecnico= | StackTrace=
DataHora=2026-09-26T18:18:47.0194757-03:00 | Nivel=INFO | Usuario=Smoke Test | Perfil=Administrador | Tela=Geral | Acao=Adicionado ao cache: Dashboard | ErroTecnico= | StackTrace=
DataHora=2026-09-26T18:18:47.0201048-03:00 | Nivel=INFO | Usuario=Smoke Test | Perfil=Administrador | Tela=Geral | Acao=Navegacao registrada: Dashboard | ErroTecnico= | StackTrace=
DataHora=2026-09-26T18:18:47.0206213-03:00 | Nivel=INFO | Usuario=Smoke Test | Perfil=Administrador | Tela=Geral | Acao=Navegacao concluida para o modulo 'Dashboard'. | ErroTecnico= | StackTrace=
DataHora=2026-09-26T18:18:47.3467158-03:00 | Nivel=INFO | Usuario=Smoke Test | Perfil=Administrador | Tela=Geral | Acao=Adicionado ao cache: Relatorios | ErroTecnico= | StackTrace=
DataHora=2026-09-26T18:18:47.3473655-03:00 | Nivel=INFO | Usuario=Smoke Test | Perfil=Administrador | Tela=Geral | Acao=Navegacao registrada: Relatorios | ErroTecnico= | StackTrace=
DataHora=2026-09-26T18:18:47.3479626-03:00 | Nivel=INFO | Usuario=Smoke Test | Perfil=Administrador | Tela=Geral | Acao=Navegacao concluida para o modulo 'Relatorios'. | ErroTecnico= | StackTrace=
DataHora=2026-09-26T18:18:47.3678161-03:00 | Nivel=INFO | Usuario=Smoke Test | Perfil=Administrador | Tela=Relatorios | Acao=ObterDadosFinanceiros(limit=250) concluida em 0 ms. | ErroTecnico= | StackTrace=
DataHora=2026-09-26T18:18:47.3691901-03:00 | Nivel=INFO | Usuario=Smoke Test | Perfil=Administrador | Tela=Relatorios | Acao=ObterDadosVendas(limit=250) concluida em 0 ms. | ErroTecnico= | StackTrace=
DataHora=2026-09-26T18:18:47.3707182-03:00 | Nivel=INFO | Usuario=Smoke Test | Perfil=Administrador | Tela=Relatorios | Acao=ObterMargemPorProduto(limit=100) concluida em 0 ms. | ErroTecnico= | StackTrace=
DataHora=2026-09-26T18:18:47.3717658-03:00 | Nivel=INFO | Usuario=Smoke Test | Perfil=Administrador | Tela=Relatorios | Acao=ObterVendasPorHora concluida em 0 ms. | ErroTecnico= | StackTrace=
DataHora=2026-09-26T18:18:47.3728481-03:00 | Nivel=INFO | Usuario=Smoke Test | Perfil=Administrador | Tela=Relatorios | Acao=ObterVendasPorDia(limit=31) concluida em 0 ms. | ErroTecnico= | StackTrace=
DataHora=2026-09-26T18:18:47.3739387-03:00 | Nivel=INFO | Usuario=Smoke Test | Perfil=Administrador | Tela=Relatorios | Acao=ObterInadimplenciaDetalhada(limit=100) concluida em 0 ms. | ErroTecnico= | StackTrace=
DataHora=2026-09-26T18:18:47.3750402-03:00 | Nivel=INFO | Usuario=Smoke Test | Perfil=Administrador | Tela=Relatorios | Acao=ObterConciliacaoFinanceira concluida em 0 ms. | ErroTecnico= | StackTrace=
DataHora=2026-09-26T18:18:47.3763078-03:00 | Nivel=INFO | Usuario=Smoke Test | Perfil=Administrador | Tela=Relatorios | Acao=ObterOsAbertas concluida em 0 ms. | ErroTecnico= | StackTrace=
DataHora=2026-09-26T18:18:47.3776431-03:00 | Nivel=INFO | Usuario=Smoke Test | Perfil=Administrador | Tela=Relatorios | Acao=ObterOsFinalizadas concluida em 0 ms. | ErroTecnico= | StackTrace=
DataHora=2026-09-26T18:18:47.3792628-03:00 | Nivel=INFO | Usuario=Smoke Test | Perfil=Administrador | Tela=Relatorios | Acao=ObterOrdensServicoPorTecnico concluida em 0 ms. | ErroTecnico= | StackTrace=
DataHora=2026-09-26T18:18:47.3805986-03:00 | Nivel=INFO | Usuario=Smoke Test | Perfil=Administrador | Tela=Relatorios | Acao=ObterServicosRelatorio concluida em 0 ms. | ErroTecnico= | StackTrace=
DataHora=2026-09-26T18:18:47.3817682-03:00 | Nivel=INFO | Usuario=Smoke Test | Perfil=Administrador | Tela=Relatorios | Acao=ObterDadosEstoque(limit=250) concluida em 0 ms. | ErroTecnico= | StackTrace=
DataHora=2026-09-26T18:18:47.3827047-03:00 | Nivel=INFO | Usuario=Smoke Test | Perfil=Administrador | Tela=Relatorios | Acao=ObterDadosClientes(limit=250) concluida em 0 ms. | ErroTecnico= | StackTrace=
DataHora=2026-09-26T18:18:47.3837463-03:00 | Nivel=INFO | Usuario=Smoke Test | Perfil=Administrador | Tela=Relatorios | Acao=ObterDadosOrcamentos(limit=250) concluida em 0 ms. | ErroTecnico= | StackTrace=
DataHora=2026-09-26T18:18:47.3847109-03:00 | Nivel=INFO | Usuario=Smoke Test | Perfil=Administrador | Tela=Relatorios | Acao=ObterDadosCaixa(limit=250) concluida em 0 ms. | ErroTecnico= | StackTrace=
DataHora=2026-09-26T18:18:47.3866135-03:00 | Nivel=INFO | Usuario=Smoke Test | Perfil=Administrador | Tela=Relatorios | Acao=ObterDemonstrativoResultado concluida em 0 ms. | ErroTecnico= | StackTrace=
DataHora=2026-09-26T18:18:47.3879783-03:00 | Nivel=INFO | Usuario=Smoke Test | Perfil=Administrador | Tela=Relatorios | Acao=ObterTicketMedio concluida em 0 ms. | ErroTecnico= | StackTrace=
DataHora=2026-09-26T18:18:47.3888554-03:00 | Nivel=INFO | Usuario=Smoke Test | Perfil=Administrador | Tela=Relatorios | Acao=ObterTotalClientes concluida em 0 ms. | ErroTecnico= | StackTrace=
DataHora=2026-09-26T18:18:47.3897104-03:00 | Nivel=INFO | Usuario=Smoke Test | Perfil=Administrador | Tela=Relatorios | Acao=ObterProdutosSemGiro concluida em 0 ms. | ErroTecnico= | StackTrace=
DataHora=2026-09-26T18:18:47.3905901-03:00 | Nivel=INFO | Usuario=Smoke Test | Perfil=Administrador | Tela=Relatorios | Acao=ObterConversaoOrcamentos concluida em 0 ms. | ErroTecnico= | StackTrace=
DataHora=2026-09-26T18:18:47.3918075-03:00 | Nivel=INFO | Usuario=Smoke Test | Perfil=Administrador | Tela=Relatorios | Acao=ObterResumoConsistenciaOperacional concluida em 0 ms. | ErroTecnico= | StackTrace=
DataHora=2026-09-26T18:18:47.3943664-03:00 | Nivel=INFO | Usuario=Smoke Test | Perfil=Administrador | Tela=Auditoria | Acao=ObterAuditoriaPaginada(pagina=1, tamanho=100) concluida em 0 ms. | ErroTecnico= | StackTrace=
DataHora=2026-09-26T18:18:47.3962216-03:00 | Nivel=INFO | Usuario=Smoke Test | Perfil=Administrador | Tela=Auditoria | Acao=ObterCategoriasAuditoriaOperacional concluida em 0 ms. | ErroTecnico= | StackTrace=
DataHora=2026-09-26T18:18:47.3976684-03:00 | Nivel=INFO | Usuario=Smoke Test | Perfil=Administrador | Tela=Relatorios | Acao=Workspace de relatorios carregado com 0 vendas, 2 clientes e 0 eventos de auditoria exibidos. | ErroTecnico= | StackTrace=
DataHora=2026-09-26T18:18:48.3426726-03:00 | Nivel=INFO | Usuario=Smoke Test | Perfil=Administrador | Tela=Geral | Acao=Adicionado ao cache: Dashboard | ErroTecnico= | StackTrace=
DataHora=2026-09-26T18:18:48.3434265-03:00 | Nivel=INFO | Usuario=Smoke Test | Perfil=Administrador | Tela=Geral | Acao=Navegacao registrada: Dashboard | ErroTecnico= | StackTrace=
DataHora=2026-09-26T18:18:48.3439909-03:00 | Nivel=INFO | Usuario=Smoke Test | Perfil=Administrador | Tela=Geral | Acao=Navegacao concluida para o modulo 'Dashboard'. | ErroTecnico= | StackTrace=
DataHora=2026-09-26T18:18:48.6674396-03:00 | Nivel=INFO | Usuario=Smoke Test | Perfil=Administrador | Tela=Financeiro | Acao=ObterMovimentacoes(limit=1200) concluida em 0 ms. | ErroTecnico= | StackTrace=
DataHora=2026-09-26T18:18:48.6693883-03:00 | Nivel=INFO | Usuario=Smoke Test | Perfil=Administrador | Tela=Financeiro | Acao=ObterMovimentacoes(limit=1200) concluida em 0 ms. | ErroTecnico= | StackTrace=
DataHora=2026-09-26T18:18:48.6772213-03:00 | Nivel=INFO | Usuario=Smoke Test | Perfil=Administrador | Tela=Financeiro | Acao=ObterMovimentacoes(limit=1200) concluida em 0 ms. | ErroTecnico= | StackTrace=
DataHora=2026-09-26T18:18:48.6783479-03:00 | Nivel=INFO | Usuario=Smoke Test | Perfil=Administrador | Tela=Geral | Acao=Adicionado ao cache: Financeiro | ErroTecnico= | StackTrace=
DataHora=2026-09-26T18:18:48.6788589-03:00 | Nivel=INFO | Usuario=Smoke Test | Perfil=Administrador | Tela=Geral | Acao=Navegacao registrada: Financeiro | ErroTecnico= | StackTrace=
DataHora=2026-09-26T18:18:48.6794030-03:00 | Nivel=INFO | Usuario=Smoke Test | Perfil=Administrador | Tela=Geral | Acao=Navegacao concluida para o modulo 'Financeiro'. | ErroTecnico= | StackTrace=
DataHora=2026-09-26T18:18:48.9968716-03:00 | Nivel=INFO | Usuario=Smoke Test | Perfil=Administrador | Tela=Financeiro | Acao=ObterMovimentacoes(limit=1200) concluida em 0 ms. | ErroTecnico= | StackTrace=
DataHora=2026-09-26T18:18:49.0020439-03:00 | Nivel=INFO | Usuario=Smoke Test | Perfil=Administrador | Tela=Financeiro | Acao=ObterMovimentacoes(limit=1200) concluida em 0 ms. | ErroTecnico= | StackTrace=
DataHora=2026-09-26T18:18:49.0358772-03:00 | Nivel=INFO | Usuario=Smoke Test | Perfil=Administrador | Tela=Financeiro | Acao=ObterMovimentacoes(limit=1200) concluida em 0 ms. | ErroTecnico= | StackTrace=
DataHora=2026-09-26T18:18:50.3041642-03:00 | Nivel=INFO | Usuario=Smoke Test | Perfil=Administrador | Tela=Geral | Acao=Adicionado ao cache: Dashboard | ErroTecnico= | StackTrace=
DataHora=2026-09-26T18:18:50.3048287-03:00 | Nivel=INFO | Usuario=Smoke Test | Perfil=Administrador | Tela=Geral | Acao=Navegacao registrada: Dashboard | ErroTecnico= | StackTrace=
DataHora=2026-09-26T18:18:50.3053615-03:00 | Nivel=INFO | Usuario=Smoke Test | Perfil=Administrador | Tela=Geral | Acao=Navegacao concluida para o modulo 'Dashboard'. | ErroTecnico= | StackTrace=
DataHora=2026-09-26T18:18:50.7098708-03:00 | Nivel=INFO | Usuario=Smoke Test | Perfil=Administrador | Tela=Geral | Acao=Adicionado ao cache: Funcionarios | ErroTecnico= | StackTrace=
DataHora=2026-09-26T18:18:50.7105859-03:00 | Nivel=INFO | Usuario=Smoke Test | Perfil=Administrador | Tela=Geral | Acao=Navegacao registrada: Funcionarios | ErroTecnico= | StackTrace=
DataHora=2026-09-26T18:18:50.7111234-03:00 | Nivel=INFO | Usuario=Smoke Test | Perfil=Administrador | Tela=Geral | Acao=Navegacao concluida para o modulo 'Funcionarios'. | ErroTecnico= | StackTrace=
DataHora=2026-09-26T18:18:51.5865069-03:00 | Nivel=INFO | Usuario=Smoke Test | Perfil=Administrador | Tela=Geral | Acao=Adicionado ao cache: Dashboard | ErroTecnico= | StackTrace=
DataHora=2026-09-26T18:18:51.5871222-03:00 | Nivel=INFO | Usuario=Smoke Test | Perfil=Administrador | Tela=Geral | Acao=Navegacao registrada: Dashboard | ErroTecnico= | StackTrace=
DataHora=2026-09-26T18:18:51.5876822-03:00 | Nivel=INFO | Usuario=Smoke Test | Perfil=Administrador | Tela=Geral | Acao=Navegacao concluida para o modulo 'Dashboard'. | ErroTecnico= | StackTrace=
DataHora=2026-09-26T18:18:51.8798002-03:00 | Nivel=INFO | Usuario=Smoke Test | Perfil=Administrador | Tela=Geral | Acao=Adicionado ao cache: Fornecedores | ErroTecnico= | StackTrace=
DataHora=2026-09-26T18:18:51.8804701-03:00 | Nivel=INFO | Usuario=Smoke Test | Perfil=Administrador | Tela=Geral | Acao=Navegacao registrada: Fornecedores | ErroTecnico= | StackTrace=
DataHora=2026-09-26T18:18:51.8810806-03:00 | Nivel=INFO | Usuario=Smoke Test | Perfil=Administrador | Tela=Geral | Acao=Navegacao concluida para o modulo 'Fornecedores'. | ErroTecnico= | StackTrace=
DataHora=2026-09-26T18:18:52.7330026-03:00 | Nivel=INFO | Usuario=Smoke Test | Perfil=Administrador | Tela=Geral | Acao=Adicionado ao cache: Dashboard | ErroTecnico= | StackTrace=
DataHora=2026-09-26T18:18:52.7336764-03:00 | Nivel=INFO | Usuario=Smoke Test | Perfil=Administrador | Tela=Geral | Acao=Navegacao registrada: Dashboard | ErroTecnico= | StackTrace=
DataHora=2026-09-26T18:18:52.7342103-03:00 | Nivel=INFO | Usuario=Smoke Test | Perfil=Administrador | Tela=Geral | Acao=Navegacao concluida para o modulo 'Dashboard'. | ErroTecnico= | StackTrace=
DataHora=2026-09-26T18:18:53.0435753-03:00 | Nivel=INFO | Usuario=Smoke Test | Perfil=Administrador | Tela=Geral | Acao=Adicionado ao cache: BaseConhecimento | ErroTecnico= | StackTrace=
DataHora=2026-09-26T18:18:53.0442328-03:00 | Nivel=INFO | Usuario=Smoke Test | Perfil=Administrador | Tela=Geral | Acao=Navegacao registrada: BaseConhecimento | ErroTecnico= | StackTrace=
DataHora=2026-09-26T18:18:53.0447807-03:00 | Nivel=INFO | Usuario=Smoke Test | Perfil=Administrador | Tela=Geral | Acao=Navegacao concluida para o modulo 'BaseConhecimento'. | ErroTecnico= | StackTrace=
DataHora=2026-09-26T18:18:53.7910638-03:00 | Nivel=INFO | Usuario=Smoke Test | Perfil=Administrador | Tela=Geral | Acao=Adicionado ao cache: Dashboard | ErroTecnico= | StackTrace=
DataHora=2026-09-26T18:18:53.7917130-03:00 | Nivel=INFO | Usuario=Smoke Test | Perfil=Administrador | Tela=Geral | Acao=Navegacao registrada: Dashboard | ErroTecnico= | StackTrace=
DataHora=2026-09-26T18:18:53.7923076-03:00 | Nivel=INFO | Usuario=Smoke Test | Perfil=Administrador | Tela=Geral | Acao=Navegacao concluida para o modulo 'Dashboard'. | ErroTecnico= | StackTrace=
DataHora=2026-09-26T18:18:54.0982555-03:00 | Nivel=INFO | Usuario=Smoke Test | Perfil=Administrador | Tela=Geral | Acao=Adicionado ao cache: NecessidadesCompra | ErroTecnico= | StackTrace=
DataHora=2026-09-26T18:18:54.0988794-03:00 | Nivel=INFO | Usuario=Smoke Test | Perfil=Administrador | Tela=Geral | Acao=Navegacao registrada: NecessidadesCompra | ErroTecnico= | StackTrace=
DataHora=2026-09-26T18:18:54.0994141-03:00 | Nivel=INFO | Usuario=Smoke Test | Perfil=Administrador | Tela=Geral | Acao=Navegacao concluida para o modulo 'NecessidadesCompra'. | ErroTecnico= | StackTrace=
DataHora=2026-09-26T18:18:54.9493652-03:00 | Nivel=INFO | Usuario=Smoke Test | Perfil=Administrador | Tela=Geral | Acao=Adicionado ao cache: Dashboard | ErroTecnico= | StackTrace=
DataHora=2026-09-26T18:18:54.9499800-03:00 | Nivel=INFO | Usuario=Smoke Test | Perfil=Administrador | Tela=Geral | Acao=Navegacao registrada: Dashboard | ErroTecnico= | StackTrace=
DataHora=2026-09-26T18:18:54.9504996-03:00 | Nivel=INFO | Usuario=Smoke Test | Perfil=Administrador | Tela=Geral | Acao=Navegacao concluida para o modulo 'Dashboard'. | ErroTecnico= | StackTrace=
DataHora=2026-09-26T18:18:55.2625316-03:00 | Nivel=INFO | Usuario=Smoke Test | Perfil=Administrador | Tela=Geral | Acao=Adicionado ao cache: Ferramentas | ErroTecnico= | StackTrace=
DataHora=2026-09-26T18:18:55.2632394-03:00 | Nivel=INFO | Usuario=Smoke Test | Perfil=Administrador | Tela=Geral | Acao=Navegacao registrada: Ferramentas | ErroTecnico= | StackTrace=
DataHora=2026-09-26T18:18:55.2638272-03:00 | Nivel=INFO | Usuario=Smoke Test | Perfil=Administrador | Tela=Geral | Acao=Navegacao concluida para o modulo 'Ferramentas'. | ErroTecnico= | StackTrace=
DataHora=2026-09-26T18:18:56.1081433-03:00 | Nivel=INFO | Usuario=Smoke Test | Perfil=Administrador | Tela=Geral | Acao=Adicionado ao cache: Dashboard | ErroTecnico= | StackTrace=
DataHora=2026-09-26T18:18:56.1087526-03:00 | Nivel=INFO | Usuario=Smoke Test | Perfil=Administrador | Tela=Geral | Acao=Navegacao registrada: Dashboard | ErroTecnico= | StackTrace=
DataHora=2026-09-26T18:18:56.1094886-03:00 | Nivel=INFO | Usuario=Smoke Test | Perfil=Administrador | Tela=Geral | Acao=Navegacao concluida para o modulo 'Dashboard'. | ErroTecnico= | StackTrace=
DataHora=2026-09-26T18:18:56.4073654-03:00 | Nivel=INFO | Usuario=Smoke Test | Perfil=Administrador | Tela=Geral | Acao=Adicionado ao cache: CatalogoPecas | ErroTecnico= | StackTrace=
DataHora=2026-09-26T18:18:56.4080674-03:00 | Nivel=INFO | Usuario=Smoke Test | Perfil=Administrador | Tela=Geral | Acao=Navegacao registrada: CatalogoPecas | ErroTecnico= | StackTrace=
DataHora=2026-09-26T18:18:56.4087186-03:00 | Nivel=INFO | Usuario=Smoke Test | Perfil=Administrador | Tela=Geral | Acao=Navegacao concluida para o modulo 'CatalogoPecas'. | ErroTecnico= | StackTrace=
DataHora=2026-09-26T18:18:56.4442722-03:00 | Nivel=INFO | Usuario=Smoke Test | Perfil=Administrador | Tela=Geral | Acao=Catalogo veiculos: seed +0 veiculos, +0 vinculos peca↔veiculo. | ErroTecnico= | StackTrace=
DataHora=2026-09-26T18:18:57.2583915-03:00 | Nivel=INFO | Usuario=Smoke Test | Perfil=Administrador | Tela=Geral | Acao=Adicionado ao cache: Dashboard | ErroTecnico= | StackTrace=
DataHora=2026-09-26T18:18:57.2590152-03:00 | Nivel=INFO | Usuario=Smoke Test | Perfil=Administrador | Tela=Geral | Acao=Navegacao registrada: Dashboard | ErroTecnico= | StackTrace=
DataHora=2026-09-26T18:18:57.2595579-03:00 | Nivel=INFO | Usuario=Smoke Test | Perfil=Administrador | Tela=Geral | Acao=Navegacao concluida para o modulo 'Dashboard'. | ErroTecnico= | StackTrace=
DataHora=2026-09-26T18:18:57.5910199-03:00 | Nivel=INFO | Usuario=Smoke Test | Perfil=Administrador | Tela=Geral | Acao=Adicionado ao cache: Estoque | ErroTecnico= | StackTrace=
DataHora=2026-09-26T18:18:57.5916865-03:00 | Nivel=INFO | Usuario=Smoke Test | Perfil=Administrador | Tela=Geral | Acao=Navegacao registrada: Estoque | ErroTecnico= | StackTrace=
DataHora=2026-09-26T18:18:57.5922295-03:00 | Nivel=INFO | Usuario=Smoke Test | Perfil=Administrador | Tela=Geral | Acao=Navegacao concluida para o modulo 'Estoque'. | ErroTecnico= | StackTrace=
DataHora=2026-09-26T18:18:57.6328812-03:00 | Nivel=INFO | Usuario=Smoke Test | Perfil=Administrador | Tela=Estoque | Acao=Estoque: listagem carregou 7 produto(s). | ErroTecnico= | StackTrace=
DataHora=2026-09-26T18:18:57.7314441-03:00 | Nivel=INFO | Usuario=Smoke Test | Perfil=Administrador | Tela=Estoque | Acao=Estoque layout: rootH=885; headerH=59; actionBarH=140; actionBarVis=Visible; metricsH=84; metricsVis=Visible; stateHostH=575; contentH=575; contentVis=Visible; loadingH=0; loadingVis=Collapsed; emptyH=0; emptyVis=Collapsed; errorH=0; errorVis=Collapsed; dataGridH=427; gridItems=7; totalTxt=7 | ErroTecnico= | StackTrace=
DataHora=2026-09-26T18:18:58.5471177-03:00 | Nivel=INFO | Usuario=Smoke Test | Perfil=Administrador | Tela=Geral | Acao=Adicionado ao cache: Dashboard | ErroTecnico= | StackTrace=
DataHora=2026-09-26T18:18:58.5477131-03:00 | Nivel=INFO | Usuario=Smoke Test | Perfil=Administrador | Tela=Geral | Acao=Navegacao registrada: Dashboard | ErroTecnico= | StackTrace=
DataHora=2026-09-26T18:18:58.5482281-03:00 | Nivel=INFO | Usuario=Smoke Test | Perfil=Administrador | Tela=Geral | Acao=Navegacao concluida para o modulo 'Dashboard'. | ErroTecnico= | StackTrace=
DataHora=2026-09-26T18:18:58.9705493-03:00 | Nivel=INFO | Usuario=Smoke Test | Perfil=Administrador | Tela=Geral | Acao=Adicionado ao cache: AutoEletricaTecnica | ErroTecnico= | StackTrace=
DataHora=2026-09-26T18:18:58.9712434-03:00 | Nivel=INFO | Usuario=Smoke Test | Perfil=Administrador | Tela=Geral | Acao=Navegacao registrada: AutoEletricaTecnica | ErroTecnico= | StackTrace=
DataHora=2026-09-26T18:18:58.9718096-03:00 | Nivel=INFO | Usuario=Smoke Test | Perfil=Administrador | Tela=Geral | Acao=Navegacao concluida para o modulo 'AutoEletricaTecnica'. | ErroTecnico= | StackTrace=
DataHora=2026-09-26T18:18:59.9794234-03:00 | Nivel=INFO | Usuario=Smoke Test | Perfil=Administrador | Tela=Geral | Acao=Adicionado ao cache: Dashboard | ErroTecnico= | StackTrace=
DataHora=2026-09-26T18:18:59.9800939-03:00 | Nivel=INFO | Usuario=Smoke Test | Perfil=Administrador | Tela=Geral | Acao=Navegacao registrada: Dashboard | ErroTecnico= | StackTrace=
DataHora=2026-09-26T18:18:59.9806575-03:00 | Nivel=INFO | Usuario=Smoke Test | Perfil=Administrador | Tela=Geral | Acao=Navegacao concluida para o modulo 'Dashboard'. | ErroTecnico= | StackTrace=
DataHora=2026-09-26T18:19:00.2966030-03:00 | Nivel=INFO | Usuario=Smoke Test | Perfil=Administrador | Tela=Geral | Acao=Adicionado ao cache: Veiculos | ErroTecnico= | StackTrace=
DataHora=2026-09-26T18:19:00.2973312-03:00 | Nivel=INFO | Usuario=Smoke Test | Perfil=Administrador | Tela=Geral | Acao=Navegacao registrada: Veiculos | ErroTecnico= | StackTrace=
DataHora=2026-09-26T18:19:00.2979170-03:00 | Nivel=INFO | Usuario=Smoke Test | Perfil=Administrador | Tela=Geral | Acao=Navegacao concluida para o modulo 'Veiculos'. | ErroTecnico= | StackTrace=
DataHora=2026-09-26T18:19:01.2434348-03:00 | Nivel=INFO | Usuario=Smoke Test | Perfil=Administrador | Tela=Geral | Acao=Adicionado ao cache: Dashboard | ErroTecnico= | StackTrace=
DataHora=2026-09-26T18:19:01.2440691-03:00 | Nivel=INFO | Usuario=Smoke Test | Perfil=Administrador | Tela=Geral | Acao=Navegacao registrada: Dashboard | ErroTecnico= | StackTrace=
DataHora=2026-09-26T18:19:01.2445881-03:00 | Nivel=INFO | Usuario=Smoke Test | Perfil=Administrador | Tela=Geral | Acao=Navegacao concluida para o modulo 'Dashboard'. | ErroTecnico= | StackTrace=
DataHora=2026-09-26T18:19:01.6636279-03:00 | Nivel=INFO | Usuario=Smoke Test | Perfil=Administrador | Tela=Geral | Acao=Adicionado ao cache: Clientes | ErroTecnico= | StackTrace=
DataHora=2026-09-26T18:19:01.6642683-03:00 | Nivel=INFO | Usuario=Smoke Test | Perfil=Administrador | Tela=Geral | Acao=Navegacao registrada: Clientes | ErroTecnico= | StackTrace=
DataHora=2026-09-26T18:19:01.6648119-03:00 | Nivel=INFO | Usuario=Smoke Test | Perfil=Administrador | Tela=Geral | Acao=Navegacao concluida para o modulo 'Clientes'. | ErroTecnico= | StackTrace=
DataHora=2026-09-26T18:19:02.6288395-03:00 | Nivel=INFO | Usuario=Smoke Test | Perfil=Administrador | Tela=Geral | Acao=Adicionado ao cache: Dashboard | ErroTecnico= | StackTrace=
DataHora=2026-09-26T18:19:02.6294845-03:00 | Nivel=INFO | Usuario=Smoke Test | Perfil=Administrador | Tela=Geral | Acao=Navegacao registrada: Dashboard | ErroTecnico= | StackTrace=
DataHora=2026-09-26T18:19:02.6300250-03:00 | Nivel=INFO | Usuario=Smoke Test | Perfil=Administrador | Tela=Geral | Acao=Navegacao concluida para o modulo 'Dashboard'. | ErroTecnico= | StackTrace=
DataHora=2026-09-26T18:19:03.0321840-03:00 | Nivel=INFO | Usuario=Smoke Test | Perfil=Administrador | Tela=Geral | Acao=Adicionado ao cache: FiscalOperacoes | ErroTecnico= | StackTrace=
DataHora=2026-09-26T18:19:03.0329132-03:00 | Nivel=INFO | Usuario=Smoke Test | Perfil=Administrador | Tela=Geral | Acao=Navegacao registrada: FiscalOperacoes | ErroTecnico= | StackTrace=
DataHora=2026-09-26T18:19:03.0334822-03:00 | Nivel=INFO | Usuario=Smoke Test | Perfil=Administrador | Tela=Geral | Acao=Navegacao concluida para o modulo 'FiscalOperacoes'. | ErroTecnico= | StackTrace=
DataHora=2026-09-26T18:19:03.9238008-03:00 | Nivel=INFO | Usuario=Smoke Test | Perfil=Administrador | Tela=Geral | Acao=Adicionado ao cache: Dashboard | ErroTecnico= | StackTrace=
DataHora=2026-09-26T18:19:03.9244202-03:00 | Nivel=INFO | Usuario=Smoke Test | Perfil=Administrador | Tela=Geral | Acao=Navegacao registrada: Dashboard | ErroTecnico= | StackTrace=
DataHora=2026-09-26T18:19:03.9249391-03:00 | Nivel=INFO | Usuario=Smoke Test | Perfil=Administrador | Tela=Geral | Acao=Navegacao concluida para o modulo 'Dashboard'. | ErroTecnico= | StackTrace=
DataHora=2026-09-26T18:19:04.2247820-03:00 | Nivel=INFO | Usuario=Smoke Test | Perfil=Administrador | Tela=Geral | Acao=Abertura da pagina de importacao NF-e. | ErroTecnico= | StackTrace=
DataHora=2026-09-26T18:19:04.2319887-03:00 | Nivel=INFO | Usuario=Smoke Test | Perfil=Administrador | Tela=Geral | Acao=Adicionado ao cache: ImportarNFe | ErroTecnico= | StackTrace=
DataHora=2026-09-26T18:19:04.2326227-03:00 | Nivel=INFO | Usuario=Smoke Test | Perfil=Administrador | Tela=Geral | Acao=Navegacao registrada: ImportarNFe | ErroTecnico= | StackTrace=
DataHora=2026-09-26T18:19:04.2331787-03:00 | Nivel=INFO | Usuario=Smoke Test | Perfil=Administrador | Tela=Geral | Acao=Navegacao concluida para o modulo 'ImportarNFe'. | ErroTecnico= | StackTrace=
DataHora=2026-09-26T18:19:05.1078755-03:00 | Nivel=INFO | Usuario=Smoke Test | Perfil=Administrador | Tela=Geral | Acao=Adicionado ao cache: Dashboard | ErroTecnico= | StackTrace=
DataHora=2026-09-26T18:19:05.1085589-03:00 | Nivel=INFO | Usuario=Smoke Test | Perfil=Administrador | Tela=Geral | Acao=Navegacao registrada: Dashboard | ErroTecnico= | StackTrace=
DataHora=2026-09-26T18:19:05.1091147-03:00 | Nivel=INFO | Usuario=Smoke Test | Perfil=Administrador | Tela=Geral | Acao=Navegacao concluida para o modulo 'Dashboard'. | ErroTecnico= | StackTrace=
DataHora=2026-09-26T18:19:05.4089684-03:00 | Nivel=INFO | Usuario=Smoke Test | Perfil=Administrador | Tela=Geral | Acao=Adicionado ao cache: PDV | ErroTecnico= | StackTrace=
DataHora=2026-09-26T18:19:05.4095699-03:00 | Nivel=INFO | Usuario=Smoke Test | Perfil=Administrador | Tela=Geral | Acao=Navegacao registrada: PDV | ErroTecnico= | StackTrace=
DataHora=2026-09-26T18:19:05.4101404-03:00 | Nivel=INFO | Usuario=Smoke Test | Perfil=Administrador | Tela=Geral | Acao=Navegacao concluida para o modulo 'PDV'. | ErroTecnico= | StackTrace=
DataHora=2026-09-26T18:19:05.4523900-03:00 | Nivel=INFO | Usuario=Smoke Test | Perfil=Administrador | Tela=PDV | Acao=Diagnostico de impressao do PDV: Default=Microsoft Print to PDF / Fisica=False / Instaladas=1 / Microsoft Print to PDF [Driver=Microsoft Print To PDF; Porta=PORTPROMPT:; Default=True; Virtual=True; Offline=False; Shared=False] | ErroTecnico= | StackTrace=
DataHora=2026-09-26T18:19:05.4535191-03:00 | Nivel=WARN | Usuario=Smoke Test | Perfil=Administrador | Tela=PDV | Acao=Nenhuma impressora fisica foi detectada para homologacao final do PDV. O ambiente atual depende apenas de fila virtual. | ErroTecnico= | StackTrace=
DataHora=2026-09-26T18:19:06.2751213-03:00 | Nivel=INFO | Usuario=Smoke Test | Perfil=Administrador | Tela=Geral | Acao=Adicionado ao cache: Dashboard | ErroTecnico= | StackTrace=
DataHora=2026-09-26T18:19:06.2759132-03:00 | Nivel=INFO | Usuario=Smoke Test | Perfil=Administrador | Tela=Geral | Acao=Navegacao registrada: Dashboard | ErroTecnico= | StackTrace=
DataHora=2026-09-26T18:19:06.2764669-03:00 | Nivel=INFO | Usuario=Smoke Test | Perfil=Administrador | Tela=Geral | Acao=Navegacao concluida para o modulo 'Dashboard'. | ErroTecnico= | StackTrace=
DataHora=2026-09-26T18:19:06.5772255-03:00 | Nivel=INFO | Usuario=Smoke Test | Perfil=Administrador | Tela=Geral | Acao=Adicionado ao cache: OficinaKanban | ErroTecnico= | StackTrace=
DataHora=2026-09-26T18:19:06.5778646-03:00 | Nivel=INFO | Usuario=Smoke Test | Perfil=Administrador | Tela=Geral | Acao=Navegacao registrada: OficinaKanban | ErroTecnico= | StackTrace=
DataHora=2026-09-26T18:19:06.5785495-03:00 | Nivel=INFO | Usuario=Smoke Test | Perfil=Administrador | Tela=Geral | Acao=Navegacao concluida para o modulo 'OficinaKanban'. | ErroTecnico= | StackTrace=
DataHora=2026-09-26T18:19:07.4112433-03:00 | Nivel=INFO | Usuario=Smoke Test | Perfil=Administrador | Tela=Geral | Acao=Adicionado ao cache: Dashboard | ErroTecnico= | StackTrace=
DataHora=2026-09-26T18:19:07.4119025-03:00 | Nivel=INFO | Usuario=Smoke Test | Perfil=Administrador | Tela=Geral | Acao=Navegacao registrada: Dashboard | ErroTecnico= | StackTrace=
DataHora=2026-09-26T18:19:07.4124413-03:00 | Nivel=INFO | Usuario=Smoke Test | Perfil=Administrador | Tela=Geral | Acao=Navegacao concluida para o modulo 'Dashboard'. | ErroTecnico= | StackTrace=
DataHora=2026-09-26T18:19:07.7163503-03:00 | Nivel=INFO | Usuario=Smoke Test | Perfil=Administrador | Tela=Geral | Acao=Adicionado ao cache: OrdensServico | ErroTecnico= | StackTrace=
DataHora=2026-09-26T18:19:07.7169829-03:00 | Nivel=INFO | Usuario=Smoke Test | Perfil=Administrador | Tela=Geral | Acao=Navegacao registrada: OrdensServico | ErroTecnico= | StackTrace=
DataHora=2026-09-26T18:19:07.7176071-03:00 | Nivel=INFO | Usuario=Smoke Test | Perfil=Administrador | Tela=Geral | Acao=Navegacao concluida para o modulo 'OrdensServico'. | ErroTecnico= | StackTrace=
DataHora=2026-09-26T18:19:08.8015991-03:00 | Nivel=INFO | Usuario=Smoke Test | Perfil=Administrador | Tela=Geral | Acao=Adicionado ao cache: Dashboard | ErroTecnico= | StackTrace=
DataHora=2026-09-26T18:19:08.8022220-03:00 | Nivel=INFO | Usuario=Smoke Test | Perfil=Administrador | Tela=Geral | Acao=Navegacao registrada: Dashboard | ErroTecnico= | StackTrace=
DataHora=2026-09-26T18:19:08.8028576-03:00 | Nivel=INFO | Usuario=Smoke Test | Perfil=Administrador | Tela=Geral | Acao=Navegacao concluida para o modulo 'Dashboard'. | ErroTecnico= | StackTrace=
DataHora=2026-09-26T18:19:09.2143028-03:00 | Nivel=INFO | Usuario=Smoke Test | Perfil=Administrador | Tela=Geral | Acao=Adicionado ao cache: Orcamentos | ErroTecnico= | StackTrace=
DataHora=2026-09-26T18:19:09.2149589-03:00 | Nivel=INFO | Usuario=Smoke Test | Perfil=Administrador | Tela=Geral | Acao=Navegacao registrada: Orcamentos | ErroTecnico= | StackTrace=
DataHora=2026-09-26T18:19:09.2155219-03:00 | Nivel=INFO | Usuario=Smoke Test | Perfil=Administrador | Tela=Geral | Acao=Navegacao concluida para o modulo 'Orcamentos'. | ErroTecnico= | StackTrace=
DataHora=2026-09-26T18:19:10.0633548-03:00 | Nivel=INFO | Usuario=Smoke Test | Perfil=Administrador | Tela=Geral | Acao=Adicionado ao cache: Dashboard | ErroTecnico= | StackTrace=
DataHora=2026-09-26T18:19:10.0639914-03:00 | Nivel=INFO | Usuario=Smoke Test | Perfil=Administrador | Tela=Geral | Acao=Navegacao registrada: Dashboard | ErroTecnico= | StackTrace=
DataHora=2026-09-26T18:19:10.0645360-03:00 | Nivel=INFO | Usuario=Smoke Test | Perfil=Administrador | Tela=Geral | Acao=Navegacao concluida para o modulo 'Dashboard'. | ErroTecnico= | StackTrace=
DataHora=2026-09-26T18:19:10.3925470-03:00 | Nivel=INFO | Usuario=Smoke Test | Perfil=Administrador | Tela=Geral | Acao=Adicionado ao cache: Agendamentos | ErroTecnico= | StackTrace=
DataHora=2026-09-26T18:19:10.3932056-03:00 | Nivel=INFO | Usuario=Smoke Test | Perfil=Administrador | Tela=Geral | Acao=Navegacao registrada: Agendamentos | ErroTecnico= | StackTrace=
DataHora=2026-09-26T18:19:10.3937891-03:00 | Nivel=INFO | Usuario=Smoke Test | Perfil=Administrador | Tela=Geral | Acao=Navegacao concluida para o modulo 'Agendamentos'. | ErroTecnico= | StackTrace=
DataHora=2026-09-26T18:19:11.3534333-03:00 | Nivel=INFO | Usuario=Smoke Test | Perfil=Administrador | Tela=Geral | Acao=Adicionado ao cache: Dashboard | ErroTecnico= | StackTrace=
DataHora=2026-09-26T18:19:11.3541386-03:00 | Nivel=INFO | Usuario=Smoke Test | Perfil=Administrador | Tela=Geral | Acao=Navegacao registrada: Dashboard | ErroTecnico= | StackTrace=
DataHora=2026-09-26T18:19:11.3546672-03:00 | Nivel=INFO | Usuario=Smoke Test | Perfil=Administrador | Tela=Geral | Acao=Navegacao concluida para o modulo 'Dashboard'. | ErroTecnico= | StackTrace=
DataHora=2026-09-26T18:19:11.7496908-03:00 | Nivel=INFO | Usuario=Smoke Test | Perfil=Administrador | Tela=Geral | Acao=Obtido do cache: Dashboard | ErroTecnico= | StackTrace=
DataHora=2026-09-26T18:19:11.7504006-03:00 | Nivel=INFO | Usuario=Smoke Test | Perfil=Administrador | Tela=Geral | Acao=Navegacao registrada: Dashboard | ErroTecnico= | StackTrace=
DataHora=2026-09-26T18:19:11.7509690-03:00 | Nivel=INFO | Usuario=Smoke Test | Perfil=Administrador | Tela=Geral | Acao=Navegacao concluida para o modulo 'Dashboard'. | ErroTecnico= | StackTrace=
DataHora=2026-09-26T18:19:12.5005657-03:00 | Nivel=INFO | Usuario=Smoke Test | Perfil=Administrador | Tela=Geral | Acao=Adicionado ao cache: Dashboard | ErroTecnico= | StackTrace=
DataHora=2026-09-26T18:19:12.5011611-03:00 | Nivel=INFO | Usuario=Smoke Test | Perfil=Administrador | Tela=Geral | Acao=Navegacao registrada: Dashboard | ErroTecnico= | StackTrace=
DataHora=2026-09-26T18:19:12.5016795-03:00 | Nivel=INFO | Usuario=Smoke Test | Perfil=Administrador | Tela=Geral | Acao=Navegacao concluida para o modulo 'Dashboard'. | ErroTecnico= | StackTrace=
DataHora=2026-09-26T18:19:13.6318289-03:00 | Nivel=WARN | Usuario=Smoke Test | Perfil=Administrador | Tela=Geral | Acao=Smoke test 'Interacao:MainWindow:Botoes' demorou 56195 ms (acima de 30000 ms). | ErroTecnico= | StackTrace=
DataHora=2026-09-26T18:19:13.6324842-03:00 | Nivel=INFO | Usuario=Smoke Test | Perfil=Administrador | Tela=Geral | Acao=Smoke test aprovado: Interacao:MainWindow:Botoes (56195 ms). | ErroTecnico= | StackTrace=
DataHora=2026-09-26T18:19:13.6332381-03:00 | Nivel=INFO | Usuario=Smoke Test | Perfil=Administrador | Tela=Geral | Acao=Smoke test iniciando: PDV:SelecaoClienteConsumidorFinalPelaTela. | ErroTecnico= | StackTrace=
DataHora=2026-09-26T18:19:13.7429121-03:00 | Nivel=INFO | Usuario=Smoke Test | Perfil=Administrador | Tela=PDV | Acao=Diagnostico de impressao do PDV: Default=Microsoft Print to PDF / Fisica=False / Instaladas=1 / Microsoft Print to PDF [Driver=Microsoft Print To PDF; Porta=PORTPROMPT:; Default=True; Virtual=True; Offline=False; Shared=False] | ErroTecnico= | StackTrace=
DataHora=2026-09-26T18:19:13.7439301-03:00 | Nivel=WARN | Usuario=Smoke Test | Perfil=Administrador | Tela=PDV | Acao=Nenhuma impressora fisica foi detectada para homologacao final do PDV. O ambiente atual depende apenas de fila virtual. | ErroTecnico= | StackTrace=
DataHora=2026-09-26T18:19:13.8273703-03:00 | Nivel=INFO | Usuario=Smoke Test | Perfil=Administrador | Tela=PDV | Acao=Cliente: Cliente selecionado: Cliente Smoke 01020809513044 | ErroTecnico= | StackTrace=
DataHora=2026-09-26T18:19:13.8761433-03:00 | Nivel=INFO | Usuario=Smoke Test | Perfil=Administrador | Tela=Geral | Acao=Smoke test aprovado: PDV:SelecaoClienteConsumidorFinalPelaTela (242 ms). | ErroTecnico= | StackTrace=
DataHora=2026-09-26T18:19:13.8767704-03:00 | Nivel=INFO | Usuario=Smoke Test | Perfil=Administrador | Tela=Geral | Acao=Smoke test iniciando: PDV:InteracaoCompletaTela. | ErroTecnico= | StackTrace=
DataHora=2026-09-26T18:19:13.9910671-03:00 | Nivel=INFO | Usuario=Smoke Test | Perfil=Administrador | Tela=PDV | Acao=Diagnostico de impressao do PDV: Default=Microsoft Print to PDF / Fisica=False / Instaladas=1 / Microsoft Print to PDF [Driver=Microsoft Print To PDF; Porta=PORTPROMPT:; Default=True; Virtual=True; Offline=False; Shared=False] | ErroTecnico= | StackTrace=
DataHora=2026-09-26T18:19:13.9919708-03:00 | Nivel=WARN | Usuario=Smoke Test | Perfil=Administrador | Tela=PDV | Acao=Nenhuma impressora fisica foi detectada para homologacao final do PDV. O ambiente atual depende apenas de fila virtual. | ErroTecnico= | StackTrace=
DataHora=2026-09-26T18:19:14.7323822-03:00 | Nivel=WARN | Usuario=Smoke Test | Perfil=Administrador | Tela=PDV | Acao=Caixa fechado: Abra o caixa antes de finalizar uma venda. O PDV agora bloqueia pagamentos sem sessao operacional ativa. | ErroTecnico= | StackTrace=
DataHora=2026-09-26T18:19:15.3969141-03:00 | Nivel=INFO | Usuario=Smoke Test | Perfil=Administrador | Tela=PDV | Acao=PDV: Venda suspensa com sucesso.\nTotal: R$ 25,00 | ErroTecnico= | StackTrace=
DataHora=2026-09-26T18:19:16.0508918-03:00 | Nivel=INFO | Usuario=Smoke Test | Perfil=Administrador | Tela=PDV | Acao=PDV: Venda suspensa retomada.\nTotal: R$ 25,00 | ErroTecnico= | StackTrace=
DataHora=2026-09-26T18:19:16.8617614-03:00 | Nivel=INFO | Usuario=Smoke Test | Perfil=Administrador | Tela=PDV | Acao=Caixa: Caixa 01 aberto com sucesso.\nSaldo inicial: R$ 10,00 | ErroTecnico= | StackTrace=
DataHora=2026-09-26T18:19:17.6366198-03:00 | Nivel=INFO | Usuario=Smoke Test | Perfil=Administrador | Tela=PDV | Acao=Caixa: Suprimento registrado.\nSaldo esperado atual: R$ 20,00 | ErroTecnico= | StackTrace=
DataHora=2026-09-26T18:19:18.3708122-03:00 | Nivel=INFO | Usuario=Smoke Test | Perfil=Administrador | Tela=PDV | Acao=Caixa: Sangria registrada.\nSaldo esperado atual: R$ 10,00 | ErroTecnico= | StackTrace=
DataHora=2026-09-26T18:19:19.0065408-03:00 | Nivel=INFO | Usuario=Smoke Test | Perfil=Administrador | Tela=PDV | Acao=Desconto: Desconto de R$ 1,00 aplicado! | ErroTecnico= | StackTrace=
DataHora=2026-09-26T18:19:20.3460765-03:00 | Nivel=INFO | Usuario=Smoke Test | Perfil=Administrador | Tela=PDV | Acao=Pagamento misto validado em automacao: Misto: Dinheiro R$ 12,00 / PIX R$ 12,00. | ErroTecnico= | StackTrace=
DataHora=2026-09-26T18:19:20.3498551-03:00 | Nivel=INFO | Usuario=Smoke Test | Perfil=Administrador | Tela=Geral | Acao=Venda 'fefad7c9-6fea-4e3c-8ac7-e0dd4107faab' registrada com 1 item(ns) e total R$ 24,00. | ErroTecnico= | StackTrace=
DataHora=2026-09-26T18:19:20.3522601-03:00 | Nivel=INFO | Usuario=Smoke Test | Perfil=Administrador | Tela=PDV | Acao=Sucesso: Venda realizada com sucesso!\nForma de pagamento: Misto: Dinheiro R$ 12,00 / PIX R$ 12,00\nTotal: R$ 24,00 | ErroTecnico= | StackTrace=
DataHora=2026-09-26T18:19:21.0008068-03:00 | Nivel=INFO | Usuario=Smoke Test | Perfil=Administrador | Tela=Financeiro | Acao=ObterMovimentacoes(limit=200) concluida em 0 ms. | ErroTecnico= | StackTrace=
DataHora=2026-09-26T18:19:21.9455978-03:00 | Nivel=INFO | Usuario=Smoke Test | Perfil=Administrador | Tela=Geral | Acao=Venda 'fefad7c9-6fea-4e3c-8ac7-e0dd4107faab' cancelada com sucesso. | ErroTecnico= | StackTrace=
DataHora=2026-09-26T18:19:21.9499439-03:00 | Nivel=INFO | Usuario=Smoke Test | Perfil=Administrador | Tela=PDV | Acao=PDV: Venda cancelada com estorno completo do fluxo operacional. | ErroTecnico= | StackTrace=
DataHora=2026-09-26T18:19:22.5770858-03:00 | Nivel=INFO | Usuario=Smoke Test | Perfil=Administrador | Tela=Financeiro | Acao=ObterMovimentacoes(limit=200) concluida em 0 ms. | ErroTecnico= | StackTrace=
DataHora=2026-09-26T18:19:22.7062656-03:00 | Nivel=INFO | Usuario=Smoke Test | Perfil=Administrador | Tela=PDV | Acao=Caixa: Caixa fechado com sucesso.\nValor esperado: R$ 10,00\nValor informado: R$ 10,00\nDiferenca: R$ 0,00 | ErroTecnico= | StackTrace=
DataHora=2026-09-26T18:19:23.5118541-03:00 | Nivel=INFO | Usuario=Smoke Test | Perfil=Administrador | Tela=Geral | Acao=Smoke test aprovado: PDV:InteracaoCompletaTela (9635 ms). | ErroTecnico= | StackTrace=
DataHora=2026-09-26T18:19:23.5129978-03:00 | Nivel=INFO | Usuario=Smoke Test | Perfil=Administrador | Tela=Geral | Acao=Smoke test iniciando: Interacao:Modulo:DashboardControl. | ErroTecnico= | StackTrace=
DataHora=2026-09-26T18:19:42.9682107-03:00 | Nivel=INFO | Usuario=Smoke Test | Perfil=Administrador | Tela=Geral | Acao=Smoke test aprovado: Interacao:Modulo:DashboardControl (19455 ms). | ErroTecnico= | StackTrace=
DataHora=2026-09-26T18:19:42.9689611-03:00 | Nivel=INFO | Usuario=Smoke Test | Perfil=Administrador | Tela=Geral | Acao=Smoke test iniciando: Interacao:Modulo:ClientesControl. | ErroTecnico= | StackTrace=
DataHora=2026-09-26T18:19:43.9335717-03:00 | Nivel=INFO | Usuario=Smoke Test | Perfil=Administrador | Tela=Clientes | Acao=Exportacao de clientes: Exportacao concluida em:\nC:\Users\campo\AppData\Local\Temp\primox-c115-smoke-20260926_181445\Exports\clientes_20260926181943.csv | ErroTecnico= | StackTrace=
DataHora=2026-09-26T18:19:46.1031513-03:00 | Nivel=INFO | Usuario=Smoke Test | Perfil=Administrador | Tela=Clientes | Acao=Janela de Cliente 360 validada em automacao sem abrir modal bloqueante. | ErroTecnico= | StackTrace=
DataHora=2026-09-26T18:19:48.7821386-03:00 | Nivel=INFO | Usuario=Smoke Test | Perfil=Administrador | Tela=Geral | Acao=Bloqueio criado: Cliente/58503e1e-dc93-44d0-9c3f-6e67aa3aa613 por Smoke Test em CIRO. Expira em 30 minutos. | ErroTecnico= | StackTrace=
DataHora=2026-09-26T18:19:48.8101032-03:00 | Nivel=INFO | Usuario=Smoke Test | Perfil=Administrador | Tela=Geral | Acao=Bloqueio liberado: Cliente/58503e1e-dc93-44d0-9c3f-6e67aa3aa613 por Smoke Test. | ErroTecnico= | StackTrace=
DataHora=2026-09-26T18:19:50.1376425-03:00 | Nivel=INFO | Usuario=Smoke Test | Perfil=Administrador | Tela=Geral | Acao=Smoke test aprovado: Interacao:Modulo:ClientesControl (7168 ms). | ErroTecnico= | StackTrace=
DataHora=2026-09-26T18:19:50.1383450-03:00 | Nivel=INFO | Usuario=Smoke Test | Perfil=Administrador | Tela=Geral | Acao=Smoke test iniciando: Interacao:Modulo:VeiculosControl. | ErroTecnico= | StackTrace=
DataHora=2026-09-26T18:19:51.1515777-03:00 | Nivel=INFO | Usuario=Smoke Test | Perfil=Administrador | Tela=Geral | Acao=Exportacao de veiculos validada em automacao: C:\Users\campo\AppData\Local\Temp\primox-c115-smoke-20260926_181445\Exports\veiculos_20260926181951.csv | ErroTecnico= | StackTrace=
DataHora=2026-09-26T18:19:55.3034472-03:00 | Nivel=INFO | Usuario=Smoke Test | Perfil=Administrador | Tela=Geral | Acao=Smoke test aprovado: Interacao:Modulo:VeiculosControl (5165 ms). | ErroTecnico= | StackTrace=
DataHora=2026-09-26T18:19:55.3041598-03:00 | Nivel=INFO | Usuario=Smoke Test | Perfil=Administrador | Tela=Geral | Acao=Smoke test iniciando: Interacao:Modulo:AutoEletricaTecnicaControl. | ErroTecnico= | StackTrace=
DataHora=2026-09-26T18:20:00.1372289-03:00 | Nivel=INFO | Usuario=Smoke Test | Perfil=Administrador | Tela=Geral | Acao=Auto eletrica tecnica: Orcamento ORC-20260926-0011 gerado em rascunho a partir do diagnostico. | ErroTecnico= | StackTrace=
DataHora=2026-09-26T18:20:02.7430107-03:00 | Nivel=INFO | Usuario=Smoke Test | Perfil=Administrador | Tela=Geral | Acao=Smoke test aprovado: Interacao:Modulo:AutoEletricaTecnicaControl (7438 ms). | ErroTecnico= | StackTrace=
DataHora=2026-09-26T18:20:02.7436954-03:00 | Nivel=INFO | Usuario=Smoke Test | Perfil=Administrador | Tela=Geral | Acao=Smoke test iniciando: Interacao:Modulo:OrcamentosControl. | ErroTecnico= | StackTrace=
DataHora=2026-09-26T18:20:11.7833872-03:00 | Nivel=INFO | Usuario=Smoke Test | Perfil=Administrador | Tela=Geral | Acao=Orcamento '2d71bf1a-df53-4554-8996-d430b6bd73bc' convertido em OS '19ca7197-2e85-4c86-a500-89f56dcee3c5'. | ErroTecnico= | StackTrace=
DataHora=2026-09-26T18:20:12.8803367-03:00 | Nivel=INFO | Usuario=Smoke Test | Perfil=Administrador | Tela=Geral | Acao=Venda '0d752ac9-ab57-4dee-88cb-ec28f3a23f15' registrada com 2 item(ns) e total R$ 115,00. | ErroTecnico= | StackTrace=
DataHora=2026-09-26T18:20:12.8825505-03:00 | Nivel=INFO | Usuario=Smoke Test | Perfil=Administrador | Tela=Geral | Acao=Orcamento '2d71bf1a-df53-4554-8996-d430b6bd73bc' integrado ao financeiro. Total=R$ 115,00; PagamentoImediato=False. | ErroTecnico= | StackTrace=
DataHora=2026-09-26T18:20:12.9000701-03:00 | Nivel=INFO | Usuario=Smoke Test | Perfil=Administrador | Tela=Geral | Acao=Orcamento '2d71bf1a-df53-4554-8996-d430b6bd73bc' convertido em venda '0d752ac9-ab57-4dee-88cb-ec28f3a23f15'. | ErroTecnico= | StackTrace=
DataHora=2026-09-26T18:20:16.4548153-03:00 | Nivel=INFO | Usuario=Smoke Test | Perfil=Administrador | Tela=Geral | Acao=Compartilhamento WhatsApp do orcamento 'ORC-20260926-0009' validado em automacao. | ErroTecnico= | StackTrace=
DataHora=2026-09-26T18:20:18.6129676-03:00 | Nivel=INFO | Usuario=Smoke Test | Perfil=Administrador | Tela=Geral | Acao=Exportacao PDF do orcamento 'ORC-20260926-0009' validada em automacao: C:\Users\campo\AppData\Local\Temp\primox-c115-smoke-20260926_181445\Logs\orcamentos-smoke\Orcamento_ORC-20260926-0009_20260926182018593.pdf | ErroTecnico= | StackTrace=
DataHora=2026-09-26T18:20:21.4866110-03:00 | Nivel=INFO | Usuario=Smoke Test | Perfil=Administrador | Tela=Geral | Acao=Smoke test aprovado: Interacao:Modulo:OrcamentosControl (18742 ms). | ErroTecnico= | StackTrace=
DataHora=2026-09-26T18:20:21.4873735-03:00 | Nivel=INFO | Usuario=Smoke Test | Perfil=Administrador | Tela=Geral | Acao=Smoke test iniciando: Interacao:Modulo:OrdensServicoControl. | ErroTecnico= | StackTrace=
DataHora=2026-09-26T18:20:22.3161392-03:00 | Nivel=INFO | Usuario=Smoke Test | Perfil=Administrador | Tela=OrdensServico | Acao=Janela de agendamento retorno por atalho de OS validada em automacao sem abrir modal bloqueante. | ErroTecnico= | StackTrace=
DataHora=2026-09-26T18:20:30.5051324-03:00 | Nivel=INFO | Usuario=Smoke Test | Perfil=Administrador | Tela=Geral | Acao=Impressao da OS OS-2026-0004 validada em automacao sem abrir dialogo de impressora. | ErroTecnico= | StackTrace=
DataHora=2026-09-26T18:20:31.5691325-03:00 | Nivel=INFO | Usuario=Smoke Test | Perfil=Administrador | Tela=Geral | Acao=Envio ao cliente validado em automacao para OS OS-2026-0004. PDF gerado em 'C:\Users\campo\OneDrive\Documentos\PrimoAutoEletrica\PDFs\OS_OS-2026-0004_20260926_182031.pdf' sem abrir apps externos. | ErroTecnico= | StackTrace=
DataHora=2026-09-26T18:20:32.6237914-03:00 | Nivel=INFO | Usuario=Smoke Test | Perfil=Administrador | Tela=Geral | Acao=OS 'cfe6fd7f-f47e-460e-af4a-19dd30aa0ac4' integrada ao financeiro. Total=R$ 200,00. | ErroTecnico= | StackTrace=
DataHora=2026-09-26T18:20:38.2272083-03:00 | Nivel=INFO | Usuario=Smoke Test | Perfil=Administrador | Tela=Geral | Acao=Bloqueio criado: OrdemServico/927da7a1-f2b4-47b8-8c36-78a3a7bf8336 por Smoke Test em CIRO. Expira em 30 minutos. | ErroTecnico= | StackTrace=
DataHora=2026-09-26T18:20:38.2860042-03:00 | Nivel=INFO | Usuario=Smoke Test | Perfil=Administrador | Tela=Geral | Acao=Bloqueio liberado: OrdemServico/927da7a1-f2b4-47b8-8c36-78a3a7bf8336 por Smoke Test. | ErroTecnico= | StackTrace=
DataHora=2026-09-26T18:20:40.2686342-03:00 | Nivel=INFO | Usuario=Smoke Test | Perfil=Administrador | Tela=Geral | Acao=Smoke test aprovado: Interacao:Modulo:OrdensServicoControl (18781 ms). | ErroTecnico= | StackTrace=
DataHora=2026-09-26T18:20:40.2694078-03:00 | Nivel=INFO | Usuario=Smoke Test | Perfil=Administrador | Tela=Geral | Acao=Smoke test iniciando: Interacao:Modulo:OficinaKanbanControl. | ErroTecnico= | StackTrace=
DataHora=2026-09-26T18:20:44.1115747-03:00 | Nivel=INFO | Usuario=Smoke Test | Perfil=Administrador | Tela=Geral | Acao=WhatsApp do Kanban validado em automacao para OS OS-2026-0002: https://wa.me/5511988880001?text=Ola%20Cliente%20Smoke%2001020809513044%2C%20segue%20o%20resumo%20do%20orcamento%20da%20PRIMOX%20Workshop%20para%20o%20veiculo%20Volkswagen%20Gol%202019.%20Total%20previsto%3A%20R%24%20105%2C00.%20A%20proposta%20fica%20sujeita%20a%20validade%20e%20disponibilidade%20das%20pecas. | ErroTecnico= | StackTrace=
DataHora=2026-09-26T18:20:45.4408581-03:00 | Nivel=INFO | Usuario=Smoke Test | Perfil=Administrador | Tela=Geral | Acao=Dialogo suprimido [Kanban]: Nao foi possivel avancar a OS: Esta OS nao possui proximo status automatico. | ErroTecnico= | StackTrace=
DataHora=2026-09-26T18:20:47.9339120-03:00 | Nivel=INFO | Usuario=Smoke Test | Perfil=Administrador | Tela=Geral | Acao=WhatsApp do Kanban validado em automacao para OS OS-2026-0002: https://wa.me/5511988880001?text=Ola%20Cliente%20Smoke%2001020809513044%2C%20segue%20o%20resumo%20do%20orcamento%20da%20PRIMOX%20Workshop%20para%20o%20veiculo%20Volkswagen%20Gol%202019.%20Total%20previsto%3A%20R%24%20105%2C00.%20A%20proposta%20fica%20sujeita%20a%20validade%20e%20disponibilidade%20das%20pecas. | ErroTecnico= | StackTrace=
DataHora=2026-09-26T18:20:49.1389944-03:00 | Nivel=INFO | Usuario=Smoke Test | Perfil=Administrador | Tela=Geral | Acao=Dialogo suprimido [Kanban]: Nao foi possivel avancar a OS: Esta OS nao possui proximo status automatico. | ErroTecnico= | StackTrace=
DataHora=2026-09-26T18:20:51.7004523-03:00 | Nivel=INFO | Usuario=Smoke Test | Perfil=Administrador | Tela=Geral | Acao=WhatsApp do Kanban validado em automacao para OS OS-2026-0002: https://wa.me/5511988880001?text=Ola%20Cliente%20Smoke%2001020809513044%2C%20segue%20o%20resumo%20do%20orcamento%20da%20PRIMOX%20Workshop%20para%20o%20veiculo%20Volkswagen%20Gol%202019.%20Total%20previsto%3A%20R%24%20105%2C00.%20A%20proposta%20fica%20sujeita%20a%20validade%20e%20disponibilidade%20das%20pecas. | ErroTecnico= | StackTrace=
DataHora=2026-09-26T18:20:52.9151234-03:00 | Nivel=INFO | Usuario=Smoke Test | Perfil=Administrador | Tela=Geral | Acao=Dialogo suprimido [Kanban]: Nao foi possivel avancar a OS: Esta OS nao possui proximo status automatico. | ErroTecnico= | StackTrace=
DataHora=2026-09-26T18:20:55.4955237-03:00 | Nivel=INFO | Usuario=Smoke Test | Perfil=Administrador | Tela=Geral | Acao=WhatsApp do Kanban validado em automacao para OS OS-2026-0002: https://wa.me/5511988880001?text=Ola%20Cliente%20Smoke%2001020809513044%2C%20segue%20o%20resumo%20do%20orcamento%20da%20PRIMOX%20Workshop%20para%20o%20veiculo%20Volkswagen%20Gol%202019.%20Total%20previsto%3A%20R%24%20105%2C00.%20A%20proposta%20fica%20sujeita%20a%20validade%20e%20disponibilidade%20das%20pecas. | ErroTecnico= | StackTrace=
DataHora=2026-09-26T18:20:56.7083945-03:00 | Nivel=INFO | Usuario=Smoke Test | Perfil=Administrador | Tela=Geral | Acao=Dialogo suprimido [Kanban]: Nao foi possivel avancar a OS: Esta OS nao possui proximo status automatico. | ErroTecnico= | StackTrace=
DataHora=2026-09-26T18:20:59.2796245-03:00 | Nivel=INFO | Usuario=Smoke Test | Perfil=Administrador | Tela=Geral | Acao=WhatsApp do Kanban validado em automacao para OS OS-2026-0002: https://wa.me/5511988880001?text=Ola%20Cliente%20Smoke%2001020809513044%2C%20segue%20o%20resumo%20do%20orcamento%20da%20PRIMOX%20Workshop%20para%20o%20veiculo%20Volkswagen%20Gol%202019.%20Total%20previsto%3A%20R%24%20105%2C00.%20A%20proposta%20fica%20sujeita%20a%20validade%20e%20disponibilidade%20das%20pecas. | ErroTecnico= | StackTrace=
DataHora=2026-09-26T18:21:00.5922431-03:00 | Nivel=INFO | Usuario=Smoke Test | Perfil=Administrador | Tela=Geral | Acao=Dialogo suprimido [Kanban]: Nao foi possivel avancar a OS: Esta OS nao possui proximo status automatico. | ErroTecnico= | StackTrace=
DataHora=2026-09-26T18:21:03.0535589-03:00 | Nivel=INFO | Usuario=Smoke Test | Perfil=Administrador | Tela=Geral | Acao=Abertura da OS OS-2026-0010 validada em automacao pelo Kanban. | ErroTecnico= | StackTrace=
DataHora=2026-09-26T18:21:05.0849405-03:00 | Nivel=INFO | Usuario=Smoke Test | Perfil=Administrador | Tela=Geral | Acao=Smoke test aprovado: Interacao:Modulo:OficinaKanbanControl (24815 ms). | ErroTecnico= | StackTrace=
DataHora=2026-09-26T18:21:05.0856985-03:00 | Nivel=INFO | Usuario=Smoke Test | Perfil=Administrador | Tela=Geral | Acao=Smoke test iniciando: Interacao:Modulo:PDVControl. | ErroTecnico= | StackTrace=
DataHora=2026-09-26T18:21:05.1828796-03:00 | Nivel=INFO | Usuario=Smoke Test | Perfil=Administrador | Tela=PDV | Acao=Diagnostico de impressao do PDV: Default=Microsoft Print to PDF / Fisica=False / Instaladas=1 / Microsoft Print to PDF [Driver=Microsoft Print To PDF; Porta=PORTPROMPT:; Default=True; Virtual=True; Offline=False; Shared=False] | ErroTecnico= | StackTrace=
DataHora=2026-09-26T18:21:05.1838317-03:00 | Nivel=WARN | Usuario=Smoke Test | Perfil=Administrador | Tela=PDV | Acao=Nenhuma impressora fisica foi detectada para homologacao final do PDV. O ambiente atual depende apenas de fila virtual. | ErroTecnico= | StackTrace=
DataHora=2026-09-26T18:21:05.4595436-03:00 | Nivel=INFO | Usuario=Smoke Test | Perfil=Administrador | Tela=PDV | Acao=Diagnostico de impressao do PDV: Default=Microsoft Print to PDF / Fisica=False / Instaladas=1 / Microsoft Print to PDF [Driver=Microsoft Print To PDF; Porta=PORTPROMPT:; Default=True; Virtual=True; Offline=False; Shared=False] | ErroTecnico= | StackTrace=
DataHora=2026-09-26T18:21:05.4605379-03:00 | Nivel=WARN | Usuario=Smoke Test | Perfil=Administrador | Tela=PDV | Acao=Nenhuma impressora fisica foi detectada para homologacao final do PDV. O ambiente atual depende apenas de fila virtual. | ErroTecnico= | StackTrace=
DataHora=2026-09-26T18:21:05.4798852-03:00 | Nivel=INFO | Usuario=Smoke Test | Perfil=Administrador | Tela=PDV | Acao=NF-e Homologacao: Esta operacao enviara uma NF-e para o ambiente de HOMOLOGACAO.\n\nNao e emissao de PRODUCAO.\n\nDeseja continuar? | ErroTecnico= | StackTrace=
DataHora=2026-09-26T18:21:05.5661117-03:00 | Nivel=WARN | Usuario=Smoke Test | Perfil=Administrador | Tela=PDV | Acao=NF-e Homologacao: NF-e bloqueada na validacao local:\n\n[FISCAL-EMITENTE-CNPJ] CNPJ emitente ausente ou invalido (esperado 14 digitos).\r\n[FISCAL-EMITENTE-RAZAO] Razao social do emitente ausente (MissingConfiguration).\r\n[FISCAL-EMITENTE-IE] Inscricao estadual do emitente ausente (MissingConfiguration).\r\n[FISCAL-EMITENTE-CRT] Regime tributario do emitente ausente (MissingConfiguration).\r\n[FISCAL-EMITENTE-END] Logradouro do emitente ausente (MissingConfiguration).\r\n[FISCAL-EMITENTE-NUM] Numero do emitente ausente (MissingConfiguration).\r\n[FISCAL-EMITENTE-BAIRRO] Bairro do emitente ausente (MissingConfiguration).\r\n[FISCAL-EMITENTE-MUN] Municipio do emitente ausente (MissingConfiguration).\r\n[FISCAL-EMITENTE-IBGE] Codigo IBGE do municipio emitente ausente ou invalido (esperado 7 digitos).\r\n[FISCAL-EMITENTE-UF] UF do emitente ausente (MissingConfiguration).\r\n[FISCAL-EMITENTE-CEP] CEP do emitente ausente ou invalido (esperado 8 digitos).\r\n[FISCAL-EMITENTE-CSOSN] CSOSN/CST padrao (configuracao fiscal obrigatoria) ausente (MissingConfiguration).\r\n[FISCAL-EMITENTE-ORIGEM] Origem ICMS padrao (configuracao fiscal obrigatoria) ausente (MissingConfiguration).\r\n[FISCAL-EMITENTE-SERIE] Serie NF-e do estabelecimento ausente (MissingConfiguration).\r\n[FISCAL-ITEM-NCM] NF-e bloqueada: produto "Produto Smoke 020899281842" nao possui NCM fiscal configurado.\r\n[FISCAL-ITEM-CFOP] NF-e bloqueada: produto "Produto Smoke 020899281842" nao possui CFOP fiscal configurado.\r\n[FISCAL-ITEM-UNIDADE] Item 1: unidade de medida ausente.\r\n[FISCAL-ITEM-CST] Item 1: CST/CSOSN ausente (nao inventado).\r\n[FISCAL-ITEM-ORIGEM] Item 1: origem ICMS ausente.\r\n[FISCAL-HTTP-OFF] HTTP live Focus desligado. Habilite LiveHttpEnabled apenas para Homologacao no fiscal-foundation.json. | ErroTecnico= | StackTrace=
DataHora=2026-09-26T18:21:06.3725476-03:00 | Nivel=INFO | Usuario=Smoke Test | Perfil=Administrador | Tela=PDV | Acao=Diagnostico de impressao do PDV: Default=Microsoft Print to PDF / Fisica=False / Instaladas=1 / Microsoft Print to PDF [Driver=Microsoft Print To PDF; Porta=PORTPROMPT:; Default=True; Virtual=True; Offline=False; Shared=False] | ErroTecnico= | StackTrace=
DataHora=2026-09-26T18:21:06.3735659-03:00 | Nivel=WARN | Usuario=Smoke Test | Perfil=Administrador | Tela=PDV | Acao=Nenhuma impressora fisica foi detectada para homologacao final do PDV. O ambiente atual depende apenas de fila virtual. | ErroTecnico= | StackTrace=
DataHora=2026-09-26T18:21:06.5557265-03:00 | Nivel=INFO | Usuario=Smoke Test | Perfil=Administrador | Tela=Geral | Acao=Venda '0d752ac9-ab57-4dee-88cb-ec28f3a23f15' cancelada com sucesso. | ErroTecnico= | StackTrace=
DataHora=2026-09-26T18:21:06.5597192-03:00 | Nivel=INFO | Usuario=Smoke Test | Perfil=Administrador | Tela=PDV | Acao=PDV: Venda cancelada com estorno completo do fluxo operacional. | ErroTecnico= | StackTrace=
DataHora=2026-09-26T18:21:07.4275869-03:00 | Nivel=INFO | Usuario=Smoke Test | Perfil=Administrador | Tela=PDV | Acao=Diagnostico de impressao do PDV: Default=Microsoft Print to PDF / Fisica=False / Instaladas=1 / Microsoft Print to PDF [Driver=Microsoft Print To PDF; Porta=PORTPROMPT:; Default=True; Virtual=True; Offline=False; Shared=False] | ErroTecnico= | StackTrace=
DataHora=2026-09-26T18:21:07.4285963-03:00 | Nivel=WARN | Usuario=Smoke Test | Perfil=Administrador | Tela=PDV | Acao=Nenhuma impressora fisica foi detectada para homologacao final do PDV. O ambiente atual depende apenas de fila virtual. | ErroTecnico= | StackTrace=
DataHora=2026-09-26T18:21:08.3659442-03:00 | Nivel=INFO | Usuario=Smoke Test | Perfil=Administrador | Tela=PDV | Acao=Diagnostico de impressao do PDV: Default=Microsoft Print to PDF / Fisica=False / Instaladas=1 / Microsoft Print to PDF [Driver=Microsoft Print To PDF; Porta=PORTPROMPT:; Default=True; Virtual=True; Offline=False; Shared=False] | ErroTecnico= | StackTrace=
DataHora=2026-09-26T18:21:08.3668477-03:00 | Nivel=WARN | Usuario=Smoke Test | Perfil=Administrador | Tela=PDV | Acao=Nenhuma impressora fisica foi detectada para homologacao final do PDV. O ambiente atual depende apenas de fila virtual. | ErroTecnico= | StackTrace=
DataHora=2026-09-26T18:21:08.3849280-03:00 | Nivel=INFO | Usuario=Smoke Test | Perfil=Administrador | Tela=PDV | Acao=Caixa: Nenhum caixa aberto foi encontrado para fechamento. | ErroTecnico= | StackTrace=
DataHora=2026-09-26T18:21:09.1860565-03:00 | Nivel=INFO | Usuario=Smoke Test | Perfil=Administrador | Tela=PDV | Acao=Diagnostico de impressao do PDV: Default=Microsoft Print to PDF / Fisica=False / Instaladas=1 / Microsoft Print to PDF [Driver=Microsoft Print To PDF; Porta=PORTPROMPT:; Default=True; Virtual=True; Offline=False; Shared=False] | ErroTecnico= | StackTrace=
DataHora=2026-09-26T18:21:09.1871375-03:00 | Nivel=WARN | Usuario=Smoke Test | Perfil=Administrador | Tela=PDV | Acao=Nenhuma impressora fisica foi detectada para homologacao final do PDV. O ambiente atual depende apenas de fila virtual. | ErroTecnico= | StackTrace=
DataHora=2026-09-26T18:21:09.2051712-03:00 | Nivel=WARN | Usuario=Smoke Test | Perfil=Administrador | Tela=PDV | Acao=Caixa: Abra o caixa antes de registrar uma sangria. | ErroTecnico= | StackTrace=
DataHora=2026-09-26T18:21:09.9876737-03:00 | Nivel=INFO | Usuario=Smoke Test | Perfil=Administrador | Tela=PDV | Acao=Diagnostico de impressao do PDV: Default=Microsoft Print to PDF / Fisica=False / Instaladas=1 / Microsoft Print to PDF [Driver=Microsoft Print To PDF; Porta=PORTPROMPT:; Default=True; Virtual=True; Offline=False; Shared=False] | ErroTecnico= | StackTrace=
DataHora=2026-09-26T18:21:09.9886413-03:00 | Nivel=WARN | Usuario=Smoke Test | Perfil=Administrador | Tela=PDV | Acao=Nenhuma impressora fisica foi detectada para homologacao final do PDV. O ambiente atual depende apenas de fila virtual. | ErroTecnico= | StackTrace=
DataHora=2026-09-26T18:21:10.0068522-03:00 | Nivel=WARN | Usuario=Smoke Test | Perfil=Administrador | Tela=PDV | Acao=Caixa: Abra o caixa antes de executar esta operacao. | ErroTecnico= | StackTrace=
DataHora=2026-09-26T18:21:10.7804306-03:00 | Nivel=INFO | Usuario=Smoke Test | Perfil=Administrador | Tela=PDV | Acao=Diagnostico de impressao do PDV: Default=Microsoft Print to PDF / Fisica=False / Instaladas=1 / Microsoft Print to PDF [Driver=Microsoft Print To PDF; Porta=PORTPROMPT:; Default=True; Virtual=True; Offline=False; Shared=False] | ErroTecnico= | StackTrace=
DataHora=2026-09-26T18:21:10.7813810-03:00 | Nivel=WARN | Usuario=Smoke Test | Perfil=Administrador | Tela=PDV | Acao=Nenhuma impressora fisica foi detectada para homologacao final do PDV. O ambiente atual depende apenas de fila virtual. | ErroTecnico= | StackTrace=
DataHora=2026-09-26T18:21:10.8838319-03:00 | Nivel=INFO | Usuario=Smoke Test | Perfil=Administrador | Tela=PDV | Acao=Caixa: Caixa 01 aberto com sucesso.\nSaldo inicial: R$ 10,00 | ErroTecnico= | StackTrace=
DataHora=2026-09-26T18:21:11.7335548-03:00 | Nivel=INFO | Usuario=Smoke Test | Perfil=Administrador | Tela=PDV | Acao=Diagnostico de impressao do PDV: Default=Microsoft Print to PDF / Fisica=False / Instaladas=1 / Microsoft Print to PDF [Driver=Microsoft Print To PDF; Porta=PORTPROMPT:; Default=True; Virtual=True; Offline=False; Shared=False] | ErroTecnico= | StackTrace=
DataHora=2026-09-26T18:21:11.7346130-03:00 | Nivel=WARN | Usuario=Smoke Test | Perfil=Administrador | Tela=PDV | Acao=Nenhuma impressora fisica foi detectada para homologacao final do PDV. O ambiente atual depende apenas de fila virtual. | ErroTecnico= | StackTrace=
DataHora=2026-09-26T18:21:12.5265651-03:00 | Nivel=INFO | Usuario=Smoke Test | Perfil=Administrador | Tela=PDV | Acao=Diagnostico de impressao do PDV: Default=Microsoft Print to PDF / Fisica=False / Instaladas=1 / Microsoft Print to PDF [Driver=Microsoft Print To PDF; Porta=PORTPROMPT:; Default=True; Virtual=True; Offline=False; Shared=False] | ErroTecnico= | StackTrace=
DataHora=2026-09-26T18:21:12.5275819-03:00 | Nivel=WARN | Usuario=Smoke Test | Perfil=Administrador | Tela=PDV | Acao=Nenhuma impressora fisica foi detectada para homologacao final do PDV. O ambiente atual depende apenas de fila virtual. | ErroTecnico= | StackTrace=
DataHora=2026-09-26T18:21:13.3451752-03:00 | Nivel=INFO | Usuario=Smoke Test | Perfil=Administrador | Tela=PDV | Acao=Diagnostico de impressao do PDV: Default=Microsoft Print to PDF / Fisica=False / Instaladas=1 / Microsoft Print to PDF [Driver=Microsoft Print To PDF; Porta=PORTPROMPT:; Default=True; Virtual=True; Offline=False; Shared=False] | ErroTecnico= | StackTrace=
DataHora=2026-09-26T18:21:13.3461280-03:00 | Nivel=WARN | Usuario=Smoke Test | Perfil=Administrador | Tela=PDV | Acao=Nenhuma impressora fisica foi detectada para homologacao final do PDV. O ambiente atual depende apenas de fila virtual. | ErroTecnico= | StackTrace=
DataHora=2026-09-26T18:21:14.1730133-03:00 | Nivel=INFO | Usuario=Smoke Test | Perfil=Administrador | Tela=PDV | Acao=Diagnostico de impressao do PDV: Default=Microsoft Print to PDF / Fisica=False / Instaladas=1 / Microsoft Print to PDF [Driver=Microsoft Print To PDF; Porta=PORTPROMPT:; Default=True; Virtual=True; Offline=False; Shared=False] | ErroTecnico= | StackTrace=
DataHora=2026-09-26T18:21:14.1739967-03:00 | Nivel=WARN | Usuario=Smoke Test | Perfil=Administrador | Tela=PDV | Acao=Nenhuma impressora fisica foi detectada para homologacao final do PDV. O ambiente atual depende apenas de fila virtual. | ErroTecnico= | StackTrace=
DataHora=2026-09-26T18:21:15.1042136-03:00 | Nivel=INFO | Usuario=Smoke Test | Perfil=Administrador | Tela=PDV | Acao=Diagnostico de impressao do PDV: Default=Microsoft Print to PDF / Fisica=False / Instaladas=1 / Microsoft Print to PDF [Driver=Microsoft Print To PDF; Porta=PORTPROMPT:; Default=True; Virtual=True; Offline=False; Shared=False] | ErroTecnico= | StackTrace=
DataHora=2026-09-26T18:21:15.1051433-03:00 | Nivel=WARN | Usuario=Smoke Test | Perfil=Administrador | Tela=PDV | Acao=Nenhuma impressora fisica foi detectada para homologacao final do PDV. O ambiente atual depende apenas de fila virtual. | ErroTecnico= | StackTrace=
DataHora=2026-09-26T18:21:15.9000744-03:00 | Nivel=INFO | Usuario=Smoke Test | Perfil=Administrador | Tela=PDV | Acao=Diagnostico de impressao do PDV: Default=Microsoft Print to PDF / Fisica=False / Instaladas=1 / Microsoft Print to PDF [Driver=Microsoft Print To PDF; Porta=PORTPROMPT:; Default=True; Virtual=True; Offline=False; Shared=False] | ErroTecnico= | StackTrace=
DataHora=2026-09-26T18:21:15.9010766-03:00 | Nivel=WARN | Usuario=Smoke Test | Perfil=Administrador | Tela=PDV | Acao=Nenhuma impressora fisica foi detectada para homologacao final do PDV. O ambiente atual depende apenas de fila virtual. | ErroTecnico= | StackTrace=
DataHora=2026-09-26T18:21:15.9207183-03:00 | Nivel=INFO | Usuario=Smoke Test | Perfil=Administrador | Tela=PDV | Acao=PDV: Nao ha vendas suspensas para retomar. | ErroTecnico= | StackTrace=
DataHora=2026-09-26T18:21:16.6982260-03:00 | Nivel=INFO | Usuario=Smoke Test | Perfil=Administrador | Tela=PDV | Acao=Diagnostico de impressao do PDV: Default=Microsoft Print to PDF / Fisica=False / Instaladas=1 / Microsoft Print to PDF [Driver=Microsoft Print To PDF; Porta=PORTPROMPT:; Default=True; Virtual=True; Offline=False; Shared=False] | ErroTecnico= | StackTrace=
DataHora=2026-09-26T18:21:16.6992713-03:00 | Nivel=WARN | Usuario=Smoke Test | Perfil=Administrador | Tela=PDV | Acao=Nenhuma impressora fisica foi detectada para homologacao final do PDV. O ambiente atual depende apenas de fila virtual. | ErroTecnico= | StackTrace=
DataHora=2026-09-26T18:21:16.7267999-03:00 | Nivel=INFO | Usuario=Smoke Test | Perfil=Administrador | Tela=PDV | Acao=PDV: Nao ha itens no carrinho para suspender. | ErroTecnico= | StackTrace=
DataHora=2026-09-26T18:21:17.4974534-03:00 | Nivel=INFO | Usuario=Smoke Test | Perfil=Administrador | Tela=PDV | Acao=Diagnostico de impressao do PDV: Default=Microsoft Print to PDF / Fisica=False / Instaladas=1 / Microsoft Print to PDF [Driver=Microsoft Print To PDF; Porta=PORTPROMPT:; Default=True; Virtual=True; Offline=False; Shared=False] | ErroTecnico= | StackTrace=
DataHora=2026-09-26T18:21:17.4984488-03:00 | Nivel=WARN | Usuario=Smoke Test | Perfil=Administrador | Tela=PDV | Acao=Nenhuma impressora fisica foi detectada para homologacao final do PDV. O ambiente atual depende apenas de fila virtual. | ErroTecnico= | StackTrace=
DataHora=2026-09-26T18:21:18.2689694-03:00 | Nivel=INFO | Usuario=Smoke Test | Perfil=Administrador | Tela=PDV | Acao=Diagnostico de impressao do PDV: Default=Microsoft Print to PDF / Fisica=False / Instaladas=1 / Microsoft Print to PDF [Driver=Microsoft Print To PDF; Porta=PORTPROMPT:; Default=True; Virtual=True; Offline=False; Shared=False] | ErroTecnico= | StackTrace=
DataHora=2026-09-26T18:21:18.2700670-03:00 | Nivel=WARN | Usuario=Smoke Test | Perfil=Administrador | Tela=PDV | Acao=Nenhuma impressora fisica foi detectada para homologacao final do PDV. O ambiente atual depende apenas de fila virtual. | ErroTecnico= | StackTrace=
DataHora=2026-09-26T18:21:18.2893239-03:00 | Nivel=WARN | Usuario=Smoke Test | Perfil=Administrador | Tela=PDV | Acao=Aviso: Carrinho vazio! | ErroTecnico= | StackTrace=
DataHora=2026-09-26T18:21:19.0843159-03:00 | Nivel=INFO | Usuario=Smoke Test | Perfil=Administrador | Tela=PDV | Acao=Diagnostico de impressao do PDV: Default=Microsoft Print to PDF / Fisica=False / Instaladas=1 / Microsoft Print to PDF [Driver=Microsoft Print To PDF; Porta=PORTPROMPT:; Default=True; Virtual=True; Offline=False; Shared=False] | ErroTecnico= | StackTrace=
DataHora=2026-09-26T18:21:19.0853521-03:00 | Nivel=WARN | Usuario=Smoke Test | Perfil=Administrador | Tela=PDV | Acao=Nenhuma impressora fisica foi detectada para homologacao final do PDV. O ambiente atual depende apenas de fila virtual. | ErroTecnico= | StackTrace=
DataHora=2026-09-26T18:21:19.1047116-03:00 | Nivel=INFO | Usuario=Smoke Test | Perfil=Administrador | Tela=PDV | Acao=Desconto: Desconto de R$ 0,00 aplicado! | ErroTecnico= | StackTrace=
DataHora=2026-09-26T18:21:19.9093604-03:00 | Nivel=INFO | Usuario=Smoke Test | Perfil=Administrador | Tela=PDV | Acao=Diagnostico de impressao do PDV: Default=Microsoft Print to PDF / Fisica=False / Instaladas=1 / Microsoft Print to PDF [Driver=Microsoft Print To PDF; Porta=PORTPROMPT:; Default=True; Virtual=True; Offline=False; Shared=False] | ErroTecnico= | StackTrace=
DataHora=2026-09-26T18:21:19.9104436-03:00 | Nivel=WARN | Usuario=Smoke Test | Perfil=Administrador | Tela=PDV | Acao=Nenhuma impressora fisica foi detectada para homologacao final do PDV. O ambiente atual depende apenas de fila virtual. | ErroTecnico= | StackTrace=
DataHora=2026-09-26T18:21:20.7105959-03:00 | Nivel=INFO | Usuario=Smoke Test | Perfil=Administrador | Tela=PDV | Acao=Diagnostico de impressao do PDV: Default=Microsoft Print to PDF / Fisica=False / Instaladas=1 / Microsoft Print to PDF [Driver=Microsoft Print To PDF; Porta=PORTPROMPT:; Default=True; Virtual=True; Offline=False; Shared=False] | ErroTecnico= | StackTrace=
DataHora=2026-09-26T18:21:20.7115321-03:00 | Nivel=WARN | Usuario=Smoke Test | Perfil=Administrador | Tela=PDV | Acao=Nenhuma impressora fisica foi detectada para homologacao final do PDV. O ambiente atual depende apenas de fila virtual. | ErroTecnico= | StackTrace=
DataHora=2026-09-26T18:21:21.6594365-03:00 | Nivel=INFO | Usuario=Smoke Test | Perfil=Administrador | Tela=PDV | Acao=Diagnostico de impressao do PDV: Default=Microsoft Print to PDF / Fisica=False / Instaladas=1 / Microsoft Print to PDF [Driver=Microsoft Print To PDF; Porta=PORTPROMPT:; Default=True; Virtual=True; Offline=False; Shared=False] | ErroTecnico= | StackTrace=
DataHora=2026-09-26T18:21:21.6604527-03:00 | Nivel=WARN | Usuario=Smoke Test | Perfil=Administrador | Tela=PDV | Acao=Nenhuma impressora fisica foi detectada para homologacao final do PDV. O ambiente atual depende apenas de fila virtual. | ErroTecnico= | StackTrace=
DataHora=2026-09-26T18:21:22.3613094-03:00 | Nivel=INFO | Usuario=Smoke Test | Perfil=Administrador | Tela=Geral | Acao=Smoke test aprovado: Interacao:Modulo:PDVControl (17275 ms). | ErroTecnico= | StackTrace=
DataHora=2026-09-26T18:21:22.3620439-03:00 | Nivel=INFO | Usuario=Smoke Test | Perfil=Administrador | Tela=Geral | Acao=Smoke test iniciando: Interacao:Modulo:EstoqueControl. | ErroTecnico= | StackTrace=
DataHora=2026-09-26T18:21:22.4371788-03:00 | Nivel=INFO | Usuario=Smoke Test | Perfil=Administrador | Tela=Estoque | Acao=Estoque: listagem carregou 7 produto(s). | ErroTecnico= | StackTrace=
DataHora=2026-09-26T18:21:22.5320926-03:00 | Nivel=INFO | Usuario=Smoke Test | Perfil=Administrador | Tela=Estoque | Acao=Estoque layout: rootH=821; headerH=59; actionBarH=140; actionBarVis=Visible; metricsH=84; metricsVis=Visible; stateHostH=511; contentH=511; contentVis=Visible; loadingH=0; loadingVis=Collapsed; emptyH=0; emptyVis=Collapsed; errorH=0; errorVis=Collapsed; dataGridH=363; gridItems=7; totalTxt=7 | ErroTecnico= | StackTrace=
DataHora=2026-09-26T18:21:22.6868560-03:00 | Nivel=INFO | Usuario=Smoke Test | Perfil=Administrador | Tela=Estoque | Acao=Janela NovoProdutoWindow validada em automacao sem abrir modal bloqueante. | ErroTecnico= | StackTrace=
DataHora=2026-09-26T18:21:23.3635453-03:00 | Nivel=INFO | Usuario=Smoke Test | Perfil=Administrador | Tela=Estoque | Acao=Janela AjusteEstoqueWindow validada em automacao sem abrir modal bloqueante. | ErroTecnico= | StackTrace=
DataHora=2026-09-26T18:21:26.6600552-03:00 | Nivel=INFO | Usuario=Smoke Test | Perfil=Administrador | Tela=Estoque | Acao=Estoque: listagem carregou 7 produto(s). | ErroTecnico= | StackTrace=
DataHora=2026-09-26T18:21:26.6719923-03:00 | Nivel=INFO | Usuario=Smoke Test | Perfil=Administrador | Tela=Estoque | Acao=Movimentacao dedicada de Entrada validada em automacao para produto CAD-181451306. | ErroTecnico= | StackTrace=
DataHora=2026-09-26T18:21:26.7826229-03:00 | Nivel=INFO | Usuario=Smoke Test | Perfil=Administrador | Tela=Estoque | Acao=Estoque layout: rootH=821; headerH=59; actionBarH=140; actionBarVis=Visible; metricsH=84; metricsVis=Visible; stateHostH=511; contentH=511; contentVis=Visible; loadingH=0; loadingVis=Collapsed; emptyH=0; emptyVis=Collapsed; errorH=0; errorVis=Collapsed; dataGridH=363; gridItems=7; totalTxt=7 | ErroTecnico= | StackTrace=
DataHora=2026-09-26T18:21:28.0473593-03:00 | Nivel=INFO | Usuario=Smoke Test | Perfil=Administrador | Tela=Estoque | Acao=Estoque: listagem carregou 7 produto(s). | ErroTecnico= | StackTrace=
DataHora=2026-09-26T18:21:28.0588542-03:00 | Nivel=INFO | Usuario=Smoke Test | Perfil=Administrador | Tela=Estoque | Acao=Movimentacao dedicada de Saida validada em automacao para produto CAD-181451306. | ErroTecnico= | StackTrace=
DataHora=2026-09-26T18:21:28.1169616-03:00 | Nivel=INFO | Usuario=Smoke Test | Perfil=Administrador | Tela=Estoque | Acao=Estoque layout: rootH=821; headerH=59; actionBarH=140; actionBarVis=Visible; metricsH=84; metricsVis=Visible; stateHostH=511; contentH=511; contentVis=Visible; loadingH=0; loadingVis=Collapsed; emptyH=0; emptyVis=Collapsed; errorH=0; errorVis=Collapsed; dataGridH=363; gridItems=7; totalTxt=7 | ErroTecnico= | StackTrace=
DataHora=2026-09-26T18:21:29.3940572-03:00 | Nivel=INFO | Usuario=Smoke Test | Perfil=Administrador | Tela=Estoque | Acao=Etiqueta gerada para produto CAD-181451306 em C:\Users\campo\AppData\Local\Temp\primox-c115-smoke-20260926_181445\Logs\produtos-smoke\Etiqueta_0000181451306_20260926_182129.pdf. | ErroTecnico= | StackTrace=
DataHora=2026-09-26T18:21:30.6541484-03:00 | Nivel=INFO | Usuario=Smoke Test | Perfil=Administrador | Tela=Estoque | Acao=Estoque: listagem carregou 7 produto(s). | ErroTecnico= | StackTrace=
DataHora=2026-09-26T18:21:30.6657388-03:00 | Nivel=INFO | Usuario=Smoke Test | Perfil=Administrador | Tela=Estoque | Acao=Inventario operacional validado em automacao para produto CAD-181451306. | ErroTecnico= | StackTrace=
DataHora=2026-09-26T18:21:30.7584579-03:00 | Nivel=INFO | Usuario=Smoke Test | Perfil=Administrador | Tela=Estoque | Acao=Estoque layout: rootH=821; headerH=59; actionBarH=140; actionBarVis=Visible; metricsH=84; metricsVis=Visible; stateHostH=511; contentH=511; contentVis=Visible; loadingH=0; loadingVis=Collapsed; emptyH=0; emptyVis=Collapsed; errorH=0; errorVis=Collapsed; dataGridH=363; gridItems=7; totalTxt=7 | ErroTecnico= | StackTrace=
DataHora=2026-09-26T18:21:32.0248327-03:00 | Nivel=INFO | Usuario=Smoke Test | Perfil=Administrador | Tela=Estoque | Acao=Historico operacional validado em automacao para produto CAD-181451306 com 4 registro(s). | ErroTecnico= | StackTrace=
DataHora=2026-09-26T18:21:33.2845605-03:00 | Nivel=INFO | Usuario=Smoke Test | Perfil=Administrador | Tela=Estoque | Acao=Detalhes do Produto: Codigo: CAD-181451306\nNome: Produto Cadastro Completo 181451306\nCategoria: Eletrica\nFornecedor: Fornecedor Smoke 91020806966707\nCodigo de barras: 0000181451306\nSKU: SKU-CAD-181451306\nUnidade: UN\nNCM: 85364100\nCEST: 0100100\nCFOP: 5102\nEstoque: 15\nReservado: 0\nDisponivel: 15\nPreco compra: R$ 10,50\nPreco venda: R$ 25,90\nMargem: 59,5%\nUltima compra: -\nUltima venda: -\nLocalizacao: A1\nPrateleira: P1\nGaveta: G1\nImagem: C:\Users\campo\AppData\Local\Temp\primox-c115-smoke-20260926_181445\Media\Produtos\20260926181452_Produto_Cadastro_Completo_181451306_be33666d12fc45f9813f69c295fbee13.png\nAnexos: 2\nStatus: Ativo | ErroTecnico= | StackTrace=
DataHora=2026-09-26T18:21:34.5734074-03:00 | Nivel=INFO | Usuario=Smoke Test | Perfil=Administrador | Tela=Estoque | Acao=Janela EditarProdutoWindow validada em automacao sem abrir modal bloqueante. | ErroTecnico= | StackTrace=
DataHora=2026-09-26T18:21:35.8468678-03:00 | Nivel=INFO | Usuario=Smoke Test | Perfil=Administrador | Tela=Estoque | Acao=Janela AjusteEstoqueWindow validada em automacao sem abrir modal bloqueante. | ErroTecnico= | StackTrace=
DataHora=2026-09-26T18:21:37.1125874-03:00 | Nivel=INFO | Usuario=Smoke Test | Perfil=Administrador | Tela=Estoque | Acao=Estoque: listagem carregou 7 produto(s). | ErroTecnico= | StackTrace=
DataHora=2026-09-26T18:21:37.1245788-03:00 | Nivel=INFO | Usuario=Smoke Test | Perfil=Administrador | Tela=Estoque | Acao=Inventario operacional validado em automacao para produto CAD-181451306. | ErroTecnico= | StackTrace=
DataHora=2026-09-26T18:21:37.1827213-03:00 | Nivel=INFO | Usuario=Smoke Test | Perfil=Administrador | Tela=Estoque | Acao=Estoque layout: rootH=821; headerH=59; actionBarH=140; actionBarVis=Visible; metricsH=84; metricsVis=Visible; stateHostH=511; contentH=511; contentVis=Visible; loadingH=0; loadingVis=Collapsed; emptyH=0; emptyVis=Collapsed; errorH=0; errorVis=Collapsed; dataGridH=363; gridItems=7; totalTxt=7 | ErroTecnico= | StackTrace=
DataHora=2026-09-26T18:21:38.4495373-03:00 | Nivel=INFO | Usuario=Smoke Test | Perfil=Administrador | Tela=Estoque | Acao=Historico operacional validado em automacao para produto CAD-181451306 com 5 registro(s). | ErroTecnico= | StackTrace=
DataHora=2026-09-26T18:21:40.4396512-03:00 | Nivel=INFO | Usuario=Smoke Test | Perfil=Administrador | Tela=Geral | Acao=Smoke test aprovado: Interacao:Modulo:EstoqueControl (18077 ms). | ErroTecnico= | StackTrace=
DataHora=2026-09-26T18:21:40.4404246-03:00 | Nivel=INFO | Usuario=Smoke Test | Perfil=Administrador | Tela=Geral | Acao=Smoke test iniciando: Interacao:Modulo:CatalogoPecasControl. | ErroTecnico= | StackTrace=
DataHora=2026-09-26T18:21:40.5215940-03:00 | Nivel=INFO | Usuario=Smoke Test | Perfil=Administrador | Tela=Geral | Acao=Catalogo veiculos: seed +0 veiculos, +0 vinculos peca↔veiculo. | ErroTecnico= | StackTrace=
DataHora=2026-09-26T18:21:40.8202181-03:00 | Nivel=INFO | Usuario=Smoke Test | Perfil=Administrador | Tela=Geral | Acao=Catalogo veiculos: seed +0 veiculos, +0 vinculos peca↔veiculo. | ErroTecnico= | StackTrace=
DataHora=2026-09-26T18:21:41.7791186-03:00 | Nivel=INFO | Usuario=Smoke Test | Perfil=Administrador | Tela=Geral | Acao=Catalogo veiculos: seed +0 veiculos, +0 vinculos peca↔veiculo. | ErroTecnico= | StackTrace=
DataHora=2026-09-26T18:21:42.6337330-03:00 | Nivel=INFO | Usuario=Smoke Test | Perfil=Administrador | Tela=Geral | Acao=Catalogo veiculos: seed +0 veiculos, +0 vinculos peca↔veiculo. | ErroTecnico= | StackTrace=
DataHora=2026-09-26T18:21:43.5261532-03:00 | Nivel=INFO | Usuario=Smoke Test | Perfil=Administrador | Tela=Geral | Acao=Catalogo veiculos: seed +0 veiculos, +0 vinculos peca↔veiculo. | ErroTecnico= | StackTrace=
DataHora=2026-09-26T18:21:44.5195904-03:00 | Nivel=INFO | Usuario=Smoke Test | Perfil=Administrador | Tela=Geral | Acao=Catalogo veiculos: seed +0 veiculos, +0 vinculos peca↔veiculo. | ErroTecnico= | StackTrace=
DataHora=2026-09-26T18:21:45.6880584-03:00 | Nivel=INFO | Usuario=Smoke Test | Perfil=Administrador | Tela=Geral | Acao=Catalogo veiculos: seed +0 veiculos, +0 vinculos peca↔veiculo. | ErroTecnico= | StackTrace=
DataHora=2026-09-26T18:21:46.6094399-03:00 | Nivel=INFO | Usuario=Smoke Test | Perfil=Administrador | Tela=Geral | Acao=Smoke test aprovado: Interacao:Modulo:CatalogoPecasControl (6169 ms). | ErroTecnico= | StackTrace=
DataHora=2026-09-26T18:21:46.6102304-03:00 | Nivel=INFO | Usuario=Smoke Test | Perfil=Administrador | Tela=Geral | Acao=Smoke test iniciando: Interacao:Modulo:ImportarNFeControl. | ErroTecnico= | StackTrace=
DataHora=2026-09-26T18:21:59.7887440-03:00 | Nivel=INFO | Usuario=Smoke Test | Perfil=Administrador | Tela=Geral | Acao=Exclusao de importacao NF-e validada em automacao sem apagar dados sinteticos. Id=51364aa3-a6ee-4001-9e09-bc5392e3fc56 | ErroTecnico= | StackTrace=
DataHora=2026-09-26T18:22:00.7690913-03:00 | Nivel=INFO | Usuario=Smoke Test | Perfil=Administrador | Tela=Geral | Acao=Rollback de produtos NF-e validado em automacao sem apagar dados sinteticos. Id=51364aa3-a6ee-4001-9e09-bc5392e3fc56 | ErroTecnico= | StackTrace=
DataHora=2026-09-26T18:22:03.6908107-03:00 | Nivel=INFO | Usuario=Smoke Test | Perfil=Administrador | Tela=Geral | Acao=Smoke test aprovado: Interacao:Modulo:ImportarNFeControl (17080 ms). | ErroTecnico= | StackTrace=
DataHora=2026-09-26T18:22:03.6915662-03:00 | Nivel=INFO | Usuario=Smoke Test | Perfil=Administrador | Tela=Geral | Acao=Smoke test iniciando: Interacao:Modulo:FinanceiroControl. | ErroTecnico= | StackTrace=
DataHora=2026-09-26T18:22:03.7087753-03:00 | Nivel=INFO | Usuario=Smoke Test | Perfil=Administrador | Tela=Financeiro | Acao=ObterMovimentacoes(limit=1200) concluida em 0 ms. | ErroTecnico= | StackTrace=
DataHora=2026-09-26T18:22:03.7115827-03:00 | Nivel=INFO | Usuario=Smoke Test | Perfil=Administrador | Tela=Financeiro | Acao=ObterMovimentacoes(limit=1200) concluida em 0 ms. | ErroTecnico= | StackTrace=
DataHora=2026-09-26T18:22:03.7199709-03:00 | Nivel=INFO | Usuario=Smoke Test | Perfil=Administrador | Tela=Financeiro | Acao=ObterMovimentacoes(limit=1200) concluida em 0 ms. | ErroTecnico= | StackTrace=
DataHora=2026-09-26T18:22:04.6317725-03:00 | Nivel=INFO | Usuario=Smoke Test | Perfil=Administrador | Tela=Financeiro | Acao=ObterMovimentacoes(limit=1200) concluida em 0 ms. | ErroTecnico= | StackTrace=
DataHora=2026-09-26T18:22:04.6371584-03:00 | Nivel=INFO | Usuario=Smoke Test | Perfil=Administrador | Tela=Financeiro | Acao=ObterMovimentacoes(limit=1200) concluida em 0 ms. | ErroTecnico= | StackTrace=
DataHora=2026-09-26T18:22:04.6729485-03:00 | Nivel=INFO | Usuario=Smoke Test | Perfil=Administrador | Tela=Financeiro | Acao=ObterMovimentacoes(limit=1200) concluida em 0 ms. | ErroTecnico= | StackTrace=
DataHora=2026-09-26T18:22:06.5074850-03:00 | Nivel=INFO | Usuario=Smoke Test | Perfil=Administrador | Tela=Financeiro | Acao=ObterMovimentacoes(limit=1200) concluida em 0 ms. | ErroTecnico= | StackTrace=
DataHora=2026-09-26T18:22:06.5135493-03:00 | Nivel=INFO | Usuario=Smoke Test | Perfil=Administrador | Tela=Financeiro | Acao=ObterMovimentacoes(limit=1200) concluida em 0 ms. | ErroTecnico= | StackTrace=
DataHora=2026-09-26T18:22:06.5673929-03:00 | Nivel=INFO | Usuario=Smoke Test | Perfil=Administrador | Tela=Financeiro | Acao=ObterMovimentacoes(limit=1200) concluida em 0 ms. | ErroTecnico= | StackTrace=
DataHora=2026-09-26T18:22:06.5690823-03:00 | Nivel=INFO | Usuario=Smoke Test | Perfil=Administrador | Tela=Financeiro | Acao=Atualizacao: Dados atualizados com sucesso! | ErroTecnico= | StackTrace=
DataHora=2026-09-26T18:22:08.1392149-03:00 | Nivel=INFO | Usuario=Smoke Test | Perfil=Administrador | Tela=Financeiro | Acao=Relatorio financeiro CSV validado em automacao em 'C:\Users\campo\AppData\Local\Temp\primox-c115-smoke-20260926_181445\Logs\financeiro-smoke\RelatorioFinanceiro_20260926_182208.csv'. | ErroTecnico= | StackTrace=
DataHora=2026-09-26T18:22:08.8373184-03:00 | Nivel=INFO | Usuario=Smoke Test | Perfil=Administrador | Tela=Financeiro | Acao=ObterMovimentacoes(limit=1000) concluida em 0 ms. | ErroTecnico= | StackTrace=
DataHora=2026-09-26T18:22:08.8984244-03:00 | Nivel=INFO | Usuario=Smoke Test | Perfil=Administrador | Tela=Financeiro | Acao=PDF financeiro validado em automacao em 'C:\Users\campo\AppData\Local\Temp\primox-c115-smoke-20260926_181445\Logs\financeiro-smoke\FluxoCaixa_20260926_182208.pdf'. | ErroTecnico= | StackTrace=
DataHora=2026-09-26T18:22:09.5680802-03:00 | Nivel=INFO | Usuario=Smoke Test | Perfil=Administrador | Tela=Financeiro | Acao=ObterMovimentacoes(limit=1200) concluida em 0 ms. | ErroTecnico= | StackTrace=
DataHora=2026-09-26T18:22:09.5740498-03:00 | Nivel=INFO | Usuario=Smoke Test | Perfil=Administrador | Tela=Financeiro | Acao=ObterMovimentacoes(limit=1200) concluida em 0 ms. | ErroTecnico= | StackTrace=
DataHora=2026-09-26T18:22:09.6127214-03:00 | Nivel=INFO | Usuario=Smoke Test | Perfil=Administrador | Tela=Financeiro | Acao=ObterMovimentacoes(limit=1200) concluida em 0 ms. | ErroTecnico= | StackTrace=
DataHora=2026-09-26T18:22:09.6254403-03:00 | Nivel=INFO | Usuario=Smoke Test | Perfil=Administrador | Tela=Financeiro | Acao=Impressao do relatorio financeiro validada em automacao sem abrir dialogo de impressora. | ErroTecnico= | StackTrace=
DataHora=2026-09-26T18:22:11.3235853-03:00 | Nivel=INFO | Usuario=Smoke Test | Perfil=Administrador | Tela=Financeiro | Acao=Filtros: Filtros avancados disponiveis nos botoes de filtro das secoes de Contas a Pagar e Contas a Receber. | ErroTecnico= | StackTrace=
DataHora=2026-09-26T18:22:16.9829815-03:00 | Nivel=INFO | Usuario=Smoke Test | Perfil=Administrador | Tela=Financeiro | Acao=ObterMovimentacoes(limit=1200) concluida em 0 ms. | ErroTecnico= | StackTrace=
DataHora=2026-09-26T18:22:16.9889350-03:00 | Nivel=INFO | Usuario=Smoke Test | Perfil=Administrador | Tela=Financeiro | Acao=ObterMovimentacoes(limit=1200) concluida em 0 ms. | ErroTecnico= | StackTrace=
DataHora=2026-09-26T18:22:17.0281670-03:00 | Nivel=INFO | Usuario=Smoke Test | Perfil=Administrador | Tela=Financeiro | Acao=ObterMovimentacoes(limit=1200) concluida em 0 ms. | ErroTecnico= | StackTrace=
DataHora=2026-09-26T18:22:17.0294028-03:00 | Nivel=INFO | Usuario=Smoke Test | Perfil=Administrador | Tela=Financeiro | Acao=Financeiro: Conta a pagar liquidada com sucesso! | ErroTecnico= | StackTrace=
DataHora=2026-09-26T18:22:23.6689352-03:00 | Nivel=INFO | Usuario=Smoke Test | Perfil=Administrador | Tela=Financeiro | Acao=ObterMovimentacoes(limit=1200) concluida em 0 ms. | ErroTecnico= | StackTrace=
DataHora=2026-09-26T18:22:23.6748649-03:00 | Nivel=INFO | Usuario=Smoke Test | Perfil=Administrador | Tela=Financeiro | Acao=ObterMovimentacoes(limit=1200) concluida em 0 ms. | ErroTecnico= | StackTrace=
DataHora=2026-09-26T18:22:23.7140504-03:00 | Nivel=INFO | Usuario=Smoke Test | Perfil=Administrador | Tela=Financeiro | Acao=ObterMovimentacoes(limit=1200) concluida em 0 ms. | ErroTecnico= | StackTrace=
DataHora=2026-09-26T18:22:23.7154176-03:00 | Nivel=INFO | Usuario=Smoke Test | Perfil=Administrador | Tela=Financeiro | Acao=Financeiro: Conta a receber liquidada com sucesso! | ErroTecnico= | StackTrace=
DataHora=2026-09-26T18:22:25.5052337-03:00 | Nivel=INFO | Usuario=Smoke Test | Perfil=Administrador | Tela=Geral | Acao=Smoke test aprovado: Interacao:Modulo:FinanceiroControl (21813 ms). | ErroTecnico= | StackTrace=
DataHora=2026-09-26T18:22:25.5059816-03:00 | Nivel=INFO | Usuario=Smoke Test | Perfil=Administrador | Tela=Geral | Acao=Smoke test iniciando: Interacao:Modulo:FornecedoresControl. | ErroTecnico= | StackTrace=
DataHora=2026-09-26T18:22:32.6851923-03:00 | Nivel=INFO | Usuario=Smoke Test | Perfil=Administrador | Tela=Geral | Acao=Smoke test aprovado: Interacao:Modulo:FornecedoresControl (7179 ms). | ErroTecnico= | StackTrace=
DataHora=2026-09-26T18:22:32.6859789-03:00 | Nivel=INFO | Usuario=Smoke Test | Perfil=Administrador | Tela=Geral | Acao=Smoke test iniciando: Interacao:Modulo:FuncionariosControl. | ErroTecnico= | StackTrace=
DataHora=2026-09-26T18:23:00.7965068-03:00 | Nivel=INFO | Usuario=Smoke Test | Perfil=Administrador | Tela=Geral | Acao=Chave 2FA gerada para usuario: admin@primoauto.com | ErroTecnico= | StackTrace=
DataHora=2026-09-26T18:23:03.8379793-03:00 | Nivel=WARN | Usuario=Smoke Test | Perfil=Administrador | Tela=Geral | Acao=Smoke test 'Interacao:Modulo:FuncionariosControl' demorou 31151 ms (acima de 30000 ms). | ErroTecnico= | StackTrace=
DataHora=2026-09-26T18:23:03.8387550-03:00 | Nivel=INFO | Usuario=Smoke Test | Perfil=Administrador | Tela=Geral | Acao=Smoke test aprovado: Interacao:Modulo:FuncionariosControl (31151 ms). | ErroTecnico= | StackTrace=
DataHora=2026-09-26T18:23:03.8393951-03:00 | Nivel=INFO | Usuario=Smoke Test | Perfil=Administrador | Tela=Geral | Acao=Smoke test iniciando: Interacao:Modulo:AgendamentosControl. | ErroTecnico= | StackTrace=
DataHora=2026-09-26T18:23:04.2611618-03:00 | Nivel=INFO | Usuario=Smoke Test | Perfil=Administrador | Tela=Agendamentos | Acao=Impressao da agenda validada em automacao sem abrir dialogo de impressora. | ErroTecnico= | StackTrace=
DataHora=2026-09-26T18:23:04.2732379-03:00 | Nivel=INFO | Usuario=Smoke Test | Perfil=Administrador | Tela=Agendamentos | Acao=Agenda exportada em PDF validada em automacao em 'C:\Users\campo\AppData\Local\Temp\primox-c115-smoke-20260926_181445\Logs\agendamentos-smoke\Agenda_20260926_182304.pdf'. | ErroTecnico= | StackTrace=
DataHora=2026-09-26T18:23:04.2750614-03:00 | Nivel=INFO | Usuario=Smoke Test | Perfil=Administrador | Tela=Agendamentos | Acao=Filtros: Filtros limpos! Agora você pode buscar livremente. | ErroTecnico= | StackTrace=
DataHora=2026-09-26T18:23:06.5998848-03:00 | Nivel=INFO | Usuario=Smoke Test | Perfil=Administrador | Tela=Geral | Acao=Smoke test aprovado: Interacao:Modulo:AgendamentosControl (2760 ms). | ErroTecnico= | StackTrace=
DataHora=2026-09-26T18:23:06.6006051-03:00 | Nivel=INFO | Usuario=Smoke Test | Perfil=Administrador | Tela=Geral | Acao=Smoke test iniciando: Interacao:Modulo:RelatoriosControl. | ErroTecnico= | StackTrace=
DataHora=2026-09-26T18:23:06.7676041-03:00 | Nivel=INFO | Usuario=Smoke Test | Perfil=Administrador | Tela=Relatorios | Acao=ObterDadosFinanceiros(limit=250) concluida em 0 ms. | ErroTecnico= | StackTrace=
DataHora=2026-09-26T18:23:06.7690110-03:00 | Nivel=INFO | Usuario=Smoke Test | Perfil=Administrador | Tela=Relatorios | Acao=ObterDadosVendas(limit=250) concluida em 0 ms. | ErroTecnico= | StackTrace=
DataHora=2026-09-26T18:23:06.7704698-03:00 | Nivel=INFO | Usuario=Smoke Test | Perfil=Administrador | Tela=Relatorios | Acao=ObterMargemPorProduto(limit=100) concluida em 0 ms. | ErroTecnico= | StackTrace=
DataHora=2026-09-26T18:23:06.7715264-03:00 | Nivel=INFO | Usuario=Smoke Test | Perfil=Administrador | Tela=Relatorios | Acao=ObterVendasPorHora concluida em 0 ms. | ErroTecnico= | StackTrace=
DataHora=2026-09-26T18:23:06.7726187-03:00 | Nivel=INFO | Usuario=Smoke Test | Perfil=Administrador | Tela=Relatorios | Acao=ObterVendasPorDia(limit=31) concluida em 0 ms. | ErroTecnico= | StackTrace=
DataHora=2026-09-26T18:23:06.7737299-03:00 | Nivel=INFO | Usuario=Smoke Test | Perfil=Administrador | Tela=Relatorios | Acao=ObterInadimplenciaDetalhada(limit=100) concluida em 0 ms. | ErroTecnico= | StackTrace=
DataHora=2026-09-26T18:23:06.7748848-03:00 | Nivel=INFO | Usuario=Smoke Test | Perfil=Administrador | Tela=Relatorios | Acao=ObterConciliacaoFinanceira concluida em 0 ms. | ErroTecnico= | StackTrace=
DataHora=2026-09-26T18:23:06.7763218-03:00 | Nivel=INFO | Usuario=Smoke Test | Perfil=Administrador | Tela=Relatorios | Acao=ObterOsAbertas concluida em 0 ms. | ErroTecnico= | StackTrace=
DataHora=2026-09-26T18:23:06.7776194-03:00 | Nivel=INFO | Usuario=Smoke Test | Perfil=Administrador | Tela=Relatorios | Acao=ObterOsFinalizadas concluida em 0 ms. | ErroTecnico= | StackTrace=
DataHora=2026-09-26T18:23:06.7792046-03:00 | Nivel=INFO | Usuario=Smoke Test | Perfil=Administrador | Tela=Relatorios | Acao=ObterOrdensServicoPorTecnico concluida em 0 ms. | ErroTecnico= | StackTrace=
DataHora=2026-09-26T18:23:06.7805383-03:00 | Nivel=INFO | Usuario=Smoke Test | Perfil=Administrador | Tela=Relatorios | Acao=ObterServicosRelatorio concluida em 0 ms. | ErroTecnico= | StackTrace=
DataHora=2026-09-26T18:23:06.7816021-03:00 | Nivel=INFO | Usuario=Smoke Test | Perfil=Administrador | Tela=Relatorios | Acao=ObterDadosEstoque(limit=250) concluida em 0 ms. | ErroTecnico= | StackTrace=
DataHora=2026-09-26T18:23:06.7826816-03:00 | Nivel=INFO | Usuario=Smoke Test | Perfil=Administrador | Tela=Relatorios | Acao=ObterDadosClientes(limit=250) concluida em 0 ms. | ErroTecnico= | StackTrace=
DataHora=2026-09-26T18:23:06.7837519-03:00 | Nivel=INFO | Usuario=Smoke Test | Perfil=Administrador | Tela=Relatorios | Acao=ObterDadosOrcamentos(limit=250) concluida em 0 ms. | ErroTecnico= | StackTrace=
DataHora=2026-09-26T18:23:06.7847957-03:00 | Nivel=INFO | Usuario=Smoke Test | Perfil=Administrador | Tela=Relatorios | Acao=ObterDadosCaixa(limit=250) concluida em 0 ms. | ErroTecnico= | StackTrace=
DataHora=2026-09-26T18:23:06.7867338-03:00 | Nivel=INFO | Usuario=Smoke Test | Perfil=Administrador | Tela=Relatorios | Acao=ObterDemonstrativoResultado concluida em 0 ms. | ErroTecnico= | StackTrace=
DataHora=2026-09-26T18:23:06.7880492-03:00 | Nivel=INFO | Usuario=Smoke Test | Perfil=Administrador | Tela=Relatorios | Acao=ObterTicketMedio concluida em 0 ms. | ErroTecnico= | StackTrace=
DataHora=2026-09-26T18:23:06.7889422-03:00 | Nivel=INFO | Usuario=Smoke Test | Perfil=Administrador | Tela=Relatorios | Acao=ObterTotalClientes concluida em 0 ms. | ErroTecnico= | StackTrace=
DataHora=2026-09-26T18:23:06.7898632-03:00 | Nivel=INFO | Usuario=Smoke Test | Perfil=Administrador | Tela=Relatorios | Acao=ObterProdutosSemGiro concluida em 0 ms. | ErroTecnico= | StackTrace=
DataHora=2026-09-26T18:23:06.7908278-03:00 | Nivel=INFO | Usuario=Smoke Test | Perfil=Administrador | Tela=Relatorios | Acao=ObterConversaoOrcamentos concluida em 0 ms. | ErroTecnico= | StackTrace=
DataHora=2026-09-26T18:23:06.7921000-03:00 | Nivel=INFO | Usuario=Smoke Test | Perfil=Administrador | Tela=Relatorios | Acao=ObterResumoConsistenciaOperacional concluida em 0 ms. | ErroTecnico= | StackTrace=
DataHora=2026-09-26T18:23:06.8260555-03:00 | Nivel=INFO | Usuario=Smoke Test | Perfil=Administrador | Tela=Auditoria | Acao=ObterAuditoriaPaginada(pagina=1, tamanho=100) concluida em 0 ms. | ErroTecnico= | StackTrace=
DataHora=2026-09-26T18:23:07.0313391-03:00 | Nivel=INFO | Usuario=Smoke Test | Perfil=Administrador | Tela=Auditoria | Acao=ObterCategoriasAuditoriaOperacional concluida em 0 ms. | ErroTecnico= | StackTrace=
DataHora=2026-09-26T18:23:07.0340516-03:00 | Nivel=INFO | Usuario=Smoke Test | Perfil=Administrador | Tela=Relatorios | Acao=Workspace de relatorios carregado com 0 vendas, 2 clientes e 0 eventos de auditoria exibidos. | ErroTecnico= | StackTrace=
DataHora=2026-09-26T18:23:07.6110380-03:00 | Nivel=INFO | Usuario=Smoke Test | Perfil=Administrador | Tela=Relatorios | Acao=ObterDadosFinanceiros(limit=250) concluida em 0 ms. | ErroTecnico= | StackTrace=
DataHora=2026-09-26T18:23:07.6126097-03:00 | Nivel=INFO | Usuario=Smoke Test | Perfil=Administrador | Tela=Relatorios | Acao=ObterDadosVendas(limit=250) concluida em 0 ms. | ErroTecnico= | StackTrace=
DataHora=2026-09-26T18:23:07.6141503-03:00 | Nivel=INFO | Usuario=Smoke Test | Perfil=Administrador | Tela=Relatorios | Acao=ObterMargemPorProduto(limit=100) concluida em 0 ms. | ErroTecnico= | StackTrace=
DataHora=2026-09-26T18:23:07.6152816-03:00 | Nivel=INFO | Usuario=Smoke Test | Perfil=Administrador | Tela=Relatorios | Acao=ObterVendasPorHora concluida em 0 ms. | ErroTecnico= | StackTrace=
DataHora=2026-09-26T18:23:07.6164186-03:00 | Nivel=INFO | Usuario=Smoke Test | Perfil=Administrador | Tela=Relatorios | Acao=ObterVendasPorDia(limit=31) concluida em 0 ms. | ErroTecnico= | StackTrace=
DataHora=2026-09-26T18:23:07.6175490-03:00 | Nivel=INFO | Usuario=Smoke Test | Perfil=Administrador | Tela=Relatorios | Acao=ObterInadimplenciaDetalhada(limit=100) concluida em 0 ms. | ErroTecnico= | StackTrace=
DataHora=2026-09-26T18:23:07.6187051-03:00 | Nivel=INFO | Usuario=Smoke Test | Perfil=Administrador | Tela=Relatorios | Acao=ObterConciliacaoFinanceira concluida em 0 ms. | ErroTecnico= | StackTrace=
DataHora=2026-09-26T18:23:07.6200509-03:00 | Nivel=INFO | Usuario=Smoke Test | Perfil=Administrador | Tela=Relatorios | Acao=ObterOsAbertas concluida em 0 ms. | ErroTecnico= | StackTrace=
DataHora=2026-09-26T18:23:07.6214743-03:00 | Nivel=INFO | Usuario=Smoke Test | Perfil=Administrador | Tela=Relatorios | Acao=ObterOsFinalizadas concluida em 0 ms. | ErroTecnico= | StackTrace=
DataHora=2026-09-26T18:23:07.6231406-03:00 | Nivel=INFO | Usuario=Smoke Test | Perfil=Administrador | Tela=Relatorios | Acao=ObterOrdensServicoPorTecnico concluida em 0 ms. | ErroTecnico= | StackTrace=
DataHora=2026-09-26T18:23:07.6245929-03:00 | Nivel=INFO | Usuario=Smoke Test | Perfil=Administrador | Tela=Relatorios | Acao=ObterServicosRelatorio concluida em 0 ms. | ErroTecnico= | StackTrace=
DataHora=2026-09-26T18:23:07.6257508-03:00 | Nivel=INFO | Usuario=Smoke Test | Perfil=Administrador | Tela=Relatorios | Acao=ObterDadosEstoque(limit=250) concluida em 0 ms. | ErroTecnico= | StackTrace=
DataHora=2026-09-26T18:23:07.6268614-03:00 | Nivel=INFO | Usuario=Smoke Test | Perfil=Administrador | Tela=Relatorios | Acao=ObterDadosClientes(limit=250) concluida em 0 ms. | ErroTecnico= | StackTrace=
DataHora=2026-09-26T18:23:07.6279720-03:00 | Nivel=INFO | Usuario=Smoke Test | Perfil=Administrador | Tela=Relatorios | Acao=ObterDadosOrcamentos(limit=250) concluida em 0 ms. | ErroTecnico= | StackTrace=
DataHora=2026-09-26T18:23:07.6290230-03:00 | Nivel=INFO | Usuario=Smoke Test | Perfil=Administrador | Tela=Relatorios | Acao=ObterDadosCaixa(limit=250) concluida em 0 ms. | ErroTecnico= | StackTrace=
DataHora=2026-09-26T18:23:07.6311345-03:00 | Nivel=INFO | Usuario=Smoke Test | Perfil=Administrador | Tela=Relatorios | Acao=ObterDemonstrativoResultado concluida em 0 ms. | ErroTecnico= | StackTrace=
DataHora=2026-09-26T18:23:07.6325318-03:00 | Nivel=INFO | Usuario=Smoke Test | Perfil=Administrador | Tela=Relatorios | Acao=ObterTicketMedio concluida em 0 ms. | ErroTecnico= | StackTrace=
DataHora=2026-09-26T18:23:07.6334636-03:00 | Nivel=INFO | Usuario=Smoke Test | Perfil=Administrador | Tela=Relatorios | Acao=ObterTotalClientes concluida em 0 ms. | ErroTecnico= | StackTrace=
DataHora=2026-09-26T18:23:07.6344008-03:00 | Nivel=INFO | Usuario=Smoke Test | Perfil=Administrador | Tela=Relatorios | Acao=ObterProdutosSemGiro concluida em 0 ms. | ErroTecnico= | StackTrace=
DataHora=2026-09-26T18:23:07.6353117-03:00 | Nivel=INFO | Usuario=Smoke Test | Perfil=Administrador | Tela=Relatorios | Acao=ObterConversaoOrcamentos concluida em 0 ms. | ErroTecnico= | StackTrace=
DataHora=2026-09-26T18:23:07.6366135-03:00 | Nivel=INFO | Usuario=Smoke Test | Perfil=Administrador | Tela=Relatorios | Acao=ObterResumoConsistenciaOperacional concluida em 0 ms. | ErroTecnico= | StackTrace=
DataHora=2026-09-26T18:23:07.6656755-03:00 | Nivel=INFO | Usuario=Smoke Test | Perfil=Administrador | Tela=Auditoria | Acao=ObterAuditoriaPaginada(pagina=1, tamanho=100) concluida em 0 ms. | ErroTecnico= | StackTrace=
DataHora=2026-09-26T18:23:07.8848199-03:00 | Nivel=INFO | Usuario=Smoke Test | Perfil=Administrador | Tela=Auditoria | Acao=ObterCategoriasAuditoriaOperacional concluida em 0 ms. | ErroTecnico= | StackTrace=
DataHora=2026-09-26T18:23:07.8880747-03:00 | Nivel=INFO | Usuario=Smoke Test | Perfil=Administrador | Tela=Relatorios | Acao=Workspace de relatorios carregado com 0 vendas, 2 clientes e 0 eventos de auditoria exibidos. | ErroTecnico= | StackTrace=
DataHora=2026-09-26T18:23:07.9744843-03:00 | Nivel=INFO | Usuario=Smoke Test | Perfil=Administrador | Tela=Relatorios | Acao=PDF de relatorios gerado em C:\Users\campo\AppData\Local\Temp\primox-c115-smoke-20260926_181445\Logs\relatorios-exportacoes\Relatorio_20260926_182307965.pdf. | ErroTecnico= | StackTrace=
DataHora=2026-09-26T18:23:08.6657272-03:00 | Nivel=INFO | Usuario=Smoke Test | Perfil=Administrador | Tela=Relatorios | Acao=Excel/CSV de relatorios gerado em C:\Users\campo\AppData\Local\Temp\primox-c115-smoke-20260926_181445\Logs\relatorios-exportacoes\Relatorio_Excel_20260926_182307975.csv. | ErroTecnico= | StackTrace=
DataHora=2026-09-26T18:23:08.7465158-03:00 | Nivel=INFO | Usuario=Smoke Test | Perfil=Administrador | Tela=Relatorios | Acao=Pacote de evidencias de relatorios gerado em C:\Users\campo\AppData\Local\Temp\primox-c115-smoke-20260926_181445\Logs\relatorios-exportacoes\Evidencias_Relatorios_20260926_182308667. | ErroTecnico= | StackTrace=
DataHora=2026-09-26T18:23:08.7480363-03:00 | Nivel=INFO | Usuario=Smoke Test | Perfil=Administrador | Tela=Relatorios | Acao=Impressao do painel de relatorios validada em automacao sem abrir dialogo de impressora. | ErroTecnico= | StackTrace=
DataHora=2026-09-26T18:23:10.9408670-03:00 | Nivel=INFO | Usuario=Smoke Test | Perfil=Administrador | Tela=Relatorios | Acao=ObterDadosFinanceiros(limit=250) concluida em 0 ms. | ErroTecnico= | StackTrace=
DataHora=2026-09-26T18:23:10.9424576-03:00 | Nivel=INFO | Usuario=Smoke Test | Perfil=Administrador | Tela=Relatorios | Acao=ObterDadosVendas(limit=250) concluida em 0 ms. | ErroTecnico= | StackTrace=
DataHora=2026-09-26T18:23:10.9439420-03:00 | Nivel=INFO | Usuario=Smoke Test | Perfil=Administrador | Tela=Relatorios | Acao=ObterMargemPorProduto(limit=100) concluida em 0 ms. | ErroTecnico= | StackTrace=
DataHora=2026-09-26T18:23:10.9450022-03:00 | Nivel=INFO | Usuario=Smoke Test | Perfil=Administrador | Tela=Relatorios | Acao=ObterVendasPorHora concluida em 0 ms. | ErroTecnico= | StackTrace=
DataHora=2026-09-26T18:23:10.9461478-03:00 | Nivel=INFO | Usuario=Smoke Test | Perfil=Administrador | Tela=Relatorios | Acao=ObterVendasPorDia(limit=31) concluida em 0 ms. | ErroTecnico= | StackTrace=
DataHora=2026-09-26T18:23:10.9471997-03:00 | Nivel=INFO | Usuario=Smoke Test | Perfil=Administrador | Tela=Relatorios | Acao=ObterInadimplenciaDetalhada(limit=100) concluida em 0 ms. | ErroTecnico= | StackTrace=
DataHora=2026-09-26T18:23:10.9482997-03:00 | Nivel=INFO | Usuario=Smoke Test | Perfil=Administrador | Tela=Relatorios | Acao=ObterConciliacaoFinanceira concluida em 0 ms. | ErroTecnico= | StackTrace=
DataHora=2026-09-26T18:23:10.9495802-03:00 | Nivel=INFO | Usuario=Smoke Test | Perfil=Administrador | Tela=Relatorios | Acao=ObterOsAbertas concluida em 0 ms. | ErroTecnico= | StackTrace=
DataHora=2026-09-26T18:23:10.9508689-03:00 | Nivel=INFO | Usuario=Smoke Test | Perfil=Administrador | Tela=Relatorios | Acao=ObterOsFinalizadas concluida em 0 ms. | ErroTecnico= | StackTrace=
DataHora=2026-09-26T18:23:10.9524386-03:00 | Nivel=INFO | Usuario=Smoke Test | Perfil=Administrador | Tela=Relatorios | Acao=ObterOrdensServicoPorTecnico concluida em 0 ms. | ErroTecnico= | StackTrace=
DataHora=2026-09-26T18:23:10.9537495-03:00 | Nivel=INFO | Usuario=Smoke Test | Perfil=Administrador | Tela=Relatorios | Acao=ObterServicosRelatorio concluida em 0 ms. | ErroTecnico= | StackTrace=
DataHora=2026-09-26T18:23:10.9549094-03:00 | Nivel=INFO | Usuario=Smoke Test | Perfil=Administrador | Tela=Relatorios | Acao=ObterDadosEstoque(limit=250) concluida em 0 ms. | ErroTecnico= | StackTrace=
DataHora=2026-09-26T18:23:10.9558700-03:00 | Nivel=INFO | Usuario=Smoke Test | Perfil=Administrador | Tela=Relatorios | Acao=ObterDadosClientes(limit=250) concluida em 0 ms. | ErroTecnico= | StackTrace=
DataHora=2026-09-26T18:23:10.9568924-03:00 | Nivel=INFO | Usuario=Smoke Test | Perfil=Administrador | Tela=Relatorios | Acao=ObterDadosOrcamentos(limit=250) concluida em 0 ms. | ErroTecnico= | StackTrace=
DataHora=2026-09-26T18:23:10.9578597-03:00 | Nivel=INFO | Usuario=Smoke Test | Perfil=Administrador | Tela=Relatorios | Acao=ObterDadosCaixa(limit=250) concluida em 0 ms. | ErroTecnico= | StackTrace=
DataHora=2026-09-26T18:23:10.9597519-03:00 | Nivel=INFO | Usuario=Smoke Test | Perfil=Administrador | Tela=Relatorios | Acao=ObterDemonstrativoResultado concluida em 0 ms. | ErroTecnico= | StackTrace=
DataHora=2026-09-26T18:23:10.9610664-03:00 | Nivel=INFO | Usuario=Smoke Test | Perfil=Administrador | Tela=Relatorios | Acao=ObterTicketMedio concluida em 0 ms. | ErroTecnico= | StackTrace=
DataHora=2026-09-26T18:23:10.9619812-03:00 | Nivel=INFO | Usuario=Smoke Test | Perfil=Administrador | Tela=Relatorios | Acao=ObterTotalClientes concluida em 0 ms. | ErroTecnico= | StackTrace=
DataHora=2026-09-26T18:23:10.9628781-03:00 | Nivel=INFO | Usuario=Smoke Test | Perfil=Administrador | Tela=Relatorios | Acao=ObterProdutosSemGiro concluida em 0 ms. | ErroTecnico= | StackTrace=
DataHora=2026-09-26T18:23:10.9637902-03:00 | Nivel=INFO | Usuario=Smoke Test | Perfil=Administrador | Tela=Relatorios | Acao=ObterConversaoOrcamentos concluida em 0 ms. | ErroTecnico= | StackTrace=
DataHora=2026-09-26T18:23:10.9650715-03:00 | Nivel=INFO | Usuario=Smoke Test | Perfil=Administrador | Tela=Relatorios | Acao=ObterResumoConsistenciaOperacional concluida em 0 ms. | ErroTecnico= | StackTrace=
DataHora=2026-09-26T18:23:10.9819825-03:00 | Nivel=INFO | Usuario=Smoke Test | Perfil=Administrador | Tela=Auditoria | Acao=ObterAuditoriaPaginada(pagina=1, tamanho=100) concluida em 0 ms. | ErroTecnico= | StackTrace=
DataHora=2026-09-26T18:23:11.2208508-03:00 | Nivel=INFO | Usuario=Smoke Test | Perfil=Administrador | Tela=Auditoria | Acao=ObterCategoriasAuditoriaOperacional concluida em 0 ms. | ErroTecnico= | StackTrace=
DataHora=2026-09-26T18:23:11.2244455-03:00 | Nivel=INFO | Usuario=Smoke Test | Perfil=Administrador | Tela=Relatorios | Acao=Workspace de relatorios carregado com 0 vendas, 2 clientes e 0 eventos de auditoria exibidos. | ErroTecnico= | StackTrace=
DataHora=2026-09-26T18:23:11.3023470-03:00 | Nivel=INFO | Usuario=Smoke Test | Perfil=Administrador | Tela=Relatorios | Acao=ObterDadosFinanceiros(limit=250) concluida em 0 ms. | ErroTecnico= | StackTrace=
DataHora=2026-09-26T18:23:11.3043048-03:00 | Nivel=INFO | Usuario=Smoke Test | Perfil=Administrador | Tela=Relatorios | Acao=ObterDadosVendas(limit=250) concluida em 0 ms. | ErroTecnico= | StackTrace=
DataHora=2026-09-26T18:23:11.3064979-03:00 | Nivel=INFO | Usuario=Smoke Test | Perfil=Administrador | Tela=Relatorios | Acao=ObterMargemPorProduto(limit=100) concluida em 1 ms. | ErroTecnico= | StackTrace=
DataHora=2026-09-26T18:23:11.3080022-03:00 | Nivel=INFO | Usuario=Smoke Test | Perfil=Administrador | Tela=Relatorios | Acao=ObterVendasPorHora concluida em 0 ms. | ErroTecnico= | StackTrace=
DataHora=2026-09-26T18:23:11.3092024-03:00 | Nivel=INFO | Usuario=Smoke Test | Perfil=Administrador | Tela=Relatorios | Acao=ObterVendasPorDia(limit=31) concluida em 0 ms. | ErroTecnico= | StackTrace=
DataHora=2026-09-26T18:23:11.3103022-03:00 | Nivel=INFO | Usuario=Smoke Test | Perfil=Administrador | Tela=Relatorios | Acao=ObterInadimplenciaDetalhada(limit=100) concluida em 0 ms. | ErroTecnico= | StackTrace=
DataHora=2026-09-26T18:23:11.3126243-03:00 | Nivel=INFO | Usuario=Smoke Test | Perfil=Administrador | Tela=Relatorios | Acao=ObterConciliacaoFinanceira concluida em 1 ms. | ErroTecnico= | StackTrace=
DataHora=2026-09-26T18:23:11.3147543-03:00 | Nivel=INFO | Usuario=Smoke Test | Perfil=Administrador | Tela=Relatorios | Acao=ObterOsAbertas concluida em 1 ms. | ErroTecnico= | StackTrace=
DataHora=2026-09-26T18:23:11.3160810-03:00 | Nivel=INFO | Usuario=Smoke Test | Perfil=Administrador | Tela=Relatorios | Acao=ObterOsFinalizadas concluida em 0 ms. | ErroTecnico= | StackTrace=
DataHora=2026-09-26T18:23:11.3181924-03:00 | Nivel=INFO | Usuario=Smoke Test | Perfil=Administrador | Tela=Relatorios | Acao=ObterOrdensServicoPorTecnico concluida em 1 ms. | ErroTecnico= | StackTrace=
DataHora=2026-09-26T18:23:11.3209702-03:00 | Nivel=INFO | Usuario=Smoke Test | Perfil=Administrador | Tela=Relatorios | Acao=ObterServicosRelatorio concluida em 1 ms. | ErroTecnico= | StackTrace=
DataHora=2026-09-26T18:23:11.3224913-03:00 | Nivel=INFO | Usuario=Smoke Test | Perfil=Administrador | Tela=Relatorios | Acao=ObterDadosEstoque(limit=250) concluida em 0 ms. | ErroTecnico= | StackTrace=
DataHora=2026-09-26T18:23:11.3234638-03:00 | Nivel=INFO | Usuario=Smoke Test | Perfil=Administrador | Tela=Relatorios | Acao=ObterDadosClientes(limit=250) concluida em 0 ms. | ErroTecnico= | StackTrace=
DataHora=2026-09-26T18:23:11.3254527-03:00 | Nivel=INFO | Usuario=Smoke Test | Perfil=Administrador | Tela=Relatorios | Acao=ObterDadosOrcamentos(limit=250) concluida em 1 ms. | ErroTecnico= | StackTrace=
DataHora=2026-09-26T18:23:11.3270988-03:00 | Nivel=INFO | Usuario=Smoke Test | Perfil=Administrador | Tela=Relatorios | Acao=ObterDadosCaixa(limit=250) concluida em 0 ms. | ErroTecnico= | StackTrace=
DataHora=2026-09-26T18:23:11.3305274-03:00 | Nivel=INFO | Usuario=Smoke Test | Perfil=Administrador | Tela=Relatorios | Acao=ObterDemonstrativoResultado concluida em 0 ms. | ErroTecnico= | StackTrace=
DataHora=2026-09-26T18:23:11.3318984-03:00 | Nivel=INFO | Usuario=Smoke Test | Perfil=Administrador | Tela=Relatorios | Acao=ObterTicketMedio concluida em 0 ms. | ErroTecnico= | StackTrace=
DataHora=2026-09-26T18:23:11.3327942-03:00 | Nivel=INFO | Usuario=Smoke Test | Perfil=Administrador | Tela=Relatorios | Acao=ObterTotalClientes concluida em 0 ms. | ErroTecnico= | StackTrace=
DataHora=2026-09-26T18:23:11.3336628-03:00 | Nivel=INFO | Usuario=Smoke Test | Perfil=Administrador | Tela=Relatorios | Acao=ObterProdutosSemGiro concluida em 0 ms. | ErroTecnico= | StackTrace=
DataHora=2026-09-26T18:23:11.3346319-03:00 | Nivel=INFO | Usuario=Smoke Test | Perfil=Administrador | Tela=Relatorios | Acao=ObterConversaoOrcamentos concluida em 0 ms. | ErroTecnico= | StackTrace=
DataHora=2026-09-26T18:23:11.3358693-03:00 | Nivel=INFO | Usuario=Smoke Test | Perfil=Administrador | Tela=Relatorios | Acao=ObterResumoConsistenciaOperacional concluida em 0 ms. | ErroTecnico= | StackTrace=
DataHora=2026-09-26T18:23:11.3561649-03:00 | Nivel=INFO | Usuario=Smoke Test | Perfil=Administrador | Tela=Auditoria | Acao=ObterAuditoriaPaginada(pagina=1, tamanho=100) concluida em 1 ms. | ErroTecnico= | StackTrace=
DataHora=2026-09-26T18:23:12.1425259-03:00 | Nivel=INFO | Usuario=Smoke Test | Perfil=Administrador | Tela=Auditoria | Acao=ObterCategoriasAuditoriaOperacional concluida em 0 ms. | ErroTecnico= | StackTrace=
DataHora=2026-09-26T18:23:12.1450728-03:00 | Nivel=INFO | Usuario=Smoke Test | Perfil=Administrador | Tela=Relatorios | Acao=Workspace de relatorios carregado com 7 vendas, 2 clientes e 100 eventos de auditoria exibidos. | ErroTecnico= | StackTrace=
DataHora=2026-09-26T18:23:16.0305863-03:00 | Nivel=INFO | Usuario=Smoke Test | Perfil=Administrador | Tela=Auditoria | Acao=ObterAuditoriaPaginada(pagina=1, tamanho=100) concluida em 1 ms. | ErroTecnico= | StackTrace=
DataHora=2026-09-26T18:23:16.0456276-03:00 | Nivel=INFO | Usuario=Smoke Test | Perfil=Administrador | Tela=Auditoria | Acao=ObterCategoriasAuditoriaOperacional concluida em 0 ms. | ErroTecnico= | StackTrace=
DataHora=2026-09-26T18:23:16.3357688-03:00 | Nivel=INFO | Usuario=Smoke Test | Perfil=Administrador | Tela=Geral | Acao=Smoke test aprovado: Interacao:Modulo:RelatoriosControl (9735 ms). | ErroTecnico= | StackTrace=
DataHora=2026-09-26T18:23:16.3398089-03:00 | Nivel=INFO | Usuario=Smoke Test | Perfil=Administrador | Tela=Geral | Acao=Smoke test iniciando: Janela:ConfigurarPermissoesWindow. | ErroTecnico= | StackTrace=
DataHora=2026-09-26T18:23:16.6376458-03:00 | Nivel=INFO | Usuario=Smoke Test | Perfil=Administrador | Tela=Geral | Acao=Smoke test aprovado: Janela:ConfigurarPermissoesWindow (297 ms). | ErroTecnico= | StackTrace=
DataHora=2026-09-26T18:23:16.6383098-03:00 | Nivel=INFO | Usuario=Smoke Test | Perfil=Administrador | Tela=Geral | Acao=Smoke test iniciando: Janela:GerenciarPerfisWindow. | ErroTecnico= | StackTrace=
DataHora=2026-09-26T18:23:16.8582932-03:00 | Nivel=INFO | Usuario=Smoke Test | Perfil=Administrador | Tela=Geral | Acao=Smoke test aprovado: Janela:GerenciarPerfisWindow (219 ms). | ErroTecnico= | StackTrace=
DataHora=2026-09-26T18:23:16.8589837-03:00 | Nivel=INFO | Usuario=Smoke Test | Perfil=Administrador | Tela=Geral | Acao=Smoke test iniciando: Janela:NovoFuncionarioWindow. | ErroTecnico= | StackTrace=
DataHora=2026-09-26T18:23:16.9848215-03:00 | Nivel=INFO | Usuario=Smoke Test | Perfil=Administrador | Tela=Geral | Acao=Smoke test aprovado: Janela:NovoFuncionarioWindow (125 ms). | ErroTecnico= | StackTrace=
DataHora=2026-09-26T18:23:16.9854936-03:00 | Nivel=INFO | Usuario=Smoke Test | Perfil=Administrador | Tela=Geral | Acao=Smoke test iniciando: Janela:NovoPerfilWindow. | ErroTecnico= | StackTrace=
DataHora=2026-09-26T18:23:17.1147357-03:00 | Nivel=INFO | Usuario=Smoke Test | Perfil=Administrador | Tela=Geral | Acao=Smoke test aprovado: Janela:NovoPerfilWindow (129 ms). | ErroTecnico= | StackTrace=
DataHora=2026-09-26T18:23:17.1154013-03:00 | Nivel=INFO | Usuario=Smoke Test | Perfil=Administrador | Tela=Geral | Acao=Smoke test iniciando: Janela:EditarFuncionarioWindow. | ErroTecnico= | StackTrace=
DataHora=2026-09-26T18:23:17.2709400-03:00 | Nivel=INFO | Usuario=Smoke Test | Perfil=Administrador | Tela=Geral | Acao=Smoke test aprovado: Janela:EditarFuncionarioWindow (155 ms). | ErroTecnico= | StackTrace=
DataHora=2026-09-26T18:23:17.2715724-03:00 | Nivel=INFO | Usuario=Smoke Test | Perfil=Administrador | Tela=Geral | Acao=Smoke test iniciando: Janela:EditarClienteWindow. | ErroTecnico= | StackTrace=
DataHora=2026-09-26T18:23:17.3995943-03:00 | Nivel=INFO | Usuario=Smoke Test | Perfil=Administrador | Tela=Geral | Acao=Bloqueio criado: Cliente/ac2264d9-a3ed-4585-bc73-634c1e1e35cf por Smoke Test em CIRO. Expira em 30 minutos. | ErroTecnico= | StackTrace=
DataHora=2026-09-26T18:23:17.4645237-03:00 | Nivel=INFO | Usuario=Smoke Test | Perfil=Administrador | Tela=Geral | Acao=Bloqueio liberado: Cliente/ac2264d9-a3ed-4585-bc73-634c1e1e35cf por Smoke Test. | ErroTecnico= | StackTrace=
DataHora=2026-09-26T18:23:17.4652843-03:00 | Nivel=INFO | Usuario=Smoke Test | Perfil=Administrador | Tela=Geral | Acao=Smoke test aprovado: Janela:EditarClienteWindow (193 ms). | ErroTecnico= | StackTrace=
DataHora=2026-09-26T18:23:17.4658180-03:00 | Nivel=INFO | Usuario=Smoke Test | Perfil=Administrador | Tela=Geral | Acao=Smoke test iniciando: Janela:EditarProdutoWindow. | ErroTecnico= | StackTrace=
DataHora=2026-09-26T18:23:17.6178483-03:00 | Nivel=INFO | Usuario=Smoke Test | Perfil=Administrador | Tela=Geral | Acao=Bloqueio criado: Produto/bfb1a80f-d3ab-4065-90f9-0cb7ff010e89 por Smoke Test em CIRO. Expira em 30 minutos. | ErroTecnico= | StackTrace=
DataHora=2026-09-26T18:23:17.6591420-03:00 | Nivel=INFO | Usuario=Smoke Test | Perfil=Administrador | Tela=Geral | Acao=Bloqueio liberado: Produto/bfb1a80f-d3ab-4065-90f9-0cb7ff010e89 por Smoke Test. | ErroTecnico= | StackTrace=
DataHora=2026-09-26T18:23:17.6599540-03:00 | Nivel=INFO | Usuario=Smoke Test | Perfil=Administrador | Tela=Geral | Acao=Smoke test aprovado: Janela:EditarProdutoWindow (194 ms). | ErroTecnico= | StackTrace=
DataHora=2026-09-26T18:23:17.6604904-03:00 | Nivel=INFO | Usuario=Smoke Test | Perfil=Administrador | Tela=Geral | Acao=Smoke test iniciando: Janela:EditarFornecedorWindow. | ErroTecnico= | StackTrace=
DataHora=2026-09-26T18:23:17.8179511-03:00 | Nivel=INFO | Usuario=Smoke Test | Perfil=Administrador | Tela=Geral | Acao=Smoke test aprovado: Janela:EditarFornecedorWindow (157 ms). | ErroTecnico= | StackTrace=
DataHora=2026-09-26T18:23:17.8186312-03:00 | Nivel=INFO | Usuario=Smoke Test | Perfil=Administrador | Tela=Geral | Acao=Smoke test iniciando: Janela:HistoricoClienteWindow. | ErroTecnico= | StackTrace=
DataHora=2026-09-26T18:23:18.3741572-03:00 | Nivel=INFO | Usuario=Smoke Test | Perfil=Administrador | Tela=Geral | Acao=Smoke test aprovado: Janela:HistoricoClienteWindow (555 ms). | ErroTecnico= | StackTrace=
DataHora=2026-09-26T18:23:18.3748792-03:00 | Nivel=INFO | Usuario=Smoke Test | Perfil=Administrador | Tela=Geral | Acao=Smoke test iniciando: Janela:VisualizarFornecedorWindow. | ErroTecnico= | StackTrace=
DataHora=2026-09-26T18:23:18.5533955-03:00 | Nivel=INFO | Usuario=Smoke Test | Perfil=Administrador | Tela=Geral | Acao=Smoke test aprovado: Janela:VisualizarFornecedorWindow (178 ms). | ErroTecnico= | StackTrace=
DataHora=2026-09-26T18:23:18.5540469-03:00 | Nivel=INFO | Usuario=Smoke Test | Perfil=Administrador | Tela=Geral | Acao=Smoke test iniciando: Janela:VisualizarVeiculoWindow. | ErroTecnico= | StackTrace=
DataHora=2026-09-26T18:23:18.8994008-03:00 | Nivel=INFO | Usuario=Smoke Test | Perfil=Administrador | Tela=Geral | Acao=Smoke test aprovado: Janela:VisualizarVeiculoWindow (345 ms). | ErroTecnico= | StackTrace=
DataHora=2026-09-26T18:23:18.9001274-03:00 | Nivel=INFO | Usuario=Smoke Test | Perfil=Administrador | Tela=Geral | Acao=Smoke test iniciando: Janela:NovoVeiculoWindow. | ErroTecnico= | StackTrace=
DataHora=2026-09-26T18:23:19.0963362-03:00 | Nivel=INFO | Usuario=Smoke Test | Perfil=Administrador | Tela=Geral | Acao=Smoke test aprovado: Janela:NovoVeiculoWindow (196 ms). | ErroTecnico= | StackTrace=
DataHora=2026-09-26T18:23:19.0969949-03:00 | Nivel=INFO | Usuario=Smoke Test | Perfil=Administrador | Tela=Geral | Acao=Smoke test iniciando: Janela:HistoricoEstoqueWindow. | ErroTecnico= | StackTrace=
DataHora=2026-09-26T18:23:19.2224978-03:00 | Nivel=INFO | Usuario=Smoke Test | Perfil=Administrador | Tela=Geral | Acao=Smoke test aprovado: Janela:HistoricoEstoqueWindow (125 ms). | ErroTecnico= | StackTrace=
DataHora=2026-09-26T18:23:19.2231135-03:00 | Nivel=INFO | Usuario=Smoke Test | Perfil=Administrador | Tela=Geral | Acao=Smoke test iniciando: Janela:OrdemServicoWindow. | ErroTecnico= | StackTrace=
DataHora=2026-09-26T18:23:19.6170513-03:00 | Nivel=INFO | Usuario=Smoke Test | Perfil=Administrador | Tela=Geral | Acao=Smoke test aprovado: Janela:OrdemServicoWindow (393 ms). | ErroTecnico= | StackTrace=
DataHora=2026-09-26T18:23:19.6177495-03:00 | Nivel=INFO | Usuario=Smoke Test | Perfil=Administrador | Tela=Geral | Acao=Smoke test iniciando: Janela:OperacaoCaixaWindow. | ErroTecnico= | StackTrace=
DataHora=2026-09-26T18:23:19.7301652-03:00 | Nivel=INFO | Usuario=Smoke Test | Perfil=Administrador | Tela=Geral | Acao=Smoke test aprovado: Janela:OperacaoCaixaWindow (112 ms). | ErroTecnico= | StackTrace=
DataHora=2026-09-26T18:23:19.7307971-03:00 | Nivel=INFO | Usuario=Smoke Test | Perfil=Administrador | Tela=Geral | Acao=Smoke test iniciando: Janela:SelecionarOrcamentoWindow. | ErroTecnico= | StackTrace=
DataHora=2026-09-26T18:23:19.8495302-03:00 | Nivel=INFO | Usuario=Smoke Test | Perfil=Administrador | Tela=Geral | Acao=Smoke test aprovado: Janela:SelecionarOrcamentoWindow (118 ms). | ErroTecnico= | StackTrace=
DataHora=2026-09-26T18:23:19.8502388-03:00 | Nivel=INFO | Usuario=Smoke Test | Perfil=Administrador | Tela=Geral | Acao=Smoke test iniciando: Janela:SelecionarVendaWindow. | ErroTecnico= | StackTrace=
DataHora=2026-09-26T18:23:19.9607076-03:00 | Nivel=INFO | Usuario=Smoke Test | Perfil=Administrador | Tela=Geral | Acao=Smoke test aprovado: Janela:SelecionarVendaWindow (110 ms). | ErroTecnico= | StackTrace=
DataHora=2026-09-26T18:23:19.9613917-03:00 | Nivel=INFO | Usuario=Smoke Test | Perfil=Administrador | Tela=Geral | Acao=Smoke test iniciando: Janela:AdicionarFornecedorDialog. | ErroTecnico= | StackTrace=
DataHora=2026-09-26T18:23:20.0635876-03:00 | Nivel=INFO | Usuario=Smoke Test | Perfil=Administrador | Tela=Geral | Acao=Smoke test aprovado: Janela:AdicionarFornecedorDialog (102 ms). | ErroTecnico= | StackTrace=
DataHora=2026-09-26T18:23:20.0642722-03:00 | Nivel=INFO | Usuario=Smoke Test | Perfil=Administrador | Tela=Geral | Acao=Smoke test iniciando: Janela:ChecklistTecnicoWindow. | ErroTecnico= | StackTrace=
DataHora=2026-09-26T18:23:20.5369494-03:00 | Nivel=INFO | Usuario=Smoke Test | Perfil=Administrador | Tela=Geral | Acao=Smoke test aprovado: Janela:ChecklistTecnicoWindow (472 ms). | ErroTecnico= | StackTrace=
DataHora=2026-09-26T18:23:20.5377121-03:00 | Nivel=INFO | Usuario=Smoke Test | Perfil=Administrador | Tela=Geral | Acao=Smoke test iniciando: Janela:PosVendaWindow. | ErroTecnico= | StackTrace=
DataHora=2026-09-26T18:23:20.6712005-03:00 | Nivel=INFO | Usuario=Smoke Test | Perfil=Administrador | Tela=Geral | Acao=Smoke test aprovado: Janela:PosVendaWindow (133 ms). | ErroTecnico= | StackTrace=
DataHora=2026-09-26T18:23:20.8640772-03:00 | Nivel=INFO | Usuario=Smoke Test | Perfil=Administrador | Tela=Geral | Acao=Smoke test iniciando: Interacao:Janela:AtalhosTecladoWindow. | ErroTecnico= | StackTrace=
DataHora=2026-09-26T18:23:21.9585541-03:00 | Nivel=INFO | Usuario=Smoke Test | Perfil=Administrador | Tela=Geral | Acao=Smoke test aprovado: Interacao:Janela:AtalhosTecladoWindow (1094 ms). | ErroTecnico= | StackTrace=
DataHora=2026-09-26T18:23:21.9595044-03:00 | Nivel=INFO | Usuario=Smoke Test | Perfil=Administrador | Tela=Geral | Acao=Smoke test iniciando: Interacao:Janela:NovoClienteWindow. | ErroTecnico= | StackTrace=
DataHora=2026-09-26T18:23:22.4639845-03:00 | Nivel=INFO | Usuario=Smoke Test | Perfil=Administrador | Tela=Clientes | Acao=Sucesso: Cliente Smoke 182322435 salvo com sucesso! | ErroTecnico= | StackTrace=
DataHora=2026-09-26T18:23:22.4649605-03:00 | Nivel=INFO | Usuario=Smoke Test | Perfil=Administrador | Tela=Clientes | Acao=DialogResult suprimido em automacao para 'NovoClienteWindow': DialogResult somente pode ser definido após Window ser criado e exibido como caixa de diálogo. | ErroTecnico= | StackTrace=
DataHora=2026-09-26T18:23:24.2291846-03:00 | Nivel=INFO | Usuario=Smoke Test | Perfil=Administrador | Tela=Geral | Acao=Assinatura digital registrada para cliente 'Smoke 182324174' em 'C:\Users\campo\AppData\Local\Temp\primox-c115-smoke-20260926_181445\Clientes\Assinaturas\20260926182324_Smoke_182324174_971c9d4531c34668bfae150fb1a34938.txt'. | ErroTecnico= | StackTrace=
DataHora=2026-09-26T18:23:24.2305002-03:00 | Nivel=INFO | Usuario=Smoke Test | Perfil=Administrador | Tela=Clientes | Acao=Assinatura Digital: Assinatura digital registrada e vinculada ao cadastro. | ErroTecnico= | StackTrace=
DataHora=2026-09-26T18:23:25.2075950-03:00 | Nivel=INFO | Usuario=Smoke Test | Perfil=Administrador | Tela=Clientes | Acao=Arquivo sintetico de cliente gerado em 'C:\Users\campo\AppData\Local\Temp\primox-c115-smoke-20260926_181445\Clientes\Automacao\documento-cliente-smoke.txt'. | ErroTecnico= | StackTrace=
DataHora=2026-09-26T18:23:25.2087645-03:00 | Nivel=INFO | Usuario=Smoke Test | Perfil=Administrador | Tela=Clientes | Acao=Documento: Documento sintetico vinculado ao cadastro em automacao. | ErroTecnico= | StackTrace=
DataHora=2026-09-26T18:23:26.9034645-03:00 | Nivel=INFO | Usuario=Smoke Test | Perfil=Administrador | Tela=Clientes | Acao=Selecao de foto do cliente validada em automacao sem abrir seletor de arquivos. | ErroTecnico= | StackTrace=
DataHora=2026-09-26T18:23:27.7620589-03:00 | Nivel=INFO | Usuario=Smoke Test | Perfil=Administrador | Tela=Clientes | Acao=Veiculo sintetico adicionado ao cadastro em automacao sem abrir modal. | ErroTecnico= | StackTrace=
DataHora=2026-09-26T18:23:28.6201232-03:00 | Nivel=INFO | Usuario=Smoke Test | Perfil=Administrador | Tela=Clientes | Acao=Veiculo sintetico adicionado ao cadastro em automacao sem abrir modal. | ErroTecnico= | StackTrace=
DataHora=2026-09-26T18:23:29.2945897-03:00 | Nivel=INFO | Usuario=Smoke Test | Perfil=Administrador | Tela=Geral | Acao=Smoke test aprovado: Interacao:Janela:NovoClienteWindow (7335 ms). | ErroTecnico= | StackTrace=
DataHora=2026-09-26T18:23:29.2952342-03:00 | Nivel=INFO | Usuario=Smoke Test | Perfil=Administrador | Tela=Geral | Acao=Smoke test iniciando: Interacao:Janela:VisualizarClienteWindow. | ErroTecnico= | StackTrace=
DataHora=2026-09-26T18:23:29.7593054-03:00 | Nivel=INFO | Usuario=Smoke Test | Perfil=Administrador | Tela=Clientes | Acao=Arquivo ausente: Nenhuma assinatura vinculada a este cliente. | ErroTecnico= | StackTrace=
DataHora=2026-09-26T18:23:30.6279999-03:00 | Nivel=INFO | Usuario=Smoke Test | Perfil=Administrador | Tela=Clientes | Acao=Arquivo ausente: Nenhuma documento vinculada a este cliente. | ErroTecnico= | StackTrace=
DataHora=2026-09-26T18:23:31.4751265-03:00 | Nivel=INFO | Usuario=Smoke Test | Perfil=Administrador | Tela=Clientes | Acao=WhatsApp do cliente validado em automacao para o telefone 55 sem abrir aplicativo externo. | ErroTecnico= | StackTrace=
DataHora=2026-09-26T18:23:33.1368040-03:00 | Nivel=INFO | Usuario=Smoke Test | Perfil=Administrador | Tela=Geral | Acao=Smoke test aprovado: Interacao:Janela:VisualizarClienteWindow (3841 ms). | ErroTecnico= | StackTrace=
DataHora=2026-09-26T18:23:33.1375579-03:00 | Nivel=INFO | Usuario=Smoke Test | Perfil=Administrador | Tela=Geral | Acao=Smoke test iniciando: Interacao:Janela:ComissaoSettlementWindow. | ErroTecnico= | StackTrace=
DataHora=2026-09-26T18:23:38.0502467-03:00 | Nivel=INFO | Usuario=Smoke Test | Perfil=Administrador | Tela=Geral | Acao=Smoke test aprovado: Interacao:Janela:ComissaoSettlementWindow (4912 ms). | ErroTecnico= | StackTrace=
DataHora=2026-09-26T18:23:38.0510235-03:00 | Nivel=INFO | Usuario=Smoke Test | Perfil=Administrador | Tela=Geral | Acao=Smoke test iniciando: Interacao:Janela:GarantiaRetornosWindow. | ErroTecnico= | StackTrace=
DataHora=2026-09-26T18:23:41.8634599-03:00 | Nivel=INFO | Usuario=Smoke Test | Perfil=Administrador | Tela=Geral | Acao=Smoke test aprovado: Interacao:Janela:GarantiaRetornosWindow (3812 ms). | ErroTecnico= | StackTrace=
DataHora=2026-09-26T18:23:41.8642177-03:00 | Nivel=INFO | Usuario=Smoke Test | Perfil=Administrador | Tela=Geral | Acao=Smoke test iniciando: Interacao:Janela:ImportarCatalogoPecasWindow. | ErroTecnico= | StackTrace=
DataHora=2026-09-26T18:23:42.2983632-03:00 | Nivel=ERROR | Usuario=Smoke Test | Perfil=Administrador | Tela=Catalogo | Acao=Catalogo: Falha ao gerar a previa do catalogo:\nArquivo de catalogo nao encontrado. | ErroTecnico=System.IO.FileNotFoundException: Arquivo de catalogo nao encontrado. | StackTrace=   at PrimoAutoEletrica.Views.ImportarCatalogoPecasWindow.ValidarEntrada() in C:\Projetos\PrimoAutoEletrica\PrimoAutoEletrica\Views\ImportarCatalogoPecasWindow.xaml.cs:line 178\r\n   at PrimoAutoEletrica.Views.ImportarCatalogoPecasWindow.GerarPreviaButton_Click(Object sender, RoutedEventArgs e) in C:\Projetos\PrimoAutoEletrica\PrimoAutoEletrica\Views\ImportarCatalogoPecasWindow.xaml.cs:line 65
DataHora=2026-09-26T18:23:43.0616404-03:00 | Nivel=INFO | Usuario=Smoke Test | Perfil=Administrador | Tela=Catalogo | Acao=DialogResult suprimido em automacao para 'ImportarCatalogoPecasWindow': DialogResult somente pode ser definido após Window ser criado e exibido como caixa de diálogo. | ErroTecnico= | StackTrace=
DataHora=2026-09-26T18:23:44.5730953-03:00 | Nivel=INFO | Usuario=Smoke Test | Perfil=Administrador | Tela=Geral | Acao=Smoke test aprovado: Interacao:Janela:ImportarCatalogoPecasWindow (2708 ms). | ErroTecnico= | StackTrace=
DataHora=2026-09-26T18:23:44.5738273-03:00 | Nivel=INFO | Usuario=Smoke Test | Perfil=Administrador | Tela=Geral | Acao=Smoke test iniciando: Interacao:Janela:LembretesRevisaoWindow. | ErroTecnico= | StackTrace=
DataHora=2026-09-26T18:23:47.5516349-03:00 | Nivel=INFO | Usuario=Smoke Test | Perfil=Administrador | Tela=Geral | Acao=Smoke test aprovado: Interacao:Janela:LembretesRevisaoWindow (2977 ms). | ErroTecnico= | StackTrace=
DataHora=2026-09-26T18:23:47.5523301-03:00 | Nivel=INFO | Usuario=Smoke Test | Perfil=Administrador | Tela=Geral | Acao=Smoke test iniciando: Interacao:Janela:LoginWindow. | ErroTecnico= | StackTrace=
DataHora=2026-09-26T18:23:48.1646494-03:00 | Nivel=INFO | Usuario=Smoke Test | Perfil=Administrador | Tela=Geral | Acao=Sessão criada no banco: Usuario='Smoke Test', SessionId='f9e9dc68-39af-4af4-806a-2bdfa299c982', Machine='CIRO'. | ErroTecnico= | StackTrace=
DataHora=2026-09-26T18:23:48.1659048-03:00 | Nivel=INFO | Usuario=Smoke Test | Perfil=Administrador | Tela=Geral | Acao=Login realizado com sucesso para 'smoke-admin@primoauto.com' com perfil 'Administrador'. | ErroTecnico= | StackTrace=
DataHora=2026-09-26T18:23:48.1664743-03:00 | Nivel=INFO | Usuario=Smoke Test | Perfil=Administrador | Tela=Geral | Acao=Multi-filial indisponivel: usando apenas Unidade local. | ErroTecnico= | StackTrace=
DataHora=2026-09-26T18:23:48.1684009-03:00 | Nivel=INFO | Usuario=Smoke Test | Perfil=Administrador | Tela=Geral | Acao=Unidade de trabalho atual: Unidade local | ErroTecnico= | StackTrace=
DataHora=2026-09-26T18:23:48.2225122-03:00 | Nivel=INFO | Usuario=Smoke Test | Perfil=Administrador | Tela=Geral | Acao=Adicionado ao cache: Dashboard | ErroTecnico= | StackTrace=
DataHora=2026-09-26T18:23:48.2231460-03:00 | Nivel=INFO | Usuario=Smoke Test | Perfil=Administrador | Tela=Geral | Acao=Navegacao registrada: Dashboard | ErroTecnico= | StackTrace=
DataHora=2026-09-26T18:23:48.2237178-03:00 | Nivel=INFO | Usuario=Smoke Test | Perfil=Administrador | Tela=Geral | Acao=Navegacao concluida para o modulo 'Dashboard'. | ErroTecnico= | StackTrace=
DataHora=2026-09-26T18:23:50.9890090-03:00 | Nivel=INFO | Usuario=Smoke Test | Perfil=Administrador | Tela=Geral | Acao=Smoke test aprovado: Interacao:Janela:LoginWindow (3436 ms). | ErroTecnico= | StackTrace=
DataHora=2026-09-26T18:23:50.9896766-03:00 | Nivel=INFO | Usuario=Smoke Test | Perfil=Administrador | Tela=Geral | Acao=Smoke test iniciando: Interacao:Janela:NovoAgendamentoPremiumWindow. | ErroTecnico= | StackTrace=
DataHora=2026-09-26T18:23:52.9429951-03:00 | Nivel=INFO | Usuario=Smoke Test | Perfil=Administrador | Tela=Geral | Acao=Smoke test aprovado: Interacao:Janela:NovoAgendamentoPremiumWindow (1953 ms). | ErroTecnico= | StackTrace=
DataHora=2026-09-26T18:23:52.9436448-03:00 | Nivel=INFO | Usuario=Smoke Test | Perfil=Administrador | Tela=Geral | Acao=Smoke test iniciando: Interacao:Janela:NovoFornecedorWindow. | ErroTecnico= | StackTrace=
DataHora=2026-09-26T18:23:53.4390607-03:00 | Nivel=INFO | Usuario=Smoke Test | Perfil=Administrador | Tela=Fornecedores | Acao=Sucesso: Fornecedor Smoke 182353390 salvo com sucesso! | ErroTecnico= | StackTrace=
DataHora=2026-09-26T18:23:53.4400157-03:00 | Nivel=INFO | Usuario=Smoke Test | Perfil=Administrador | Tela=Fornecedores | Acao=DialogResult suprimido em automacao para 'NovoFornecedorWindow': DialogResult somente pode ser definido após Window ser criado e exibido como caixa de diálogo. | ErroTecnico= | StackTrace=
DataHora=2026-09-26T18:23:57.2604835-03:00 | Nivel=INFO | Usuario=Smoke Test | Perfil=Administrador | Tela=Geral | Acao=Smoke test aprovado: Interacao:Janela:NovoFornecedorWindow (4316 ms). | ErroTecnico= | StackTrace=
DataHora=2026-09-26T18:23:57.2612630-03:00 | Nivel=INFO | Usuario=Smoke Test | Perfil=Administrador | Tela=Geral | Acao=Smoke test iniciando: Interacao:Janela:NovoProdutoWindow. | ErroTecnico= | StackTrace=
DataHora=2026-09-26T18:23:57.6415370-03:00 | Nivel=INFO | Usuario=Smoke Test | Perfil=Administrador | Tela=Estoque | Acao=Sucesso: Produto cadastrado com sucesso! | ErroTecnico= | StackTrace=
DataHora=2026-09-26T18:23:57.6425308-03:00 | Nivel=INFO | Usuario=Smoke Test | Perfil=Administrador | Tela=Estoque | Acao=DialogResult suprimido em automacao para 'NovoProdutoWindow': DialogResult somente pode ser definido após Window ser criado e exibido como caixa de diálogo. | ErroTecnico= | StackTrace=
DataHora=2026-09-26T18:23:59.1324025-03:00 | Nivel=INFO | Usuario=Smoke Test | Perfil=Administrador | Tela=Geral | Acao=Smoke test aprovado: Interacao:Janela:NovoProdutoWindow (1871 ms). | ErroTecnico= | StackTrace=
DataHora=2026-09-26T18:23:59.1331264-03:00 | Nivel=INFO | Usuario=Smoke Test | Perfil=Administrador | Tela=Geral | Acao=Smoke test iniciando: Interacao:Janela:OrcamentosView. | ErroTecnico= | StackTrace=
DataHora=2026-09-26T18:24:04.3419209-03:00 | Nivel=INFO | Usuario=Smoke Test | Perfil=Administrador | Tela=Geral | Acao=Smoke test aprovado: Interacao:Janela:OrcamentosView (5208 ms). | ErroTecnico= | StackTrace=
DataHora=2026-09-26T18:24:04.3426422-03:00 | Nivel=INFO | Usuario=Smoke Test | Perfil=Administrador | Tela=Geral | Acao=Smoke test iniciando: Interacao:Janela:PrimeiraExecucaoWindow. | ErroTecnico= | StackTrace=
DataHora=2026-09-26T18:24:05.3221384-03:00 | Nivel=INFO | Usuario=Smoke Test | Perfil=Administrador | Tela=Geral | Acao=Smoke test aprovado: Interacao:Janela:PrimeiraExecucaoWindow (979 ms). | ErroTecnico= | StackTrace=
DataHora=2026-09-26T18:24:05.3228304-03:00 | Nivel=INFO | Usuario=Smoke Test | Perfil=Administrador | Tela=Geral | Acao=Smoke test iniciando: Interacao:Janela:SelecaoFilialWindow. | ErroTecnico= | StackTrace=
DataHora=2026-09-26T18:24:05.3931213-03:00 | Nivel=INFO | Usuario=Smoke Test | Perfil=Administrador | Tela=Geral | Acao=Multi-filial indisponivel: usando apenas Unidade local. | ErroTecnico= | StackTrace=
DataHora=2026-09-26T18:24:05.6102537-03:00 | Nivel=INFO | Usuario=Smoke Test | Perfil=Administrador | Tela=Geral | Acao=Multi-filial indisponivel: usando apenas Unidade local. | ErroTecnico= | StackTrace=
DataHora=2026-09-26T18:24:05.6220897-03:00 | Nivel=INFO | Usuario=Smoke Test | Perfil=Administrador | Tela=Geral | Acao=Unidade de trabalho atual: Unidade local | ErroTecnico= | StackTrace=
DataHora=2026-09-26T18:24:06.3677880-03:00 | Nivel=INFO | Usuario=Smoke Test | Perfil=Administrador | Tela=Geral | Acao=Multi-filial indisponivel: usando apenas Unidade local. | ErroTecnico= | StackTrace=
DataHora=2026-09-26T18:24:07.0891466-03:00 | Nivel=INFO | Usuario=Smoke Test | Perfil=Administrador | Tela=Geral | Acao=Smoke test aprovado: Interacao:Janela:SelecaoFilialWindow (1766 ms). | ErroTecnico= | StackTrace=
DataHora=2026-09-26T18:24:07.0898273-03:00 | Nivel=INFO | Usuario=Smoke Test | Perfil=Administrador | Tela=Geral | Acao=Smoke test iniciando: Interacao:Janela:UsuariosOnlineWindow. | ErroTecnico= | StackTrace=
DataHora=2026-09-26T18:24:08.2471508-03:00 | Nivel=INFO | Usuario=Smoke Test | Perfil=Administrador | Tela=Geral | Acao=Sessões expiradas limpas pelo usuário. | ErroTecnico= | StackTrace=
DataHora=2026-09-26T18:24:09.8696534-03:00 | Nivel=INFO | Usuario=Smoke Test | Perfil=Administrador | Tela=Geral | Acao=Smoke test aprovado: Interacao:Janela:UsuariosOnlineWindow (2779 ms). | ErroTecnico= | StackTrace=
DataHora=2026-09-26T18:24:09.8704318-03:00 | Nivel=INFO | Usuario=Smoke Test | Perfil=Administrador | Tela=Geral | Acao=Smoke test iniciando: Interacao:Janela:EditarClienteWindow. | ErroTecnico= | StackTrace=
DataHora=2026-09-26T18:24:10.0089259-03:00 | Nivel=INFO | Usuario=Smoke Test | Perfil=Administrador | Tela=Geral | Acao=Bloqueio criado: Cliente/ac2264d9-a3ed-4585-bc73-634c1e1e35cf por Smoke Test em CIRO. Expira em 30 minutos. | ErroTecnico= | StackTrace=
DataHora=2026-09-26T18:24:10.2469963-03:00 | Nivel=INFO | Usuario=Smoke Test | Perfil=Administrador | Tela=Geral | Acao=Bloqueio liberado: Cliente/ac2264d9-a3ed-4585-bc73-634c1e1e35cf por Smoke Test. | ErroTecnico= | StackTrace=
DataHora=2026-09-26T18:24:10.3764194-03:00 | Nivel=INFO | Usuario=Smoke Test | Perfil=Administrador | Tela=Geral | Acao=Bloqueio criado: Cliente/ac2264d9-a3ed-4585-bc73-634c1e1e35cf por Smoke Test em CIRO. Expira em 30 minutos. | ErroTecnico= | StackTrace=
DataHora=2026-09-26T18:24:10.4830715-03:00 | Nivel=INFO | Usuario=Smoke Test | Perfil=Administrador | Tela=Clientes | Acao=Sucesso: Cliente atualizado com sucesso! | ErroTecnico= | StackTrace=
DataHora=2026-09-26T18:24:10.4840305-03:00 | Nivel=INFO | Usuario=Smoke Test | Perfil=Administrador | Tela=Clientes | Acao=DialogResult suprimido em automacao para 'EditarClienteWindow': DialogResult somente pode ser definido após Window ser criado e exibido como caixa de diálogo. | ErroTecnico= | StackTrace=
DataHora=2026-09-26T18:24:10.4898169-03:00 | Nivel=INFO | Usuario=Smoke Test | Perfil=Administrador | Tela=Geral | Acao=Bloqueio liberado: Cliente/ac2264d9-a3ed-4585-bc73-634c1e1e35cf por Smoke Test. | ErroTecnico= | StackTrace=
DataHora=2026-09-26T18:24:11.3016956-03:00 | Nivel=INFO | Usuario=Smoke Test | Perfil=Administrador | Tela=Geral | Acao=Bloqueio criado: Cliente/ac2264d9-a3ed-4585-bc73-634c1e1e35cf por Smoke Test em CIRO. Expira em 30 minutos. | ErroTecnico= | StackTrace=
DataHora=2026-09-26T18:24:11.4109416-03:00 | Nivel=INFO | Usuario=Smoke Test | Perfil=Administrador | Tela=Geral | Acao=Bloqueio liberado: Cliente/ac2264d9-a3ed-4585-bc73-634c1e1e35cf por Smoke Test. | ErroTecnico= | StackTrace=
DataHora=2026-09-26T18:24:12.2172655-03:00 | Nivel=INFO | Usuario=Smoke Test | Perfil=Administrador | Tela=Geral | Acao=Bloqueio criado: Cliente/ac2264d9-a3ed-4585-bc73-634c1e1e35cf por Smoke Test em CIRO. Expira em 30 minutos. | ErroTecnico= | StackTrace=
DataHora=2026-09-26T18:24:12.3098473-03:00 | Nivel=INFO | Usuario=Smoke Test | Perfil=Administrador | Tela=Clientes | Acao=Abertura de assinatura validada em automacao sem executar aplicativo externo. | ErroTecnico= | StackTrace=
DataHora=2026-09-26T18:24:12.9959953-03:00 | Nivel=INFO | Usuario=Smoke Test | Perfil=Administrador | Tela=Geral | Acao=Bloqueio liberado: Cliente/ac2264d9-a3ed-4585-bc73-634c1e1e35cf por Smoke Test. | ErroTecnico= | StackTrace=
DataHora=2026-09-26T18:24:13.1782995-03:00 | Nivel=INFO | Usuario=Smoke Test | Perfil=Administrador | Tela=Geral | Acao=Bloqueio criado: Cliente/ac2264d9-a3ed-4585-bc73-634c1e1e35cf por Smoke Test em CIRO. Expira em 30 minutos. | ErroTecnico= | StackTrace=
DataHora=2026-09-26T18:24:13.2691483-03:00 | Nivel=INFO | Usuario=Smoke Test | Perfil=Administrador | Tela=Clientes | Acao=Abertura de documento validada em automacao sem executar aplicativo externo. | ErroTecnico= | StackTrace=
DataHora=2026-09-26T18:24:13.9605988-03:00 | Nivel=INFO | Usuario=Smoke Test | Perfil=Administrador | Tela=Geral | Acao=Bloqueio liberado: Cliente/ac2264d9-a3ed-4585-bc73-634c1e1e35cf por Smoke Test. | ErroTecnico= | StackTrace=
DataHora=2026-09-26T18:24:14.0943188-03:00 | Nivel=INFO | Usuario=Smoke Test | Perfil=Administrador | Tela=Geral | Acao=Bloqueio criado: Cliente/ac2264d9-a3ed-4585-bc73-634c1e1e35cf por Smoke Test em CIRO. Expira em 30 minutos. | ErroTecnico= | StackTrace=
DataHora=2026-09-26T18:24:14.1994158-03:00 | Nivel=INFO | Usuario=Smoke Test | Perfil=Administrador | Tela=Clientes | Acao=Assinatura digital registrada para cliente 'Cliente Smoke 01020809513044' em 'C:\Users\campo\AppData\Local\Temp\primox-c115-smoke-20260926_181445\Clientes\Assinaturas\20260926182414_Cliente_Smoke_01020809513044_5e6d6469e9f943a2acd9be2bd65487f1.txt'. | ErroTecnico= | StackTrace=
DataHora=2026-09-26T18:24:14.2010369-03:00 | Nivel=INFO | Usuario=Smoke Test | Perfil=Administrador | Tela=Clientes | Acao=Assinatura Digital: Assinatura digital registrada. Clique em Salvar para gravar no cadastro. | ErroTecnico= | StackTrace=
DataHora=2026-09-26T18:24:14.8815267-03:00 | Nivel=INFO | Usuario=Smoke Test | Perfil=Administrador | Tela=Geral | Acao=Bloqueio liberado: Cliente/ac2264d9-a3ed-4585-bc73-634c1e1e35cf por Smoke Test. | ErroTecnico= | StackTrace=
DataHora=2026-09-26T18:24:15.0085851-03:00 | Nivel=INFO | Usuario=Smoke Test | Perfil=Administrador | Tela=Geral | Acao=Bloqueio criado: Cliente/ac2264d9-a3ed-4585-bc73-634c1e1e35cf por Smoke Test em CIRO. Expira em 30 minutos. | ErroTecnico= | StackTrace=
DataHora=2026-09-26T18:24:15.1066050-03:00 | Nivel=INFO | Usuario=Smoke Test | Perfil=Administrador | Tela=Clientes | Acao=Arquivo sintetico de cliente gerado em 'C:\Users\campo\AppData\Local\Temp\primox-c115-smoke-20260926_181445\Clientes\Automacao\documento-cliente-edicao-smoke.txt'. | ErroTecnico= | StackTrace=
DataHora=2026-09-26T18:24:15.1074789-03:00 | Nivel=INFO | Usuario=Smoke Test | Perfil=Administrador | Tela=Clientes | Acao=Documento sintetico do cliente vinculado em automacao sem abrir seletor de arquivos. | ErroTecnico= | StackTrace=
DataHora=2026-09-26T18:24:15.7871178-03:00 | Nivel=INFO | Usuario=Smoke Test | Perfil=Administrador | Tela=Geral | Acao=Bloqueio liberado: Cliente/ac2264d9-a3ed-4585-bc73-634c1e1e35cf por Smoke Test. | ErroTecnico= | StackTrace=
DataHora=2026-09-26T18:24:15.9179230-03:00 | Nivel=INFO | Usuario=Smoke Test | Perfil=Administrador | Tela=Geral | Acao=Bloqueio criado: Cliente/ac2264d9-a3ed-4585-bc73-634c1e1e35cf por Smoke Test em CIRO. Expira em 30 minutos. | ErroTecnico= | StackTrace=
DataHora=2026-09-26T18:24:16.1042608-03:00 | Nivel=INFO | Usuario=Smoke Test | Perfil=Administrador | Tela=Clientes | Acao=Selecao de foto do cliente validada em automacao sem abrir seletor de arquivos. | ErroTecnico= | StackTrace=
DataHora=2026-09-26T18:24:16.7998709-03:00 | Nivel=INFO | Usuario=Smoke Test | Perfil=Administrador | Tela=Geral | Acao=Bloqueio liberado: Cliente/ac2264d9-a3ed-4585-bc73-634c1e1e35cf por Smoke Test. | ErroTecnico= | StackTrace=
DataHora=2026-09-26T18:24:16.9298275-03:00 | Nivel=INFO | Usuario=Smoke Test | Perfil=Administrador | Tela=Geral | Acao=Bloqueio criado: Cliente/ac2264d9-a3ed-4585-bc73-634c1e1e35cf por Smoke Test em CIRO. Expira em 30 minutos. | ErroTecnico= | StackTrace=
DataHora=2026-09-26T18:24:17.8457126-03:00 | Nivel=INFO | Usuario=Smoke Test | Perfil=Administrador | Tela=Geral | Acao=Bloqueio liberado: Cliente/ac2264d9-a3ed-4585-bc73-634c1e1e35cf por Smoke Test. | ErroTecnico= | StackTrace=
DataHora=2026-09-26T18:24:18.0133928-03:00 | Nivel=INFO | Usuario=Smoke Test | Perfil=Administrador | Tela=Geral | Acao=Bloqueio criado: Cliente/ac2264d9-a3ed-4585-bc73-634c1e1e35cf por Smoke Test em CIRO. Expira em 30 minutos. | ErroTecnico= | StackTrace=
DataHora=2026-09-26T18:24:18.1904328-03:00 | Nivel=INFO | Usuario=Smoke Test | Perfil=Administrador | Tela=Clientes | Acao=Janela de nova ordem de servico do cliente validada em automacao sem abrir modal bloqueante. | ErroTecnico= | StackTrace=
DataHora=2026-09-26T18:24:18.9487311-03:00 | Nivel=INFO | Usuario=Smoke Test | Perfil=Administrador | Tela=Geral | Acao=Bloqueio liberado: Cliente/ac2264d9-a3ed-4585-bc73-634c1e1e35cf por Smoke Test. | ErroTecnico= | StackTrace=
DataHora=2026-09-26T18:24:19.0781606-03:00 | Nivel=INFO | Usuario=Smoke Test | Perfil=Administrador | Tela=Geral | Acao=Bloqueio criado: Cliente/ac2264d9-a3ed-4585-bc73-634c1e1e35cf por Smoke Test em CIRO. Expira em 30 minutos. | ErroTecnico= | StackTrace=
DataHora=2026-09-26T18:24:19.3700872-03:00 | Nivel=INFO | Usuario=Smoke Test | Perfil=Administrador | Tela=Clientes | Acao=Janela de historico do cliente validada em automacao sem abrir modal bloqueante. | ErroTecnico= | StackTrace=
DataHora=2026-09-26T18:24:20.1600887-03:00 | Nivel=INFO | Usuario=Smoke Test | Perfil=Administrador | Tela=Geral | Acao=Bloqueio liberado: Cliente/ac2264d9-a3ed-4585-bc73-634c1e1e35cf por Smoke Test. | ErroTecnico= | StackTrace=
DataHora=2026-09-26T18:24:20.3283415-03:00 | Nivel=INFO | Usuario=Smoke Test | Perfil=Administrador | Tela=Geral | Acao=Bloqueio criado: Cliente/ac2264d9-a3ed-4585-bc73-634c1e1e35cf por Smoke Test em CIRO. Expira em 30 minutos. | ErroTecnico= | StackTrace=
DataHora=2026-09-26T18:24:20.4203733-03:00 | Nivel=INFO | Usuario=Smoke Test | Perfil=Administrador | Tela=Clientes | Acao=WhatsApp do cliente validado em automacao para o telefone 5511988880001 sem abrir aplicativo externo. | ErroTecnico= | StackTrace=
DataHora=2026-09-26T18:24:21.0969656-03:00 | Nivel=INFO | Usuario=Smoke Test | Perfil=Administrador | Tela=Geral | Acao=Bloqueio liberado: Cliente/ac2264d9-a3ed-4585-bc73-634c1e1e35cf por Smoke Test. | ErroTecnico= | StackTrace=
DataHora=2026-09-26T18:24:21.0977208-03:00 | Nivel=INFO | Usuario=Smoke Test | Perfil=Administrador | Tela=Geral | Acao=Smoke test aprovado: Interacao:Janela:EditarClienteWindow (11227 ms). | ErroTecnico= | StackTrace=
DataHora=2026-09-26T18:24:21.0982479-03:00 | Nivel=INFO | Usuario=Smoke Test | Perfil=Administrador | Tela=Geral | Acao=Smoke test iniciando: Interacao:Janela:EditarProdutoWindow. | ErroTecnico= | StackTrace=
DataHora=2026-09-26T18:24:21.2074874-03:00 | Nivel=INFO | Usuario=Smoke Test | Perfil=Administrador | Tela=Geral | Acao=Bloqueio criado: Produto/bfb1a80f-d3ab-4065-90f9-0cb7ff010e89 por Smoke Test em CIRO. Expira em 30 minutos. | ErroTecnico= | StackTrace=
DataHora=2026-09-26T18:24:21.3623840-03:00 | Nivel=INFO | Usuario=Smoke Test | Perfil=Administrador | Tela=Geral | Acao=Bloqueio liberado: Produto/bfb1a80f-d3ab-4065-90f9-0cb7ff010e89 por Smoke Test. | ErroTecnico= | StackTrace=
DataHora=2026-09-26T18:24:21.4795877-03:00 | Nivel=INFO | Usuario=Smoke Test | Perfil=Administrador | Tela=Geral | Acao=Bloqueio criado: Produto/bfb1a80f-d3ab-4065-90f9-0cb7ff010e89 por Smoke Test em CIRO. Expira em 30 minutos. | ErroTecnico= | StackTrace=
DataHora=2026-09-26T18:24:21.4986219-03:00 | Nivel=INFO | Usuario=Smoke Test | Perfil=Administrador | Tela=Estoque | Acao=Sucesso: Produto atualizado com sucesso! | ErroTecnico= | StackTrace=
DataHora=2026-09-26T18:24:21.4996185-03:00 | Nivel=INFO | Usuario=Smoke Test | Perfil=Administrador | Tela=Estoque | Acao=DialogResult suprimido em automacao para 'EditarProdutoWindow': DialogResult somente pode ser definido após Window ser criado e exibido como caixa de diálogo. | ErroTecnico= | StackTrace=
DataHora=2026-09-26T18:24:21.5211543-03:00 | Nivel=INFO | Usuario=Smoke Test | Perfil=Administrador | Tela=Geral | Acao=Bloqueio liberado: Produto/bfb1a80f-d3ab-4065-90f9-0cb7ff010e89 por Smoke Test. | ErroTecnico= | StackTrace=
DataHora=2026-09-26T18:24:22.2747195-03:00 | Nivel=INFO | Usuario=Smoke Test | Perfil=Administrador | Tela=Geral | Acao=Bloqueio criado: Produto/bfb1a80f-d3ab-4065-90f9-0cb7ff010e89 por Smoke Test em CIRO. Expira em 30 minutos. | ErroTecnico= | StackTrace=
DataHora=2026-09-26T18:24:22.3165706-03:00 | Nivel=INFO | Usuario=Smoke Test | Perfil=Administrador | Tela=Geral | Acao=Bloqueio liberado: Produto/bfb1a80f-d3ab-4065-90f9-0cb7ff010e89 por Smoke Test. | ErroTecnico= | StackTrace=
DataHora=2026-09-26T18:24:22.9782148-03:00 | Nivel=INFO | Usuario=Smoke Test | Perfil=Administrador | Tela=Geral | Acao=Smoke test aprovado: Interacao:Janela:EditarProdutoWindow (1879 ms). | ErroTecnico= | StackTrace=
DataHora=2026-09-26T18:24:22.9789820-03:00 | Nivel=INFO | Usuario=Smoke Test | Perfil=Administrador | Tela=Geral | Acao=Smoke test iniciando: Interacao:Janela:EditarFornecedorWindow. | ErroTecnico= | StackTrace=
DataHora=2026-09-26T18:24:23.5149406-03:00 | Nivel=INFO | Usuario=Smoke Test | Perfil=Administrador | Tela=Fornecedores | Acao=Sucesso: Fornecedor Fornecedor Smoke 81020877447114 atualizado com sucesso! | ErroTecnico= | StackTrace=
DataHora=2026-09-26T18:24:23.5159783-03:00 | Nivel=INFO | Usuario=Smoke Test | Perfil=Administrador | Tela=Fornecedores | Acao=DialogResult suprimido em automacao para 'EditarFornecedorWindow': DialogResult somente pode ser definido após Window ser criado e exibido como caixa de diálogo. | ErroTecnico= | StackTrace=
DataHora=2026-09-26T18:24:25.1309871-03:00 | Nivel=INFO | Usuario=Smoke Test | Perfil=Administrador | Tela=Geral | Acao=Smoke test aprovado: Interacao:Janela:EditarFornecedorWindow (2152 ms). | ErroTecnico= | StackTrace=
DataHora=2026-09-26T18:24:25.1316743-03:00 | Nivel=INFO | Usuario=Smoke Test | Perfil=Administrador | Tela=Geral | Acao=Smoke test iniciando: Interacao:Janela:HistoricoClienteWindow. | ErroTecnico= | StackTrace=
DataHora=2026-09-26T18:24:26.7527011-03:00 | Nivel=INFO | Usuario=Smoke Test | Perfil=Administrador | Tela=Clientes | Acao=Janela de veiculo 360 a partir do Cliente 360 validada em automacao sem abrir modal bloqueante. | ErroTecnico= | StackTrace=
DataHora=2026-09-26T18:24:29.5140047-03:00 | Nivel=INFO | Usuario=Smoke Test | Perfil=Administrador | Tela=Clientes | Acao=Janela de pós-venda do Cliente 360 validada em automacao sem abrir modal bloqueante. | ErroTecnico= | StackTrace=
DataHora=2026-09-26T18:24:30.8284702-03:00 | Nivel=INFO | Usuario=Smoke Test | Perfil=Administrador | Tela=Clientes | Acao=WhatsApp do Cliente 360 validado em automacao para o telefone 5511988880001. | ErroTecnico= | StackTrace=
DataHora=2026-09-26T18:24:32.2279734-03:00 | Nivel=INFO | Usuario=Smoke Test | Perfil=Administrador | Tela=Clientes | Acao=Janela de novo veiculo do Cliente 360 validada em automacao sem abrir modal bloqueante. | ErroTecnico= | StackTrace=
DataHora=2026-09-26T18:24:33.7909016-03:00 | Nivel=INFO | Usuario=Smoke Test | Perfil=Administrador | Tela=Clientes | Acao=Janela de agendamento do Cliente 360 validada em automacao sem abrir modal bloqueante. | ErroTecnico= | StackTrace=
DataHora=2026-09-26T18:24:35.1264593-03:00 | Nivel=INFO | Usuario=Smoke Test | Perfil=Administrador | Tela=Clientes | Acao=Janela de novo orcamento do Cliente 360 validada em automacao sem abrir modal bloqueante. | ErroTecnico= | StackTrace=
DataHora=2026-09-26T18:24:36.5143098-03:00 | Nivel=INFO | Usuario=Smoke Test | Perfil=Administrador | Tela=Clientes | Acao=Janela de nova OS do Cliente 360 validada em automacao sem abrir modal bloqueante. | ErroTecnico= | StackTrace=
DataHora=2026-09-26T18:24:37.2794319-03:00 | Nivel=INFO | Usuario=Smoke Test | Perfil=Administrador | Tela=Geral | Acao=Smoke test aprovado: Interacao:Janela:HistoricoClienteWindow (12147 ms). | ErroTecnico= | StackTrace=
DataHora=2026-09-26T18:24:37.2800870-03:00 | Nivel=INFO | Usuario=Smoke Test | Perfil=Administrador | Tela=Geral | Acao=Smoke test iniciando: Interacao:Janela:VisualizarFornecedorWindow. | ErroTecnico= | StackTrace=
DataHora=2026-09-26T18:24:38.4878285-03:00 | Nivel=INFO | Usuario=Smoke Test | Perfil=Administrador | Tela=Geral | Acao=Smoke test aprovado: Interacao:Janela:VisualizarFornecedorWindow (1207 ms). | ErroTecnico= | StackTrace=
DataHora=2026-09-26T18:24:38.4885546-03:00 | Nivel=INFO | Usuario=Smoke Test | Perfil=Administrador | Tela=Geral | Acao=Smoke test iniciando: Interacao:Janela:VisualizarVeiculoWindow. | ErroTecnico= | StackTrace=
DataHora=2026-09-26T18:24:49.6329816-03:00 | Nivel=INFO | Usuario=Smoke Test | Perfil=Administrador | Tela=Geral | Acao=Smoke test aprovado: Interacao:Janela:VisualizarVeiculoWindow (11144 ms). | ErroTecnico= | StackTrace=
DataHora=2026-09-26T18:24:49.6337081-03:00 | Nivel=INFO | Usuario=Smoke Test | Perfil=Administrador | Tela=Geral | Acao=Smoke test iniciando: Interacao:Janela:HistoricoEstoqueWindow. | ErroTecnico= | StackTrace=
DataHora=2026-09-26T18:24:50.7001767-03:00 | Nivel=INFO | Usuario=Smoke Test | Perfil=Administrador | Tela=Geral | Acao=Smoke test aprovado: Interacao:Janela:HistoricoEstoqueWindow (1066 ms). | ErroTecnico= | StackTrace=
DataHora=2026-09-26T18:24:50.7009073-03:00 | Nivel=INFO | Usuario=Smoke Test | Perfil=Administrador | Tela=Geral | Acao=Smoke test iniciando: Interacao:Janela:OrdemServicoWindow. | ErroTecnico= | StackTrace=
DataHora=2026-09-26T18:24:51.8182979-03:00 | Nivel=INFO | Usuario=Smoke Test | Perfil=Administrador | Tela=OrdensServico | Acao=DialogResult suprimido em automacao para 'OrdemServicoWindow': DialogResult somente pode ser definido após Window ser criado e exibido como caixa de diálogo. | ErroTecnico= | StackTrace=
DataHora=2026-09-26T18:24:52.9901387-03:00 | Nivel=INFO | Usuario=Smoke Test | Perfil=Administrador | Tela=OrdensServico | Acao=DialogResult suprimido em automacao para 'OrdemServicoWindow': DialogResult somente pode ser definido após Window ser criado e exibido como caixa de diálogo. | ErroTecnico= | StackTrace=
DataHora=2026-09-26T18:25:07.5059330-03:00 | Nivel=INFO | Usuario=Smoke Test | Perfil=Administrador | Tela=Geral | Acao=Selecao de assinatura da OS ignorada em automacao. | ErroTecnico= | StackTrace=
DataHora=2026-09-26T18:25:49.2159912-03:00 | Nivel=INFO | Usuario=Smoke Test | Perfil=Administrador | Tela=OrdensServico | Acao=Sem orcamentos: Nao existem orcamentos para este cliente. | ErroTecnico= | StackTrace=
DataHora=2026-09-26T18:25:51.8193409-03:00 | Nivel=INFO | Usuario=Smoke Test | Perfil=Administrador | Tela=OrdensServico | Acao=Item nao selecionado: Selecione um item para remover. | ErroTecnico= | StackTrace=
DataHora=2026-09-26T18:25:56.9550394-03:00 | Nivel=INFO | Usuario=Smoke Test | Perfil=Administrador | Tela=Geral | Acao=Selecao de fotos da OS ignorada em automacao. | ErroTecnico= | StackTrace=
DataHora=2026-09-26T18:25:59.3770407-03:00 | Nivel=INFO | Usuario=Smoke Test | Perfil=Administrador | Tela=Geral | Acao=Selecao de fotos da OS ignorada em automacao. | ErroTecnico= | StackTrace=
DataHora=2026-09-26T18:26:00.0743204-03:00 | Nivel=WARN | Usuario=Smoke Test | Perfil=Administrador | Tela=Geral | Acao=Smoke test 'Interacao:Janela:OrdemServicoWindow' demorou 69373 ms (acima de 30000 ms). | ErroTecnico= | StackTrace=
DataHora=2026-09-26T18:26:00.0750347-03:00 | Nivel=INFO | Usuario=Smoke Test | Perfil=Administrador | Tela=Geral | Acao=Smoke test aprovado: Interacao:Janela:OrdemServicoWindow (69373 ms). | ErroTecnico= | StackTrace=
DataHora=2026-09-26T18:26:00.0755603-03:00 | Nivel=INFO | Usuario=Smoke Test | Perfil=Administrador | Tela=Geral | Acao=Smoke test iniciando: Interacao:Janela:ChecklistTecnicoWindow. | ErroTecnico= | StackTrace=
DataHora=2026-09-26T18:26:49.2374516-03:00 | Nivel=WARN | Usuario=Smoke Test | Perfil=Administrador | Tela=Geral | Acao=Smoke test 'Interacao:Janela:ChecklistTecnicoWindow' demorou 49161 ms (acima de 30000 ms). | ErroTecnico= | StackTrace=
DataHora=2026-09-26T18:26:49.2382379-03:00 | Nivel=INFO | Usuario=Smoke Test | Perfil=Administrador | Tela=Geral | Acao=Smoke test aprovado: Interacao:Janela:ChecklistTecnicoWindow (49161 ms). | ErroTecnico= | StackTrace=
DataHora=2026-09-26T18:26:49.2388062-03:00 | Nivel=INFO | Usuario=Smoke Test | Perfil=Administrador | Tela=Geral | Acao=Smoke test iniciando: Interacao:Janela:PosVendaWindow. | ErroTecnico= | StackTrace=
DataHora=2026-09-26T18:26:57.2936660-03:00 | Nivel=INFO | Usuario=Smoke Test | Perfil=Administrador | Tela=Geral | Acao=Smoke test aprovado: Interacao:Janela:PosVendaWindow (8054 ms). | ErroTecnico= | StackTrace=
DataHora=2026-09-26T18:26:57.3035372-03:00 | Nivel=INFO | Usuario=Smoke Test | Perfil=Administrador | Tela=Geral | Acao=Smoke test iniciando: Interacao:Janela:ConfigurarPermissoesWindow. | ErroTecnico= | StackTrace=
DataHora=2026-09-26T18:27:12.0244425-03:00 | Nivel=INFO | Usuario=Smoke Test | Perfil=Administrador | Tela=Geral | Acao=Smoke test aprovado: Interacao:Janela:ConfigurarPermissoesWindow (14720 ms). | ErroTecnico= | StackTrace=
DataHora=2026-09-26T18:27:12.0251586-03:00 | Nivel=INFO | Usuario=Smoke Test | Perfil=Administrador | Tela=Geral | Acao=Smoke test iniciando: Interacao:Janela:GerenciarPerfisWindow. | ErroTecnico= | StackTrace=
DataHora=2026-09-26T18:27:26.5559738-03:00 | Nivel=INFO | Usuario=Smoke Test | Perfil=Administrador | Tela=Geral | Acao=Smoke test aprovado: Interacao:Janela:GerenciarPerfisWindow (14530 ms). | ErroTecnico= | StackTrace=
DataHora=2026-09-26T18:27:26.5581731-03:00 | Nivel=INFO | Usuario=Smoke Test | Perfil=Administrador | Tela=Geral | Acao=Smoke test iniciando: Interacao:Controle:BaseConhecimentoControl. | ErroTecnico= | StackTrace=
DataHora=2026-09-26T18:27:30.5317246-03:00 | Nivel=INFO | Usuario=Smoke Test | Perfil=Administrador | Tela=Geral | Acao=Smoke test aprovado: Interacao:Controle:BaseConhecimentoControl (3973 ms). | ErroTecnico= | StackTrace=
DataHora=2026-09-26T18:27:30.5324506-03:00 | Nivel=INFO | Usuario=Smoke Test | Perfil=Administrador | Tela=Geral | Acao=Smoke test iniciando: Interacao:Controle:FerramentasControl. | ErroTecnico= | StackTrace=
DataHora=2026-09-26T18:27:37.6541665-03:00 | Nivel=INFO | Usuario=Smoke Test | Perfil=Administrador | Tela=Geral | Acao=Smoke test aprovado: Interacao:Controle:FerramentasControl (7121 ms). | ErroTecnico= | StackTrace=
DataHora=2026-09-26T18:27:37.6548879-03:00 | Nivel=INFO | Usuario=Smoke Test | Perfil=Administrador | Tela=Geral | Acao=Smoke test iniciando: Interacao:Controle:FiscalOperationsControl. | ErroTecnico= | StackTrace=
DataHora=2026-09-26T18:27:40.0062351-03:00 | Nivel=INFO | Usuario=Smoke Test | Perfil=Administrador | Tela=Geral | Acao=Smoke test aprovado: Interacao:Controle:FiscalOperationsControl (2351 ms). | ErroTecnico= | StackTrace=
DataHora=2026-09-26T18:27:40.0068999-03:00 | Nivel=INFO | Usuario=Smoke Test | Perfil=Administrador | Tela=Geral | Acao=Smoke test iniciando: Interacao:Controle:GlobalSearchControl. | ErroTecnico= | StackTrace=
DataHora=2026-09-26T18:27:45.1558311-03:00 | Nivel=INFO | Usuario=Smoke Test | Perfil=Administrador | Tela=Geral | Acao=Nenhum botao interativo encontrado em GlobalSearchControl; a validacao ficou restrita ao carregamento visual. | ErroTecnico= | StackTrace=
DataHora=2026-09-26T18:27:45.1565595-03:00 | Nivel=INFO | Usuario=Smoke Test | Perfil=Administrador | Tela=Geral | Acao=Smoke test aprovado: Interacao:Controle:GlobalSearchControl (5149 ms). | ErroTecnico= | StackTrace=
DataHora=2026-09-26T18:27:45.1570722-03:00 | Nivel=INFO | Usuario=Smoke Test | Perfil=Administrador | Tela=Geral | Acao=Smoke test iniciando: Interacao:Controle:HelpControl. | ErroTecnico= | StackTrace=
DataHora=2026-09-26T18:27:50.3869050-03:00 | Nivel=INFO | Usuario=Smoke Test | Perfil=Administrador | Tela=Geral | Acao=Nenhum botao interativo encontrado em HelpControl; a validacao ficou restrita ao carregamento visual. | ErroTecnico= | StackTrace=
DataHora=2026-09-26T18:27:50.3875939-03:00 | Nivel=INFO | Usuario=Smoke Test | Perfil=Administrador | Tela=Geral | Acao=Smoke test aprovado: Interacao:Controle:HelpControl (5230 ms). | ErroTecnico= | StackTrace=
DataHora=2026-09-26T18:27:50.3882317-03:00 | Nivel=INFO | Usuario=Smoke Test | Perfil=Administrador | Tela=Geral | Acao=Smoke test iniciando: Interacao:Controle:NecessidadesCompraControl. | ErroTecnico= | StackTrace=
DataHora=2026-09-26T18:27:57.0528930-03:00 | Nivel=INFO | Usuario=Smoke Test | Perfil=Administrador | Tela=Geral | Acao=Smoke test aprovado: Interacao:Controle:NecessidadesCompraControl (6664 ms). | ErroTecnico= | StackTrace=
DataHora=2026-09-26T18:27:57.0535454-03:00 | Nivel=INFO | Usuario=Smoke Test | Perfil=Administrador | Tela=Geral | Acao=Smoke test iniciando: Interacao:Controle:OrcamentoAlertasControl. | ErroTecnico= | StackTrace=
DataHora=2026-09-26T18:28:02.2654521-03:00 | Nivel=INFO | Usuario=Smoke Test | Perfil=Administrador | Tela=Geral | Acao=Nenhum botao interativo encontrado em OrcamentoAlertasControl; a validacao ficou restrita ao carregamento visual. | ErroTecnico= | StackTrace=
DataHora=2026-09-26T18:28:02.2661335-03:00 | Nivel=INFO | Usuario=Smoke Test | Perfil=Administrador | Tela=Geral | Acao=Smoke test aprovado: Interacao:Controle:OrcamentoAlertasControl (5212 ms). | ErroTecnico= | StackTrace=
DataHora=2026-09-26T18:28:02.2666834-03:00 | Nivel=INFO | Usuario=Smoke Test | Perfil=Administrador | Tela=Geral | Acao=Smoke test iniciando: Interacao:Controle:OrcamentoBuscaInteligenteControl. | ErroTecnico= | StackTrace=
DataHora=2026-09-26T18:28:07.5627817-03:00 | Nivel=INFO | Usuario=Smoke Test | Perfil=Administrador | Tela=Geral | Acao=Nenhum botao interativo encontrado em OrcamentoBuscaInteligenteControl; a validacao ficou restrita ao carregamento visual. | ErroTecnico= | StackTrace=
DataHora=2026-09-26T18:28:07.5634598-03:00 | Nivel=INFO | Usuario=Smoke Test | Perfil=Administrador | Tela=Geral | Acao=Smoke test aprovado: Interacao:Controle:OrcamentoBuscaInteligenteControl (5296 ms). | ErroTecnico= | StackTrace=
DataHora=2026-09-26T18:28:07.5640534-03:00 | Nivel=INFO | Usuario=Smoke Test | Perfil=Administrador | Tela=Geral | Acao=Smoke test iniciando: Interacao:Controle:OrcamentoCarrinhoControl. | ErroTecnico= | StackTrace=
DataHora=2026-09-26T18:28:12.7255106-03:00 | Nivel=INFO | Usuario=Smoke Test | Perfil=Administrador | Tela=Geral | Acao=Nenhum botao interativo encontrado em OrcamentoCarrinhoControl; a validacao ficou restrita ao carregamento visual. | ErroTecnico= | StackTrace=
DataHora=2026-09-26T18:28:12.7261756-03:00 | Nivel=INFO | Usuario=Smoke Test | Perfil=Administrador | Tela=Geral | Acao=Smoke test aprovado: Interacao:Controle:OrcamentoCarrinhoControl (5162 ms). | ErroTecnico= | StackTrace=
DataHora=2026-09-26T18:28:12.7266797-03:00 | Nivel=INFO | Usuario=Smoke Test | Perfil=Administrador | Tela=Geral | Acao=Smoke test iniciando: Interacao:Controle:OrcamentoClientePanelControl. | ErroTecnico= | StackTrace=
DataHora=2026-09-26T18:28:15.6682056-03:00 | Nivel=INFO | Usuario=Smoke Test | Perfil=Administrador | Tela=Geral | Acao=Smoke test aprovado: Interacao:Controle:OrcamentoClientePanelControl (2941 ms). | ErroTecnico= | StackTrace=
DataHora=2026-09-26T18:28:15.6689058-03:00 | Nivel=INFO | Usuario=Smoke Test | Perfil=Administrador | Tela=Geral | Acao=Smoke test iniciando: Interacao:Controle:OrcamentoHistoricoNegociacaoControl. | ErroTecnico= | StackTrace=
DataHora=2026-09-26T18:28:20.8438567-03:00 | Nivel=INFO | Usuario=Smoke Test | Perfil=Administrador | Tela=Geral | Acao=Nenhum botao interativo encontrado em OrcamentoHistoricoNegociacaoControl; a validacao ficou restrita ao carregamento visual. | ErroTecnico= | StackTrace=
DataHora=2026-09-26T18:28:20.8445416-03:00 | Nivel=INFO | Usuario=Smoke Test | Perfil=Administrador | Tela=Geral | Acao=Smoke test aprovado: Interacao:Controle:OrcamentoHistoricoNegociacaoControl (5175 ms). | ErroTecnico= | StackTrace=
DataHora=2026-09-26T18:28:20.8450944-03:00 | Nivel=INFO | Usuario=Smoke Test | Perfil=Administrador | Tela=Geral | Acao=Smoke test iniciando: Interacao:Controle:OrcamentoProdutosPanelControl. | ErroTecnico= | StackTrace=
DataHora=2026-09-26T18:28:26.0332062-03:00 | Nivel=INFO | Usuario=Smoke Test | Perfil=Administrador | Tela=Geral | Acao=Nenhum botao interativo encontrado em OrcamentoProdutosPanelControl; a validacao ficou restrita ao carregamento visual. | ErroTecnico= | StackTrace=
DataHora=2026-09-26T18:28:26.0339330-03:00 | Nivel=INFO | Usuario=Smoke Test | Perfil=Administrador | Tela=Geral | Acao=Smoke test aprovado: Interacao:Controle:OrcamentoProdutosPanelControl (5188 ms). | ErroTecnico= | StackTrace=
DataHora=2026-09-26T18:28:26.0344738-03:00 | Nivel=INFO | Usuario=Smoke Test | Perfil=Administrador | Tela=Geral | Acao=Smoke test iniciando: Interacao:Controle:OrcamentoResumoFinanceiroControl. | ErroTecnico= | StackTrace=
DataHora=2026-09-26T18:28:31.1891832-03:00 | Nivel=INFO | Usuario=Smoke Test | Perfil=Administrador | Tela=Geral | Acao=Nenhum botao interativo encontrado em OrcamentoResumoFinanceiroControl; a validacao ficou restrita ao carregamento visual. | ErroTecnico= | StackTrace=
DataHora=2026-09-26T18:28:31.1898584-03:00 | Nivel=INFO | Usuario=Smoke Test | Perfil=Administrador | Tela=Geral | Acao=Smoke test aprovado: Interacao:Controle:OrcamentoResumoFinanceiroControl (5155 ms). | ErroTecnico= | StackTrace=
DataHora=2026-09-26T18:28:31.1903996-03:00 | Nivel=INFO | Usuario=Smoke Test | Perfil=Administrador | Tela=Geral | Acao=Smoke test iniciando: Interacao:Controle:OrcamentoStatusControl. | ErroTecnico= | StackTrace=
DataHora=2026-09-26T18:28:36.3713874-03:00 | Nivel=INFO | Usuario=Smoke Test | Perfil=Administrador | Tela=Geral | Acao=Nenhum botao interativo encontrado em OrcamentoStatusControl; a validacao ficou restrita ao carregamento visual. | ErroTecnico= | StackTrace=
DataHora=2026-09-26T18:28:36.3720500-03:00 | Nivel=INFO | Usuario=Smoke Test | Perfil=Administrador | Tela=Geral | Acao=Smoke test aprovado: Interacao:Controle:OrcamentoStatusControl (5181 ms). | ErroTecnico= | StackTrace=
DataHora=2026-09-26T18:28:36.3725583-03:00 | Nivel=INFO | Usuario=Smoke Test | Perfil=Administrador | Tela=Geral | Acao=Smoke test iniciando: Interacao:Controle:OrcamentoTimelineControl. | ErroTecnico= | StackTrace=
DataHora=2026-09-26T18:28:41.6183948-03:00 | Nivel=INFO | Usuario=Smoke Test | Perfil=Administrador | Tela=Geral | Acao=Nenhum botao interativo encontrado em OrcamentoTimelineControl; a validacao ficou restrita ao carregamento visual. | ErroTecnico= | StackTrace=
DataHora=2026-09-26T18:28:41.6190816-03:00 | Nivel=INFO | Usuario=Smoke Test | Perfil=Administrador | Tela=Geral | Acao=Smoke test aprovado: Interacao:Controle:OrcamentoTimelineControl (5246 ms). | ErroTecnico= | StackTrace=
DataHora=2026-09-26T18:28:41.6196385-03:00 | Nivel=INFO | Usuario=Smoke Test | Perfil=Administrador | Tela=Geral | Acao=Smoke test iniciando: Interacao:Controle:OrcamentosDashboardControl. | ErroTecnico= | StackTrace=
DataHora=2026-09-26T18:28:46.8798586-03:00 | Nivel=INFO | Usuario=Smoke Test | Perfil=Administrador | Tela=Geral | Acao=Nenhum botao interativo encontrado em OrcamentosDashboardControl; a validacao ficou restrita ao carregamento visual. | ErroTecnico= | StackTrace=
DataHora=2026-09-26T18:28:46.8805639-03:00 | Nivel=INFO | Usuario=Smoke Test | Perfil=Administrador | Tela=Geral | Acao=Smoke test aprovado: Interacao:Controle:OrcamentosDashboardControl (5260 ms). | ErroTecnico= | StackTrace=
DataHora=2026-09-26T18:28:46.8814900-03:00 | Nivel=INFO | Usuario=Smoke Test | Perfil=Administrador | Tela=Geral | Acao=Smoke test iniciando: Relatorios:CarregamentoAssincrono. | ErroTecnico= | StackTrace=
DataHora=2026-09-26T18:28:46.9893285-03:00 | Nivel=INFO | Usuario=Smoke Test | Perfil=Administrador | Tela=Relatorios | Acao=ObterDadosFinanceiros(limit=250) concluida em 0 ms. | ErroTecnico= | StackTrace=
DataHora=2026-09-26T18:28:46.9908081-03:00 | Nivel=INFO | Usuario=Smoke Test | Perfil=Administrador | Tela=Relatorios | Acao=ObterDadosVendas(limit=250) concluida em 0 ms. | ErroTecnico= | StackTrace=
DataHora=2026-09-26T18:28:46.9922670-03:00 | Nivel=INFO | Usuario=Smoke Test | Perfil=Administrador | Tela=Relatorios | Acao=ObterMargemPorProduto(limit=100) concluida em 0 ms. | ErroTecnico= | StackTrace=
DataHora=2026-09-26T18:28:46.9934282-03:00 | Nivel=INFO | Usuario=Smoke Test | Perfil=Administrador | Tela=Relatorios | Acao=ObterVendasPorHora concluida em 0 ms. | ErroTecnico= | StackTrace=
DataHora=2026-09-26T18:28:46.9946316-03:00 | Nivel=INFO | Usuario=Smoke Test | Perfil=Administrador | Tela=Relatorios | Acao=ObterVendasPorDia(limit=31) concluida em 0 ms. | ErroTecnico= | StackTrace=
DataHora=2026-09-26T18:28:46.9957548-03:00 | Nivel=INFO | Usuario=Smoke Test | Perfil=Administrador | Tela=Relatorios | Acao=ObterInadimplenciaDetalhada(limit=100) concluida em 0 ms. | ErroTecnico= | StackTrace=
DataHora=2026-09-26T18:28:46.9969907-03:00 | Nivel=INFO | Usuario=Smoke Test | Perfil=Administrador | Tela=Relatorios | Acao=ObterConciliacaoFinanceira concluida em 0 ms. | ErroTecnico= | StackTrace=
DataHora=2026-09-26T18:28:46.9982682-03:00 | Nivel=INFO | Usuario=Smoke Test | Perfil=Administrador | Tela=Relatorios | Acao=ObterOsAbertas concluida em 0 ms. | ErroTecnico= | StackTrace=
DataHora=2026-09-26T18:28:46.9995670-03:00 | Nivel=INFO | Usuario=Smoke Test | Perfil=Administrador | Tela=Relatorios | Acao=ObterOsFinalizadas concluida em 0 ms. | ErroTecnico= | StackTrace=
DataHora=2026-09-26T18:28:47.0012555-03:00 | Nivel=INFO | Usuario=Smoke Test | Perfil=Administrador | Tela=Relatorios | Acao=ObterOrdensServicoPorTecnico concluida em 0 ms. | ErroTecnico= | StackTrace=
DataHora=2026-09-26T18:28:47.0027131-03:00 | Nivel=INFO | Usuario=Smoke Test | Perfil=Administrador | Tela=Relatorios | Acao=ObterServicosRelatorio concluida em 0 ms. | ErroTecnico= | StackTrace=
DataHora=2026-09-26T18:28:47.0038426-03:00 | Nivel=INFO | Usuario=Smoke Test | Perfil=Administrador | Tela=Relatorios | Acao=ObterDadosEstoque(limit=250) concluida em 0 ms. | ErroTecnico= | StackTrace=
DataHora=2026-09-26T18:28:47.0048645-03:00 | Nivel=INFO | Usuario=Smoke Test | Perfil=Administrador | Tela=Relatorios | Acao=ObterDadosClientes(limit=250) concluida em 0 ms. | ErroTecnico= | StackTrace=
DataHora=2026-09-26T18:28:47.0059275-03:00 | Nivel=INFO | Usuario=Smoke Test | Perfil=Administrador | Tela=Relatorios | Acao=ObterDadosOrcamentos(limit=250) concluida em 0 ms. | ErroTecnico= | StackTrace=
DataHora=2026-09-26T18:28:47.0069049-03:00 | Nivel=INFO | Usuario=Smoke Test | Perfil=Administrador | Tela=Relatorios | Acao=ObterDadosCaixa(limit=250) concluida em 0 ms. | ErroTecnico= | StackTrace=
DataHora=2026-09-26T18:28:47.0088510-03:00 | Nivel=INFO | Usuario=Smoke Test | Perfil=Administrador | Tela=Relatorios | Acao=ObterDemonstrativoResultado concluida em 0 ms. | ErroTecnico= | StackTrace=
DataHora=2026-09-26T18:28:47.0101861-03:00 | Nivel=INFO | Usuario=Smoke Test | Perfil=Administrador | Tela=Relatorios | Acao=ObterTicketMedio concluida em 0 ms. | ErroTecnico= | StackTrace=
DataHora=2026-09-26T18:28:47.0112195-03:00 | Nivel=INFO | Usuario=Smoke Test | Perfil=Administrador | Tela=Relatorios | Acao=ObterTotalClientes concluida em 0 ms. | ErroTecnico= | StackTrace=
DataHora=2026-09-26T18:28:47.0121576-03:00 | Nivel=INFO | Usuario=Smoke Test | Perfil=Administrador | Tela=Relatorios | Acao=ObterProdutosSemGiro concluida em 0 ms. | ErroTecnico= | StackTrace=
DataHora=2026-09-26T18:28:47.0131146-03:00 | Nivel=INFO | Usuario=Smoke Test | Perfil=Administrador | Tela=Relatorios | Acao=ObterConversaoOrcamentos concluida em 0 ms. | ErroTecnico= | StackTrace=
DataHora=2026-09-26T18:28:47.0143800-03:00 | Nivel=INFO | Usuario=Smoke Test | Perfil=Administrador | Tela=Relatorios | Acao=ObterResumoConsistenciaOperacional concluida em 0 ms. | ErroTecnico= | StackTrace=
DataHora=2026-09-26T18:28:47.0231560-03:00 | Nivel=INFO | Usuario=Smoke Test | Perfil=Administrador | Tela=Auditoria | Acao=ObterAuditoriaPaginada(pagina=1, tamanho=100) concluida em 0 ms. | ErroTecnico= | StackTrace=
DataHora=2026-09-26T18:28:47.1357092-03:00 | Nivel=INFO | Usuario=Smoke Test | Perfil=Administrador | Tela=Auditoria | Acao=ObterCategoriasAuditoriaOperacional concluida em 0 ms. | ErroTecnico= | StackTrace=
DataHora=2026-09-26T18:28:47.1375196-03:00 | Nivel=INFO | Usuario=Smoke Test | Perfil=Administrador | Tela=Relatorios | Acao=Workspace de relatorios carregado com 0 vendas, 3 clientes e 0 eventos de auditoria exibidos. | ErroTecnico= | StackTrace=
DataHora=2026-09-26T18:28:47.1948320-03:00 | Nivel=INFO | Usuario=Smoke Test | Perfil=Administrador | Tela=Geral | Acao=Smoke test aprovado: Relatorios:CarregamentoAssincrono (313 ms). | ErroTecnico= | StackTrace=
DataHora=2026-09-26T18:28:47.1956159-03:00 | Nivel=INFO | Usuario=Smoke Test | Perfil=Administrador | Tela=Geral | Acao=Smoke test iniciando: Relatorios:AuditoriaPaginada. | ErroTecnico= | StackTrace=
DataHora=2026-09-26T18:28:47.2906422-03:00 | Nivel=INFO | Usuario=Smoke Test | Perfil=Administrador | Tela=Relatorios | Acao=ObterDadosFinanceiros(limit=250) concluida em 0 ms. | ErroTecnico= | StackTrace=
DataHora=2026-09-26T18:28:47.2920186-03:00 | Nivel=INFO | Usuario=Smoke Test | Perfil=Administrador | Tela=Relatorios | Acao=ObterDadosVendas(limit=250) concluida em 0 ms. | ErroTecnico= | StackTrace=
DataHora=2026-09-26T18:28:47.2934200-03:00 | Nivel=INFO | Usuario=Smoke Test | Perfil=Administrador | Tela=Relatorios | Acao=ObterMargemPorProduto(limit=100) concluida em 0 ms. | ErroTecnico= | StackTrace=
DataHora=2026-09-26T18:28:47.2944554-03:00 | Nivel=INFO | Usuario=Smoke Test | Perfil=Administrador | Tela=Relatorios | Acao=ObterVendasPorHora concluida em 0 ms. | ErroTecnico= | StackTrace=
DataHora=2026-09-26T18:28:47.2955131-03:00 | Nivel=INFO | Usuario=Smoke Test | Perfil=Administrador | Tela=Relatorios | Acao=ObterVendasPorDia(limit=31) concluida em 0 ms. | ErroTecnico= | StackTrace=
DataHora=2026-09-26T18:28:47.2965532-03:00 | Nivel=INFO | Usuario=Smoke Test | Perfil=Administrador | Tela=Relatorios | Acao=ObterInadimplenciaDetalhada(limit=100) concluida em 0 ms. | ErroTecnico= | StackTrace=
DataHora=2026-09-26T18:28:47.2976824-03:00 | Nivel=INFO | Usuario=Smoke Test | Perfil=Administrador | Tela=Relatorios | Acao=ObterConciliacaoFinanceira concluida em 0 ms. | ErroTecnico= | StackTrace=
DataHora=2026-09-26T18:28:47.2989768-03:00 | Nivel=INFO | Usuario=Smoke Test | Perfil=Administrador | Tela=Relatorios | Acao=ObterOsAbertas concluida em 0 ms. | ErroTecnico= | StackTrace=
DataHora=2026-09-26T18:28:47.3002363-03:00 | Nivel=INFO | Usuario=Smoke Test | Perfil=Administrador | Tela=Relatorios | Acao=ObterOsFinalizadas concluida em 0 ms. | ErroTecnico= | StackTrace=
DataHora=2026-09-26T18:28:47.3017683-03:00 | Nivel=INFO | Usuario=Smoke Test | Perfil=Administrador | Tela=Relatorios | Acao=ObterOrdensServicoPorTecnico concluida em 0 ms. | ErroTecnico= | StackTrace=
DataHora=2026-09-26T18:28:47.3030590-03:00 | Nivel=INFO | Usuario=Smoke Test | Perfil=Administrador | Tela=Relatorios | Acao=ObterServicosRelatorio concluida em 0 ms. | ErroTecnico= | StackTrace=
DataHora=2026-09-26T18:28:47.3041074-03:00 | Nivel=INFO | Usuario=Smoke Test | Perfil=Administrador | Tela=Relatorios | Acao=ObterDadosEstoque(limit=250) concluida em 0 ms. | ErroTecnico= | StackTrace=
DataHora=2026-09-26T18:28:47.3051988-03:00 | Nivel=INFO | Usuario=Smoke Test | Perfil=Administrador | Tela=Relatorios | Acao=ObterDadosClientes(limit=250) concluida em 0 ms. | ErroTecnico= | StackTrace=
DataHora=2026-09-26T18:28:47.3062864-03:00 | Nivel=INFO | Usuario=Smoke Test | Perfil=Administrador | Tela=Relatorios | Acao=ObterDadosOrcamentos(limit=250) concluida em 0 ms. | ErroTecnico= | StackTrace=
DataHora=2026-09-26T18:28:47.3072487-03:00 | Nivel=INFO | Usuario=Smoke Test | Perfil=Administrador | Tela=Relatorios | Acao=ObterDadosCaixa(limit=250) concluida em 0 ms. | ErroTecnico= | StackTrace=
DataHora=2026-09-26T18:28:47.3095914-03:00 | Nivel=INFO | Usuario=Smoke Test | Perfil=Administrador | Tela=Relatorios | Acao=ObterDemonstrativoResultado concluida em 0 ms. | ErroTecnico= | StackTrace=
DataHora=2026-09-26T18:28:47.3109330-03:00 | Nivel=INFO | Usuario=Smoke Test | Perfil=Administrador | Tela=Relatorios | Acao=ObterTicketMedio concluida em 0 ms. | ErroTecnico= | StackTrace=
DataHora=2026-09-26T18:28:47.3118005-03:00 | Nivel=INFO | Usuario=Smoke Test | Perfil=Administrador | Tela=Relatorios | Acao=ObterTotalClientes concluida em 0 ms. | ErroTecnico= | StackTrace=
DataHora=2026-09-26T18:28:47.3127342-03:00 | Nivel=INFO | Usuario=Smoke Test | Perfil=Administrador | Tela=Relatorios | Acao=ObterProdutosSemGiro concluida em 0 ms. | ErroTecnico= | StackTrace=
DataHora=2026-09-26T18:28:47.3136364-03:00 | Nivel=INFO | Usuario=Smoke Test | Perfil=Administrador | Tela=Relatorios | Acao=ObterConversaoOrcamentos concluida em 0 ms. | ErroTecnico= | StackTrace=
DataHora=2026-09-26T18:28:47.3148719-03:00 | Nivel=INFO | Usuario=Smoke Test | Perfil=Administrador | Tela=Relatorios | Acao=ObterResumoConsistenciaOperacional concluida em 0 ms. | ErroTecnico= | StackTrace=
DataHora=2026-09-26T18:28:47.3239622-03:00 | Nivel=INFO | Usuario=Smoke Test | Perfil=Administrador | Tela=Auditoria | Acao=ObterAuditoriaPaginada(pagina=1, tamanho=100) concluida em 0 ms. | ErroTecnico= | StackTrace=
DataHora=2026-09-26T18:28:47.4515050-03:00 | Nivel=INFO | Usuario=Smoke Test | Perfil=Administrador | Tela=Auditoria | Acao=ObterCategoriasAuditoriaOperacional concluida em 0 ms. | ErroTecnico= | StackTrace=
DataHora=2026-09-26T18:28:47.4528871-03:00 | Nivel=INFO | Usuario=Smoke Test | Perfil=Administrador | Tela=Relatorios | Acao=Workspace de relatorios carregado com 0 vendas, 3 clientes e 0 eventos de auditoria exibidos. | ErroTecnico= | StackTrace=
DataHora=2026-09-26T18:28:47.5062952-03:00 | Nivel=INFO | Usuario=Smoke Test | Perfil=Administrador | Tela=Auditoria | Acao=ObterAuditoriaPaginada(pagina=1, tamanho=100) concluida em 1 ms. | ErroTecnico= | StackTrace=
DataHora=2026-09-26T18:28:47.5078011-03:00 | Nivel=INFO | Usuario=Smoke Test | Perfil=Administrador | Tela=Auditoria | Acao=ObterCategoriasAuditoriaOperacional concluida em 0 ms. | ErroTecnico= | StackTrace=
DataHora=2026-09-26T18:28:47.5675524-03:00 | Nivel=INFO | Usuario=Smoke Test | Perfil=Administrador | Tela=Geral | Acao=Smoke test aprovado: Relatorios:AuditoriaPaginada (371 ms). | ErroTecnico= | StackTrace=
DataHora=2026-09-26T18:28:47.5682204-03:00 | Nivel=INFO | Usuario=Smoke Test | Perfil=Administrador | Tela=Geral | Acao=Smoke test iniciando: Relatorios:ConsistenciaOperacional. | ErroTecnico= | StackTrace=
DataHora=2026-09-26T18:28:47.6619358-03:00 | Nivel=INFO | Usuario=Smoke Test | Perfil=Administrador | Tela=Relatorios | Acao=ObterDadosFinanceiros(limit=250) concluida em 0 ms. | ErroTecnico= | StackTrace=
DataHora=2026-09-26T18:28:47.6633634-03:00 | Nivel=INFO | Usuario=Smoke Test | Perfil=Administrador | Tela=Relatorios | Acao=ObterDadosVendas(limit=250) concluida em 0 ms. | ErroTecnico= | StackTrace=
DataHora=2026-09-26T18:28:47.6647557-03:00 | Nivel=INFO | Usuario=Smoke Test | Perfil=Administrador | Tela=Relatorios | Acao=ObterMargemPorProduto(limit=100) concluida em 0 ms. | ErroTecnico= | StackTrace=
DataHora=2026-09-26T18:28:47.6658427-03:00 | Nivel=INFO | Usuario=Smoke Test | Perfil=Administrador | Tela=Relatorios | Acao=ObterVendasPorHora concluida em 0 ms. | ErroTecnico= | StackTrace=
DataHora=2026-09-26T18:28:47.6895029-03:00 | Nivel=INFO | Usuario=Smoke Test | Perfil=Administrador | Tela=Relatorios | Acao=ObterVendasPorDia(limit=31) concluida em 0 ms. | ErroTecnico= | StackTrace=
DataHora=2026-09-26T18:28:47.6907169-03:00 | Nivel=INFO | Usuario=Smoke Test | Perfil=Administrador | Tela=Relatorios | Acao=ObterInadimplenciaDetalhada(limit=100) concluida em 0 ms. | ErroTecnico= | StackTrace=
DataHora=2026-09-26T18:28:47.6918075-03:00 | Nivel=INFO | Usuario=Smoke Test | Perfil=Administrador | Tela=Relatorios | Acao=ObterConciliacaoFinanceira concluida em 0 ms. | ErroTecnico= | StackTrace=
DataHora=2026-09-26T18:28:47.6930541-03:00 | Nivel=INFO | Usuario=Smoke Test | Perfil=Administrador | Tela=Relatorios | Acao=ObterOsAbertas concluida em 0 ms. | ErroTecnico= | StackTrace=
DataHora=2026-09-26T18:28:47.6943785-03:00 | Nivel=INFO | Usuario=Smoke Test | Perfil=Administrador | Tela=Relatorios | Acao=ObterOsFinalizadas concluida em 0 ms. | ErroTecnico= | StackTrace=
DataHora=2026-09-26T18:28:47.6959125-03:00 | Nivel=INFO | Usuario=Smoke Test | Perfil=Administrador | Tela=Relatorios | Acao=ObterOrdensServicoPorTecnico concluida em 0 ms. | ErroTecnico= | StackTrace=
DataHora=2026-09-26T18:28:47.6972458-03:00 | Nivel=INFO | Usuario=Smoke Test | Perfil=Administrador | Tela=Relatorios | Acao=ObterServicosRelatorio concluida em 0 ms. | ErroTecnico= | StackTrace=
DataHora=2026-09-26T18:28:47.6983462-03:00 | Nivel=INFO | Usuario=Smoke Test | Perfil=Administrador | Tela=Relatorios | Acao=ObterDadosEstoque(limit=250) concluida em 0 ms. | ErroTecnico= | StackTrace=
DataHora=2026-09-26T18:28:47.6993703-03:00 | Nivel=INFO | Usuario=Smoke Test | Perfil=Administrador | Tela=Relatorios | Acao=ObterDadosClientes(limit=250) concluida em 0 ms. | ErroTecnico= | StackTrace=
DataHora=2026-09-26T18:28:47.7004286-03:00 | Nivel=INFO | Usuario=Smoke Test | Perfil=Administrador | Tela=Relatorios | Acao=ObterDadosOrcamentos(limit=250) concluida em 0 ms. | ErroTecnico= | StackTrace=
DataHora=2026-09-26T18:28:47.7013802-03:00 | Nivel=INFO | Usuario=Smoke Test | Perfil=Administrador | Tela=Relatorios | Acao=ObterDadosCaixa(limit=250) concluida em 0 ms. | ErroTecnico= | StackTrace=
DataHora=2026-09-26T18:28:47.7032917-03:00 | Nivel=INFO | Usuario=Smoke Test | Perfil=Administrador | Tela=Relatorios | Acao=ObterDemonstrativoResultado concluida em 0 ms. | ErroTecnico= | StackTrace=
DataHora=2026-09-26T18:28:47.7046053-03:00 | Nivel=INFO | Usuario=Smoke Test | Perfil=Administrador | Tela=Relatorios | Acao=ObterTicketMedio concluida em 0 ms. | ErroTecnico= | StackTrace=
DataHora=2026-09-26T18:28:47.7054765-03:00 | Nivel=INFO | Usuario=Smoke Test | Perfil=Administrador | Tela=Relatorios | Acao=ObterTotalClientes concluida em 0 ms. | ErroTecnico= | StackTrace=
DataHora=2026-09-26T18:28:47.7063067-03:00 | Nivel=INFO | Usuario=Smoke Test | Perfil=Administrador | Tela=Relatorios | Acao=ObterProdutosSemGiro concluida em 0 ms. | ErroTecnico= | StackTrace=
DataHora=2026-09-26T18:28:47.7072013-03:00 | Nivel=INFO | Usuario=Smoke Test | Perfil=Administrador | Tela=Relatorios | Acao=ObterConversaoOrcamentos concluida em 0 ms. | ErroTecnico= | StackTrace=
DataHora=2026-09-26T18:28:47.7084092-03:00 | Nivel=INFO | Usuario=Smoke Test | Perfil=Administrador | Tela=Relatorios | Acao=ObterResumoConsistenciaOperacional concluida em 0 ms. | ErroTecnico= | StackTrace=
DataHora=2026-09-26T18:28:47.7187983-03:00 | Nivel=INFO | Usuario=Smoke Test | Perfil=Administrador | Tela=Auditoria | Acao=ObterAuditoriaPaginada(pagina=1, tamanho=100) concluida em 0 ms. | ErroTecnico= | StackTrace=
DataHora=2026-09-26T18:28:47.8151739-03:00 | Nivel=INFO | Usuario=Smoke Test | Perfil=Administrador | Tela=Auditoria | Acao=ObterCategoriasAuditoriaOperacional concluida em 0 ms. | ErroTecnico= | StackTrace=
DataHora=2026-09-26T18:28:47.8179956-03:00 | Nivel=INFO | Usuario=Smoke Test | Perfil=Administrador | Tela=Relatorios | Acao=Workspace de relatorios carregado com 0 vendas, 3 clientes e 0 eventos de auditoria exibidos. | ErroTecnico= | StackTrace=
DataHora=2026-09-26T18:28:47.8645465-03:00 | Nivel=INFO | Usuario=Smoke Test | Perfil=Administrador | Tela=Geral | Acao=Smoke test aprovado: Relatorios:ConsistenciaOperacional (296 ms). | ErroTecnico= | StackTrace=
DataHora=2026-09-26T18:28:47.8652147-03:00 | Nivel=INFO | Usuario=Smoke Test | Perfil=Administrador | Tela=Geral | Acao=Smoke test iniciando: Relatorios:IndicadoresOperacionaisGerados. | ErroTecnico= | StackTrace=
DataHora=2026-09-26T18:28:47.8692597-03:00 | Nivel=INFO | Usuario=Smoke Test | Perfil=Administrador | Tela=Geral | Acao=Venda '0c3fb8bd-b5a8-4853-83bb-a5c1d22dde2f' registrada com 2 item(ns) e total R$ 190,00. | ErroTecnico= | StackTrace=
DataHora=2026-09-26T18:28:47.8735439-03:00 | Nivel=INFO | Usuario=Smoke Test | Perfil=Administrador | Tela=Geral | Acao=OS 'b22d26e4-76d0-47f9-b5b2-949efe703f81' integrada ao financeiro. Total=R$ 105,00. | ErroTecnico= | StackTrace=
DataHora=2026-09-26T18:28:48.0982210-03:00 | Nivel=INFO | Usuario=Smoke Test | Perfil=Administrador | Tela=Relatorios | Acao=ObterDadosFinanceiros(limit=250) concluida em 0 ms. | ErroTecnico= | StackTrace=
DataHora=2026-09-26T18:28:48.0997609-03:00 | Nivel=INFO | Usuario=Smoke Test | Perfil=Administrador | Tela=Relatorios | Acao=ObterDadosVendas(limit=250) concluida em 0 ms. | ErroTecnico= | StackTrace=
DataHora=2026-09-26T18:28:48.1014410-03:00 | Nivel=INFO | Usuario=Smoke Test | Perfil=Administrador | Tela=Relatorios | Acao=ObterMargemPorProduto(limit=100) concluida em 0 ms. | ErroTecnico= | StackTrace=
DataHora=2026-09-26T18:28:48.1025168-03:00 | Nivel=INFO | Usuario=Smoke Test | Perfil=Administrador | Tela=Relatorios | Acao=ObterVendasPorHora concluida em 0 ms. | ErroTecnico= | StackTrace=
DataHora=2026-09-26T18:28:48.1036047-03:00 | Nivel=INFO | Usuario=Smoke Test | Perfil=Administrador | Tela=Relatorios | Acao=ObterVendasPorDia(limit=31) concluida em 0 ms. | ErroTecnico= | StackTrace=
DataHora=2026-09-26T18:28:48.1046870-03:00 | Nivel=INFO | Usuario=Smoke Test | Perfil=Administrador | Tela=Relatorios | Acao=ObterInadimplenciaDetalhada(limit=100) concluida em 0 ms. | ErroTecnico= | StackTrace=
DataHora=2026-09-26T18:28:48.1058216-03:00 | Nivel=INFO | Usuario=Smoke Test | Perfil=Administrador | Tela=Relatorios | Acao=ObterConciliacaoFinanceira concluida em 0 ms. | ErroTecnico= | StackTrace=
DataHora=2026-09-26T18:28:48.1072531-03:00 | Nivel=INFO | Usuario=Smoke Test | Perfil=Administrador | Tela=Relatorios | Acao=ObterOsAbertas concluida em 0 ms. | ErroTecnico= | StackTrace=
DataHora=2026-09-26T18:28:48.1085647-03:00 | Nivel=INFO | Usuario=Smoke Test | Perfil=Administrador | Tela=Relatorios | Acao=ObterOsFinalizadas concluida em 0 ms. | ErroTecnico= | StackTrace=
DataHora=2026-09-26T18:28:48.1102965-03:00 | Nivel=INFO | Usuario=Smoke Test | Perfil=Administrador | Tela=Relatorios | Acao=ObterOrdensServicoPorTecnico concluida em 0 ms. | ErroTecnico= | StackTrace=
DataHora=2026-09-26T18:28:48.1116511-03:00 | Nivel=INFO | Usuario=Smoke Test | Perfil=Administrador | Tela=Relatorios | Acao=ObterServicosRelatorio concluida em 0 ms. | ErroTecnico= | StackTrace=
DataHora=2026-09-26T18:28:48.1128974-03:00 | Nivel=INFO | Usuario=Smoke Test | Perfil=Administrador | Tela=Relatorios | Acao=ObterDadosEstoque(limit=250) concluida em 0 ms. | ErroTecnico= | StackTrace=
DataHora=2026-09-26T18:28:48.1138646-03:00 | Nivel=INFO | Usuario=Smoke Test | Perfil=Administrador | Tela=Relatorios | Acao=ObterDadosClientes(limit=250) concluida em 0 ms. | ErroTecnico= | StackTrace=
DataHora=2026-09-26T18:28:48.1150467-03:00 | Nivel=INFO | Usuario=Smoke Test | Perfil=Administrador | Tela=Relatorios | Acao=ObterDadosOrcamentos(limit=250) concluida em 0 ms. | ErroTecnico= | StackTrace=
DataHora=2026-09-26T18:28:48.1160825-03:00 | Nivel=INFO | Usuario=Smoke Test | Perfil=Administrador | Tela=Relatorios | Acao=ObterDadosCaixa(limit=250) concluida em 0 ms. | ErroTecnico= | StackTrace=
DataHora=2026-09-26T18:28:48.1184125-03:00 | Nivel=INFO | Usuario=Smoke Test | Perfil=Administrador | Tela=Relatorios | Acao=ObterDemonstrativoResultado concluida em 0 ms. | ErroTecnico= | StackTrace=
DataHora=2026-09-26T18:28:48.1197113-03:00 | Nivel=INFO | Usuario=Smoke Test | Perfil=Administrador | Tela=Relatorios | Acao=ObterTicketMedio concluida em 0 ms. | ErroTecnico= | StackTrace=
DataHora=2026-09-26T18:28:48.1205902-03:00 | Nivel=INFO | Usuario=Smoke Test | Perfil=Administrador | Tela=Relatorios | Acao=ObterTotalClientes concluida em 0 ms. | ErroTecnico= | StackTrace=
DataHora=2026-09-26T18:28:48.1214635-03:00 | Nivel=INFO | Usuario=Smoke Test | Perfil=Administrador | Tela=Relatorios | Acao=ObterProdutosSemGiro concluida em 0 ms. | ErroTecnico= | StackTrace=
DataHora=2026-09-26T18:28:48.1224601-03:00 | Nivel=INFO | Usuario=Smoke Test | Perfil=Administrador | Tela=Relatorios | Acao=ObterConversaoOrcamentos concluida em 0 ms. | ErroTecnico= | StackTrace=
DataHora=2026-09-26T18:28:48.1236889-03:00 | Nivel=INFO | Usuario=Smoke Test | Perfil=Administrador | Tela=Relatorios | Acao=ObterResumoConsistenciaOperacional concluida em 0 ms. | ErroTecnico= | StackTrace=
DataHora=2026-09-26T18:28:48.1318976-03:00 | Nivel=INFO | Usuario=Smoke Test | Perfil=Administrador | Tela=Auditoria | Acao=ObterAuditoriaPaginada(pagina=1, tamanho=100) concluida em 1 ms. | ErroTecnico= | StackTrace=
DataHora=2026-09-26T18:28:48.4348277-03:00 | Nivel=INFO | Usuario=Smoke Test | Perfil=Administrador | Tela=Auditoria | Acao=ObterCategoriasAuditoriaOperacional concluida em 0 ms. | ErroTecnico= | StackTrace=
DataHora=2026-09-26T18:28:48.4366114-03:00 | Nivel=INFO | Usuario=Smoke Test | Perfil=Administrador | Tela=Relatorios | Acao=Workspace de relatorios carregado com 8 vendas, 3 clientes e 100 eventos de auditoria exibidos. | ErroTecnico= | StackTrace=
DataHora=2026-09-26T18:28:49.1191591-03:00 | Nivel=INFO | Usuario=Smoke Test | Perfil=Administrador | Tela=Geral | Acao=Smoke test aprovado: Relatorios:IndicadoresOperacionaisGerados (1253 ms). | ErroTecnico= | StackTrace=
DataHora=2026-09-26T18:28:49.1198372-03:00 | Nivel=INFO | Usuario=Smoke Test | Perfil=Administrador | Tela=Geral | Acao=Smoke test iniciando: Relatorios:GradesSomenteLeitura. | ErroTecnico= | StackTrace=
DataHora=2026-09-26T18:28:49.3503661-03:00 | Nivel=INFO | Usuario=Smoke Test | Perfil=Administrador | Tela=Geral | Acao=Smoke test aprovado: Relatorios:GradesSomenteLeitura (230 ms). | ErroTecnico= | StackTrace=
DataHora=2026-09-26T18:28:49.3510350-03:00 | Nivel=INFO | Usuario=Smoke Test | Perfil=Administrador | Tela=Geral | Acao=Smoke test iniciando: Relatorios:ExportacoesEvidencias. | ErroTecnico= | StackTrace=
DataHora=2026-09-26T18:28:49.4697208-03:00 | Nivel=INFO | Usuario=Smoke Test | Perfil=Administrador | Tela=Relatorios | Acao=ObterDadosFinanceiros(limit=250) concluida em 0 ms. | ErroTecnico= | StackTrace=
DataHora=2026-09-26T18:28:49.4712145-03:00 | Nivel=INFO | Usuario=Smoke Test | Perfil=Administrador | Tela=Relatorios | Acao=ObterDadosVendas(limit=250) concluida em 0 ms. | ErroTecnico= | StackTrace=
DataHora=2026-09-26T18:28:49.4726915-03:00 | Nivel=INFO | Usuario=Smoke Test | Perfil=Administrador | Tela=Relatorios | Acao=ObterMargemPorProduto(limit=100) concluida em 0 ms. | ErroTecnico= | StackTrace=
DataHora=2026-09-26T18:28:49.4737654-03:00 | Nivel=INFO | Usuario=Smoke Test | Perfil=Administrador | Tela=Relatorios | Acao=ObterVendasPorHora concluida em 0 ms. | ErroTecnico= | StackTrace=
DataHora=2026-09-26T18:28:49.4749489-03:00 | Nivel=INFO | Usuario=Smoke Test | Perfil=Administrador | Tela=Relatorios | Acao=ObterVendasPorDia(limit=31) concluida em 0 ms. | ErroTecnico= | StackTrace=
DataHora=2026-09-26T18:28:49.4760138-03:00 | Nivel=INFO | Usuario=Smoke Test | Perfil=Administrador | Tela=Relatorios | Acao=ObterInadimplenciaDetalhada(limit=100) concluida em 0 ms. | ErroTecnico= | StackTrace=
DataHora=2026-09-26T18:28:49.4771423-03:00 | Nivel=INFO | Usuario=Smoke Test | Perfil=Administrador | Tela=Relatorios | Acao=ObterConciliacaoFinanceira concluida em 0 ms. | ErroTecnico= | StackTrace=
DataHora=2026-09-26T18:28:49.4784301-03:00 | Nivel=INFO | Usuario=Smoke Test | Perfil=Administrador | Tela=Relatorios | Acao=ObterOsAbertas concluida em 0 ms. | ErroTecnico= | StackTrace=
DataHora=2026-09-26T18:28:49.4797268-03:00 | Nivel=INFO | Usuario=Smoke Test | Perfil=Administrador | Tela=Relatorios | Acao=ObterOsFinalizadas concluida em 0 ms. | ErroTecnico= | StackTrace=
DataHora=2026-09-26T18:28:49.4813295-03:00 | Nivel=INFO | Usuario=Smoke Test | Perfil=Administrador | Tela=Relatorios | Acao=ObterOrdensServicoPorTecnico concluida em 0 ms. | ErroTecnico= | StackTrace=
DataHora=2026-09-26T18:28:49.4827779-03:00 | Nivel=INFO | Usuario=Smoke Test | Perfil=Administrador | Tela=Relatorios | Acao=ObterServicosRelatorio concluida em 0 ms. | ErroTecnico= | StackTrace=
DataHora=2026-09-26T18:28:49.4838835-03:00 | Nivel=INFO | Usuario=Smoke Test | Perfil=Administrador | Tela=Relatorios | Acao=ObterDadosEstoque(limit=250) concluida em 0 ms. | ErroTecnico= | StackTrace=
DataHora=2026-09-26T18:28:49.4848338-03:00 | Nivel=INFO | Usuario=Smoke Test | Perfil=Administrador | Tela=Relatorios | Acao=ObterDadosClientes(limit=250) concluida em 0 ms. | ErroTecnico= | StackTrace=
DataHora=2026-09-26T18:28:49.4858718-03:00 | Nivel=INFO | Usuario=Smoke Test | Perfil=Administrador | Tela=Relatorios | Acao=ObterDadosOrcamentos(limit=250) concluida em 0 ms. | ErroTecnico= | StackTrace=
DataHora=2026-09-26T18:28:49.4868590-03:00 | Nivel=INFO | Usuario=Smoke Test | Perfil=Administrador | Tela=Relatorios | Acao=ObterDadosCaixa(limit=250) concluida em 0 ms. | ErroTecnico= | StackTrace=
DataHora=2026-09-26T18:28:49.4887568-03:00 | Nivel=INFO | Usuario=Smoke Test | Perfil=Administrador | Tela=Relatorios | Acao=ObterDemonstrativoResultado concluida em 0 ms. | ErroTecnico= | StackTrace=
DataHora=2026-09-26T18:28:49.4900453-03:00 | Nivel=INFO | Usuario=Smoke Test | Perfil=Administrador | Tela=Relatorios | Acao=ObterTicketMedio concluida em 0 ms. | ErroTecnico= | StackTrace=
DataHora=2026-09-26T18:28:49.4909082-03:00 | Nivel=INFO | Usuario=Smoke Test | Perfil=Administrador | Tela=Relatorios | Acao=ObterTotalClientes concluida em 0 ms. | ErroTecnico= | StackTrace=
DataHora=2026-09-26T18:28:49.4917937-03:00 | Nivel=INFO | Usuario=Smoke Test | Perfil=Administrador | Tela=Relatorios | Acao=ObterProdutosSemGiro concluida em 0 ms. | ErroTecnico= | StackTrace=
DataHora=2026-09-26T18:28:49.4926607-03:00 | Nivel=INFO | Usuario=Smoke Test | Perfil=Administrador | Tela=Relatorios | Acao=ObterConversaoOrcamentos concluida em 0 ms. | ErroTecnico= | StackTrace=
DataHora=2026-09-26T18:28:49.4939414-03:00 | Nivel=INFO | Usuario=Smoke Test | Perfil=Administrador | Tela=Relatorios | Acao=ObterResumoConsistenciaOperacional concluida em 0 ms. | ErroTecnico= | StackTrace=
DataHora=2026-09-26T18:28:49.5014586-03:00 | Nivel=INFO | Usuario=Smoke Test | Perfil=Administrador | Tela=Auditoria | Acao=ObterAuditoriaPaginada(pagina=1, tamanho=100) concluida em 0 ms. | ErroTecnico= | StackTrace=
DataHora=2026-09-26T18:28:49.6223276-03:00 | Nivel=INFO | Usuario=Smoke Test | Perfil=Administrador | Tela=Auditoria | Acao=ObterCategoriasAuditoriaOperacional concluida em 0 ms. | ErroTecnico= | StackTrace=
DataHora=2026-09-26T18:28:49.6236483-03:00 | Nivel=INFO | Usuario=Smoke Test | Perfil=Administrador | Tela=Relatorios | Acao=Workspace de relatorios carregado com 0 vendas, 3 clientes e 0 eventos de auditoria exibidos. | ErroTecnico= | StackTrace=
DataHora=2026-09-26T18:28:49.7458410-03:00 | Nivel=INFO | Usuario=Smoke Test | Perfil=Administrador | Tela=Relatorios | Acao=PDF de relatorios gerado em C:\Users\campo\AppData\Local\Temp\primox-c115-smoke-20260926_181445\Logs\relatorios-exportacoes\Relatorio_20260926_182849680.pdf. | ErroTecnico= | StackTrace=
DataHora=2026-09-26T18:28:49.9637484-03:00 | Nivel=INFO | Usuario=Smoke Test | Perfil=Administrador | Tela=Relatorios | Acao=Excel/CSV de relatorios gerado em C:\Users\campo\AppData\Local\Temp\primox-c115-smoke-20260926_181445\Logs\relatorios-exportacoes\Relatorio_Excel_20260926_182849747.csv. | ErroTecnico= | StackTrace=
DataHora=2026-09-26T18:28:50.0842108-03:00 | Nivel=INFO | Usuario=Smoke Test | Perfil=Administrador | Tela=Relatorios | Acao=Pacote de evidencias de relatorios gerado em C:\Users\campo\AppData\Local\Temp\primox-c115-smoke-20260926_181445\Logs\relatorios-exportacoes\Evidencias_Relatorios_20260926_182849964. | ErroTecnico= | StackTrace=
DataHora=2026-09-26T18:28:50.0965807-03:00 | Nivel=INFO | Usuario=Smoke Test | Perfil=Administrador | Tela=Geral | Acao=Smoke test aprovado: Relatorios:ExportacoesEvidencias (745 ms). | ErroTecnico= | StackTrace=
DataHora=2026-09-26T18:28:50.0974505-03:00 | Nivel=INFO | Usuario=Smoke Test | Perfil=Administrador | Tela=Geral | Acao=Smoke test iniciando: NavigationService:ModuloInexistente. | ErroTecnico= | StackTrace=
DataHora=2026-09-26T18:28:50.0987327-03:00 | Nivel=WARN | Usuario=Smoke Test | Perfil=Administrador | Tela=Geral | Acao=Permissao negada. Usuario=Smoke Test; Perfil=Administrador; Tipo=Modulo; Alvo=ModuloInexistente; Codigo=N/A | ErroTecnico= | StackTrace=
DataHora=2026-09-26T18:28:50.1001693-03:00 | Nivel=INFO | Usuario=Smoke Test | Perfil=Administrador | Tela=Geral | Acao=Smoke test aprovado: NavigationService:ModuloInexistente (2 ms). | ErroTecnico= | StackTrace=
DataHora=2026-09-26T18:28:50.1007209-03:00 | Nivel=INFO | Usuario=Smoke Test | Perfil=Administrador | Tela=Geral | Acao=Smoke test iniciando: NavigationService:RefreshSemModulo. | ErroTecnico= | StackTrace=
DataHora=2026-09-26T18:28:50.1014458-03:00 | Nivel=INFO | Usuario=Smoke Test | Perfil=Administrador | Tela=Geral | Acao=Smoke test aprovado: NavigationService:RefreshSemModulo (0 ms). | ErroTecnico= | StackTrace=
DataHora=2026-09-26T18:28:50.1019917-03:00 | Nivel=INFO | Usuario=Smoke Test | Perfil=Administrador | Tela=Geral | Acao=Smoke test iniciando: NavigationService:PermissaoNegada. | ErroTecnico= | StackTrace=
DataHora=2026-09-26T18:28:50.1031172-03:00 | Nivel=WARN | Usuario=Smoke Test | Perfil=Administrador | Tela=Geral | Acao=Permissao negada. Usuario=Vendedor Smoke; Perfil=Vendedor; Tipo=Modulo; Alvo=Financeiro; Codigo=FINANCEIRO_VER | ErroTecnico= | StackTrace=
DataHora=2026-09-26T18:28:50.1043037-03:00 | Nivel=INFO | Usuario=Smoke Test | Perfil=Administrador | Tela=Geral | Acao=Smoke test aprovado: NavigationService:PermissaoNegada (2 ms). | ErroTecnico= | StackTrace=
DataHora=2026-09-26T18:28:50.1079918-03:00 | Nivel=INFO | Usuario=Nao autenticado | Perfil=Sem perfil | Tela=Geral | Acao=Smoke test UI concluido. Total=206, Sucesso=206, Falhas=0. | ErroTecnico= | StackTrace=
DataHora=2026-09-26T18:28:50.1092184-03:00 | Nivel=INFO | Usuario=Nao autenticado | Perfil=Sem perfil | Tela=Geral | Acao=Smoke test UI finalizado. Total=206, Sucesso=206, Falhas=0, Relatorio=C:\Users\campo\AppData\Local\Temp\primox-c115-smoke-20260926_181445\Logs\smoke-tests\ui-smoke-2026-09-26-18-28-50-106-p10208.txt | ErroTecnico= | StackTrace=
