DataHora=2026-09-26T16:29:43.6913912-03:00 | Nivel=INFO | Usuario=Nao autenticado | Perfil=Sem perfil | Tela=Geral | Acao=Inicializando estrutura do banco SQLite em 'C:\Users\campo\AppData\Local\Temp\primox-c114-smoke-20260926_162941\primoauto.db'. | ErroTecnico= | StackTrace=
DataHora=2026-09-26T16:29:44.4090453-03:00 | Nivel=WARN | Usuario=Nao autenticado | Perfil=Sem perfil | Tela=Geral | Acao=Senha temporaria do administrador inicial gerada em 'C:\Users\campo\AppData\Local\Temp\primox-c114-smoke-20260926_162941\credenciais-iniciais-admin.txt'. Troque no primeiro acesso. | ErroTecnico= | StackTrace=
DataHora=2026-09-26T16:29:44.4334846-03:00 | Nivel=INFO | Usuario=Nao autenticado | Perfil=Sem perfil | Tela=Geral | Acao=Estrutura do banco SQLite validada em 'C:\Users\campo\AppData\Local\Temp\primox-c114-smoke-20260926_162941\primoauto.db'. | ErroTecnico= | StackTrace=
DataHora=2026-09-26T16:29:44.4432403-03:00 | Nivel=INFO | Usuario=Nao autenticado | Perfil=Sem perfil | Tela=Geral | Acao=Inicializacao do ERP iniciada. | ErroTecnico= | StackTrace=
DataHora=2026-09-26T16:29:44.4502585-03:00 | Nivel=INFO | Usuario=Nao autenticado | Perfil=Sem perfil | Tela=Geral | Acao=Saude do banco validada. Migrations aplicadas: 30. | ErroTecnico= | StackTrace=
DataHora=2026-09-26T16:29:44.4904212-03:00 | Nivel=INFO | Usuario=Nao autenticado | Perfil=Sem perfil | Tela=Geral | Acao=Backup automático diário iniciado com intervalo de 24 horas. | ErroTecnico= | StackTrace=
DataHora=2026-09-26T16:29:44.5109702-03:00 | Nivel=INFO | Usuario=Nao autenticado | Perfil=Sem perfil | Tela=Geral | Acao=Backup do banco criado em 'C:\Users\campo\AppData\Local\Temp\primox-c114-smoke-20260926_162941\Backups\PrimoAutoEletrica_Backup_2026-09-26_16-29-44.db' em 17ms. Hash: 6278787B48401BE27403BBB0BB51B6ECCFFA3678E9A1B7072252A4786C635DAA | ErroTecnico= | StackTrace=
DataHora=2026-09-26T16:29:44.8201566-03:00 | Nivel=INFO | Usuario=Nao autenticado | Perfil=Sem perfil | Tela=Geral | Acao=Iniciando smoke test de UI. | ErroTecnico= | StackTrace=
DataHora=2026-09-26T16:29:44.8223413-03:00 | Nivel=INFO | Usuario=Smoke Test | Perfil=Administrador | Tela=Geral | Acao=Smoke test iniciando: MainWindow. | ErroTecnico= | StackTrace=
DataHora=2026-09-26T16:29:45.2668798-03:00 | Nivel=INFO | Usuario=Smoke Test | Perfil=Administrador | Tela=Geral | Acao=Adicionado ao cache: Dashboard | ErroTecnico= | StackTrace=
DataHora=2026-09-26T16:29:45.2678654-03:00 | Nivel=INFO | Usuario=Smoke Test | Perfil=Administrador | Tela=Geral | Acao=Navegacao registrada: Dashboard | ErroTecnico= | StackTrace=
DataHora=2026-09-26T16:29:45.2694426-03:00 | Nivel=INFO | Usuario=Smoke Test | Perfil=Administrador | Tela=Geral | Acao=Navegacao concluida para o modulo 'Dashboard'. | ErroTecnico= | StackTrace=
DataHora=2026-09-26T16:29:46.0482111-03:00 | Nivel=INFO | Usuario=Smoke Test | Perfil=Administrador | Tela=Geral | Acao=Smoke test aprovado: MainWindow (1225 ms). | ErroTecnico= | StackTrace=
DataHora=2026-09-26T16:29:46.0489174-03:00 | Nivel=INFO | Usuario=Smoke Test | Perfil=Administrador | Tela=Geral | Acao=Smoke test iniciando: Dados:SeedBaseUi. | ErroTecnico= | StackTrace=
DataHora=2026-09-26T16:29:46.4941272-03:00 | Nivel=INFO | Usuario=Smoke Test | Perfil=Administrador | Tela=Geral | Acao=Smoke test aprovado: Dados:SeedBaseUi (445 ms). | ErroTecnico= | StackTrace=
DataHora=2026-09-26T16:29:46.4949831-03:00 | Nivel=INFO | Usuario=Smoke Test | Perfil=Administrador | Tela=Geral | Acao=Smoke test iniciando: Produtos:CamposAnexosOperacionais. | ErroTecnico= | StackTrace=
DataHora=2026-09-26T16:29:46.9109848-03:00 | Nivel=INFO | Usuario=Smoke Test | Perfil=Administrador | Tela=Geral | Acao=Bloqueio criado: Produto/b2b75396-7a5d-462c-aeb6-4878e7c2c5ad por Smoke Test em CIRO. Expira em 30 minutos. | ErroTecnico= | StackTrace=
DataHora=2026-09-26T16:29:47.6113989-03:00 | Nivel=INFO | Usuario=Smoke Test | Perfil=Administrador | Tela=Estoque | Acao=Abertura de anexo do produto validada em automacao: C:\Users\campo\AppData\Local\Temp\primox-c114-smoke-20260926_162941\Media\Produtos\Anexos\b2b753967a5d462caeb64878e7c2c5ad\20260926162946529_Produto_Smoke_381605244048_ficha-tecnica-20260926162946503-b3066bc86dd04d7fba6f06d0084d16da.txt | ErroTecnico= | StackTrace=
DataHora=2026-09-26T16:29:48.2762364-03:00 | Nivel=INFO | Usuario=Smoke Test | Perfil=Administrador | Tela=Estoque | Acao=Sucesso: Produto atualizado com sucesso! | ErroTecnico= | StackTrace=
DataHora=2026-09-26T16:29:48.2776123-03:00 | Nivel=INFO | Usuario=Smoke Test | Perfil=Administrador | Tela=Estoque | Acao=DialogResult suprimido em automacao para 'EditarProdutoWindow': DialogResult somente pode ser definido após Window ser criado e exibido como caixa de diálogo. | ErroTecnico= | StackTrace=
DataHora=2026-09-26T16:29:48.2895827-03:00 | Nivel=INFO | Usuario=Smoke Test | Perfil=Administrador | Tela=Geral | Acao=Bloqueio liberado: Produto/b2b75396-7a5d-462c-aeb6-4878e7c2c5ad por Smoke Test. | ErroTecnico= | StackTrace=
DataHora=2026-09-26T16:29:48.9547421-03:00 | Nivel=INFO | Usuario=Smoke Test | Perfil=Administrador | Tela=Geral | Acao=Smoke test aprovado: Produtos:CamposAnexosOperacionais (2459 ms). | ErroTecnico= | StackTrace=
DataHora=2026-09-26T16:29:48.9556526-03:00 | Nivel=INFO | Usuario=Smoke Test | Perfil=Administrador | Tela=Geral | Acao=Smoke test iniciando: Produtos:CadastroCompletoPelaTela. | ErroTecnico= | StackTrace=
DataHora=2026-09-26T16:29:49.8998669-03:00 | Nivel=INFO | Usuario=Smoke Test | Perfil=Administrador | Tela=Estoque | Acao=Sucesso: Produto cadastrado com sucesso! | ErroTecnico= | StackTrace=
DataHora=2026-09-26T16:29:49.9009059-03:00 | Nivel=INFO | Usuario=Smoke Test | Perfil=Administrador | Tela=Estoque | Acao=DialogResult suprimido em automacao para 'NovoProdutoWindow': DialogResult somente pode ser definido após Window ser criado e exibido como caixa de diálogo. | ErroTecnico= | StackTrace=
DataHora=2026-09-26T16:29:50.5772527-03:00 | Nivel=INFO | Usuario=Smoke Test | Perfil=Administrador | Tela=Geral | Acao=Smoke test aprovado: Produtos:CadastroCompletoPelaTela (1621 ms). | ErroTecnico= | StackTrace=
DataHora=2026-09-26T16:29:50.5780085-03:00 | Nivel=INFO | Usuario=Smoke Test | Perfil=Administrador | Tela=Geral | Acao=Smoke test iniciando: Produtos:EtiquetaPdfPelaTela. | ErroTecnico= | StackTrace=
DataHora=2026-09-26T16:29:50.7267105-03:00 | Nivel=INFO | Usuario=Smoke Test | Perfil=Administrador | Tela=Estoque | Acao=Estoque: listagem carregou 2 produto(s). | ErroTecnico= | StackTrace=
DataHora=2026-09-26T16:29:50.8975960-03:00 | Nivel=INFO | Usuario=Smoke Test | Perfil=Administrador | Tela=Estoque | Acao=Estoque layout: rootH=821; headerH=59; actionBarH=140; actionBarVis=Visible; metricsH=76; metricsVis=Visible; stateHostH=519; contentH=519; contentVis=Visible; loadingH=0; loadingVis=Collapsed; emptyH=0; emptyVis=Collapsed; errorH=0; errorVis=Collapsed; dataGridH=365; gridItems=2; totalTxt=2 | ErroTecnico= | StackTrace=
DataHora=2026-09-26T16:29:52.2853450-03:00 | Nivel=INFO | Usuario=Smoke Test | Perfil=Administrador | Tela=Estoque | Acao=Etiqueta gerada para produto SMK-381605244048 em C:\Users\campo\AppData\Local\Temp\primox-c114-smoke-20260926_162941\Logs\produtos-smoke\Etiqueta_381605244048_20260926_162951.pdf. | ErroTecnico= | StackTrace=
DataHora=2026-09-26T16:29:52.9413656-03:00 | Nivel=INFO | Usuario=Smoke Test | Perfil=Administrador | Tela=Geral | Acao=Smoke test aprovado: Produtos:EtiquetaPdfPelaTela (2363 ms). | ErroTecnico= | StackTrace=
DataHora=2026-09-26T16:29:52.9423318-03:00 | Nivel=INFO | Usuario=Smoke Test | Perfil=Administrador | Tela=Geral | Acao=Smoke test iniciando: Estoque:EntradaSaidaHistoricoPelaTela. | ErroTecnico= | StackTrace=
DataHora=2026-09-26T16:29:53.0417134-03:00 | Nivel=INFO | Usuario=Smoke Test | Perfil=Administrador | Tela=Estoque | Acao=Estoque: listagem carregou 2 produto(s). | ErroTecnico= | StackTrace=
DataHora=2026-09-26T16:29:53.1096444-03:00 | Nivel=INFO | Usuario=Smoke Test | Perfil=Administrador | Tela=Estoque | Acao=Estoque layout: rootH=821; headerH=59; actionBarH=140; actionBarVis=Visible; metricsH=76; metricsVis=Visible; stateHostH=519; contentH=519; contentVis=Visible; loadingH=0; loadingVis=Collapsed; emptyH=0; emptyVis=Collapsed; errorH=0; errorVis=Collapsed; dataGridH=365; gridItems=2; totalTxt=2 | ErroTecnico= | StackTrace=
DataHora=2026-09-26T16:29:53.9038390-03:00 | Nivel=INFO | Usuario=Smoke Test | Perfil=Administrador | Tela=Estoque | Acao=Estoque: listagem carregou 2 produto(s). | ErroTecnico= | StackTrace=
DataHora=2026-09-26T16:29:53.9133124-03:00 | Nivel=INFO | Usuario=Smoke Test | Perfil=Administrador | Tela=Estoque | Acao=Movimentacao dedicada de Entrada validada em automacao para produto SMK-381605244048. | ErroTecnico= | StackTrace=
DataHora=2026-09-26T16:29:53.9780312-03:00 | Nivel=INFO | Usuario=Smoke Test | Perfil=Administrador | Tela=Estoque | Acao=Estoque layout: rootH=821; headerH=59; actionBarH=140; actionBarVis=Visible; metricsH=76; metricsVis=Visible; stateHostH=519; contentH=519; contentVis=Visible; loadingH=0; loadingVis=Collapsed; emptyH=0; emptyVis=Collapsed; errorH=0; errorVis=Collapsed; dataGridH=365; gridItems=2; totalTxt=2 | ErroTecnico= | StackTrace=
DataHora=2026-09-26T16:29:55.2654210-03:00 | Nivel=INFO | Usuario=Smoke Test | Perfil=Administrador | Tela=Estoque | Acao=Estoque: listagem carregou 2 produto(s). | ErroTecnico= | StackTrace=
DataHora=2026-09-26T16:29:55.2731866-03:00 | Nivel=INFO | Usuario=Smoke Test | Perfil=Administrador | Tela=Estoque | Acao=Movimentacao dedicada de Saida validada em automacao para produto SMK-381605244048. | ErroTecnico= | StackTrace=
DataHora=2026-09-26T16:29:55.3342587-03:00 | Nivel=INFO | Usuario=Smoke Test | Perfil=Administrador | Tela=Estoque | Acao=Estoque layout: rootH=821; headerH=59; actionBarH=140; actionBarVis=Visible; metricsH=76; metricsVis=Visible; stateHostH=519; contentH=519; contentVis=Visible; loadingH=0; loadingVis=Collapsed; emptyH=0; emptyVis=Collapsed; errorH=0; errorVis=Collapsed; dataGridH=365; gridItems=2; totalTxt=2 | ErroTecnico= | StackTrace=
DataHora=2026-09-26T16:29:56.6140512-03:00 | Nivel=INFO | Usuario=Smoke Test | Perfil=Administrador | Tela=Geral | Acao=Smoke test aprovado: Estoque:EntradaSaidaHistoricoPelaTela (3671 ms). | ErroTecnico= | StackTrace=
DataHora=2026-09-26T16:29:56.6148123-03:00 | Nivel=INFO | Usuario=Smoke Test | Perfil=Administrador | Tela=Geral | Acao=Smoke test iniciando: Estoque:FiltrosOperacionaisPelaTela. | ErroTecnico= | StackTrace=
DataHora=2026-09-26T16:29:56.7292667-03:00 | Nivel=INFO | Usuario=Smoke Test | Perfil=Administrador | Tela=Estoque | Acao=Estoque: listagem carregou 7 produto(s). | ErroTecnico= | StackTrace=
DataHora=2026-09-26T16:29:56.8281118-03:00 | Nivel=INFO | Usuario=Smoke Test | Perfil=Administrador | Tela=Estoque | Acao=Estoque layout: rootH=821; headerH=59; actionBarH=140; actionBarVis=Visible; metricsH=84; metricsVis=Visible; stateHostH=511; contentH=511; contentVis=Visible; loadingH=0; loadingVis=Collapsed; emptyH=0; emptyVis=Collapsed; errorH=0; errorVis=Collapsed; dataGridH=357; gridItems=7; totalTxt=7 | ErroTecnico= | StackTrace=
DataHora=2026-09-26T16:30:03.9842878-03:00 | Nivel=INFO | Usuario=Smoke Test | Perfil=Administrador | Tela=Geral | Acao=Smoke test aprovado: Estoque:FiltrosOperacionaisPelaTela (7369 ms). | ErroTecnico= | StackTrace=
DataHora=2026-09-26T16:30:03.9851519-03:00 | Nivel=INFO | Usuario=Smoke Test | Perfil=Administrador | Tela=Geral | Acao=Smoke test iniciando: Fornecedores:ProdutoFornecedorComprasPrazosRanking. | ErroTecnico= | StackTrace=
DataHora=2026-09-26T16:30:04.2925651-03:00 | Nivel=INFO | Usuario=Smoke Test | Perfil=Administrador | Tela=Geral | Acao=Smoke test aprovado: Fornecedores:ProdutoFornecedorComprasPrazosRanking (307 ms). | ErroTecnico= | StackTrace=
DataHora=2026-09-26T16:30:04.2934032-03:00 | Nivel=INFO | Usuario=Smoke Test | Perfil=Administrador | Tela=Geral | Acao=Smoke test iniciando: Fornecedores:AcoesSemExcluirNaColuna. | ErroTecnico= | StackTrace=
DataHora=2026-09-26T16:30:04.3307511-03:00 | Nivel=INFO | Usuario=Smoke Test | Perfil=Administrador | Tela=Geral | Acao=Smoke test aprovado: Fornecedores:AcoesSemExcluirNaColuna (37 ms). | ErroTecnico= | StackTrace=
DataHora=2026-09-26T16:30:04.3314600-03:00 | Nivel=INFO | Usuario=Smoke Test | Perfil=Administrador | Tela=Geral | Acao=Smoke test iniciando: Fornecedores:ExcluirSomenteSelecionado. | ErroTecnico= | StackTrace=
DataHora=2026-09-26T16:30:05.9560109-03:00 | Nivel=INFO | Usuario=Smoke Test | Perfil=Administrador | Tela=Geral | Acao=Smoke test aprovado: Fornecedores:ExcluirSomenteSelecionado (1624 ms). | ErroTecnico= | StackTrace=
DataHora=2026-09-26T16:30:05.9568901-03:00 | Nivel=INFO | Usuario=Smoke Test | Perfil=Administrador | Tela=Geral | Acao=Smoke test iniciando: Fornecedores:EditarPrazoCategoriaContatoRefleteFicha. | ErroTecnico= | StackTrace=
DataHora=2026-09-26T16:30:06.0744888-03:00 | Nivel=INFO | Usuario=Smoke Test | Perfil=Administrador | Tela=Fornecedores | Acao=Sucesso: Fornecedor Fornecedor Exclusao Edicao 20260926163005958-67490400927b419caf3030232add8ea3 atualizado com sucesso! | ErroTecnico= | StackTrace=
DataHora=2026-09-26T16:30:06.0758974-03:00 | Nivel=INFO | Usuario=Smoke Test | Perfil=Administrador | Tela=Fornecedores | Acao=DialogResult suprimido em automacao para 'EditarFornecedorWindow': DialogResult somente pode ser definido após Window ser criado e exibido como caixa de diálogo. | ErroTecnico= | StackTrace=
DataHora=2026-09-26T16:30:06.7405186-03:00 | Nivel=INFO | Usuario=Smoke Test | Perfil=Administrador | Tela=Geral | Acao=Smoke test aprovado: Fornecedores:EditarPrazoCategoriaContatoRefleteFicha (783 ms). | ErroTecnico= | StackTrace=
DataHora=2026-09-26T16:30:06.7413786-03:00 | Nivel=INFO | Usuario=Smoke Test | Perfil=Administrador | Tela=Geral | Acao=Smoke test iniciando: Clientes:LGPDAtalhosOperacionais. | ErroTecnico= | StackTrace=
DataHora=2026-09-26T16:30:07.6773580-03:00 | Nivel=INFO | Usuario=Smoke Test | Perfil=Administrador | Tela=Clientes | Acao=WhatsApp do cliente validado em automacao para o telefone 5511988880001. | ErroTecnico= | StackTrace=
DataHora=2026-09-26T16:30:08.4342643-03:00 | Nivel=INFO | Usuario=Smoke Test | Perfil=Administrador | Tela=Clientes | Acao=Janela de nova OS por atalho de cliente validada em automacao sem abrir modal bloqueante. | ErroTecnico= | StackTrace=
DataHora=2026-09-26T16:30:09.1463556-03:00 | Nivel=INFO | Usuario=Smoke Test | Perfil=Administrador | Tela=Clientes | Acao=Janela de novo orcamento por atalho de cliente validada em automacao sem abrir modal bloqueante. | ErroTecnico= | StackTrace=
DataHora=2026-09-26T16:30:09.7939078-03:00 | Nivel=INFO | Usuario=Smoke Test | Perfil=Administrador | Tela=Geral | Acao=Smoke test aprovado: Clientes:LGPDAtalhosOperacionais (3052 ms). | ErroTecnico= | StackTrace=
DataHora=2026-09-26T16:30:09.7948541-03:00 | Nivel=INFO | Usuario=Smoke Test | Perfil=Administrador | Tela=Geral | Acao=Smoke test iniciando: Clientes:CadastroCompletoPelaTela. | ErroTecnico= | StackTrace=
DataHora=2026-09-26T16:30:09.9564487-03:00 | Nivel=INFO | Usuario=Smoke Test | Perfil=Administrador | Tela=Clientes | Acao=Arquivo sintetico de cliente gerado em 'C:\Users\campo\AppData\Local\Temp\primox-c114-smoke-20260926_162941\Clientes\Automacao\documento-cliente-smoke.txt'. | ErroTecnico= | StackTrace=
DataHora=2026-09-26T16:30:09.9573970-03:00 | Nivel=INFO | Usuario=Smoke Test | Perfil=Administrador | Tela=Clientes | Acao=Documento: Documento sintetico vinculado ao cadastro em automacao. | ErroTecnico= | StackTrace=
DataHora=2026-09-26T16:30:10.6147794-03:00 | Nivel=INFO | Usuario=Smoke Test | Perfil=Administrador | Tela=Geral | Acao=Assinatura digital registrada para cliente 'Cliente Cadastro Completo 163009797' em 'C:\Users\campo\AppData\Local\Temp\primox-c114-smoke-20260926_162941\Clientes\Assinaturas\20260926163010_Cliente_Cadastro_Completo_163009797_98eb5316f5114996a16d3617f5d17621.txt'. | ErroTecnico= | StackTrace=
DataHora=2026-09-26T16:30:10.6155916-03:00 | Nivel=INFO | Usuario=Smoke Test | Perfil=Administrador | Tela=Clientes | Acao=Assinatura Digital: Assinatura digital registrada e vinculada ao cadastro. | ErroTecnico= | StackTrace=
DataHora=2026-09-26T16:30:11.8887533-03:00 | Nivel=INFO | Usuario=Smoke Test | Perfil=Administrador | Tela=Clientes | Acao=Sucesso: Cliente Cliente Cadastro Completo 163009797 salvo com sucesso! | ErroTecnico= | StackTrace=
DataHora=2026-09-26T16:30:11.8897416-03:00 | Nivel=INFO | Usuario=Smoke Test | Perfil=Administrador | Tela=Clientes | Acao=DialogResult suprimido em automacao para 'NovoClienteWindow': DialogResult somente pode ser definido após Window ser criado e exibido como caixa de diálogo. | ErroTecnico= | StackTrace=
DataHora=2026-09-26T16:30:12.6376468-03:00 | Nivel=INFO | Usuario=Smoke Test | Perfil=Administrador | Tela=Geral | Acao=Bloqueio criado: Cliente/aa4e866a-cf9d-4096-9e4a-12cb0e2d7176 por Smoke Test em CIRO. Expira em 30 minutos. | ErroTecnico= | StackTrace=
DataHora=2026-09-26T16:30:12.6869083-03:00 | Nivel=INFO | Usuario=Smoke Test | Perfil=Administrador | Tela=Geral | Acao=Bloqueio liberado: Cliente/aa4e866a-cf9d-4096-9e4a-12cb0e2d7176 por Smoke Test. | ErroTecnico= | StackTrace=
DataHora=2026-09-26T16:30:17.7266646-03:00 | Nivel=WARN | Usuario=Smoke Test | Perfil=Administrador | Tela=Geral | Acao=Smoke test: janela EditarClienteWindow nao ficou visivel apos 5s. | ErroTecnico= | StackTrace=
DataHora=2026-09-26T16:30:17.7329249-03:00 | Nivel=INFO | Usuario=Smoke Test | Perfil=Administrador | Tela=Clientes | Acao=Sucesso: Cliente atualizado com sucesso! | ErroTecnico= | StackTrace=
DataHora=2026-09-26T16:30:17.7338216-03:00 | Nivel=INFO | Usuario=Smoke Test | Perfil=Administrador | Tela=Clientes | Acao=DialogResult suprimido em automacao para 'EditarClienteWindow': DialogResult somente pode ser definido após Window ser criado e exibido como caixa de diálogo. | ErroTecnico= | StackTrace=
DataHora=2026-09-26T16:30:18.4917703-03:00 | Nivel=INFO | Usuario=Smoke Test | Perfil=Administrador | Tela=Geral | Acao=Smoke test aprovado: Clientes:CadastroCompletoPelaTela (8696 ms). | ErroTecnico= | StackTrace=
DataHora=2026-09-26T16:30:18.4925786-03:00 | Nivel=INFO | Usuario=Smoke Test | Perfil=Administrador | Tela=Geral | Acao=Smoke test iniciando: Clientes:AnexosAssinatura. | ErroTecnico= | StackTrace=
DataHora=2026-09-26T16:30:23.6739468-03:00 | Nivel=WARN | Usuario=Smoke Test | Perfil=Administrador | Tela=Geral | Acao=Smoke test: janela VisualizarClienteWindow nao ficou visivel apos 5s. | ErroTecnico= | StackTrace=
DataHora=2026-09-26T16:30:23.6755927-03:00 | Nivel=INFO | Usuario=Smoke Test | Perfil=Administrador | Tela=Clientes | Acao=Abertura de documento validada em automacao sem executar aplicativo externo. | ErroTecnico= | StackTrace=
DataHora=2026-09-26T16:30:24.2975973-03:00 | Nivel=INFO | Usuario=Smoke Test | Perfil=Administrador | Tela=Clientes | Acao=Abertura de assinatura validada em automacao sem executar aplicativo externo. | ErroTecnico= | StackTrace=
DataHora=2026-09-26T16:30:25.0061247-03:00 | Nivel=INFO | Usuario=Smoke Test | Perfil=Administrador | Tela=Geral | Acao=Bloqueio criado: Cliente/12cba520-6cba-41d0-aa50-54f0d934307c por Smoke Test em CIRO. Expira em 30 minutos. | ErroTecnico= | StackTrace=
DataHora=2026-09-26T16:30:25.0687651-03:00 | Nivel=INFO | Usuario=Smoke Test | Perfil=Administrador | Tela=Clientes | Acao=Abertura de documento validada em automacao sem executar aplicativo externo. | ErroTecnico= | StackTrace=
DataHora=2026-09-26T16:30:25.7163981-03:00 | Nivel=INFO | Usuario=Smoke Test | Perfil=Administrador | Tela=Clientes | Acao=Abertura de assinatura validada em automacao sem executar aplicativo externo. | ErroTecnico= | StackTrace=
DataHora=2026-09-26T16:30:26.3630619-03:00 | Nivel=INFO | Usuario=Smoke Test | Perfil=Administrador | Tela=Geral | Acao=Bloqueio liberado: Cliente/12cba520-6cba-41d0-aa50-54f0d934307c por Smoke Test. | ErroTecnico= | StackTrace=
DataHora=2026-09-26T16:30:26.3638114-03:00 | Nivel=INFO | Usuario=Smoke Test | Perfil=Administrador | Tela=Geral | Acao=Smoke test aprovado: Clientes:AnexosAssinatura (7871 ms). | ErroTecnico= | StackTrace=
DataHora=2026-09-26T16:30:26.3646767-03:00 | Nivel=INFO | Usuario=Smoke Test | Perfil=Administrador | Tela=Geral | Acao=Smoke test iniciando: Dashboard:IndicadoresReaisAtalhos. | ErroTecnico= | StackTrace=
DataHora=2026-09-26T16:30:26.3745362-03:00 | Nivel=INFO | Usuario=Smoke Test | Perfil=Administrador | Tela=Geral | Acao=Venda 'f61b886a-e5da-428f-bfc1-b260a2b71ec3' registrada com 1 item(ns) e total R$ 25,00. | ErroTecnico= | StackTrace=
DataHora=2026-09-26T16:30:26.4794205-03:00 | Nivel=INFO | Usuario=Smoke Test | Perfil=Administrador | Tela=Geral | Acao=Adicionado ao cache: Dashboard | ErroTecnico= | StackTrace=
DataHora=2026-09-26T16:30:26.4800195-03:00 | Nivel=INFO | Usuario=Smoke Test | Perfil=Administrador | Tela=Geral | Acao=Navegacao registrada: Dashboard | ErroTecnico= | StackTrace=
DataHora=2026-09-26T16:30:26.4805454-03:00 | Nivel=INFO | Usuario=Smoke Test | Perfil=Administrador | Tela=Geral | Acao=Navegacao concluida para o modulo 'Dashboard'. | ErroTecnico= | StackTrace=
DataHora=2026-09-26T16:30:27.3892470-03:00 | Nivel=INFO | Usuario=Smoke Test | Perfil=Administrador | Tela=Financeiro | Acao=ObterMovimentacoes(limit=1200) concluida em 1 ms. | ErroTecnico= | StackTrace=
DataHora=2026-09-26T16:30:27.4923907-03:00 | Nivel=INFO | Usuario=Smoke Test | Perfil=Administrador | Tela=Financeiro | Acao=ObterMovimentacoes(limit=1200) concluida em 0 ms. | ErroTecnico= | StackTrace=
DataHora=2026-09-26T16:30:27.5529761-03:00 | Nivel=INFO | Usuario=Smoke Test | Perfil=Administrador | Tela=Financeiro | Acao=ObterMovimentacoes(limit=1200) concluida em 0 ms. | ErroTecnico= | StackTrace=
DataHora=2026-09-26T16:30:27.5549669-03:00 | Nivel=INFO | Usuario=Smoke Test | Perfil=Administrador | Tela=Geral | Acao=Adicionado ao cache: Financeiro | ErroTecnico= | StackTrace=
DataHora=2026-09-26T16:30:27.5555442-03:00 | Nivel=INFO | Usuario=Smoke Test | Perfil=Administrador | Tela=Geral | Acao=Navegacao registrada: Financeiro | ErroTecnico= | StackTrace=
DataHora=2026-09-26T16:30:27.5561277-03:00 | Nivel=INFO | Usuario=Smoke Test | Perfil=Administrador | Tela=Geral | Acao=Navegacao concluida para o modulo 'Financeiro'. | ErroTecnico= | StackTrace=
DataHora=2026-09-26T16:30:27.7208439-03:00 | Nivel=INFO | Usuario=Smoke Test | Perfil=Administrador | Tela=Financeiro | Acao=ObterMovimentacoes(limit=1200) concluida em 0 ms. | ErroTecnico= | StackTrace=
DataHora=2026-09-26T16:30:27.7274472-03:00 | Nivel=INFO | Usuario=Smoke Test | Perfil=Administrador | Tela=Financeiro | Acao=ObterMovimentacoes(limit=1200) concluida em 0 ms. | ErroTecnico= | StackTrace=
DataHora=2026-09-26T16:30:27.7463102-03:00 | Nivel=INFO | Usuario=Smoke Test | Perfil=Administrador | Tela=Financeiro | Acao=ObterMovimentacoes(limit=1200) concluida em 0 ms. | ErroTecnico= | StackTrace=
DataHora=2026-09-26T16:30:28.6996546-03:00 | Nivel=INFO | Usuario=Smoke Test | Perfil=Administrador | Tela=Geral | Acao=Smoke test aprovado: Dashboard:IndicadoresReaisAtalhos (2334 ms). | ErroTecnico= | StackTrace=
DataHora=2026-09-26T16:30:28.7005918-03:00 | Nivel=INFO | Usuario=Smoke Test | Perfil=Administrador | Tela=Geral | Acao=Smoke test iniciando: Veiculos:CadastroCompletoPelaTela. | ErroTecnico= | StackTrace=
DataHora=2026-09-26T16:30:29.6629450-03:00 | Nivel=INFO | Usuario=Smoke Test | Perfil=Administrador | Tela=Veiculos | Acao=DialogResult suprimido em automacao para 'NovoVeiculoWindow': DialogResult somente pode ser definido após Window ser criado e exibido como caixa de diálogo. | ErroTecnico= | StackTrace=
DataHora=2026-09-26T16:30:30.3213099-03:00 | Nivel=INFO | Usuario=Smoke Test | Perfil=Administrador | Tela=Geral | Acao=Smoke test aprovado: Veiculos:CadastroCompletoPelaTela (1620 ms). | ErroTecnico= | StackTrace=
DataHora=2026-09-26T16:30:30.3221708-03:00 | Nivel=INFO | Usuario=Smoke Test | Perfil=Administrador | Tela=Geral | Acao=Smoke test iniciando: Veiculos:AlertasMidiaDocumentos. | ErroTecnico= | StackTrace=
DataHora=2026-09-26T16:30:30.7713534-03:00 | Nivel=INFO | Usuario=Smoke Test | Perfil=Administrador | Tela=Geral | Acao=Smoke test aprovado: Veiculos:AlertasMidiaDocumentos (449 ms). | ErroTecnico= | StackTrace=
DataHora=2026-09-26T16:30:30.7720806-03:00 | Nivel=INFO | Usuario=Smoke Test | Perfil=Administrador | Tela=Geral | Acao=Smoke test iniciando: Veiculos:ExportacaoCsvPelaTela. | ErroTecnico= | StackTrace=
DataHora=2026-09-26T16:30:30.9934333-03:00 | Nivel=INFO | Usuario=Smoke Test | Perfil=Administrador | Tela=Geral | Acao=Exportacao de veiculos validada em automacao: C:\Users\campo\AppData\Local\Temp\primox-c114-smoke-20260926_162941\Exports\veiculos_20260926163030.csv | ErroTecnico= | StackTrace=
DataHora=2026-09-26T16:30:31.6801467-03:00 | Nivel=INFO | Usuario=Smoke Test | Perfil=Administrador | Tela=Geral | Acao=Smoke test aprovado: Veiculos:ExportacaoCsvPelaTela (908 ms). | ErroTecnico= | StackTrace=
DataHora=2026-09-26T16:30:31.6811882-03:00 | Nivel=INFO | Usuario=Smoke Test | Perfil=Administrador | Tela=Geral | Acao=Smoke test iniciando: AutoEletrica:CatalogosTecnicosObrigatorios. | ErroTecnico= | StackTrace=
DataHora=2026-09-26T16:30:31.6924699-03:00 | Nivel=INFO | Usuario=Smoke Test | Perfil=Administrador | Tela=Geral | Acao=Smoke test aprovado: AutoEletrica:CatalogosTecnicosObrigatorios (11 ms). | ErroTecnico= | StackTrace=
DataHora=2026-09-26T16:30:31.6930846-03:00 | Nivel=INFO | Usuario=Smoke Test | Perfil=Administrador | Tela=Geral | Acao=Smoke test iniciando: AutoEletrica:ProntuarioPersistenteVeiculo. | ErroTecnico= | StackTrace=
DataHora=2026-09-26T16:30:31.6999029-03:00 | Nivel=INFO | Usuario=Smoke Test | Perfil=Administrador | Tela=Geral | Acao=Smoke test aprovado: AutoEletrica:ProntuarioPersistenteVeiculo (6 ms). | ErroTecnico= | StackTrace=
DataHora=2026-09-26T16:30:31.7005215-03:00 | Nivel=INFO | Usuario=Smoke Test | Perfil=Administrador | Tela=Geral | Acao=Smoke test iniciando: AutoEletrica:DiagnosticoGeraOrcamento. | ErroTecnico= | StackTrace=
DataHora=2026-09-26T16:30:31.7085799-03:00 | Nivel=INFO | Usuario=Smoke Test | Perfil=Administrador | Tela=Geral | Acao=Smoke test aprovado: AutoEletrica:DiagnosticoGeraOrcamento (8 ms). | ErroTecnico= | StackTrace=
DataHora=2026-09-26T16:30:31.7091701-03:00 | Nivel=INFO | Usuario=Smoke Test | Perfil=Administrador | Tela=Geral | Acao=Smoke test iniciando: AutoEletrica:HistoricoDefeitosRecorrentes. | ErroTecnico= | StackTrace=
DataHora=2026-09-26T16:30:31.7169567-03:00 | Nivel=INFO | Usuario=Smoke Test | Perfil=Administrador | Tela=Geral | Acao=OS '7c6a7e53-21d4-450f-ab7c-6c017af0125e' integrada ao financeiro. Total=R$ 105,00. | ErroTecnico= | StackTrace=
DataHora=2026-09-26T16:30:31.7198950-03:00 | Nivel=INFO | Usuario=Smoke Test | Perfil=Administrador | Tela=Geral | Acao=OS '8b3fad92-e05d-4d76-bb30-1041f5d671ec' integrada ao financeiro. Total=R$ 105,00. | ErroTecnico= | StackTrace=
DataHora=2026-09-26T16:30:31.7434850-03:00 | Nivel=INFO | Usuario=Smoke Test | Perfil=Administrador | Tela=Geral | Acao=Smoke test aprovado: AutoEletrica:HistoricoDefeitosRecorrentes (34 ms). | ErroTecnico= | StackTrace=
DataHora=2026-09-26T16:30:31.7442031-03:00 | Nivel=INFO | Usuario=Smoke Test | Perfil=Administrador | Tela=Geral | Acao=Smoke test iniciando: AutoEletrica:TelaCarregaEAcoes. | ErroTecnico= | StackTrace=
DataHora=2026-09-26T16:30:32.9532196-03:00 | Nivel=INFO | Usuario=Smoke Test | Perfil=Administrador | Tela=Geral | Acao=Auto eletrica tecnica: Orcamento ORC-20260926-0003 gerado em rascunho a partir do diagnostico. | ErroTecnico= | StackTrace=
DataHora=2026-09-26T16:30:33.5937832-03:00 | Nivel=INFO | Usuario=Smoke Test | Perfil=Administrador | Tela=Geral | Acao=Smoke test aprovado: AutoEletrica:TelaCarregaEAcoes (1849 ms). | ErroTecnico= | StackTrace=
DataHora=2026-09-26T16:30:33.5945425-03:00 | Nivel=INFO | Usuario=Smoke Test | Perfil=Administrador | Tela=Geral | Acao=Smoke test iniciando: MainWindow:NavegaAutoEletricaTecnica. | ErroTecnico= | StackTrace=
DataHora=2026-09-26T16:30:33.6295637-03:00 | Nivel=INFO | Usuario=Smoke Test | Perfil=Administrador | Tela=Geral | Acao=Adicionado ao cache: Dashboard | ErroTecnico= | StackTrace=
DataHora=2026-09-26T16:30:33.6301704-03:00 | Nivel=INFO | Usuario=Smoke Test | Perfil=Administrador | Tela=Geral | Acao=Navegacao registrada: Dashboard | ErroTecnico= | StackTrace=
DataHora=2026-09-26T16:30:33.6306885-03:00 | Nivel=INFO | Usuario=Smoke Test | Perfil=Administrador | Tela=Geral | Acao=Navegacao concluida para o modulo 'Dashboard'. | ErroTecnico= | StackTrace=
DataHora=2026-09-26T16:30:33.7804106-03:00 | Nivel=INFO | Usuario=Smoke Test | Perfil=Administrador | Tela=Geral | Acao=Adicionado ao cache: AutoEletricaTecnica | ErroTecnico= | StackTrace=
DataHora=2026-09-26T16:30:33.7810766-03:00 | Nivel=INFO | Usuario=Smoke Test | Perfil=Administrador | Tela=Geral | Acao=Navegacao registrada: AutoEletricaTecnica | ErroTecnico= | StackTrace=
DataHora=2026-09-26T16:30:33.7816774-03:00 | Nivel=INFO | Usuario=Smoke Test | Perfil=Administrador | Tela=Geral | Acao=Navegacao concluida para o modulo 'AutoEletricaTecnica'. | ErroTecnico= | StackTrace=
DataHora=2026-09-26T16:30:33.8538191-03:00 | Nivel=INFO | Usuario=Smoke Test | Perfil=Administrador | Tela=Geral | Acao=Smoke test aprovado: MainWindow:NavegaAutoEletricaTecnica (259 ms). | ErroTecnico= | StackTrace=
DataHora=2026-09-26T16:30:33.8547303-03:00 | Nivel=INFO | Usuario=Smoke Test | Perfil=Administrador | Tela=Geral | Acao=Smoke test iniciando: OrdensServico:CadastroCompletoPelaTela. | ErroTecnico= | StackTrace=
DataHora=2026-09-26T16:30:36.7951245-03:00 | Nivel=INFO | Usuario=Smoke Test | Perfil=Administrador | Tela=OrdensServico | Acao=DialogResult suprimido em automacao para 'OrdemServicoWindow': DialogResult somente pode ser definido após Window ser criado e exibido como caixa de diálogo. | ErroTecnico= | StackTrace=
DataHora=2026-09-26T16:30:37.4682606-03:00 | Nivel=INFO | Usuario=Smoke Test | Perfil=Administrador | Tela=Geral | Acao=Smoke test aprovado: OrdensServico:CadastroCompletoPelaTela (3613 ms). | ErroTecnico= | StackTrace=
DataHora=2026-09-26T16:30:37.4688435-03:00 | Nivel=INFO | Usuario=Smoke Test | Perfil=Administrador | Tela=Geral | Acao=Smoke test iniciando: OrdensServico:MidiasChecklistFinanceiro. | ErroTecnico= | StackTrace=
DataHora=2026-09-26T16:30:39.1708503-03:00 | Nivel=INFO | Usuario=Smoke Test | Perfil=Administrador | Tela=Geral | Acao=OS 'cdcff759-dd4e-4175-b380-34229b70e8d0' integrada ao financeiro. Total=R$ 105,00. | ErroTecnico= | StackTrace=
DataHora=2026-09-26T16:30:39.8577688-03:00 | Nivel=INFO | Usuario=Smoke Test | Perfil=Administrador | Tela=Geral | Acao=OS 'cdcff759-dd4e-4175-b380-34229b70e8d0' integrada ao financeiro. Total=R$ 105,00. | ErroTecnico= | StackTrace=
DataHora=2026-09-26T16:30:39.8618462-03:00 | Nivel=INFO | Usuario=Smoke Test | Perfil=Administrador | Tela=Geral | Acao=OS 'cdcff759-dd4e-4175-b380-34229b70e8d0' integrada ao financeiro. Total=R$ 105,00. | ErroTecnico= | StackTrace=
DataHora=2026-09-26T16:30:40.5705416-03:00 | Nivel=INFO | Usuario=Smoke Test | Perfil=Administrador | Tela=Geral | Acao=Envio ao cliente validado em automacao para OS OS-2026-0001. PDF gerado em 'C:\Users\campo\OneDrive\Documentos\PrimoAutoEletrica\PDFs\OS_OS-2026-0001_20260926_163040.pdf' sem abrir apps externos. | ErroTecnico= | StackTrace=
DataHora=2026-09-26T16:30:41.2189555-03:00 | Nivel=INFO | Usuario=Smoke Test | Perfil=Administrador | Tela=Geral | Acao=Impressao da OS OS-2026-0001 validada em automacao sem abrir dialogo de impressora. | ErroTecnico= | StackTrace=
DataHora=2026-09-26T16:30:42.0330748-03:00 | Nivel=INFO | Usuario=Smoke Test | Perfil=Administrador | Tela=Geral | Acao=Bloqueio criado: OrdemServico/cdcff759-dd4e-4175-b380-34229b70e8d0 por Smoke Test em CIRO. Expira em 30 minutos. | ErroTecnico= | StackTrace=
DataHora=2026-09-26T16:30:42.1634991-03:00 | Nivel=INFO | Usuario=Smoke Test | Perfil=Administrador | Tela=Geral | Acao=Bloqueio liberado: OrdemServico/cdcff759-dd4e-4175-b380-34229b70e8d0 por Smoke Test. | ErroTecnico= | StackTrace=
DataHora=2026-09-26T16:30:42.1642474-03:00 | Nivel=INFO | Usuario=Smoke Test | Perfil=Administrador | Tela=Geral | Acao=Smoke test aprovado: OrdensServico:MidiasChecklistFinanceiro (4695 ms). | ErroTecnico= | StackTrace=
DataHora=2026-09-26T16:30:42.1652013-03:00 | Nivel=INFO | Usuario=Smoke Test | Perfil=Administrador | Tela=Geral | Acao=Smoke test iniciando: OficinaKanban:SnapshotTimelineComunicacao. | ErroTecnico= | StackTrace=
DataHora=2026-09-26T16:30:42.1918988-03:00 | Nivel=INFO | Usuario=Smoke Test | Perfil=Administrador | Tela=Geral | Acao=Smoke test aprovado: OficinaKanban:SnapshotTimelineComunicacao (26 ms). | ErroTecnico= | StackTrace=
DataHora=2026-09-26T16:30:42.1925399-03:00 | Nivel=INFO | Usuario=Smoke Test | Perfil=Administrador | Tela=Geral | Acao=Smoke test iniciando: OficinaKanban:OrcamentoWhatsAppAprovacaoRecusa. | ErroTecnico= | StackTrace=
DataHora=2026-09-26T16:30:42.2058118-03:00 | Nivel=INFO | Usuario=Smoke Test | Perfil=Administrador | Tela=Geral | Acao=Smoke test aprovado: OficinaKanban:OrcamentoWhatsAppAprovacaoRecusa (13 ms). | ErroTecnico= | StackTrace=
DataHora=2026-09-26T16:30:42.2064328-03:00 | Nivel=INFO | Usuario=Smoke Test | Perfil=Administrador | Tela=Geral | Acao=Smoke test iniciando: OficinaKanban:AssinaturaDigitalCanvas. | ErroTecnico= | StackTrace=
DataHora=2026-09-26T16:30:43.0127238-03:00 | Nivel=INFO | Usuario=Smoke Test | Perfil=Administrador | Tela=Geral | Acao=Smoke test aprovado: OficinaKanban:AssinaturaDigitalCanvas (806 ms). | ErroTecnico= | StackTrace=
DataHora=2026-09-26T16:30:43.0133445-03:00 | Nivel=INFO | Usuario=Smoke Test | Perfil=Administrador | Tela=Geral | Acao=Smoke test iniciando: OficinaKanban:TelaCarregaEAcoes. | ErroTecnico= | StackTrace=
DataHora=2026-09-26T16:30:44.0846273-03:00 | Nivel=INFO | Usuario=Smoke Test | Perfil=Administrador | Tela=Geral | Acao=Abertura da OS OS-2026-0001 validada em automacao pelo Kanban. | ErroTecnico= | StackTrace=
DataHora=2026-09-26T16:30:44.7225641-03:00 | Nivel=INFO | Usuario=Smoke Test | Perfil=Administrador | Tela=Geral | Acao=Smoke test aprovado: OficinaKanban:TelaCarregaEAcoes (1709 ms). | ErroTecnico= | StackTrace=
DataHora=2026-09-26T16:30:44.7232318-03:00 | Nivel=INFO | Usuario=Smoke Test | Perfil=Administrador | Tela=Geral | Acao=Smoke test iniciando: MainWindow:NavegaOficinaKanban. | ErroTecnico= | StackTrace=
DataHora=2026-09-26T16:30:44.7520102-03:00 | Nivel=INFO | Usuario=Smoke Test | Perfil=Administrador | Tela=Geral | Acao=Adicionado ao cache: Dashboard | ErroTecnico= | StackTrace=
DataHora=2026-09-26T16:30:44.7526788-03:00 | Nivel=INFO | Usuario=Smoke Test | Perfil=Administrador | Tela=Geral | Acao=Navegacao registrada: Dashboard | ErroTecnico= | StackTrace=
DataHora=2026-09-26T16:30:44.7532225-03:00 | Nivel=INFO | Usuario=Smoke Test | Perfil=Administrador | Tela=Geral | Acao=Navegacao concluida para o modulo 'Dashboard'. | ErroTecnico= | StackTrace=
DataHora=2026-09-26T16:30:44.7683216-03:00 | Nivel=INFO | Usuario=Smoke Test | Perfil=Administrador | Tela=Geral | Acao=Adicionado ao cache: OficinaKanban | ErroTecnico= | StackTrace=
DataHora=2026-09-26T16:30:44.7689294-03:00 | Nivel=INFO | Usuario=Smoke Test | Perfil=Administrador | Tela=Geral | Acao=Navegacao registrada: OficinaKanban | ErroTecnico= | StackTrace=
DataHora=2026-09-26T16:30:44.7695200-03:00 | Nivel=INFO | Usuario=Smoke Test | Perfil=Administrador | Tela=Geral | Acao=Navegacao concluida para o modulo 'OficinaKanban'. | ErroTecnico= | StackTrace=
DataHora=2026-09-26T16:30:44.7717696-03:00 | Nivel=INFO | Usuario=Smoke Test | Perfil=Administrador | Tela=Geral | Acao=Smoke test aprovado: MainWindow:NavegaOficinaKanban (48 ms). | ErroTecnico= | StackTrace=
DataHora=2026-09-26T16:30:44.7725223-03:00 | Nivel=INFO | Usuario=Smoke Test | Perfil=Administrador | Tela=Geral | Acao=Smoke test iniciando: Orcamentos:ConversoesPdfWhatsAppAlertas. | ErroTecnico= | StackTrace=
DataHora=2026-09-26T16:30:45.6703056-03:00 | Nivel=INFO | Usuario=Smoke Test | Perfil=Administrador | Tela=Geral | Acao=Exportacao PDF do orcamento 'ORC-20260926-0001' validada em automacao: C:\Users\campo\AppData\Local\Temp\primox-c114-smoke-20260926_162941\Logs\orcamentos-smoke\Orcamento_ORC-20260926-0001_20260926163045639.pdf | ErroTecnico= | StackTrace=
DataHora=2026-09-26T16:30:46.3043966-03:00 | Nivel=INFO | Usuario=Smoke Test | Perfil=Administrador | Tela=Geral | Acao=Compartilhamento WhatsApp do orcamento 'ORC-20260926-0001' validado em automacao. | ErroTecnico= | StackTrace=
DataHora=2026-09-26T16:30:46.9785661-03:00 | Nivel=INFO | Usuario=Smoke Test | Perfil=Administrador | Tela=Geral | Acao=Orcamento 'be267913-4110-4ca6-9c02-18e29d544ddc' aprovado comercialmente. | ErroTecnico= | StackTrace=
DataHora=2026-09-26T16:30:46.9870052-03:00 | Nivel=INFO | Usuario=Smoke Test | Perfil=Administrador | Tela=Geral | Acao=Orcamento 'be267913-4110-4ca6-9c02-18e29d544ddc' convertido em OS '68cb0030-17ff-40d5-88d8-773cf8343a04'. | ErroTecnico= | StackTrace=
DataHora=2026-09-26T16:30:47.0021581-03:00 | Nivel=INFO | Usuario=Smoke Test | Perfil=Administrador | Tela=Geral | Acao=Venda 'a09d0a93-833b-449b-9b1c-cf96a24909be' registrada com 1 item(ns) e total R$ 25,00. | ErroTecnico= | StackTrace=
DataHora=2026-09-26T16:30:47.0061219-03:00 | Nivel=INFO | Usuario=Smoke Test | Perfil=Administrador | Tela=Geral | Acao=Orcamento '31c261b5-7ce9-4907-9d9a-3efde508f4d5' integrado ao financeiro. Total=R$ 25,00; PagamentoImediato=True. | ErroTecnico= | StackTrace=
DataHora=2026-09-26T16:30:47.0114741-03:00 | Nivel=INFO | Usuario=Smoke Test | Perfil=Administrador | Tela=Geral | Acao=Orcamento '31c261b5-7ce9-4907-9d9a-3efde508f4d5' convertido em venda 'a09d0a93-833b-449b-9b1c-cf96a24909be'. | ErroTecnico= | StackTrace=
DataHora=2026-09-26T16:30:47.0146253-03:00 | Nivel=INFO | Usuario=Smoke Test | Perfil=Administrador | Tela=Geral | Acao=Smoke test aprovado: Orcamentos:ConversoesPdfWhatsAppAlertas (2242 ms). | ErroTecnico= | StackTrace=
DataHora=2026-09-26T16:30:47.0153310-03:00 | Nivel=INFO | Usuario=Smoke Test | Perfil=Administrador | Tela=Geral | Acao=Smoke test iniciando: Dvi:OrcamentoOsFluxoLight1280. | ErroTecnico= | StackTrace=
DataHora=2026-09-26T16:30:55.6908484-03:00 | Nivel=INFO | Usuario=Smoke Test | Perfil=Administrador | Tela=Geral | Acao=Orcamento '91fc0e07-66fd-4b40-a4f6-43137065e64e' aprovado comercialmente. | ErroTecnico= | StackTrace=
DataHora=2026-09-26T16:30:55.6971800-03:00 | Nivel=INFO | Usuario=Smoke Test | Perfil=Administrador | Tela=Geral | Acao=Orcamento '91fc0e07-66fd-4b40-a4f6-43137065e64e' convertido em OS '0737f8bb-095b-4630-854c-3b0b9e959a83'. | ErroTecnico= | StackTrace=
DataHora=2026-09-26T16:30:55.8800024-03:00 | Nivel=INFO | Usuario=Smoke Test | Perfil=Administrador | Tela=Geral | Acao=Bloqueio criado: OrdemServico/0737f8bb-095b-4630-854c-3b0b9e959a83 por Smoke Test em CIRO. Expira em 30 minutos. | ErroTecnico= | StackTrace=
DataHora=2026-09-26T16:30:56.6228087-03:00 | Nivel=INFO | Usuario=Smoke Test | Perfil=Administrador | Tela=Geral | Acao=Bloqueio liberado: OrdemServico/0737f8bb-095b-4630-854c-3b0b9e959a83 por Smoke Test. | ErroTecnico= | StackTrace=
DataHora=2026-09-26T16:30:56.6707798-03:00 | Nivel=INFO | Usuario=Smoke Test | Perfil=Administrador | Tela=Geral | Acao=Smoke test aprovado: Dvi:OrcamentoOsFluxoLight1280 (9655 ms). | ErroTecnico= | StackTrace=
DataHora=2026-09-26T16:30:56.6714144-03:00 | Nivel=INFO | Usuario=Smoke Test | Perfil=Administrador | Tela=Geral | Acao=Smoke test iniciando: Dvi:OrcamentoOsFluxoDark1280. | ErroTecnico= | StackTrace=
DataHora=2026-09-26T16:31:05.3041134-03:00 | Nivel=INFO | Usuario=Smoke Test | Perfil=Administrador | Tela=Geral | Acao=Orcamento 'e2dded5a-b084-425e-b8b9-fc267862870e' aprovado comercialmente. | ErroTecnico= | StackTrace=
DataHora=2026-09-26T16:31:05.3107900-03:00 | Nivel=INFO | Usuario=Smoke Test | Perfil=Administrador | Tela=Geral | Acao=Orcamento 'e2dded5a-b084-425e-b8b9-fc267862870e' convertido em OS '5c89b8f7-6e06-4ec1-a85c-1ff9cb46ae08'. | ErroTecnico= | StackTrace=
DataHora=2026-09-26T16:31:05.4998115-03:00 | Nivel=INFO | Usuario=Smoke Test | Perfil=Administrador | Tela=Geral | Acao=Bloqueio criado: OrdemServico/5c89b8f7-6e06-4ec1-a85c-1ff9cb46ae08 por Smoke Test em CIRO. Expira em 30 minutos. | ErroTecnico= | StackTrace=
DataHora=2026-09-26T16:31:06.2660506-03:00 | Nivel=INFO | Usuario=Smoke Test | Perfil=Administrador | Tela=Geral | Acao=Bloqueio liberado: OrdemServico/5c89b8f7-6e06-4ec1-a85c-1ff9cb46ae08 por Smoke Test. | ErroTecnico= | StackTrace=
DataHora=2026-09-26T16:31:06.2935337-03:00 | Nivel=INFO | Usuario=Smoke Test | Perfil=Administrador | Tela=Geral | Acao=Smoke test aprovado: Dvi:OrcamentoOsFluxoDark1280 (9622 ms). | ErroTecnico= | StackTrace=
DataHora=2026-09-26T16:31:06.2944607-03:00 | Nivel=INFO | Usuario=Smoke Test | Perfil=Administrador | Tela=Geral | Acao=Smoke test iniciando: Documentos:PdfPadronizadosObrigatorios. | ErroTecnico= | StackTrace=
DataHora=2026-09-26T16:31:06.2982160-03:00 | Nivel=INFO | Usuario=Smoke Test | Perfil=Administrador | Tela=Geral | Acao=OS 'cdcff759-dd4e-4175-b380-34229b70e8d0' integrada ao financeiro. Total=R$ 105,00. | ErroTecnico= | StackTrace=
DataHora=2026-09-26T16:31:06.4351142-03:00 | Nivel=INFO | Usuario=Smoke Test | Perfil=Administrador | Tela=Geral | Acao=Smoke test aprovado: Documentos:PdfPadronizadosObrigatorios (140 ms). | ErroTecnico= | StackTrace=
DataHora=2026-09-26T16:31:06.4357878-03:00 | Nivel=INFO | Usuario=Smoke Test | Perfil=Administrador | Tela=Geral | Acao=Smoke test iniciando: Documentos:RoteiroImpressaoManual. | ErroTecnico= | StackTrace=
DataHora=2026-09-26T16:31:06.4441800-03:00 | Nivel=INFO | Usuario=Smoke Test | Perfil=Administrador | Tela=Geral | Acao=Smoke test aprovado: Documentos:RoteiroImpressaoManual (8 ms). | ErroTecnico= | StackTrace=
DataHora=2026-09-26T16:31:06.4450479-03:00 | Nivel=INFO | Usuario=Smoke Test | Perfil=Administrador | Tela=Geral | Acao=Smoke test iniciando: Documentacao:ManualUsuarioManualTecnicoRoadmap. | ErroTecnico= | StackTrace=
DataHora=2026-09-26T16:31:06.5022429-03:00 | Nivel=INFO | Usuario=Smoke Test | Perfil=Administrador | Tela=Geral | Acao=Smoke test aprovado: Documentacao:ManualUsuarioManualTecnicoRoadmap (57 ms). | ErroTecnico= | StackTrace=
DataHora=2026-09-26T16:31:06.5030445-03:00 | Nivel=INFO | Usuario=Smoke Test | Perfil=Administrador | Tela=Geral | Acao=Smoke test iniciando: Agendamentos:VisualizacoesFiltrosConversoes. | ErroTecnico= | StackTrace=
DataHora=2026-09-26T16:31:06.5795455-03:00 | Nivel=INFO | Usuario=Smoke Test | Perfil=Administrador | Tela=Agendamentos | Acao=WhatsApp validado em automacao para agendamento AG-VIS-HOJE-163106505-163106508-36fb (lembrete). | ErroTecnico= | StackTrace=
DataHora=2026-09-26T16:31:06.6269243-03:00 | Nivel=INFO | Usuario=Smoke Test | Perfil=Administrador | Tela=Geral | Acao=Smoke test aprovado: Agendamentos:VisualizacoesFiltrosConversoes (123 ms). | ErroTecnico= | StackTrace=
DataHora=2026-09-26T16:31:06.6276257-03:00 | Nivel=INFO | Usuario=Smoke Test | Perfil=Administrador | Tela=Geral | Acao=Smoke test iniciando: Agendamentos:CheckInCheckOutPelaTela. | ErroTecnico= | StackTrace=
DataHora=2026-09-26T16:31:08.8775920-03:00 | Nivel=INFO | Usuario=Smoke Test | Perfil=Administrador | Tela=Geral | Acao=Agendamento 'ec174eea-3368-4364-a337-36fb1d0d560d' integrado ao financeiro. Total=R$ 115,00, Recebido=R$ 0,00, Aberto=R$ 115,00. | ErroTecnico= | StackTrace=
DataHora=2026-09-26T16:31:08.8872098-03:00 | Nivel=INFO | Usuario=Smoke Test | Perfil=Administrador | Tela=Geral | Acao=Estoque integrado para o agendamento 'ec174eea-3368-4364-a337-36fb1d0d560d' com 1 produto(s). | ErroTecnico= | StackTrace=
DataHora=2026-09-26T16:31:08.8894844-03:00 | Nivel=INFO | Usuario=Smoke Test | Perfil=Administrador | Tela=Geral | Acao=Venda 'a0519652-17b4-4013-973c-9dc4d676ba51' registrada com 1 item(ns) e total R$ 25,00. | ErroTecnico= | StackTrace=
DataHora=2026-09-26T16:31:08.8919812-03:00 | Nivel=INFO | Usuario=Smoke Test | Perfil=Administrador | Tela=Geral | Acao=Agendamento 'ec174eea-3368-4364-a337-36fb1d0d560d' registrado no PDV como venda 'a0519652-17b4-4013-973c-9dc4d676ba51'. | ErroTecnico= | StackTrace=
DataHora=2026-09-26T16:31:09.6175769-03:00 | Nivel=INFO | Usuario=Smoke Test | Perfil=Administrador | Tela=Geral | Acao=Smoke test aprovado: Agendamentos:CheckInCheckOutPelaTela (2989 ms). | ErroTecnico= | StackTrace=
DataHora=2026-09-26T16:31:09.6185331-03:00 | Nivel=INFO | Usuario=Smoke Test | Perfil=Administrador | Tela=Geral | Acao=Smoke test iniciando: Financeiro:GraficosAlertasDivergencia. | ErroTecnico= | StackTrace=
DataHora=2026-09-26T16:31:09.6475026-03:00 | Nivel=INFO | Usuario=Smoke Test | Perfil=Administrador | Tela=Geral | Acao=Venda 'fd6e7483-98bf-4ae2-acb8-4af7bc880be5' registrada com 2 item(ns) e total R$ 210,00. | ErroTecnico= | StackTrace=
DataHora=2026-09-26T16:31:09.6508376-03:00 | Nivel=INFO | Usuario=Smoke Test | Perfil=Administrador | Tela=Geral | Acao=OS 'cdcff759-dd4e-4175-b380-34229b70e8d0' integrada ao financeiro. Total=R$ 105,00. | ErroTecnico= | StackTrace=
DataHora=2026-09-26T16:31:09.6544504-03:00 | Nivel=INFO | Usuario=Smoke Test | Perfil=Administrador | Tela=Financeiro | Acao=ObterMovimentacoes(limit=1200) concluida em 0 ms. | ErroTecnico= | StackTrace=
DataHora=2026-09-26T16:31:09.6689750-03:00 | Nivel=INFO | Usuario=Smoke Test | Perfil=Administrador | Tela=Financeiro | Acao=ObterMovimentacoes(limit=1200) concluida em 0 ms. | ErroTecnico= | StackTrace=
DataHora=2026-09-26T16:31:09.6901339-03:00 | Nivel=INFO | Usuario=Smoke Test | Perfil=Administrador | Tela=Financeiro | Acao=ObterMovimentacoes(limit=1200) concluida em 0 ms. | ErroTecnico= | StackTrace=
DataHora=2026-09-26T16:31:09.7118572-03:00 | Nivel=INFO | Usuario=Smoke Test | Perfil=Administrador | Tela=Financeiro | Acao=ObterMovimentacoes(limit=1200) concluida em 0 ms. | ErroTecnico= | StackTrace=
DataHora=2026-09-26T16:31:09.7137898-03:00 | Nivel=INFO | Usuario=Smoke Test | Perfil=Administrador | Tela=Financeiro | Acao=ObterMovimentacoes(limit=1200) concluida em 0 ms. | ErroTecnico= | StackTrace=
DataHora=2026-09-26T16:31:09.7214990-03:00 | Nivel=INFO | Usuario=Smoke Test | Perfil=Administrador | Tela=Financeiro | Acao=ObterMovimentacoes(limit=1200) concluida em 0 ms. | ErroTecnico= | StackTrace=
DataHora=2026-09-26T16:31:09.9773933-03:00 | Nivel=INFO | Usuario=Smoke Test | Perfil=Administrador | Tela=Geral | Acao=Smoke test aprovado: Financeiro:GraficosAlertasDivergencia (358 ms). | ErroTecnico= | StackTrace=
DataHora=2026-09-26T16:31:09.9781327-03:00 | Nivel=INFO | Usuario=Smoke Test | Perfil=Administrador | Tela=Geral | Acao=Smoke test iniciando: Financeiro:FiltrosBaixasPelaTela. | ErroTecnico= | StackTrace=
DataHora=2026-09-26T16:31:10.0114043-03:00 | Nivel=INFO | Usuario=Smoke Test | Perfil=Administrador | Tela=Financeiro | Acao=ObterMovimentacoes(limit=1200) concluida em 0 ms. | ErroTecnico= | StackTrace=
DataHora=2026-09-26T16:31:10.0134409-03:00 | Nivel=INFO | Usuario=Smoke Test | Perfil=Administrador | Tela=Financeiro | Acao=ObterMovimentacoes(limit=1200) concluida em 0 ms. | ErroTecnico= | StackTrace=
DataHora=2026-09-26T16:31:10.0217138-03:00 | Nivel=INFO | Usuario=Smoke Test | Perfil=Administrador | Tela=Financeiro | Acao=ObterMovimentacoes(limit=1200) concluida em 0 ms. | ErroTecnico= | StackTrace=
DataHora=2026-09-26T16:31:10.4069719-03:00 | Nivel=INFO | Usuario=Smoke Test | Perfil=Administrador | Tela=Financeiro | Acao=ObterMovimentacoes(limit=1200) concluida em 0 ms. | ErroTecnico= | StackTrace=
DataHora=2026-09-26T16:31:10.4123801-03:00 | Nivel=INFO | Usuario=Smoke Test | Perfil=Administrador | Tela=Financeiro | Acao=ObterMovimentacoes(limit=1200) concluida em 0 ms. | ErroTecnico= | StackTrace=
DataHora=2026-09-26T16:31:10.4735833-03:00 | Nivel=INFO | Usuario=Smoke Test | Perfil=Administrador | Tela=Financeiro | Acao=ObterMovimentacoes(limit=1200) concluida em 0 ms. | ErroTecnico= | StackTrace=
DataHora=2026-09-26T16:31:13.5798503-03:00 | Nivel=INFO | Usuario=Smoke Test | Perfil=Administrador | Tela=Financeiro | Acao=ObterMovimentacoes(limit=1200) concluida em 0 ms. | ErroTecnico= | StackTrace=
DataHora=2026-09-26T16:31:13.5854337-03:00 | Nivel=INFO | Usuario=Smoke Test | Perfil=Administrador | Tela=Financeiro | Acao=ObterMovimentacoes(limit=1200) concluida em 0 ms. | ErroTecnico= | StackTrace=
DataHora=2026-09-26T16:31:13.6200509-03:00 | Nivel=INFO | Usuario=Smoke Test | Perfil=Administrador | Tela=Financeiro | Acao=ObterMovimentacoes(limit=1200) concluida em 0 ms. | ErroTecnico= | StackTrace=
DataHora=2026-09-26T16:31:13.6214753-03:00 | Nivel=INFO | Usuario=Smoke Test | Perfil=Administrador | Tela=Financeiro | Acao=Financeiro: Conta a pagar liquidada com sucesso! | ErroTecnico= | StackTrace=
DataHora=2026-09-26T16:31:17.2395053-03:00 | Nivel=INFO | Usuario=Smoke Test | Perfil=Administrador | Tela=Financeiro | Acao=ObterMovimentacoes(limit=1200) concluida em 0 ms. | ErroTecnico= | StackTrace=
DataHora=2026-09-26T16:31:17.2552143-03:00 | Nivel=INFO | Usuario=Smoke Test | Perfil=Administrador | Tela=Financeiro | Acao=ObterMovimentacoes(limit=1200) concluida em 0 ms. | ErroTecnico= | StackTrace=
DataHora=2026-09-26T16:31:17.2892541-03:00 | Nivel=INFO | Usuario=Smoke Test | Perfil=Administrador | Tela=Financeiro | Acao=ObterMovimentacoes(limit=1200) concluida em 0 ms. | ErroTecnico= | StackTrace=
DataHora=2026-09-26T16:31:17.2904958-03:00 | Nivel=INFO | Usuario=Smoke Test | Perfil=Administrador | Tela=Financeiro | Acao=Financeiro: Conta a receber liquidada com sucesso! | ErroTecnico= | StackTrace=
DataHora=2026-09-26T16:31:18.1424043-03:00 | Nivel=INFO | Usuario=Smoke Test | Perfil=Administrador | Tela=Geral | Acao=Smoke test aprovado: Financeiro:FiltrosBaixasPelaTela (8164 ms). | ErroTecnico= | StackTrace=
DataHora=2026-09-26T16:31:18.1431239-03:00 | Nivel=INFO | Usuario=Smoke Test | Perfil=Administrador | Tela=Geral | Acao=Smoke test iniciando: Financeiro:ExportacaoArquivoPelaTela. | ErroTecnico= | StackTrace=
DataHora=2026-09-26T16:31:18.1915067-03:00 | Nivel=INFO | Usuario=Smoke Test | Perfil=Administrador | Tela=Financeiro | Acao=ObterMovimentacoes(limit=1200) concluida em 0 ms. | ErroTecnico= | StackTrace=
DataHora=2026-09-26T16:31:18.1935995-03:00 | Nivel=INFO | Usuario=Smoke Test | Perfil=Administrador | Tela=Financeiro | Acao=ObterMovimentacoes(limit=1200) concluida em 0 ms. | ErroTecnico= | StackTrace=
DataHora=2026-09-26T16:31:18.2016140-03:00 | Nivel=INFO | Usuario=Smoke Test | Perfil=Administrador | Tela=Financeiro | Acao=ObterMovimentacoes(limit=1200) concluida em 0 ms. | ErroTecnico= | StackTrace=
DataHora=2026-09-26T16:31:18.5537255-03:00 | Nivel=INFO | Usuario=Smoke Test | Perfil=Administrador | Tela=Financeiro | Acao=ObterMovimentacoes(limit=1200) concluida em 0 ms. | ErroTecnico= | StackTrace=
DataHora=2026-09-26T16:31:18.5587821-03:00 | Nivel=INFO | Usuario=Smoke Test | Perfil=Administrador | Tela=Financeiro | Acao=ObterMovimentacoes(limit=1200) concluida em 0 ms. | ErroTecnico= | StackTrace=
DataHora=2026-09-26T16:31:18.5907415-03:00 | Nivel=INFO | Usuario=Smoke Test | Perfil=Administrador | Tela=Financeiro | Acao=ObterMovimentacoes(limit=1200) concluida em 0 ms. | ErroTecnico= | StackTrace=
DataHora=2026-09-26T16:31:19.0186344-03:00 | Nivel=INFO | Usuario=Smoke Test | Perfil=Administrador | Tela=Financeiro | Acao=Relatorio financeiro CSV validado em automacao em 'C:\Users\campo\AppData\Local\Temp\primox-c114-smoke-20260926_162941\Logs\financeiro-smoke\RelatorioFinanceiro_20260926_163119.csv'. | ErroTecnico= | StackTrace=
DataHora=2026-09-26T16:31:19.6852988-03:00 | Nivel=INFO | Usuario=Smoke Test | Perfil=Administrador | Tela=Geral | Acao=Smoke test aprovado: Financeiro:ExportacaoArquivoPelaTela (1542 ms). | ErroTecnico= | StackTrace=
DataHora=2026-09-26T16:31:19.6863853-03:00 | Nivel=INFO | Usuario=Smoke Test | Perfil=Administrador | Tela=Geral | Acao=Smoke test iniciando: ImportarNFe:RollbackProdutosAuditavel. | ErroTecnico= | StackTrace=
DataHora=2026-09-26T16:31:19.7296343-03:00 | Nivel=INFO | Usuario=Smoke Test | Perfil=Administrador | Tela=Geral | Acao=Smoke test aprovado: ImportarNFe:RollbackProdutosAuditavel (43 ms). | ErroTecnico= | StackTrace=
DataHora=2026-09-26T16:31:19.7303500-03:00 | Nivel=INFO | Usuario=Smoke Test | Perfil=Administrador | Tela=Geral | Acao=Smoke test iniciando: ImportarNFe:RollbackAtualizacaoComSnapshot. | ErroTecnico= | StackTrace=
DataHora=2026-09-26T16:31:19.7681761-03:00 | Nivel=INFO | Usuario=Smoke Test | Perfil=Administrador | Tela=Geral | Acao=Smoke test aprovado: ImportarNFe:RollbackAtualizacaoComSnapshot (37 ms). | ErroTecnico= | StackTrace=
DataHora=2026-09-26T16:31:19.7691153-03:00 | Nivel=INFO | Usuario=Smoke Test | Perfil=Administrador | Tela=Geral | Acao=Smoke test iniciando: ImportarNFe:TelaExcluirSelecionadoDesfazerRelancar. | ErroTecnico= | StackTrace=
DataHora=2026-09-26T16:31:25.5778109-03:00 | Nivel=INFO | Usuario=Smoke Test | Perfil=Administrador | Tela=Geral | Acao=Smoke test aprovado: ImportarNFe:TelaExcluirSelecionadoDesfazerRelancar (5808 ms). | ErroTecnico= | StackTrace=
DataHora=2026-09-26T16:31:25.5789514-03:00 | Nivel=INFO | Usuario=Smoke Test | Perfil=Administrador | Tela=Geral | Acao=Smoke test iniciando: Funcionarios:CadastroEdicaoPelaTela. | ErroTecnico= | StackTrace=
DataHora=2026-09-26T16:31:25.6905549-03:00 | Nivel=INFO | Usuario=Smoke Test | Perfil=Administrador | Tela=Funcionarios | Acao=DialogResult suprimido em automacao para 'NovoFuncionarioWindow': DialogResult somente pode ser definido após Window ser criado e exibido como caixa de diálogo. | ErroTecnico= | StackTrace=
DataHora=2026-09-26T16:31:30.7259471-03:00 | Nivel=WARN | Usuario=Smoke Test | Perfil=Administrador | Tela=Geral | Acao=Smoke test: janela NovoFuncionarioWindow nao ficou visivel apos 5s. | ErroTecnico= | StackTrace=
DataHora=2026-09-26T16:31:31.6671738-03:00 | Nivel=INFO | Usuario=Smoke Test | Perfil=Administrador | Tela=Geral | Acao=Funcionario 'funcionario.cadastro.163125581@primoauto.local' criado por 'Smoke Test'. | ErroTecnico= | StackTrace=
DataHora=2026-09-26T16:31:31.6679671-03:00 | Nivel=INFO | Usuario=Smoke Test | Perfil=Administrador | Tela=Funcionarios | Acao=Sucesso: Funcionario cadastrado com sucesso! | ErroTecnico= | StackTrace=
DataHora=2026-09-26T16:31:31.6688742-03:00 | Nivel=INFO | Usuario=Smoke Test | Perfil=Administrador | Tela=Funcionarios | Acao=DialogResult suprimido em automacao para 'NovoFuncionarioWindow': DialogResult somente pode ser definido após Window ser criado e exibido como caixa de diálogo. | ErroTecnico= | StackTrace=
DataHora=2026-09-26T16:31:32.7250626-03:00 | Nivel=INFO | Usuario=Smoke Test | Perfil=Administrador | Tela=Funcionarios | Acao=DialogResult suprimido em automacao para 'EditarFuncionarioWindow': DialogResult somente pode ser definido após Window ser criado e exibido como caixa de diálogo. | ErroTecnico= | StackTrace=
DataHora=2026-09-26T16:31:37.8007690-03:00 | Nivel=WARN | Usuario=Smoke Test | Perfil=Administrador | Tela=Geral | Acao=Smoke test: janela EditarFuncionarioWindow nao ficou visivel apos 5s. | ErroTecnico= | StackTrace=
DataHora=2026-09-26T16:31:38.7388157-03:00 | Nivel=INFO | Usuario=Smoke Test | Perfil=Administrador | Tela=Geral | Acao=Funcionario 'funcionario.edicao.163125581@primoauto.local' atualizado por 'Smoke Test'. | ErroTecnico= | StackTrace=
DataHora=2026-09-26T16:31:38.7396668-03:00 | Nivel=INFO | Usuario=Smoke Test | Perfil=Administrador | Tela=Funcionarios | Acao=Sucesso: Funcionario atualizado com sucesso! | ErroTecnico= | StackTrace=
DataHora=2026-09-26T16:31:38.7405287-03:00 | Nivel=INFO | Usuario=Smoke Test | Perfil=Administrador | Tela=Funcionarios | Acao=DialogResult suprimido em automacao para 'EditarFuncionarioWindow': DialogResult somente pode ser definido após Window ser criado e exibido como caixa de diálogo. | ErroTecnico= | StackTrace=
DataHora=2026-09-26T16:31:39.7094768-03:00 | Nivel=INFO | Usuario=Smoke Test | Perfil=Administrador | Tela=Geral | Acao=Smoke test aprovado: Funcionarios:CadastroEdicaoPelaTela (14130 ms). | ErroTecnico= | StackTrace=
DataHora=2026-09-26T16:31:39.7102733-03:00 | Nivel=INFO | Usuario=Smoke Test | Perfil=Administrador | Tela=Geral | Acao=Smoke test iniciando: Funcionarios:AuditoriaProdutividadePermissoes. | ErroTecnico= | StackTrace=
DataHora=2026-09-26T16:31:40.0135390-03:00 | Nivel=INFO | Usuario=Smoke Test | Perfil=Administrador | Tela=Geral | Acao=Smoke test aprovado: Funcionarios:AuditoriaProdutividadePermissoes (303 ms). | ErroTecnico= | StackTrace=
DataHora=2026-09-26T16:31:40.0141955-03:00 | Nivel=INFO | Usuario=Smoke Test | Perfil=Administrador | Tela=Geral | Acao=Smoke test iniciando: Funcionarios:BloquearReativarLogin. | ErroTecnico= | StackTrace=
DataHora=2026-09-26T16:31:43.5309946-03:00 | Nivel=INFO | Usuario=Smoke Test | Perfil=Administrador | Tela=Geral | Acao=Smoke test aprovado: Funcionarios:BloquearReativarLogin (3516 ms). | ErroTecnico= | StackTrace=
DataHora=2026-09-26T16:31:43.5320034-03:00 | Nivel=INFO | Usuario=Smoke Test | Perfil=Administrador | Tela=Geral | Acao=Smoke test iniciando: Configuracoes:ComercialBackupRestauracao. | ErroTecnico= | StackTrace=
DataHora=2026-09-26T16:31:44.1908015-03:00 | Nivel=WARN | Usuario=Smoke Test | Perfil=Administrador | Tela=Relatorios | Acao=Falha ao inserir logo no relatorio PDF: Method not found: 'SixLabors.ImageSharp.Image`1<!!0> SixLabors.ImageSharp.Image.Load(System.String, SixLabors.ImageSharp.Formats.IImageFormat ByRef)'. | ErroTecnico= | StackTrace=
DataHora=2026-09-26T16:31:44.2324553-03:00 | Nivel=INFO | Usuario=Smoke Test | Perfil=Administrador | Tela=Geral | Acao=Backup do banco criado em 'C:\Users\campo\AppData\Local\Temp\primox-c114-smoke-20260926_162941\Logs\configuracoes-smoke\PrimoAutoEletrica_Backup_ConfigSmoke_20260926163143536.db' em 16ms. Hash: B47BC23DF48ECA9F647386E8D9236C8C82F29A364F8451D4BAB08F4582EC031F | ErroTecnico= | StackTrace=
DataHora=2026-09-26T16:31:44.5560489-03:00 | Nivel=INFO | Usuario=Smoke Test | Perfil=Administrador | Tela=Geral | Acao=Configuracoes de estacao salvas: Caixa Smoke 143536 (Caixa) | ErroTecnico= | StackTrace=
DataHora=2026-09-26T16:31:45.8869898-03:00 | Nivel=INFO | Usuario=Smoke Test | Perfil=Administrador | Tela=Geral | Acao=Backup do banco criado em 'C:\Users\campo\AppData\Local\Temp\primox-c114-smoke-20260926_162941\Backups\PrimoAutoEletrica_Backup_2026-09-26_16-31-45.db' em 13ms. Hash: 011F3EC69A12F5BCA18AC06FFC19F2B16A35D2A3743406896FF7F9E2CDC59560 | ErroTecnico= | StackTrace=
DataHora=2026-09-26T16:31:45.8956523-03:00 | Nivel=INFO | Usuario=Smoke Test | Perfil=Administrador | Tela=Geral | Acao=Backup de seguranca criado antes da restauracao: C:\Users\campo\AppData\Local\Temp\primox-c114-smoke-20260926_162941\Backups\PrimoAutoEletrica_Backup_2026-09-26_16-31-45.db | ErroTecnico= | StackTrace=
DataHora=2026-09-26T16:31:45.9206909-03:00 | Nivel=INFO | Usuario=Smoke Test | Perfil=Administrador | Tela=Configuracoes | Acao=Restauracao concluida: Backup restaurado com sucesso.\n\nReinicie o sistema antes de continuar operando. | ErroTecnico= | StackTrace=
DataHora=2026-09-26T16:31:47.9420356-03:00 | Nivel=INFO | Usuario=Smoke Test | Perfil=Administrador | Tela=Geral | Acao=Smoke test aprovado: Configuracoes:ComercialBackupRestauracao (4410 ms). | ErroTecnico= | StackTrace=
DataHora=2026-09-26T16:31:47.9427570-03:00 | Nivel=INFO | Usuario=Smoke Test | Perfil=Administrador | Tela=Geral | Acao=Smoke test iniciando: Configuracoes:SistemaPersistenciaPermissoes. | ErroTecnico= | StackTrace=
DataHora=2026-09-26T16:31:47.9530528-03:00 | Nivel=WARN | Usuario=Smoke Test | Perfil=Administrador | Tela=Geral | Acao=Permissao negada. Usuario=Smoke Sem Configuracao; Perfil=Vendedor; Tipo=AcaoCriticaSemLinha; Alvo=SISTEMA_CONFIGURAR; Codigo=SISTEMA_CONFIGURAR | ErroTecnico= | StackTrace=
DataHora=2026-09-26T16:31:48.8881454-03:00 | Nivel=INFO | Usuario=Smoke Test | Perfil=Administrador | Tela=Geral | Acao=Smoke test aprovado: Configuracoes:SistemaPersistenciaPermissoes (945 ms). | ErroTecnico= | StackTrace=
DataHora=2026-09-26T16:31:48.8888284-03:00 | Nivel=INFO | Usuario=Smoke Test | Perfil=Administrador | Tela=Geral | Acao=Smoke test iniciando: Robustez:LogsEstruturadosErroAmigavel. | ErroTecnico= | StackTrace=
DataHora=2026-09-26T16:31:48.8900935-03:00 | Nivel=ERROR | Usuario=Smoke Test | Perfil=Administrador | Tela=Robustez | Acao=Acao estruturada robustez-smoke-20260926163148889 | ErroTecnico=System.InvalidOperationException: Falha sintetica robustez-smoke-20260926163148889 | StackTrace=
DataHora=2026-09-26T16:31:48.9135514-03:00 | Nivel=ERROR | Usuario=Smoke Test | Perfil=Administrador | Tela=Robustez | Acao=Erro amigavel registrado. Codigo=20260926163148913; Contexto=Robustez; Acao=OperacaoSintetica; Mensagem=Falha sintetica robustez-smoke-20260926163148889 | ErroTecnico=System.InvalidOperationException: Falha sintetica robustez-smoke-20260926163148889 | StackTrace=
DataHora=2026-09-26T16:31:48.9166336-03:00 | Nivel=INFO | Usuario=Smoke Test | Perfil=Administrador | Tela=Geral | Acao=Smoke test aprovado: Robustez:LogsEstruturadosErroAmigavel (27 ms). | ErroTecnico= | StackTrace=
DataHora=2026-09-26T16:31:48.9174491-03:00 | Nivel=INFO | Usuario=Smoke Test | Perfil=Administrador | Tela=Geral | Acao=Smoke test iniciando: Tema:ClaroEscuroModulosPrincipais. | ErroTecnico= | StackTrace=
DataHora=2026-09-26T16:31:48.9593103-03:00 | Nivel=INFO | Usuario=Smoke Test | Perfil=Administrador | Tela=Geral | Acao=Adicionado ao cache: Dashboard | ErroTecnico= | StackTrace=
DataHora=2026-09-26T16:31:48.9599363-03:00 | Nivel=INFO | Usuario=Smoke Test | Perfil=Administrador | Tela=Geral | Acao=Navegacao registrada: Dashboard | ErroTecnico= | StackTrace=
DataHora=2026-09-26T16:31:48.9604833-03:00 | Nivel=INFO | Usuario=Smoke Test | Perfil=Administrador | Tela=Geral | Acao=Navegacao concluida para o modulo 'Dashboard'. | ErroTecnico= | StackTrace=
DataHora=2026-09-26T16:31:49.1633590-03:00 | Nivel=INFO | Usuario=Smoke Test | Perfil=Administrador | Tela=Geral | Acao=Adicionado ao cache: Agendamentos | ErroTecnico= | StackTrace=
DataHora=2026-09-26T16:31:49.1640903-03:00 | Nivel=INFO | Usuario=Smoke Test | Perfil=Administrador | Tela=Geral | Acao=Navegacao registrada: Agendamentos | ErroTecnico= | StackTrace=
DataHora=2026-09-26T16:31:49.1646737-03:00 | Nivel=INFO | Usuario=Smoke Test | Perfil=Administrador | Tela=Geral | Acao=Navegacao concluida para o modulo 'Agendamentos'. | ErroTecnico= | StackTrace=
DataHora=2026-09-26T16:31:52.6047041-03:00 | Nivel=INFO | Usuario=Smoke Test | Perfil=Administrador | Tela=Geral | Acao=Adicionado ao cache: AutoEletricaTecnica | ErroTecnico= | StackTrace=
DataHora=2026-09-26T16:31:52.6054442-03:00 | Nivel=INFO | Usuario=Smoke Test | Perfil=Administrador | Tela=Geral | Acao=Navegacao registrada: AutoEletricaTecnica | ErroTecnico= | StackTrace=
DataHora=2026-09-26T16:31:52.6059748-03:00 | Nivel=INFO | Usuario=Smoke Test | Perfil=Administrador | Tela=Geral | Acao=Navegacao concluida para o modulo 'AutoEletricaTecnica'. | ErroTecnico= | StackTrace=
DataHora=2026-09-26T16:31:56.4898948-03:00 | Nivel=INFO | Usuario=Smoke Test | Perfil=Administrador | Tela=Geral | Acao=Adicionado ao cache: BaseConhecimento | ErroTecnico= | StackTrace=
DataHora=2026-09-26T16:31:56.4907119-03:00 | Nivel=INFO | Usuario=Smoke Test | Perfil=Administrador | Tela=Geral | Acao=Navegacao registrada: BaseConhecimento | ErroTecnico= | StackTrace=
DataHora=2026-09-26T16:31:56.4912244-03:00 | Nivel=INFO | Usuario=Smoke Test | Perfil=Administrador | Tela=Geral | Acao=Navegacao concluida para o modulo 'BaseConhecimento'. | ErroTecnico= | StackTrace=
DataHora=2026-09-26T16:31:59.8592884-03:00 | Nivel=INFO | Usuario=Smoke Test | Perfil=Administrador | Tela=Geral | Acao=Adicionado ao cache: CatalogoPecas | ErroTecnico= | StackTrace=
DataHora=2026-09-26T16:31:59.8599772-03:00 | Nivel=INFO | Usuario=Smoke Test | Perfil=Administrador | Tela=Geral | Acao=Navegacao registrada: CatalogoPecas | ErroTecnico= | StackTrace=
DataHora=2026-09-26T16:31:59.8605164-03:00 | Nivel=INFO | Usuario=Smoke Test | Perfil=Administrador | Tela=Geral | Acao=Navegacao concluida para o modulo 'CatalogoPecas'. | ErroTecnico= | StackTrace=
DataHora=2026-09-26T16:31:59.9167189-03:00 | Nivel=INFO | Usuario=Smoke Test | Perfil=Administrador | Tela=Geral | Acao=Catalogo veiculos: seed +171 veiculos, +0 vinculos peca↔veiculo. | ErroTecnico= | StackTrace=
DataHora=2026-09-26T16:32:03.1188511-03:00 | Nivel=INFO | Usuario=Smoke Test | Perfil=Administrador | Tela=Geral | Acao=Adicionado ao cache: Clientes | ErroTecnico= | StackTrace=
DataHora=2026-09-26T16:32:03.1195378-03:00 | Nivel=INFO | Usuario=Smoke Test | Perfil=Administrador | Tela=Geral | Acao=Navegacao registrada: Clientes | ErroTecnico= | StackTrace=
DataHora=2026-09-26T16:32:03.1200355-03:00 | Nivel=INFO | Usuario=Smoke Test | Perfil=Administrador | Tela=Geral | Acao=Navegacao concluida para o modulo 'Clientes'. | ErroTecnico= | StackTrace=
DataHora=2026-09-26T16:32:06.5615838-03:00 | Nivel=INFO | Usuario=Smoke Test | Perfil=Administrador | Tela=Geral | Acao=Adicionado ao cache: Compras | ErroTecnico= | StackTrace=
DataHora=2026-09-26T16:32:06.5623474-03:00 | Nivel=INFO | Usuario=Smoke Test | Perfil=Administrador | Tela=Geral | Acao=Navegacao registrada: Compras | ErroTecnico= | StackTrace=
DataHora=2026-09-26T16:32:06.5628817-03:00 | Nivel=INFO | Usuario=Smoke Test | Perfil=Administrador | Tela=Geral | Acao=Navegacao concluida para o modulo 'Compras'. | ErroTecnico= | StackTrace=
DataHora=2026-09-26T16:32:09.8208926-03:00 | Nivel=INFO | Usuario=Smoke Test | Perfil=Administrador | Tela=Geral | Acao=Modulo removido manualmente do cache: Dashboard | ErroTecnico= | StackTrace=
DataHora=2026-09-26T16:32:09.8279311-03:00 | Nivel=INFO | Usuario=Smoke Test | Perfil=Administrador | Tela=Geral | Acao=Adicionado ao cache: Dashboard | ErroTecnico= | StackTrace=
DataHora=2026-09-26T16:32:09.8284880-03:00 | Nivel=INFO | Usuario=Smoke Test | Perfil=Administrador | Tela=Geral | Acao=Navegacao registrada: Dashboard | ErroTecnico= | StackTrace=
DataHora=2026-09-26T16:32:09.8289901-03:00 | Nivel=INFO | Usuario=Smoke Test | Perfil=Administrador | Tela=Geral | Acao=Navegacao concluida para o modulo 'Dashboard'. | ErroTecnico= | StackTrace=
DataHora=2026-09-26T16:32:13.1608834-03:00 | Nivel=INFO | Usuario=Smoke Test | Perfil=Administrador | Tela=Geral | Acao=Adicionado ao cache: Estoque | ErroTecnico= | StackTrace=
DataHora=2026-09-26T16:32:13.1616681-03:00 | Nivel=INFO | Usuario=Smoke Test | Perfil=Administrador | Tela=Geral | Acao=Navegacao registrada: Estoque | ErroTecnico= | StackTrace=
DataHora=2026-09-26T16:32:13.1621794-03:00 | Nivel=INFO | Usuario=Smoke Test | Perfil=Administrador | Tela=Geral | Acao=Navegacao concluida para o modulo 'Estoque'. | ErroTecnico= | StackTrace=
DataHora=2026-09-26T16:32:13.2035159-03:00 | Nivel=INFO | Usuario=Smoke Test | Perfil=Administrador | Tela=Estoque | Acao=Estoque: listagem carregou 7 produto(s). | ErroTecnico= | StackTrace=
DataHora=2026-09-26T16:32:13.3035752-03:00 | Nivel=INFO | Usuario=Smoke Test | Perfil=Administrador | Tela=Estoque | Acao=Estoque layout: rootH=885; headerH=59; actionBarH=140; actionBarVis=Visible; metricsH=84; metricsVis=Visible; stateHostH=575; contentH=575; contentVis=Visible; loadingH=0; loadingVis=Collapsed; emptyH=0; emptyVis=Collapsed; errorH=0; errorVis=Collapsed; dataGridH=421; gridItems=7; totalTxt=7 | ErroTecnico= | StackTrace=
DataHora=2026-09-26T16:32:16.9110341-03:00 | Nivel=INFO | Usuario=Smoke Test | Perfil=Administrador | Tela=Geral | Acao=Adicionado ao cache: Ferramentas | ErroTecnico= | StackTrace=
DataHora=2026-09-26T16:32:16.9118222-03:00 | Nivel=INFO | Usuario=Smoke Test | Perfil=Administrador | Tela=Geral | Acao=Navegacao registrada: Ferramentas | ErroTecnico= | StackTrace=
DataHora=2026-09-26T16:32:16.9124240-03:00 | Nivel=INFO | Usuario=Smoke Test | Perfil=Administrador | Tela=Geral | Acao=Navegacao concluida para o modulo 'Ferramentas'. | ErroTecnico= | StackTrace=
DataHora=2026-09-26T16:32:20.3401340-03:00 | Nivel=INFO | Usuario=Smoke Test | Perfil=Administrador | Tela=Financeiro | Acao=ObterMovimentacoes(limit=1200) concluida em 0 ms. | ErroTecnico= | StackTrace=
DataHora=2026-09-26T16:32:20.3436274-03:00 | Nivel=INFO | Usuario=Smoke Test | Perfil=Administrador | Tela=Financeiro | Acao=ObterMovimentacoes(limit=1200) concluida em 0 ms. | ErroTecnico= | StackTrace=
DataHora=2026-09-26T16:32:20.3543962-03:00 | Nivel=INFO | Usuario=Smoke Test | Perfil=Administrador | Tela=Financeiro | Acao=ObterMovimentacoes(limit=1200) concluida em 0 ms. | ErroTecnico= | StackTrace=
DataHora=2026-09-26T16:32:20.3555569-03:00 | Nivel=INFO | Usuario=Smoke Test | Perfil=Administrador | Tela=Geral | Acao=Adicionado ao cache: Financeiro | ErroTecnico= | StackTrace=
DataHora=2026-09-26T16:32:20.3560797-03:00 | Nivel=INFO | Usuario=Smoke Test | Perfil=Administrador | Tela=Geral | Acao=Navegacao registrada: Financeiro | ErroTecnico= | StackTrace=
DataHora=2026-09-26T16:32:20.3565880-03:00 | Nivel=INFO | Usuario=Smoke Test | Perfil=Administrador | Tela=Geral | Acao=Navegacao concluida para o modulo 'Financeiro'. | ErroTecnico= | StackTrace=
DataHora=2026-09-26T16:32:20.6682718-03:00 | Nivel=INFO | Usuario=Smoke Test | Perfil=Administrador | Tela=Financeiro | Acao=ObterMovimentacoes(limit=1200) concluida em 0 ms. | ErroTecnico= | StackTrace=
DataHora=2026-09-26T16:32:20.6734483-03:00 | Nivel=INFO | Usuario=Smoke Test | Perfil=Administrador | Tela=Financeiro | Acao=ObterMovimentacoes(limit=1200) concluida em 0 ms. | ErroTecnico= | StackTrace=
DataHora=2026-09-26T16:32:20.7066659-03:00 | Nivel=INFO | Usuario=Smoke Test | Perfil=Administrador | Tela=Financeiro | Acao=ObterMovimentacoes(limit=1200) concluida em 0 ms. | ErroTecnico= | StackTrace=
DataHora=2026-09-26T16:32:26.0247343-03:00 | Nivel=INFO | Usuario=Smoke Test | Perfil=Administrador | Tela=Geral | Acao=Adicionado ao cache: FiscalOperacoes | ErroTecnico= | StackTrace=
DataHora=2026-09-26T16:32:26.0254414-03:00 | Nivel=INFO | Usuario=Smoke Test | Perfil=Administrador | Tela=Geral | Acao=Navegacao registrada: FiscalOperacoes | ErroTecnico= | StackTrace=
DataHora=2026-09-26T16:32:26.0259798-03:00 | Nivel=INFO | Usuario=Smoke Test | Perfil=Administrador | Tela=Geral | Acao=Navegacao concluida para o modulo 'FiscalOperacoes'. | ErroTecnico= | StackTrace=
DataHora=2026-09-26T16:32:29.4352334-03:00 | Nivel=INFO | Usuario=Smoke Test | Perfil=Administrador | Tela=Geral | Acao=Adicionado ao cache: Fornecedores | ErroTecnico= | StackTrace=
DataHora=2026-09-26T16:32:29.4359872-03:00 | Nivel=INFO | Usuario=Smoke Test | Perfil=Administrador | Tela=Geral | Acao=Navegacao registrada: Fornecedores | ErroTecnico= | StackTrace=
DataHora=2026-09-26T16:32:29.4365354-03:00 | Nivel=INFO | Usuario=Smoke Test | Perfil=Administrador | Tela=Geral | Acao=Navegacao concluida para o modulo 'Fornecedores'. | ErroTecnico= | StackTrace=
DataHora=2026-09-26T16:32:32.7906601-03:00 | Nivel=INFO | Usuario=Smoke Test | Perfil=Administrador | Tela=Geral | Acao=Adicionado ao cache: Funcionarios | ErroTecnico= | StackTrace=
DataHora=2026-09-26T16:32:32.7913959-03:00 | Nivel=INFO | Usuario=Smoke Test | Perfil=Administrador | Tela=Geral | Acao=Navegacao registrada: Funcionarios | ErroTecnico= | StackTrace=
DataHora=2026-09-26T16:32:32.7919188-03:00 | Nivel=INFO | Usuario=Smoke Test | Perfil=Administrador | Tela=Geral | Acao=Navegacao concluida para o modulo 'Funcionarios'. | ErroTecnico= | StackTrace=
DataHora=2026-09-26T16:32:36.3401475-03:00 | Nivel=INFO | Usuario=Smoke Test | Perfil=Administrador | Tela=Geral | Acao=Adicionado ao cache: Help | ErroTecnico= | StackTrace=
DataHora=2026-09-26T16:32:36.3410127-03:00 | Nivel=INFO | Usuario=Smoke Test | Perfil=Administrador | Tela=Geral | Acao=Navegacao registrada: Help | ErroTecnico= | StackTrace=
DataHora=2026-09-26T16:32:36.3415419-03:00 | Nivel=INFO | Usuario=Smoke Test | Perfil=Administrador | Tela=Geral | Acao=Navegacao concluida para o modulo 'Help'. | ErroTecnico= | StackTrace=
DataHora=2026-09-26T16:32:39.7737141-03:00 | Nivel=INFO | Usuario=Smoke Test | Perfil=Administrador | Tela=Geral | Acao=Abertura da pagina de importacao NF-e. | ErroTecnico= | StackTrace=
DataHora=2026-09-26T16:32:39.7827981-03:00 | Nivel=INFO | Usuario=Smoke Test | Perfil=Administrador | Tela=Geral | Acao=Adicionado ao cache: ImportarNFe | ErroTecnico= | StackTrace=
DataHora=2026-09-26T16:32:39.7834725-03:00 | Nivel=INFO | Usuario=Smoke Test | Perfil=Administrador | Tela=Geral | Acao=Navegacao registrada: ImportarNFe | ErroTecnico= | StackTrace=
DataHora=2026-09-26T16:32:39.7839964-03:00 | Nivel=INFO | Usuario=Smoke Test | Perfil=Administrador | Tela=Geral | Acao=Navegacao concluida para o modulo 'ImportarNFe'. | ErroTecnico= | StackTrace=
DataHora=2026-09-26T16:32:43.2049232-03:00 | Nivel=INFO | Usuario=Smoke Test | Perfil=Administrador | Tela=Geral | Acao=Adicionado ao cache: OficinaKanban | ErroTecnico= | StackTrace=
DataHora=2026-09-26T16:32:43.2055408-03:00 | Nivel=INFO | Usuario=Smoke Test | Perfil=Administrador | Tela=Geral | Acao=Navegacao registrada: OficinaKanban | ErroTecnico= | StackTrace=
DataHora=2026-09-26T16:32:43.2060784-03:00 | Nivel=INFO | Usuario=Smoke Test | Perfil=Administrador | Tela=Geral | Acao=Navegacao concluida para o modulo 'OficinaKanban'. | ErroTecnico= | StackTrace=
DataHora=2026-09-26T16:32:46.7242118-03:00 | Nivel=INFO | Usuario=Smoke Test | Perfil=Administrador | Tela=Geral | Acao=Adicionado ao cache: Orcamentos | ErroTecnico= | StackTrace=
DataHora=2026-09-26T16:32:46.7250770-03:00 | Nivel=INFO | Usuario=Smoke Test | Perfil=Administrador | Tela=Geral | Acao=Navegacao registrada: Orcamentos | ErroTecnico= | StackTrace=
DataHora=2026-09-26T16:32:46.7255827-03:00 | Nivel=INFO | Usuario=Smoke Test | Perfil=Administrador | Tela=Geral | Acao=Navegacao concluida para o modulo 'Orcamentos'. | ErroTecnico= | StackTrace=
DataHora=2026-09-26T16:32:50.4640187-03:00 | Nivel=INFO | Usuario=Smoke Test | Perfil=Administrador | Tela=Geral | Acao=Adicionado ao cache: OrdensServico | ErroTecnico= | StackTrace=
DataHora=2026-09-26T16:32:50.4648099-03:00 | Nivel=INFO | Usuario=Smoke Test | Perfil=Administrador | Tela=Geral | Acao=Navegacao registrada: OrdensServico | ErroTecnico= | StackTrace=
DataHora=2026-09-26T16:32:50.4653539-03:00 | Nivel=INFO | Usuario=Smoke Test | Perfil=Administrador | Tela=Geral | Acao=Navegacao concluida para o modulo 'OrdensServico'. | ErroTecnico= | StackTrace=
DataHora=2026-09-26T16:32:53.9892375-03:00 | Nivel=INFO | Usuario=Smoke Test | Perfil=Administrador | Tela=Geral | Acao=Adicionado ao cache: PDV | ErroTecnico= | StackTrace=
DataHora=2026-09-26T16:32:53.9900188-03:00 | Nivel=INFO | Usuario=Smoke Test | Perfil=Administrador | Tela=Geral | Acao=Navegacao registrada: PDV | ErroTecnico= | StackTrace=
DataHora=2026-09-26T16:32:53.9905651-03:00 | Nivel=INFO | Usuario=Smoke Test | Perfil=Administrador | Tela=Geral | Acao=Navegacao concluida para o modulo 'PDV'. | ErroTecnico= | StackTrace=
DataHora=2026-09-26T16:32:54.0672072-03:00 | Nivel=INFO | Usuario=Smoke Test | Perfil=Administrador | Tela=PDV | Acao=Diagnostico de impressao do PDV: Default=Microsoft Print to PDF / Fisica=False / Instaladas=1 / Microsoft Print to PDF [Driver=Microsoft Print To PDF; Porta=PORTPROMPT:; Default=True; Virtual=True; Offline=False; Shared=False] | ErroTecnico= | StackTrace=
DataHora=2026-09-26T16:32:54.0686725-03:00 | Nivel=WARN | Usuario=Smoke Test | Perfil=Administrador | Tela=PDV | Acao=Nenhuma impressora fisica foi detectada para homologacao final do PDV. O ambiente atual depende apenas de fila virtual. | ErroTecnico= | StackTrace=
DataHora=2026-09-26T16:32:57.3221364-03:00 | Nivel=INFO | Usuario=Smoke Test | Perfil=Administrador | Tela=Geral | Acao=Adicionado ao cache: Relatorios | ErroTecnico= | StackTrace=
DataHora=2026-09-26T16:32:57.3228345-03:00 | Nivel=INFO | Usuario=Smoke Test | Perfil=Administrador | Tela=Geral | Acao=Navegacao registrada: Relatorios | ErroTecnico= | StackTrace=
DataHora=2026-09-26T16:32:57.3233711-03:00 | Nivel=INFO | Usuario=Smoke Test | Perfil=Administrador | Tela=Geral | Acao=Navegacao concluida para o modulo 'Relatorios'. | ErroTecnico= | StackTrace=
DataHora=2026-09-26T16:32:57.3707102-03:00 | Nivel=INFO | Usuario=Smoke Test | Perfil=Administrador | Tela=Relatorios | Acao=ObterDadosFinanceiros(limit=250) concluida em 1 ms. | ErroTecnico= | StackTrace=
DataHora=2026-09-26T16:32:57.3741623-03:00 | Nivel=INFO | Usuario=Smoke Test | Perfil=Administrador | Tela=Relatorios | Acao=ObterDadosVendas(limit=250) concluida em 1 ms. | ErroTecnico= | StackTrace=
DataHora=2026-09-26T16:32:57.3771685-03:00 | Nivel=INFO | Usuario=Smoke Test | Perfil=Administrador | Tela=Relatorios | Acao=ObterMargemPorProduto(limit=100) concluida em 1 ms. | ErroTecnico= | StackTrace=
DataHora=2026-09-26T16:32:57.3793427-03:00 | Nivel=INFO | Usuario=Smoke Test | Perfil=Administrador | Tela=Relatorios | Acao=ObterVendasPorHora concluida em 1 ms. | ErroTecnico= | StackTrace=
DataHora=2026-09-26T16:32:57.3815228-03:00 | Nivel=INFO | Usuario=Smoke Test | Perfil=Administrador | Tela=Relatorios | Acao=ObterVendasPorDia(limit=31) concluida em 0 ms. | ErroTecnico= | StackTrace=
DataHora=2026-09-26T16:32:57.3844539-03:00 | Nivel=INFO | Usuario=Smoke Test | Perfil=Administrador | Tela=Relatorios | Acao=ObterInadimplenciaDetalhada(limit=100) concluida em 1 ms. | ErroTecnico= | StackTrace=
DataHora=2026-09-26T16:32:57.3874005-03:00 | Nivel=INFO | Usuario=Smoke Test | Perfil=Administrador | Tela=Relatorios | Acao=ObterConciliacaoFinanceira concluida em 1 ms. | ErroTecnico= | StackTrace=
DataHora=2026-09-26T16:32:57.3897812-03:00 | Nivel=INFO | Usuario=Smoke Test | Perfil=Administrador | Tela=Relatorios | Acao=ObterOsAbertas concluida em 1 ms. | ErroTecnico= | StackTrace=
DataHora=2026-09-26T16:32:57.3910745-03:00 | Nivel=INFO | Usuario=Smoke Test | Perfil=Administrador | Tela=Relatorios | Acao=ObterOsFinalizadas concluida em 0 ms. | ErroTecnico= | StackTrace=
DataHora=2026-09-26T16:32:57.3935605-03:00 | Nivel=INFO | Usuario=Smoke Test | Perfil=Administrador | Tela=Relatorios | Acao=ObterOrdensServicoPorTecnico concluida em 1 ms. | ErroTecnico= | StackTrace=
DataHora=2026-09-26T16:32:57.3965762-03:00 | Nivel=INFO | Usuario=Smoke Test | Perfil=Administrador | Tela=Relatorios | Acao=ObterServicosRelatorio concluida em 1 ms. | ErroTecnico= | StackTrace=
DataHora=2026-09-26T16:32:57.4014712-03:00 | Nivel=INFO | Usuario=Smoke Test | Perfil=Administrador | Tela=Relatorios | Acao=ObterDadosEstoque(limit=250) concluida em 3 ms. | ErroTecnico= | StackTrace=
DataHora=2026-09-26T16:32:57.4040314-03:00 | Nivel=INFO | Usuario=Smoke Test | Perfil=Administrador | Tela=Relatorios | Acao=ObterDadosClientes(limit=250) concluida em 1 ms. | ErroTecnico= | StackTrace=
DataHora=2026-09-26T16:32:57.4060606-03:00 | Nivel=INFO | Usuario=Smoke Test | Perfil=Administrador | Tela=Relatorios | Acao=ObterDadosOrcamentos(limit=250) concluida em 0 ms. | ErroTecnico= | StackTrace=
DataHora=2026-09-26T16:32:57.4079486-03:00 | Nivel=INFO | Usuario=Smoke Test | Perfil=Administrador | Tela=Relatorios | Acao=ObterDadosCaixa(limit=250) concluida em 0 ms. | ErroTecnico= | StackTrace=
DataHora=2026-09-26T16:32:57.4145620-03:00 | Nivel=INFO | Usuario=Smoke Test | Perfil=Administrador | Tela=Relatorios | Acao=ObterDemonstrativoResultado concluida em 0 ms. | ErroTecnico= | StackTrace=
DataHora=2026-09-26T16:32:57.4184945-03:00 | Nivel=INFO | Usuario=Smoke Test | Perfil=Administrador | Tela=Relatorios | Acao=ObterTicketMedio concluida em 0 ms. | ErroTecnico= | StackTrace=
DataHora=2026-09-26T16:32:57.4201467-03:00 | Nivel=INFO | Usuario=Smoke Test | Perfil=Administrador | Tela=Relatorios | Acao=ObterTotalClientes concluida em 0 ms. | ErroTecnico= | StackTrace=
DataHora=2026-09-26T16:32:57.4216403-03:00 | Nivel=INFO | Usuario=Smoke Test | Perfil=Administrador | Tela=Relatorios | Acao=ObterProdutosSemGiro concluida em 0 ms. | ErroTecnico= | StackTrace=
DataHora=2026-09-26T16:32:57.4232729-03:00 | Nivel=INFO | Usuario=Smoke Test | Perfil=Administrador | Tela=Relatorios | Acao=ObterConversaoOrcamentos concluida em 0 ms. | ErroTecnico= | StackTrace=
DataHora=2026-09-26T16:32:57.4256016-03:00 | Nivel=INFO | Usuario=Smoke Test | Perfil=Administrador | Tela=Relatorios | Acao=ObterResumoConsistenciaOperacional concluida em 1 ms. | ErroTecnico= | StackTrace=
DataHora=2026-09-26T16:32:57.4875890-03:00 | Nivel=INFO | Usuario=Smoke Test | Perfil=Administrador | Tela=Auditoria | Acao=ObterAuditoriaPaginada(pagina=1, tamanho=100) concluida em 4 ms. | ErroTecnico= | StackTrace=
DataHora=2026-09-26T16:32:57.4909227-03:00 | Nivel=INFO | Usuario=Smoke Test | Perfil=Administrador | Tela=Auditoria | Acao=ObterCategoriasAuditoriaOperacional concluida em 0 ms. | ErroTecnico= | StackTrace=
DataHora=2026-09-26T16:32:57.4941970-03:00 | Nivel=INFO | Usuario=Smoke Test | Perfil=Administrador | Tela=Relatorios | Acao=Workspace de relatorios carregado com 0 vendas, 2 clientes e 0 eventos de auditoria exibidos. | ErroTecnico= | StackTrace=
DataHora=2026-09-26T16:33:01.6658179-03:00 | Nivel=INFO | Usuario=Smoke Test | Perfil=Administrador | Tela=Geral | Acao=Removido do cache (LRU): Agendamentos | ErroTecnico= | StackTrace=
DataHora=2026-09-26T16:33:01.6665035-03:00 | Nivel=INFO | Usuario=Smoke Test | Perfil=Administrador | Tela=Geral | Acao=Adicionado ao cache: Veiculos | ErroTecnico= | StackTrace=
DataHora=2026-09-26T16:33:01.6670040-03:00 | Nivel=INFO | Usuario=Smoke Test | Perfil=Administrador | Tela=Geral | Acao=Navegacao registrada: Veiculos | ErroTecnico= | StackTrace=
DataHora=2026-09-26T16:33:01.6674926-03:00 | Nivel=INFO | Usuario=Smoke Test | Perfil=Administrador | Tela=Geral | Acao=Navegacao concluida para o modulo 'Veiculos'. | ErroTecnico= | StackTrace=
DataHora=2026-09-26T16:33:05.2702012-03:00 | Nivel=WARN | Usuario=Smoke Test | Perfil=Administrador | Tela=Geral | Acao=Smoke test 'Tema:ClaroEscuroModulosPrincipais' demorou 76352 ms (acima de 30000 ms). | ErroTecnico= | StackTrace=
DataHora=2026-09-26T16:33:05.2708706-03:00 | Nivel=INFO | Usuario=Smoke Test | Perfil=Administrador | Tela=Geral | Acao=Smoke test aprovado: Tema:ClaroEscuroModulosPrincipais (76352 ms). | ErroTecnico= | StackTrace=
DataHora=2026-09-26T16:33:05.2713812-03:00 | Nivel=INFO | Usuario=Smoke Test | Perfil=Administrador | Tela=Geral | Acao=Smoke test iniciando: Tema:DensidadeCompactaConfortavel. | ErroTecnico= | StackTrace=
DataHora=2026-09-26T16:33:05.3164296-03:00 | Nivel=INFO | Usuario=Smoke Test | Perfil=Administrador | Tela=Geral | Acao=Adicionado ao cache: Dashboard | ErroTecnico= | StackTrace=
DataHora=2026-09-26T16:33:05.3170287-03:00 | Nivel=INFO | Usuario=Smoke Test | Perfil=Administrador | Tela=Geral | Acao=Navegacao registrada: Dashboard | ErroTecnico= | StackTrace=
DataHora=2026-09-26T16:33:05.3175593-03:00 | Nivel=INFO | Usuario=Smoke Test | Perfil=Administrador | Tela=Geral | Acao=Navegacao concluida para o modulo 'Dashboard'. | ErroTecnico= | StackTrace=
DataHora=2026-09-26T16:33:08.2473409-03:00 | Nivel=INFO | Usuario=Smoke Test | Perfil=Administrador | Tela=Geral | Acao=Smoke test aprovado: Tema:DensidadeCompactaConfortavel (2975 ms). | ErroTecnico= | StackTrace=
DataHora=2026-09-26T16:33:08.2483879-03:00 | Nivel=INFO | Usuario=Smoke Test | Perfil=Administrador | Tela=Geral | Acao=Smoke test iniciando: LoginSessao:MensagensLockoutLogoutPermissoes. | ErroTecnico= | StackTrace=
DataHora=2026-09-26T16:33:11.8459083-03:00 | Nivel=INFO | Usuario=Smoke Login Seguranca | Perfil=Vendedor | Tela=Geral | Acao=Sessão criada no banco: Usuario='Smoke Login Seguranca', SessionId='547a4e4a-1a58-43b6-af53-785cce92e732', Machine='CIRO'. | ErroTecnico= | StackTrace=
DataHora=2026-09-26T16:33:11.8917919-03:00 | Nivel=WARN | Usuario=Smoke Login Seguranca | Perfil=Vendedor | Tela=Geral | Acao=Permissao negada. Usuario=Smoke Login Seguranca; Perfil=Vendedor; Tipo=AcaoCriticaSemLinha; Alvo=SISTEMA_CONFIGURAR; Codigo=SISTEMA_CONFIGURAR | ErroTecnico= | StackTrace=
DataHora=2026-09-26T16:33:11.9007194-03:00 | Nivel=INFO | Usuario=Smoke Login Seguranca | Perfil=Vendedor | Tela=Geral | Acao=Adicionado ao cache: Dashboard | ErroTecnico= | StackTrace=
DataHora=2026-09-26T16:33:11.9013531-03:00 | Nivel=INFO | Usuario=Smoke Login Seguranca | Perfil=Vendedor | Tela=Geral | Acao=Navegacao registrada: Dashboard | ErroTecnico= | StackTrace=
DataHora=2026-09-26T16:33:11.9018933-03:00 | Nivel=INFO | Usuario=Smoke Login Seguranca | Perfil=Vendedor | Tela=Geral | Acao=Navegacao concluida para o modulo 'Dashboard'. | ErroTecnico= | StackTrace=
DataHora=2026-09-26T16:33:12.1688951-03:00 | Nivel=INFO | Usuario=Smoke Login Seguranca | Perfil=Vendedor | Tela=Geral | Acao=Logout solicitado por 'smoke-login-seguranca@primoauto.com'. | ErroTecnico= | StackTrace=
DataHora=2026-09-26T16:33:12.1756916-03:00 | Nivel=INFO | Usuario=Smoke Login Seguranca | Perfil=Vendedor | Tela=Geral | Acao=Sessão encerrada no banco: SessionId='547a4e4a-1a58-43b6-af53-785cce92e732'. | ErroTecnico= | StackTrace=
DataHora=2026-09-26T16:33:12.9911946-03:00 | Nivel=INFO | Usuario=Smoke Login Seguranca | Perfil=Vendedor | Tela=Geral | Acao=Sessão criada no banco: Usuario='Smoke Login Seguranca', SessionId='cae6f6d5-d01d-40ea-9820-a10189367bca', Machine='CIRO'. | ErroTecnico= | StackTrace=
DataHora=2026-09-26T16:33:12.9953126-03:00 | Nivel=INFO | Usuario=Smoke Login Seguranca | Perfil=Vendedor | Tela=Geral | Acao=Sessões expiradas limpas: 1 sessões. | ErroTecnico= | StackTrace=
DataHora=2026-09-26T16:33:12.9969701-03:00 | Nivel=INFO | Usuario=Smoke Login Seguranca | Perfil=Vendedor | Tela=Geral | Acao=Monitor de inatividade iniciado com timeout de 1 minutos. | ErroTecnico= | StackTrace=
DataHora=2026-09-26T16:33:12.9987152-03:00 | Nivel=WARN | Usuario=Smoke Login Seguranca | Perfil=Vendedor | Tela=Geral | Acao=Sessao expirada por inatividade. Usuario='smoke-login-seguranca@primoauto.com', InativoPor='00:02:00.0009129'. | ErroTecnico= | StackTrace=
DataHora=2026-09-26T16:33:13.0006412-03:00 | Nivel=WARN | Usuario=Smoke Vendedor | Perfil=Vendedor | Tela=Geral | Acao=Permissao negada. Usuario=Smoke Vendedor; Perfil=Vendedor; Tipo=Modulo; Alvo=Financeiro; Codigo=FINANCEIRO_VER | ErroTecnico= | StackTrace=
DataHora=2026-09-26T16:33:13.0052716-03:00 | Nivel=INFO | Usuario=Smoke Test | Perfil=Administrador | Tela=Geral | Acao=Smoke test aprovado: LoginSessao:MensagensLockoutLogoutPermissoes (4756 ms). | ErroTecnico= | StackTrace=
DataHora=2026-09-26T16:33:13.0064872-03:00 | Nivel=INFO | Usuario=Smoke Test | Perfil=Administrador | Tela=Geral | Acao=Smoke test iniciando: PreCheck:SemModaisPresasNavegacao. | ErroTecnico= | StackTrace=
DataHora=2026-09-26T16:33:13.0376067-03:00 | Nivel=INFO | Usuario=Smoke Test | Perfil=Administrador | Tela=Geral | Acao=Adicionado ao cache: Dashboard | ErroTecnico= | StackTrace=
DataHora=2026-09-26T16:33:13.0382684-03:00 | Nivel=INFO | Usuario=Smoke Test | Perfil=Administrador | Tela=Geral | Acao=Navegacao registrada: Dashboard | ErroTecnico= | StackTrace=
DataHora=2026-09-26T16:33:13.0388243-03:00 | Nivel=INFO | Usuario=Smoke Test | Perfil=Administrador | Tela=Geral | Acao=Navegacao concluida para o modulo 'Dashboard'. | ErroTecnico= | StackTrace=
DataHora=2026-09-26T16:33:14.0022164-03:00 | Nivel=INFO | Usuario=Smoke Test | Perfil=Administrador | Tela=Geral | Acao=Modulo removido manualmente do cache: Dashboard | ErroTecnico= | StackTrace=
DataHora=2026-09-26T16:33:14.0096178-03:00 | Nivel=INFO | Usuario=Smoke Test | Perfil=Administrador | Tela=Geral | Acao=Adicionado ao cache: Dashboard | ErroTecnico= | StackTrace=
DataHora=2026-09-26T16:33:14.0102040-03:00 | Nivel=INFO | Usuario=Smoke Test | Perfil=Administrador | Tela=Geral | Acao=Navegacao concluida para o modulo 'Dashboard'. | ErroTecnico= | StackTrace=
DataHora=2026-09-26T16:33:14.7908270-03:00 | Nivel=INFO | Usuario=Smoke Test | Perfil=Administrador | Tela=Geral | Acao=Adicionado ao cache: Clientes | ErroTecnico= | StackTrace=
DataHora=2026-09-26T16:33:14.7915339-03:00 | Nivel=INFO | Usuario=Smoke Test | Perfil=Administrador | Tela=Geral | Acao=Navegacao registrada: Clientes | ErroTecnico= | StackTrace=
DataHora=2026-09-26T16:33:14.7920816-03:00 | Nivel=INFO | Usuario=Smoke Test | Perfil=Administrador | Tela=Geral | Acao=Navegacao concluida para o modulo 'Clientes'. | ErroTecnico= | StackTrace=
DataHora=2026-09-26T16:33:15.6929757-03:00 | Nivel=INFO | Usuario=Smoke Test | Perfil=Administrador | Tela=Geral | Acao=Adicionado ao cache: Veiculos | ErroTecnico= | StackTrace=
DataHora=2026-09-26T16:33:15.6936663-03:00 | Nivel=INFO | Usuario=Smoke Test | Perfil=Administrador | Tela=Geral | Acao=Navegacao registrada: Veiculos | ErroTecnico= | StackTrace=
DataHora=2026-09-26T16:33:15.6942100-03:00 | Nivel=INFO | Usuario=Smoke Test | Perfil=Administrador | Tela=Geral | Acao=Navegacao concluida para o modulo 'Veiculos'. | ErroTecnico= | StackTrace=
DataHora=2026-09-26T16:33:16.5366501-03:00 | Nivel=INFO | Usuario=Smoke Test | Perfil=Administrador | Tela=Geral | Acao=Adicionado ao cache: AutoEletricaTecnica | ErroTecnico= | StackTrace=
DataHora=2026-09-26T16:33:16.5374571-03:00 | Nivel=INFO | Usuario=Smoke Test | Perfil=Administrador | Tela=Geral | Acao=Navegacao registrada: AutoEletricaTecnica | ErroTecnico= | StackTrace=
DataHora=2026-09-26T16:33:16.5380566-03:00 | Nivel=INFO | Usuario=Smoke Test | Perfil=Administrador | Tela=Geral | Acao=Navegacao concluida para o modulo 'AutoEletricaTecnica'. | ErroTecnico= | StackTrace=
DataHora=2026-09-26T16:33:17.7762209-03:00 | Nivel=INFO | Usuario=Smoke Test | Perfil=Administrador | Tela=Geral | Acao=Adicionado ao cache: Orcamentos | ErroTecnico= | StackTrace=
DataHora=2026-09-26T16:33:17.7769481-03:00 | Nivel=INFO | Usuario=Smoke Test | Perfil=Administrador | Tela=Geral | Acao=Navegacao registrada: Orcamentos | ErroTecnico= | StackTrace=
DataHora=2026-09-26T16:33:17.7774626-03:00 | Nivel=INFO | Usuario=Smoke Test | Perfil=Administrador | Tela=Geral | Acao=Navegacao concluida para o modulo 'Orcamentos'. | ErroTecnico= | StackTrace=
DataHora=2026-09-26T16:33:18.7635143-03:00 | Nivel=INFO | Usuario=Smoke Test | Perfil=Administrador | Tela=Geral | Acao=Adicionado ao cache: OrdensServico | ErroTecnico= | StackTrace=
DataHora=2026-09-26T16:33:18.7641830-03:00 | Nivel=INFO | Usuario=Smoke Test | Perfil=Administrador | Tela=Geral | Acao=Navegacao registrada: OrdensServico | ErroTecnico= | StackTrace=
DataHora=2026-09-26T16:33:18.7646891-03:00 | Nivel=INFO | Usuario=Smoke Test | Perfil=Administrador | Tela=Geral | Acao=Navegacao concluida para o modulo 'OrdensServico'. | ErroTecnico= | StackTrace=
DataHora=2026-09-26T16:33:19.7281806-03:00 | Nivel=INFO | Usuario=Smoke Test | Perfil=Administrador | Tela=Geral | Acao=Adicionado ao cache: OficinaKanban | ErroTecnico= | StackTrace=
DataHora=2026-09-26T16:33:19.7289624-03:00 | Nivel=INFO | Usuario=Smoke Test | Perfil=Administrador | Tela=Geral | Acao=Navegacao registrada: OficinaKanban | ErroTecnico= | StackTrace=
DataHora=2026-09-26T16:33:19.7295251-03:00 | Nivel=INFO | Usuario=Smoke Test | Perfil=Administrador | Tela=Geral | Acao=Navegacao concluida para o modulo 'OficinaKanban'. | ErroTecnico= | StackTrace=
DataHora=2026-09-26T16:33:20.6674778-03:00 | Nivel=INFO | Usuario=Smoke Test | Perfil=Administrador | Tela=Geral | Acao=Adicionado ao cache: PDV | ErroTecnico= | StackTrace=
DataHora=2026-09-26T16:33:20.6681238-03:00 | Nivel=INFO | Usuario=Smoke Test | Perfil=Administrador | Tela=Geral | Acao=Navegacao registrada: PDV | ErroTecnico= | StackTrace=
DataHora=2026-09-26T16:33:20.6686359-03:00 | Nivel=INFO | Usuario=Smoke Test | Perfil=Administrador | Tela=Geral | Acao=Navegacao concluida para o modulo 'PDV'. | ErroTecnico= | StackTrace=
DataHora=2026-09-26T16:33:20.7431192-03:00 | Nivel=INFO | Usuario=Smoke Test | Perfil=Administrador | Tela=PDV | Acao=Diagnostico de impressao do PDV: Default=Microsoft Print to PDF / Fisica=False / Instaladas=1 / Microsoft Print to PDF [Driver=Microsoft Print To PDF; Porta=PORTPROMPT:; Default=True; Virtual=True; Offline=False; Shared=False] | ErroTecnico= | StackTrace=
DataHora=2026-09-26T16:33:20.7445247-03:00 | Nivel=WARN | Usuario=Smoke Test | Perfil=Administrador | Tela=PDV | Acao=Nenhuma impressora fisica foi detectada para homologacao final do PDV. O ambiente atual depende apenas de fila virtual. | ErroTecnico= | StackTrace=
DataHora=2026-09-26T16:33:21.3834553-03:00 | Nivel=INFO | Usuario=Smoke Test | Perfil=Administrador | Tela=Geral | Acao=Adicionado ao cache: Estoque | ErroTecnico= | StackTrace=
DataHora=2026-09-26T16:33:21.3842931-03:00 | Nivel=INFO | Usuario=Smoke Test | Perfil=Administrador | Tela=Geral | Acao=Navegacao registrada: Estoque | ErroTecnico= | StackTrace=
DataHora=2026-09-26T16:33:21.3848417-03:00 | Nivel=INFO | Usuario=Smoke Test | Perfil=Administrador | Tela=Geral | Acao=Navegacao concluida para o modulo 'Estoque'. | ErroTecnico= | StackTrace=
DataHora=2026-09-26T16:33:21.4462849-03:00 | Nivel=INFO | Usuario=Smoke Test | Perfil=Administrador | Tela=Estoque | Acao=Estoque: listagem carregou 7 produto(s). | ErroTecnico= | StackTrace=
DataHora=2026-09-26T16:33:21.6665039-03:00 | Nivel=INFO | Usuario=Smoke Test | Perfil=Administrador | Tela=Estoque | Acao=Estoque layout: rootH=885; headerH=59; actionBarH=140; actionBarVis=Visible; metricsH=84; metricsVis=Visible; stateHostH=575; contentH=575; contentVis=Visible; loadingH=0; loadingVis=Collapsed; emptyH=0; emptyVis=Collapsed; errorH=0; errorVis=Collapsed; dataGridH=421; gridItems=7; totalTxt=7 | ErroTecnico= | StackTrace=
DataHora=2026-09-26T16:33:22.4066065-03:00 | Nivel=INFO | Usuario=Smoke Test | Perfil=Administrador | Tela=Geral | Acao=Adicionado ao cache: CatalogoPecas | ErroTecnico= | StackTrace=
DataHora=2026-09-26T16:33:22.4073600-03:00 | Nivel=INFO | Usuario=Smoke Test | Perfil=Administrador | Tela=Geral | Acao=Navegacao registrada: CatalogoPecas | ErroTecnico= | StackTrace=
DataHora=2026-09-26T16:33:22.4079095-03:00 | Nivel=INFO | Usuario=Smoke Test | Perfil=Administrador | Tela=Geral | Acao=Navegacao concluida para o modulo 'CatalogoPecas'. | ErroTecnico= | StackTrace=
DataHora=2026-09-26T16:33:22.4897447-03:00 | Nivel=INFO | Usuario=Smoke Test | Perfil=Administrador | Tela=Geral | Acao=Catalogo veiculos: seed +0 veiculos, +0 vinculos peca↔veiculo. | ErroTecnico= | StackTrace=
DataHora=2026-09-26T16:33:23.1690602-03:00 | Nivel=INFO | Usuario=Smoke Test | Perfil=Administrador | Tela=Geral | Acao=Abertura da pagina de importacao NF-e. | ErroTecnico= | StackTrace=
DataHora=2026-09-26T16:33:23.1778043-03:00 | Nivel=INFO | Usuario=Smoke Test | Perfil=Administrador | Tela=Geral | Acao=Adicionado ao cache: ImportarNFe | ErroTecnico= | StackTrace=
DataHora=2026-09-26T16:33:23.1784259-03:00 | Nivel=INFO | Usuario=Smoke Test | Perfil=Administrador | Tela=Geral | Acao=Navegacao registrada: ImportarNFe | ErroTecnico= | StackTrace=
DataHora=2026-09-26T16:33:23.1789433-03:00 | Nivel=INFO | Usuario=Smoke Test | Perfil=Administrador | Tela=Geral | Acao=Navegacao concluida para o modulo 'ImportarNFe'. | ErroTecnico= | StackTrace=
DataHora=2026-09-26T16:33:23.9596690-03:00 | Nivel=INFO | Usuario=Smoke Test | Perfil=Administrador | Tela=Financeiro | Acao=ObterMovimentacoes(limit=1200) concluida em 0 ms. | ErroTecnico= | StackTrace=
DataHora=2026-09-26T16:33:23.9618329-03:00 | Nivel=INFO | Usuario=Smoke Test | Perfil=Administrador | Tela=Financeiro | Acao=ObterMovimentacoes(limit=1200) concluida em 0 ms. | ErroTecnico= | StackTrace=
DataHora=2026-09-26T16:33:23.9698218-03:00 | Nivel=INFO | Usuario=Smoke Test | Perfil=Administrador | Tela=Financeiro | Acao=ObterMovimentacoes(limit=1200) concluida em 0 ms. | ErroTecnico= | StackTrace=
DataHora=2026-09-26T16:33:23.9709970-03:00 | Nivel=INFO | Usuario=Smoke Test | Perfil=Administrador | Tela=Geral | Acao=Adicionado ao cache: Financeiro | ErroTecnico= | StackTrace=
DataHora=2026-09-26T16:33:23.9715295-03:00 | Nivel=INFO | Usuario=Smoke Test | Perfil=Administrador | Tela=Geral | Acao=Navegacao registrada: Financeiro | ErroTecnico= | StackTrace=
DataHora=2026-09-26T16:33:23.9720495-03:00 | Nivel=INFO | Usuario=Smoke Test | Perfil=Administrador | Tela=Geral | Acao=Navegacao concluida para o modulo 'Financeiro'. | ErroTecnico= | StackTrace=
DataHora=2026-09-26T16:33:24.8189592-03:00 | Nivel=INFO | Usuario=Smoke Test | Perfil=Administrador | Tela=Financeiro | Acao=ObterMovimentacoes(limit=1200) concluida em 0 ms. | ErroTecnico= | StackTrace=
DataHora=2026-09-26T16:33:24.8244046-03:00 | Nivel=INFO | Usuario=Smoke Test | Perfil=Administrador | Tela=Financeiro | Acao=ObterMovimentacoes(limit=1200) concluida em 0 ms. | ErroTecnico= | StackTrace=
DataHora=2026-09-26T16:33:24.8587616-03:00 | Nivel=INFO | Usuario=Smoke Test | Perfil=Administrador | Tela=Financeiro | Acao=ObterMovimentacoes(limit=1200) concluida em 0 ms. | ErroTecnico= | StackTrace=
DataHora=2026-09-26T16:33:26.7586854-03:00 | Nivel=INFO | Usuario=Smoke Test | Perfil=Administrador | Tela=Geral | Acao=Adicionado ao cache: Fornecedores | ErroTecnico= | StackTrace=
DataHora=2026-09-26T16:33:26.7595004-03:00 | Nivel=INFO | Usuario=Smoke Test | Perfil=Administrador | Tela=Geral | Acao=Navegacao registrada: Fornecedores | ErroTecnico= | StackTrace=
DataHora=2026-09-26T16:33:26.7600663-03:00 | Nivel=INFO | Usuario=Smoke Test | Perfil=Administrador | Tela=Geral | Acao=Navegacao concluida para o modulo 'Fornecedores'. | ErroTecnico= | StackTrace=
DataHora=2026-09-26T16:33:27.5821991-03:00 | Nivel=INFO | Usuario=Smoke Test | Perfil=Administrador | Tela=Geral | Acao=Adicionado ao cache: Funcionarios | ErroTecnico= | StackTrace=
DataHora=2026-09-26T16:33:27.5830127-03:00 | Nivel=INFO | Usuario=Smoke Test | Perfil=Administrador | Tela=Geral | Acao=Navegacao registrada: Funcionarios | ErroTecnico= | StackTrace=
DataHora=2026-09-26T16:33:27.5835297-03:00 | Nivel=INFO | Usuario=Smoke Test | Perfil=Administrador | Tela=Geral | Acao=Navegacao concluida para o modulo 'Funcionarios'. | ErroTecnico= | StackTrace=
DataHora=2026-09-26T16:33:28.4060186-03:00 | Nivel=INFO | Usuario=Smoke Test | Perfil=Administrador | Tela=Geral | Acao=Adicionado ao cache: Agendamentos | ErroTecnico= | StackTrace=
DataHora=2026-09-26T16:33:28.4067179-03:00 | Nivel=INFO | Usuario=Smoke Test | Perfil=Administrador | Tela=Geral | Acao=Navegacao registrada: Agendamentos | ErroTecnico= | StackTrace=
DataHora=2026-09-26T16:33:28.4072251-03:00 | Nivel=INFO | Usuario=Smoke Test | Perfil=Administrador | Tela=Geral | Acao=Navegacao concluida para o modulo 'Agendamentos'. | ErroTecnico= | StackTrace=
DataHora=2026-09-26T16:33:29.3203638-03:00 | Nivel=INFO | Usuario=Smoke Test | Perfil=Administrador | Tela=Geral | Acao=Adicionado ao cache: Relatorios | ErroTecnico= | StackTrace=
DataHora=2026-09-26T16:33:29.3210659-03:00 | Nivel=INFO | Usuario=Smoke Test | Perfil=Administrador | Tela=Geral | Acao=Navegacao registrada: Relatorios | ErroTecnico= | StackTrace=
DataHora=2026-09-26T16:33:29.3215776-03:00 | Nivel=INFO | Usuario=Smoke Test | Perfil=Administrador | Tela=Geral | Acao=Navegacao concluida para o modulo 'Relatorios'. | ErroTecnico= | StackTrace=
DataHora=2026-09-26T16:33:29.3629596-03:00 | Nivel=INFO | Usuario=Smoke Test | Perfil=Administrador | Tela=Relatorios | Acao=ObterDadosFinanceiros(limit=250) concluida em 0 ms. | ErroTecnico= | StackTrace=
DataHora=2026-09-26T16:33:29.3643772-03:00 | Nivel=INFO | Usuario=Smoke Test | Perfil=Administrador | Tela=Relatorios | Acao=ObterDadosVendas(limit=250) concluida em 0 ms. | ErroTecnico= | StackTrace=
DataHora=2026-09-26T16:33:29.3658012-03:00 | Nivel=INFO | Usuario=Smoke Test | Perfil=Administrador | Tela=Relatorios | Acao=ObterMargemPorProduto(limit=100) concluida em 0 ms. | ErroTecnico= | StackTrace=
DataHora=2026-09-26T16:33:29.3668319-03:00 | Nivel=INFO | Usuario=Smoke Test | Perfil=Administrador | Tela=Relatorios | Acao=ObterVendasPorHora concluida em 0 ms. | ErroTecnico= | StackTrace=
DataHora=2026-09-26T16:33:29.3678917-03:00 | Nivel=INFO | Usuario=Smoke Test | Perfil=Administrador | Tela=Relatorios | Acao=ObterVendasPorDia(limit=31) concluida em 0 ms. | ErroTecnico= | StackTrace=
DataHora=2026-09-26T16:33:29.3689831-03:00 | Nivel=INFO | Usuario=Smoke Test | Perfil=Administrador | Tela=Relatorios | Acao=ObterInadimplenciaDetalhada(limit=100) concluida em 0 ms. | ErroTecnico= | StackTrace=
DataHora=2026-09-26T16:33:29.3701207-03:00 | Nivel=INFO | Usuario=Smoke Test | Perfil=Administrador | Tela=Relatorios | Acao=ObterConciliacaoFinanceira concluida em 0 ms. | ErroTecnico= | StackTrace=
DataHora=2026-09-26T16:33:29.3713952-03:00 | Nivel=INFO | Usuario=Smoke Test | Perfil=Administrador | Tela=Relatorios | Acao=ObterOsAbertas concluida em 0 ms. | ErroTecnico= | StackTrace=
DataHora=2026-09-26T16:33:29.3726879-03:00 | Nivel=INFO | Usuario=Smoke Test | Perfil=Administrador | Tela=Relatorios | Acao=ObterOsFinalizadas concluida em 0 ms. | ErroTecnico= | StackTrace=
DataHora=2026-09-26T16:33:29.3742799-03:00 | Nivel=INFO | Usuario=Smoke Test | Perfil=Administrador | Tela=Relatorios | Acao=ObterOrdensServicoPorTecnico concluida em 0 ms. | ErroTecnico= | StackTrace=
DataHora=2026-09-26T16:33:29.3756025-03:00 | Nivel=INFO | Usuario=Smoke Test | Perfil=Administrador | Tela=Relatorios | Acao=ObterServicosRelatorio concluida em 0 ms. | ErroTecnico= | StackTrace=
DataHora=2026-09-26T16:33:29.3766794-03:00 | Nivel=INFO | Usuario=Smoke Test | Perfil=Administrador | Tela=Relatorios | Acao=ObterDadosEstoque(limit=250) concluida em 0 ms. | ErroTecnico= | StackTrace=
DataHora=2026-09-26T16:33:29.3776075-03:00 | Nivel=INFO | Usuario=Smoke Test | Perfil=Administrador | Tela=Relatorios | Acao=ObterDadosClientes(limit=250) concluida em 0 ms. | ErroTecnico= | StackTrace=
DataHora=2026-09-26T16:33:29.3788121-03:00 | Nivel=INFO | Usuario=Smoke Test | Perfil=Administrador | Tela=Relatorios | Acao=ObterDadosOrcamentos(limit=250) concluida em 0 ms. | ErroTecnico= | StackTrace=
DataHora=2026-09-26T16:33:29.3798089-03:00 | Nivel=INFO | Usuario=Smoke Test | Perfil=Administrador | Tela=Relatorios | Acao=ObterDadosCaixa(limit=250) concluida em 0 ms. | ErroTecnico= | StackTrace=
DataHora=2026-09-26T16:33:29.3817307-03:00 | Nivel=INFO | Usuario=Smoke Test | Perfil=Administrador | Tela=Relatorios | Acao=ObterDemonstrativoResultado concluida em 0 ms. | ErroTecnico= | StackTrace=
DataHora=2026-09-26T16:33:29.3830323-03:00 | Nivel=INFO | Usuario=Smoke Test | Perfil=Administrador | Tela=Relatorios | Acao=ObterTicketMedio concluida em 0 ms. | ErroTecnico= | StackTrace=
DataHora=2026-09-26T16:33:29.3839030-03:00 | Nivel=INFO | Usuario=Smoke Test | Perfil=Administrador | Tela=Relatorios | Acao=ObterTotalClientes concluida em 0 ms. | ErroTecnico= | StackTrace=
DataHora=2026-09-26T16:33:29.3847466-03:00 | Nivel=INFO | Usuario=Smoke Test | Perfil=Administrador | Tela=Relatorios | Acao=ObterProdutosSemGiro concluida em 0 ms. | ErroTecnico= | StackTrace=
DataHora=2026-09-26T16:33:29.3856043-03:00 | Nivel=INFO | Usuario=Smoke Test | Perfil=Administrador | Tela=Relatorios | Acao=ObterConversaoOrcamentos concluida em 0 ms. | ErroTecnico= | StackTrace=
DataHora=2026-09-26T16:33:29.3868026-03:00 | Nivel=INFO | Usuario=Smoke Test | Perfil=Administrador | Tela=Relatorios | Acao=ObterResumoConsistenciaOperacional concluida em 0 ms. | ErroTecnico= | StackTrace=
DataHora=2026-09-26T16:33:29.4539162-03:00 | Nivel=INFO | Usuario=Smoke Test | Perfil=Administrador | Tela=Auditoria | Acao=ObterAuditoriaPaginada(pagina=1, tamanho=100) concluida em 0 ms. | ErroTecnico= | StackTrace=
DataHora=2026-09-26T16:33:29.4559714-03:00 | Nivel=INFO | Usuario=Smoke Test | Perfil=Administrador | Tela=Auditoria | Acao=ObterCategoriasAuditoriaOperacional concluida em 0 ms. | ErroTecnico= | StackTrace=
DataHora=2026-09-26T16:33:29.4571827-03:00 | Nivel=INFO | Usuario=Smoke Test | Perfil=Administrador | Tela=Relatorios | Acao=Workspace de relatorios carregado com 0 vendas, 2 clientes e 0 eventos de auditoria exibidos. | ErroTecnico= | StackTrace=
DataHora=2026-09-26T16:33:31.3146785-03:00 | Nivel=INFO | Usuario=Smoke Test | Perfil=Administrador | Tela=Geral | Acao=Smoke test aprovado: PreCheck:SemModaisPresasNavegacao (18308 ms). | ErroTecnico= | StackTrace=
DataHora=2026-09-26T16:33:31.3153826-03:00 | Nivel=INFO | Usuario=Smoke Test | Perfil=Administrador | Tela=Geral | Acao=Smoke test iniciando: MainWindow:NavegacaoSequencial. | ErroTecnico= | StackTrace=
DataHora=2026-09-26T16:33:31.3697352-03:00 | Nivel=INFO | Usuario=Smoke Test | Perfil=Administrador | Tela=Geral | Acao=Adicionado ao cache: Dashboard | ErroTecnico= | StackTrace=
DataHora=2026-09-26T16:33:31.3703601-03:00 | Nivel=INFO | Usuario=Smoke Test | Perfil=Administrador | Tela=Geral | Acao=Navegacao registrada: Dashboard | ErroTecnico= | StackTrace=
DataHora=2026-09-26T16:33:31.3709150-03:00 | Nivel=INFO | Usuario=Smoke Test | Perfil=Administrador | Tela=Geral | Acao=Navegacao concluida para o modulo 'Dashboard'. | ErroTecnico= | StackTrace=
DataHora=2026-09-26T16:33:31.3848417-03:00 | Nivel=INFO | Usuario=Smoke Test | Perfil=Administrador | Tela=Geral | Acao=Adicionado ao cache: Clientes | ErroTecnico= | StackTrace=
DataHora=2026-09-26T16:33:31.3854623-03:00 | Nivel=INFO | Usuario=Smoke Test | Perfil=Administrador | Tela=Geral | Acao=Navegacao registrada: Clientes | ErroTecnico= | StackTrace=
DataHora=2026-09-26T16:33:31.3860058-03:00 | Nivel=INFO | Usuario=Smoke Test | Perfil=Administrador | Tela=Geral | Acao=Navegacao concluida para o modulo 'Clientes'. | ErroTecnico= | StackTrace=
DataHora=2026-09-26T16:33:31.3979953-03:00 | Nivel=INFO | Usuario=Smoke Test | Perfil=Administrador | Tela=Geral | Acao=Adicionado ao cache: Estoque | ErroTecnico= | StackTrace=
DataHora=2026-09-26T16:33:31.3986705-03:00 | Nivel=INFO | Usuario=Smoke Test | Perfil=Administrador | Tela=Geral | Acao=Navegacao registrada: Estoque | ErroTecnico= | StackTrace=
DataHora=2026-09-26T16:33:31.3991917-03:00 | Nivel=INFO | Usuario=Smoke Test | Perfil=Administrador | Tela=Geral | Acao=Navegacao concluida para o modulo 'Estoque'. | ErroTecnico= | StackTrace=
DataHora=2026-09-26T16:33:31.4038815-03:00 | Nivel=INFO | Usuario=Smoke Test | Perfil=Administrador | Tela=Geral | Acao=Smoke test aprovado: MainWindow:NavegacaoSequencial (88 ms). | ErroTecnico= | StackTrace=
DataHora=2026-09-26T16:33:31.4044368-03:00 | Nivel=INFO | Usuario=Smoke Test | Perfil=Administrador | Tela=Geral | Acao=Smoke test iniciando: MainWindow:VoltarHistorico. | ErroTecnico= | StackTrace=
DataHora=2026-09-26T16:33:31.5748074-03:00 | Nivel=INFO | Usuario=Smoke Test | Perfil=Administrador | Tela=Geral | Acao=Adicionado ao cache: Dashboard | ErroTecnico= | StackTrace=
DataHora=2026-09-26T16:33:31.5755078-03:00 | Nivel=INFO | Usuario=Smoke Test | Perfil=Administrador | Tela=Geral | Acao=Navegacao registrada: Dashboard | ErroTecnico= | StackTrace=
DataHora=2026-09-26T16:33:31.5760953-03:00 | Nivel=INFO | Usuario=Smoke Test | Perfil=Administrador | Tela=Geral | Acao=Navegacao concluida para o modulo 'Dashboard'. | ErroTecnico= | StackTrace=
DataHora=2026-09-26T16:33:31.5893804-03:00 | Nivel=INFO | Usuario=Smoke Test | Perfil=Administrador | Tela=Geral | Acao=Adicionado ao cache: Clientes | ErroTecnico= | StackTrace=
DataHora=2026-09-26T16:33:31.5900237-03:00 | Nivel=INFO | Usuario=Smoke Test | Perfil=Administrador | Tela=Geral | Acao=Navegacao registrada: Clientes | ErroTecnico= | StackTrace=
DataHora=2026-09-26T16:33:31.5905864-03:00 | Nivel=INFO | Usuario=Smoke Test | Perfil=Administrador | Tela=Geral | Acao=Navegacao concluida para o modulo 'Clientes'. | ErroTecnico= | StackTrace=
DataHora=2026-09-26T16:33:31.6023145-03:00 | Nivel=INFO | Usuario=Smoke Test | Perfil=Administrador | Tela=Geral | Acao=Adicionado ao cache: Estoque | ErroTecnico= | StackTrace=
DataHora=2026-09-26T16:33:31.6029100-03:00 | Nivel=INFO | Usuario=Smoke Test | Perfil=Administrador | Tela=Geral | Acao=Navegacao registrada: Estoque | ErroTecnico= | StackTrace=
DataHora=2026-09-26T16:33:31.6034590-03:00 | Nivel=INFO | Usuario=Smoke Test | Perfil=Administrador | Tela=Geral | Acao=Navegacao concluida para o modulo 'Estoque'. | ErroTecnico= | StackTrace=
DataHora=2026-09-26T16:33:31.6083414-03:00 | Nivel=INFO | Usuario=Smoke Test | Perfil=Administrador | Tela=Geral | Acao=Obtido do cache: Clientes | ErroTecnico= | StackTrace=
DataHora=2026-09-26T16:33:31.6089339-03:00 | Nivel=INFO | Usuario=Smoke Test | Perfil=Administrador | Tela=Geral | Acao=Navegacao concluida para o modulo 'Clientes'. | ErroTecnico= | StackTrace=
DataHora=2026-09-26T16:33:31.6145604-03:00 | Nivel=INFO | Usuario=Smoke Test | Perfil=Administrador | Tela=Geral | Acao=Smoke test aprovado: MainWindow:VoltarHistorico (210 ms). | ErroTecnico= | StackTrace=
DataHora=2026-09-26T16:33:31.6151098-03:00 | Nivel=INFO | Usuario=Smoke Test | Perfil=Administrador | Tela=Geral | Acao=Smoke test iniciando: MainWindow:AtualizarModulo. | ErroTecnico= | StackTrace=
DataHora=2026-09-26T16:33:31.6489694-03:00 | Nivel=INFO | Usuario=Smoke Test | Perfil=Administrador | Tela=Geral | Acao=Adicionado ao cache: Dashboard | ErroTecnico= | StackTrace=
DataHora=2026-09-26T16:33:31.6495267-03:00 | Nivel=INFO | Usuario=Smoke Test | Perfil=Administrador | Tela=Geral | Acao=Navegacao registrada: Dashboard | ErroTecnico= | StackTrace=
DataHora=2026-09-26T16:33:31.6500539-03:00 | Nivel=INFO | Usuario=Smoke Test | Perfil=Administrador | Tela=Geral | Acao=Navegacao concluida para o modulo 'Dashboard'. | ErroTecnico= | StackTrace=
DataHora=2026-09-26T16:33:31.6633718-03:00 | Nivel=INFO | Usuario=Smoke Test | Perfil=Administrador | Tela=Geral | Acao=Adicionado ao cache: Clientes | ErroTecnico= | StackTrace=
DataHora=2026-09-26T16:33:31.6640515-03:00 | Nivel=INFO | Usuario=Smoke Test | Perfil=Administrador | Tela=Geral | Acao=Navegacao registrada: Clientes | ErroTecnico= | StackTrace=
DataHora=2026-09-26T16:33:31.6646459-03:00 | Nivel=INFO | Usuario=Smoke Test | Perfil=Administrador | Tela=Geral | Acao=Navegacao concluida para o modulo 'Clientes'. | ErroTecnico= | StackTrace=
DataHora=2026-09-26T16:33:31.6690557-03:00 | Nivel=INFO | Usuario=Smoke Test | Perfil=Administrador | Tela=Geral | Acao=Modulo removido manualmente do cache: Clientes | ErroTecnico= | StackTrace=
DataHora=2026-09-26T16:33:31.6802671-03:00 | Nivel=INFO | Usuario=Smoke Test | Perfil=Administrador | Tela=Geral | Acao=Adicionado ao cache: Clientes | ErroTecnico= | StackTrace=
DataHora=2026-09-26T16:33:31.6808630-03:00 | Nivel=INFO | Usuario=Smoke Test | Perfil=Administrador | Tela=Geral | Acao=Navegacao concluida para o modulo 'Clientes'. | ErroTecnico= | StackTrace=
DataHora=2026-09-26T16:33:31.6849908-03:00 | Nivel=INFO | Usuario=Smoke Test | Perfil=Administrador | Tela=Geral | Acao=Modulo atualizado manualmente: Clientes | ErroTecnico= | StackTrace=
DataHora=2026-09-26T16:33:31.6884907-03:00 | Nivel=INFO | Usuario=Smoke Test | Perfil=Administrador | Tela=Geral | Acao=Smoke test aprovado: MainWindow:AtualizarModulo (73 ms). | ErroTecnico= | StackTrace=
DataHora=2026-09-26T16:33:31.6890596-03:00 | Nivel=INFO | Usuario=Smoke Test | Perfil=Administrador | Tela=Geral | Acao=Smoke test iniciando: MainWindow:PermissoesMenuVendedor. | ErroTecnico= | StackTrace=
DataHora=2026-09-26T16:33:31.7219891-03:00 | Nivel=WARN | Usuario=Smoke Test | Perfil=Administrador | Tela=Geral | Acao=Permissao negada. Usuario=Smoke Vendedor; Perfil=Vendedor; Tipo=AcaoCriticaSemLinha; Alvo=SISTEMA_CONFIGURAR; Codigo=SISTEMA_CONFIGURAR | ErroTecnico= | StackTrace=
DataHora=2026-09-26T16:33:31.7303844-03:00 | Nivel=INFO | Usuario=Smoke Test | Perfil=Administrador | Tela=Geral | Acao=Adicionado ao cache: Dashboard | ErroTecnico= | StackTrace=
DataHora=2026-09-26T16:33:31.7310238-03:00 | Nivel=INFO | Usuario=Smoke Test | Perfil=Administrador | Tela=Geral | Acao=Navegacao registrada: Dashboard | ErroTecnico= | StackTrace=
DataHora=2026-09-26T16:33:31.7315556-03:00 | Nivel=INFO | Usuario=Smoke Test | Perfil=Administrador | Tela=Geral | Acao=Navegacao concluida para o modulo 'Dashboard'. | ErroTecnico= | StackTrace=
DataHora=2026-09-26T16:33:31.7346769-03:00 | Nivel=INFO | Usuario=Smoke Test | Perfil=Administrador | Tela=Geral | Acao=Smoke test aprovado: MainWindow:PermissoesMenuVendedor (45 ms). | ErroTecnico= | StackTrace=
DataHora=2026-09-26T16:33:31.7353261-03:00 | Nivel=INFO | Usuario=Smoke Test | Perfil=Administrador | Tela=Geral | Acao=Smoke test iniciando: MainWindow:BuscaGlobalNavegaModulo. | ErroTecnico= | StackTrace=
DataHora=2026-09-26T16:33:31.7699852-03:00 | Nivel=INFO | Usuario=Smoke Test | Perfil=Administrador | Tela=Geral | Acao=Adicionado ao cache: Dashboard | ErroTecnico= | StackTrace=
DataHora=2026-09-26T16:33:31.7706927-03:00 | Nivel=INFO | Usuario=Smoke Test | Perfil=Administrador | Tela=Geral | Acao=Navegacao registrada: Dashboard | ErroTecnico= | StackTrace=
DataHora=2026-09-26T16:33:31.7712393-03:00 | Nivel=INFO | Usuario=Smoke Test | Perfil=Administrador | Tela=Geral | Acao=Navegacao concluida para o modulo 'Dashboard'. | ErroTecnico= | StackTrace=
DataHora=2026-09-26T16:33:31.7837310-03:00 | Nivel=INFO | Usuario=Smoke Test | Perfil=Administrador | Tela=Geral | Acao=Adicionado ao cache: Estoque | ErroTecnico= | StackTrace=
DataHora=2026-09-26T16:33:31.7843904-03:00 | Nivel=INFO | Usuario=Smoke Test | Perfil=Administrador | Tela=Geral | Acao=Navegacao registrada: Estoque | ErroTecnico= | StackTrace=
DataHora=2026-09-26T16:33:31.7849815-03:00 | Nivel=INFO | Usuario=Smoke Test | Perfil=Administrador | Tela=Geral | Acao=Navegacao concluida para o modulo 'Estoque'. | ErroTecnico= | StackTrace=
DataHora=2026-09-26T16:33:31.7909335-03:00 | Nivel=INFO | Usuario=Smoke Test | Perfil=Administrador | Tela=Geral | Acao=Smoke test aprovado: MainWindow:BuscaGlobalNavegaModulo (55 ms). | ErroTecnico= | StackTrace=
DataHora=2026-09-26T16:33:31.7915290-03:00 | Nivel=INFO | Usuario=Smoke Test | Perfil=Administrador | Tela=Geral | Acao=Smoke test iniciando: MainWindow:ImportarNFeAutomacao. | ErroTecnico= | StackTrace=
DataHora=2026-09-26T16:33:31.8210718-03:00 | Nivel=INFO | Usuario=Smoke Test | Perfil=Administrador | Tela=Geral | Acao=Adicionado ao cache: Dashboard | ErroTecnico= | StackTrace=
DataHora=2026-09-26T16:33:31.8216845-03:00 | Nivel=INFO | Usuario=Smoke Test | Perfil=Administrador | Tela=Geral | Acao=Navegacao registrada: Dashboard | ErroTecnico= | StackTrace=
DataHora=2026-09-26T16:33:31.8222414-03:00 | Nivel=INFO | Usuario=Smoke Test | Perfil=Administrador | Tela=Geral | Acao=Navegacao concluida para o modulo 'Dashboard'. | ErroTecnico= | StackTrace=
DataHora=2026-09-26T16:33:31.8255217-03:00 | Nivel=INFO | Usuario=Smoke Test | Perfil=Administrador | Tela=Geral | Acao=Abertura da pagina de importacao NF-e. | ErroTecnico= | StackTrace=
DataHora=2026-09-26T16:33:31.8336429-03:00 | Nivel=INFO | Usuario=Smoke Test | Perfil=Administrador | Tela=Geral | Acao=Adicionado ao cache: ImportarNFe | ErroTecnico= | StackTrace=
DataHora=2026-09-26T16:33:31.8343168-03:00 | Nivel=INFO | Usuario=Smoke Test | Perfil=Administrador | Tela=Geral | Acao=Navegacao registrada: ImportarNFe | ErroTecnico= | StackTrace=
DataHora=2026-09-26T16:33:31.8348613-03:00 | Nivel=INFO | Usuario=Smoke Test | Perfil=Administrador | Tela=Geral | Acao=Navegacao concluida para o modulo 'ImportarNFe'. | ErroTecnico= | StackTrace=
DataHora=2026-09-26T16:33:31.8387490-03:00 | Nivel=INFO | Usuario=Smoke Test | Perfil=Administrador | Tela=Geral | Acao=Smoke test aprovado: MainWindow:ImportarNFeAutomacao (47 ms). | ErroTecnico= | StackTrace=
DataHora=2026-09-26T16:33:31.8393613-03:00 | Nivel=INFO | Usuario=Smoke Test | Perfil=Administrador | Tela=Geral | Acao=Smoke test iniciando: MainWindow:BuscaGlobalSobDemanda. | ErroTecnico= | StackTrace=
DataHora=2026-09-26T16:33:31.8772000-03:00 | Nivel=INFO | Usuario=Smoke Test | Perfil=Administrador | Tela=Geral | Acao=Adicionado ao cache: Dashboard | ErroTecnico= | StackTrace=
DataHora=2026-09-26T16:33:31.8778512-03:00 | Nivel=INFO | Usuario=Smoke Test | Perfil=Administrador | Tela=Geral | Acao=Navegacao registrada: Dashboard | ErroTecnico= | StackTrace=
DataHora=2026-09-26T16:33:31.8784252-03:00 | Nivel=INFO | Usuario=Smoke Test | Perfil=Administrador | Tela=Geral | Acao=Navegacao concluida para o modulo 'Dashboard'. | ErroTecnico= | StackTrace=
DataHora=2026-09-26T16:33:31.8954747-03:00 | Nivel=INFO | Usuario=Smoke Test | Perfil=Administrador | Tela=Geral | Acao=Smoke test aprovado: MainWindow:BuscaGlobalSobDemanda (56 ms). | ErroTecnico= | StackTrace=
DataHora=2026-09-26T16:33:31.8961211-03:00 | Nivel=INFO | Usuario=Smoke Test | Perfil=Administrador | Tela=Geral | Acao=Smoke test iniciando: MainWindow:NotificacaoShellAcionavel. | ErroTecnico= | StackTrace=
DataHora=2026-09-26T16:33:31.9323655-03:00 | Nivel=INFO | Usuario=Smoke Test | Perfil=Administrador | Tela=Geral | Acao=Adicionado ao cache: Dashboard | ErroTecnico= | StackTrace=
DataHora=2026-09-26T16:33:31.9329842-03:00 | Nivel=INFO | Usuario=Smoke Test | Perfil=Administrador | Tela=Geral | Acao=Navegacao registrada: Dashboard | ErroTecnico= | StackTrace=
DataHora=2026-09-26T16:33:31.9335446-03:00 | Nivel=INFO | Usuario=Smoke Test | Perfil=Administrador | Tela=Geral | Acao=Navegacao concluida para o modulo 'Dashboard'. | ErroTecnico= | StackTrace=
DataHora=2026-09-26T16:33:31.9556579-03:00 | Nivel=INFO | Usuario=Smoke Test | Perfil=Administrador | Tela=Financeiro | Acao=ObterMovimentacoes(limit=1200) concluida em 0 ms. | ErroTecnico= | StackTrace=
DataHora=2026-09-26T16:33:31.9576547-03:00 | Nivel=INFO | Usuario=Smoke Test | Perfil=Administrador | Tela=Financeiro | Acao=ObterMovimentacoes(limit=1200) concluida em 0 ms. | ErroTecnico= | StackTrace=
DataHora=2026-09-26T16:33:31.9657142-03:00 | Nivel=INFO | Usuario=Smoke Test | Perfil=Administrador | Tela=Financeiro | Acao=ObterMovimentacoes(limit=1200) concluida em 0 ms. | ErroTecnico= | StackTrace=
DataHora=2026-09-26T16:33:31.9668429-03:00 | Nivel=INFO | Usuario=Smoke Test | Perfil=Administrador | Tela=Geral | Acao=Adicionado ao cache: Financeiro | ErroTecnico= | StackTrace=
DataHora=2026-09-26T16:33:31.9673581-03:00 | Nivel=INFO | Usuario=Smoke Test | Perfil=Administrador | Tela=Geral | Acao=Navegacao registrada: Financeiro | ErroTecnico= | StackTrace=
DataHora=2026-09-26T16:33:31.9678773-03:00 | Nivel=INFO | Usuario=Smoke Test | Perfil=Administrador | Tela=Geral | Acao=Navegacao concluida para o modulo 'Financeiro'. | ErroTecnico= | StackTrace=
DataHora=2026-09-26T16:33:31.9732598-03:00 | Nivel=INFO | Usuario=Smoke Test | Perfil=Administrador | Tela=Geral | Acao=Smoke test aprovado: MainWindow:NotificacaoShellAcionavel (77 ms). | ErroTecnico= | StackTrace=
DataHora=2026-09-26T16:33:31.9738378-03:00 | Nivel=INFO | Usuario=Smoke Test | Perfil=Administrador | Tela=Geral | Acao=Smoke test iniciando: MainWindow:CruzadaAgendamentosParaOS. | ErroTecnico= | StackTrace=
DataHora=2026-09-26T16:33:32.0116303-03:00 | Nivel=INFO | Usuario=Smoke Test | Perfil=Administrador | Tela=Geral | Acao=Adicionado ao cache: Dashboard | ErroTecnico= | StackTrace=
DataHora=2026-09-26T16:33:32.0122003-03:00 | Nivel=INFO | Usuario=Smoke Test | Perfil=Administrador | Tela=Geral | Acao=Navegacao registrada: Dashboard | ErroTecnico= | StackTrace=
DataHora=2026-09-26T16:33:32.0127369-03:00 | Nivel=INFO | Usuario=Smoke Test | Perfil=Administrador | Tela=Geral | Acao=Navegacao concluida para o modulo 'Dashboard'. | ErroTecnico= | StackTrace=
DataHora=2026-09-26T16:33:32.0317447-03:00 | Nivel=INFO | Usuario=Smoke Test | Perfil=Administrador | Tela=Geral | Acao=Adicionado ao cache: Agendamentos | ErroTecnico= | StackTrace=
DataHora=2026-09-26T16:33:32.0323807-03:00 | Nivel=INFO | Usuario=Smoke Test | Perfil=Administrador | Tela=Geral | Acao=Navegacao registrada: Agendamentos | ErroTecnico= | StackTrace=
DataHora=2026-09-26T16:33:32.0329281-03:00 | Nivel=INFO | Usuario=Smoke Test | Perfil=Administrador | Tela=Geral | Acao=Navegacao concluida para o modulo 'Agendamentos'. | ErroTecnico= | StackTrace=
DataHora=2026-09-26T16:33:32.0569638-03:00 | Nivel=INFO | Usuario=Smoke Test | Perfil=Administrador | Tela=Geral | Acao=Adicionado ao cache: OrdensServico | ErroTecnico= | StackTrace=
DataHora=2026-09-26T16:33:32.0575818-03:00 | Nivel=INFO | Usuario=Smoke Test | Perfil=Administrador | Tela=Geral | Acao=Navegacao registrada: OrdensServico | ErroTecnico= | StackTrace=
DataHora=2026-09-26T16:33:32.0581026-03:00 | Nivel=INFO | Usuario=Smoke Test | Perfil=Administrador | Tela=Geral | Acao=Navegacao concluida para o modulo 'OrdensServico'. | ErroTecnico= | StackTrace=
DataHora=2026-09-26T16:33:32.0634269-03:00 | Nivel=INFO | Usuario=Smoke Test | Perfil=Administrador | Tela=Geral | Acao=Smoke test aprovado: MainWindow:CruzadaAgendamentosParaOS (89 ms). | ErroTecnico= | StackTrace=
DataHora=2026-09-26T16:33:32.0640124-03:00 | Nivel=INFO | Usuario=Smoke Test | Perfil=Administrador | Tela=Geral | Acao=Smoke test iniciando: MainWindow:CruzadaOrcamentosParaFinanceiro. | ErroTecnico= | StackTrace=
DataHora=2026-09-26T16:33:32.1217242-03:00 | Nivel=INFO | Usuario=Smoke Test | Perfil=Administrador | Tela=Geral | Acao=Adicionado ao cache: Dashboard | ErroTecnico= | StackTrace=
DataHora=2026-09-26T16:33:32.1224133-03:00 | Nivel=INFO | Usuario=Smoke Test | Perfil=Administrador | Tela=Geral | Acao=Navegacao registrada: Dashboard | ErroTecnico= | StackTrace=
DataHora=2026-09-26T16:33:32.1229522-03:00 | Nivel=INFO | Usuario=Smoke Test | Perfil=Administrador | Tela=Geral | Acao=Navegacao concluida para o modulo 'Dashboard'. | ErroTecnico= | StackTrace=
DataHora=2026-09-26T16:33:32.1427707-03:00 | Nivel=INFO | Usuario=Smoke Test | Perfil=Administrador | Tela=Geral | Acao=Adicionado ao cache: Orcamentos | ErroTecnico= | StackTrace=
DataHora=2026-09-26T16:33:32.1433919-03:00 | Nivel=INFO | Usuario=Smoke Test | Perfil=Administrador | Tela=Geral | Acao=Navegacao registrada: Orcamentos | ErroTecnico= | StackTrace=
DataHora=2026-09-26T16:33:32.1439351-03:00 | Nivel=INFO | Usuario=Smoke Test | Perfil=Administrador | Tela=Geral | Acao=Navegacao concluida para o modulo 'Orcamentos'. | ErroTecnico= | StackTrace=
DataHora=2026-09-26T16:33:32.1658828-03:00 | Nivel=INFO | Usuario=Smoke Test | Perfil=Administrador | Tela=Financeiro | Acao=ObterMovimentacoes(limit=1200) concluida em 0 ms. | ErroTecnico= | StackTrace=
DataHora=2026-09-26T16:33:32.1678853-03:00 | Nivel=INFO | Usuario=Smoke Test | Perfil=Administrador | Tela=Financeiro | Acao=ObterMovimentacoes(limit=1200) concluida em 0 ms. | ErroTecnico= | StackTrace=
DataHora=2026-09-26T16:33:32.1759139-03:00 | Nivel=INFO | Usuario=Smoke Test | Perfil=Administrador | Tela=Financeiro | Acao=ObterMovimentacoes(limit=1200) concluida em 0 ms. | ErroTecnico= | StackTrace=
DataHora=2026-09-26T16:33:32.1771190-03:00 | Nivel=INFO | Usuario=Smoke Test | Perfil=Administrador | Tela=Geral | Acao=Adicionado ao cache: Financeiro | ErroTecnico= | StackTrace=
DataHora=2026-09-26T16:33:32.1776685-03:00 | Nivel=INFO | Usuario=Smoke Test | Perfil=Administrador | Tela=Geral | Acao=Navegacao registrada: Financeiro | ErroTecnico= | StackTrace=
DataHora=2026-09-26T16:33:32.1782138-03:00 | Nivel=INFO | Usuario=Smoke Test | Perfil=Administrador | Tela=Geral | Acao=Navegacao concluida para o modulo 'Financeiro'. | ErroTecnico= | StackTrace=
DataHora=2026-09-26T16:33:32.1843194-03:00 | Nivel=INFO | Usuario=Smoke Test | Perfil=Administrador | Tela=Geral | Acao=Smoke test aprovado: MainWindow:CruzadaOrcamentosParaFinanceiro (120 ms). | ErroTecnico= | StackTrace=
DataHora=2026-09-26T16:33:32.1850738-03:00 | Nivel=INFO | Usuario=Smoke Test | Perfil=Administrador | Tela=Geral | Acao=Smoke test iniciando: Modulo:Dashboard. | ErroTecnico= | StackTrace=
DataHora=2026-09-26T16:33:32.1995352-03:00 | Nivel=INFO | Usuario=Smoke Test | Perfil=Administrador | Tela=Geral | Acao=Adicionado ao cache: Dashboard | ErroTecnico= | StackTrace=
DataHora=2026-09-26T16:33:32.2001701-03:00 | Nivel=INFO | Usuario=Smoke Test | Perfil=Administrador | Tela=Geral | Acao=Navegacao registrada: Dashboard | ErroTecnico= | StackTrace=
DataHora=2026-09-26T16:33:32.2195470-03:00 | Nivel=INFO | Usuario=Smoke Test | Perfil=Administrador | Tela=Geral | Acao=Smoke test aprovado: Modulo:Dashboard (34 ms). | ErroTecnico= | StackTrace=
DataHora=2026-09-26T16:33:32.2202280-03:00 | Nivel=INFO | Usuario=Smoke Test | Perfil=Administrador | Tela=Geral | Acao=Smoke test iniciando: Modulo:Clientes. | ErroTecnico= | StackTrace=
DataHora=2026-09-26T16:33:32.2309749-03:00 | Nivel=INFO | Usuario=Smoke Test | Perfil=Administrador | Tela=Geral | Acao=Adicionado ao cache: Clientes | ErroTecnico= | StackTrace=
DataHora=2026-09-26T16:33:32.2315564-03:00 | Nivel=INFO | Usuario=Smoke Test | Perfil=Administrador | Tela=Geral | Acao=Navegacao registrada: Clientes | ErroTecnico= | StackTrace=
DataHora=2026-09-26T16:33:32.2642267-03:00 | Nivel=INFO | Usuario=Smoke Test | Perfil=Administrador | Tela=Geral | Acao=Smoke test aprovado: Modulo:Clientes (43 ms). | ErroTecnico= | StackTrace=
DataHora=2026-09-26T16:33:32.2648453-03:00 | Nivel=INFO | Usuario=Smoke Test | Perfil=Administrador | Tela=Geral | Acao=Smoke test iniciando: Modulo:Veiculos. | ErroTecnico= | StackTrace=
DataHora=2026-09-26T16:33:32.2830258-03:00 | Nivel=INFO | Usuario=Smoke Test | Perfil=Administrador | Tela=Geral | Acao=Adicionado ao cache: Veiculos | ErroTecnico= | StackTrace=
DataHora=2026-09-26T16:33:32.2836163-03:00 | Nivel=INFO | Usuario=Smoke Test | Perfil=Administrador | Tela=Geral | Acao=Navegacao registrada: Veiculos | ErroTecnico= | StackTrace=
DataHora=2026-09-26T16:33:32.3128353-03:00 | Nivel=INFO | Usuario=Smoke Test | Perfil=Administrador | Tela=Geral | Acao=Smoke test aprovado: Modulo:Veiculos (47 ms). | ErroTecnico= | StackTrace=
DataHora=2026-09-26T16:33:32.3134719-03:00 | Nivel=INFO | Usuario=Smoke Test | Perfil=Administrador | Tela=Geral | Acao=Smoke test iniciando: Modulo:AutoEletricaTecnica. | ErroTecnico= | StackTrace=
DataHora=2026-09-26T16:33:32.3185953-03:00 | Nivel=INFO | Usuario=Smoke Test | Perfil=Administrador | Tela=Geral | Acao=Adicionado ao cache: AutoEletricaTecnica | ErroTecnico= | StackTrace=
DataHora=2026-09-26T16:33:32.3191919-03:00 | Nivel=INFO | Usuario=Smoke Test | Perfil=Administrador | Tela=Geral | Acao=Navegacao registrada: AutoEletricaTecnica | ErroTecnico= | StackTrace=
DataHora=2026-09-26T16:33:32.3352416-03:00 | Nivel=INFO | Usuario=Smoke Test | Perfil=Administrador | Tela=Geral | Acao=Smoke test aprovado: Modulo:AutoEletricaTecnica (21 ms). | ErroTecnico= | StackTrace=
DataHora=2026-09-26T16:33:32.3358365-03:00 | Nivel=INFO | Usuario=Smoke Test | Perfil=Administrador | Tela=Geral | Acao=Smoke test iniciando: Modulo:Orcamentos. | ErroTecnico= | StackTrace=
DataHora=2026-09-26T16:33:32.3802501-03:00 | Nivel=INFO | Usuario=Smoke Test | Perfil=Administrador | Tela=Geral | Acao=Adicionado ao cache: Orcamentos | ErroTecnico= | StackTrace=
DataHora=2026-09-26T16:33:32.3809243-03:00 | Nivel=INFO | Usuario=Smoke Test | Perfil=Administrador | Tela=Geral | Acao=Navegacao registrada: Orcamentos | ErroTecnico= | StackTrace=
DataHora=2026-09-26T16:33:32.4684161-03:00 | Nivel=INFO | Usuario=Smoke Test | Perfil=Administrador | Tela=Geral | Acao=Smoke test aprovado: Modulo:Orcamentos (132 ms). | ErroTecnico= | StackTrace=
DataHora=2026-09-26T16:33:32.4690731-03:00 | Nivel=INFO | Usuario=Smoke Test | Perfil=Administrador | Tela=Geral | Acao=Smoke test iniciando: Modulo:OrdensServico. | ErroTecnico= | StackTrace=
DataHora=2026-09-26T16:33:32.4888287-03:00 | Nivel=INFO | Usuario=Smoke Test | Perfil=Administrador | Tela=Geral | Acao=Adicionado ao cache: OrdensServico | ErroTecnico= | StackTrace=
DataHora=2026-09-26T16:33:32.4894509-03:00 | Nivel=INFO | Usuario=Smoke Test | Perfil=Administrador | Tela=Geral | Acao=Navegacao registrada: OrdensServico | ErroTecnico= | StackTrace=
DataHora=2026-09-26T16:33:32.5695387-03:00 | Nivel=INFO | Usuario=Smoke Test | Perfil=Administrador | Tela=Geral | Acao=Smoke test aprovado: Modulo:OrdensServico (100 ms). | ErroTecnico= | StackTrace=
DataHora=2026-09-26T16:33:32.5702162-03:00 | Nivel=INFO | Usuario=Smoke Test | Perfil=Administrador | Tela=Geral | Acao=Smoke test iniciando: Modulo:OficinaKanban. | ErroTecnico= | StackTrace=
DataHora=2026-09-26T16:33:32.5876439-03:00 | Nivel=INFO | Usuario=Smoke Test | Perfil=Administrador | Tela=Geral | Acao=Adicionado ao cache: OficinaKanban | ErroTecnico= | StackTrace=
DataHora=2026-09-26T16:33:32.5882637-03:00 | Nivel=INFO | Usuario=Smoke Test | Perfil=Administrador | Tela=Geral | Acao=Navegacao registrada: OficinaKanban | ErroTecnico= | StackTrace=
DataHora=2026-09-26T16:33:32.6794911-03:00 | Nivel=INFO | Usuario=Smoke Test | Perfil=Administrador | Tela=Geral | Acao=Smoke test aprovado: Modulo:OficinaKanban (109 ms). | ErroTecnico= | StackTrace=
DataHora=2026-09-26T16:33:32.6801558-03:00 | Nivel=INFO | Usuario=Smoke Test | Perfil=Administrador | Tela=Geral | Acao=Smoke test iniciando: Modulo:PDV. | ErroTecnico= | StackTrace=
DataHora=2026-09-26T16:33:32.6919882-03:00 | Nivel=INFO | Usuario=Smoke Test | Perfil=Administrador | Tela=Geral | Acao=Adicionado ao cache: PDV | ErroTecnico= | StackTrace=
DataHora=2026-09-26T16:33:32.6925628-03:00 | Nivel=INFO | Usuario=Smoke Test | Perfil=Administrador | Tela=Geral | Acao=Navegacao registrada: PDV | ErroTecnico= | StackTrace=
DataHora=2026-09-26T16:33:32.7108113-03:00 | Nivel=INFO | Usuario=Smoke Test | Perfil=Administrador | Tela=Geral | Acao=Smoke test aprovado: Modulo:PDV (30 ms). | ErroTecnico= | StackTrace=
DataHora=2026-09-26T16:33:32.7114141-03:00 | Nivel=INFO | Usuario=Smoke Test | Perfil=Administrador | Tela=Geral | Acao=Smoke test iniciando: Modulo:Estoque. | ErroTecnico= | StackTrace=
DataHora=2026-09-26T16:33:32.7200209-03:00 | Nivel=INFO | Usuario=Smoke Test | Perfil=Administrador | Tela=Geral | Acao=Adicionado ao cache: Estoque | ErroTecnico= | StackTrace=
DataHora=2026-09-26T16:33:32.7206249-03:00 | Nivel=INFO | Usuario=Smoke Test | Perfil=Administrador | Tela=Geral | Acao=Navegacao registrada: Estoque | ErroTecnico= | StackTrace=
DataHora=2026-09-26T16:33:32.7513217-03:00 | Nivel=INFO | Usuario=Smoke Test | Perfil=Administrador | Tela=Geral | Acao=Smoke test aprovado: Modulo:Estoque (39 ms). | ErroTecnico= | StackTrace=
DataHora=2026-09-26T16:33:32.7519779-03:00 | Nivel=INFO | Usuario=Smoke Test | Perfil=Administrador | Tela=Geral | Acao=Smoke test iniciando: Modulo:CatalogoPecas. | ErroTecnico= | StackTrace=
DataHora=2026-09-26T16:33:32.7832023-03:00 | Nivel=INFO | Usuario=Smoke Test | Perfil=Administrador | Tela=Geral | Acao=Adicionado ao cache: CatalogoPecas | ErroTecnico= | StackTrace=
DataHora=2026-09-26T16:33:32.7839321-03:00 | Nivel=INFO | Usuario=Smoke Test | Perfil=Administrador | Tela=Geral | Acao=Navegacao registrada: CatalogoPecas | ErroTecnico= | StackTrace=
DataHora=2026-09-26T16:33:32.8062262-03:00 | Nivel=INFO | Usuario=Smoke Test | Perfil=Administrador | Tela=Geral | Acao=Smoke test aprovado: Modulo:CatalogoPecas (54 ms). | ErroTecnico= | StackTrace=
DataHora=2026-09-26T16:33:32.8068471-03:00 | Nivel=INFO | Usuario=Smoke Test | Perfil=Administrador | Tela=Geral | Acao=Smoke test iniciando: Modulo:ImportarNFe. | ErroTecnico= | StackTrace=
DataHora=2026-09-26T16:33:32.8135310-03:00 | Nivel=INFO | Usuario=Smoke Test | Perfil=Administrador | Tela=Geral | Acao=Adicionado ao cache: ImportarNFe | ErroTecnico= | StackTrace=
DataHora=2026-09-26T16:33:32.8141124-03:00 | Nivel=INFO | Usuario=Smoke Test | Perfil=Administrador | Tela=Geral | Acao=Navegacao registrada: ImportarNFe | ErroTecnico= | StackTrace=
DataHora=2026-09-26T16:33:32.8277834-03:00 | Nivel=INFO | Usuario=Smoke Test | Perfil=Administrador | Tela=Geral | Acao=Smoke test aprovado: Modulo:ImportarNFe (20 ms). | ErroTecnico= | StackTrace=
DataHora=2026-09-26T16:33:32.8284312-03:00 | Nivel=INFO | Usuario=Smoke Test | Perfil=Administrador | Tela=Geral | Acao=Smoke test iniciando: Modulo:Financeiro. | ErroTecnico= | StackTrace=
DataHora=2026-09-26T16:33:32.8459742-03:00 | Nivel=INFO | Usuario=Smoke Test | Perfil=Administrador | Tela=Financeiro | Acao=ObterMovimentacoes(limit=1200) concluida em 0 ms. | ErroTecnico= | StackTrace=
DataHora=2026-09-26T16:33:32.8479652-03:00 | Nivel=INFO | Usuario=Smoke Test | Perfil=Administrador | Tela=Financeiro | Acao=ObterMovimentacoes(limit=1200) concluida em 0 ms. | ErroTecnico= | StackTrace=
DataHora=2026-09-26T16:33:32.8561135-03:00 | Nivel=INFO | Usuario=Smoke Test | Perfil=Administrador | Tela=Financeiro | Acao=ObterMovimentacoes(limit=1200) concluida em 0 ms. | ErroTecnico= | StackTrace=
DataHora=2026-09-26T16:33:32.8573120-03:00 | Nivel=INFO | Usuario=Smoke Test | Perfil=Administrador | Tela=Geral | Acao=Adicionado ao cache: Financeiro | ErroTecnico= | StackTrace=
DataHora=2026-09-26T16:33:32.8578626-03:00 | Nivel=INFO | Usuario=Smoke Test | Perfil=Administrador | Tela=Geral | Acao=Navegacao registrada: Financeiro | ErroTecnico= | StackTrace=
DataHora=2026-09-26T16:33:33.1873066-03:00 | Nivel=INFO | Usuario=Smoke Test | Perfil=Administrador | Tela=Geral | Acao=Smoke test aprovado: Modulo:Financeiro (358 ms). | ErroTecnico= | StackTrace=
DataHora=2026-09-26T16:33:33.1880449-03:00 | Nivel=INFO | Usuario=Smoke Test | Perfil=Administrador | Tela=Geral | Acao=Smoke test iniciando: Modulo:Fornecedores. | ErroTecnico= | StackTrace=
DataHora=2026-09-26T16:33:33.1952880-03:00 | Nivel=INFO | Usuario=Smoke Test | Perfil=Administrador | Tela=Geral | Acao=Adicionado ao cache: Fornecedores | ErroTecnico= | StackTrace=
DataHora=2026-09-26T16:33:33.1958621-03:00 | Nivel=INFO | Usuario=Smoke Test | Perfil=Administrador | Tela=Geral | Acao=Navegacao registrada: Fornecedores | ErroTecnico= | StackTrace=
DataHora=2026-09-26T16:33:33.2249706-03:00 | Nivel=INFO | Usuario=Smoke Test | Perfil=Administrador | Tela=Geral | Acao=Smoke test aprovado: Modulo:Fornecedores (36 ms). | ErroTecnico= | StackTrace=
DataHora=2026-09-26T16:33:33.2255868-03:00 | Nivel=INFO | Usuario=Smoke Test | Perfil=Administrador | Tela=Geral | Acao=Smoke test iniciando: Modulo:Funcionarios. | ErroTecnico= | StackTrace=
DataHora=2026-09-26T16:33:33.2332106-03:00 | Nivel=INFO | Usuario=Smoke Test | Perfil=Administrador | Tela=Geral | Acao=Adicionado ao cache: Funcionarios | ErroTecnico= | StackTrace=
DataHora=2026-09-26T16:33:33.2338682-03:00 | Nivel=INFO | Usuario=Smoke Test | Perfil=Administrador | Tela=Geral | Acao=Navegacao registrada: Funcionarios | ErroTecnico= | StackTrace=
DataHora=2026-09-26T16:33:33.2791162-03:00 | Nivel=INFO | Usuario=Smoke Test | Perfil=Administrador | Tela=Geral | Acao=Smoke test aprovado: Modulo:Funcionarios (53 ms). | ErroTecnico= | StackTrace=
DataHora=2026-09-26T16:33:33.2797497-03:00 | Nivel=INFO | Usuario=Smoke Test | Perfil=Administrador | Tela=Geral | Acao=Smoke test iniciando: Modulo:Agendamentos. | ErroTecnico= | StackTrace=
DataHora=2026-09-26T16:33:33.2971508-03:00 | Nivel=INFO | Usuario=Smoke Test | Perfil=Administrador | Tela=Geral | Acao=Adicionado ao cache: Agendamentos | ErroTecnico= | StackTrace=
DataHora=2026-09-26T16:33:33.2977869-03:00 | Nivel=INFO | Usuario=Smoke Test | Perfil=Administrador | Tela=Geral | Acao=Navegacao registrada: Agendamentos | ErroTecnico= | StackTrace=
DataHora=2026-09-26T16:33:33.3726710-03:00 | Nivel=INFO | Usuario=Smoke Test | Perfil=Administrador | Tela=Geral | Acao=Smoke test aprovado: Modulo:Agendamentos (92 ms). | ErroTecnico= | StackTrace=
DataHora=2026-09-26T16:33:33.3733311-03:00 | Nivel=INFO | Usuario=Smoke Test | Perfil=Administrador | Tela=Geral | Acao=Smoke test iniciando: Modulo:Relatorios. | ErroTecnico= | StackTrace=
DataHora=2026-09-26T16:33:33.4433347-03:00 | Nivel=INFO | Usuario=Smoke Test | Perfil=Administrador | Tela=Geral | Acao=Adicionado ao cache: Relatorios | ErroTecnico= | StackTrace=
DataHora=2026-09-26T16:33:33.4440125-03:00 | Nivel=INFO | Usuario=Smoke Test | Perfil=Administrador | Tela=Geral | Acao=Navegacao registrada: Relatorios | ErroTecnico= | StackTrace=
DataHora=2026-09-26T16:33:33.5143622-03:00 | Nivel=INFO | Usuario=Smoke Test | Perfil=Administrador | Tela=Geral | Acao=Smoke test aprovado: Modulo:Relatorios (141 ms). | ErroTecnico= | StackTrace=
DataHora=2026-09-26T16:33:33.5150310-03:00 | Nivel=INFO | Usuario=Smoke Test | Perfil=Administrador | Tela=Geral | Acao=Smoke test iniciando: Janela:ImportarNota. | ErroTecnico= | StackTrace=
DataHora=2026-09-26T16:33:33.8135447-03:00 | Nivel=INFO | Usuario=Smoke Test | Perfil=Administrador | Tela=Geral | Acao=Smoke test aprovado: Janela:ImportarNota (298 ms). | ErroTecnico= | StackTrace=
DataHora=2026-09-26T16:33:33.8142005-03:00 | Nivel=INFO | Usuario=Smoke Test | Perfil=Administrador | Tela=Geral | Acao=Smoke test iniciando: Janela:ImportarCatalogoPecas. | ErroTecnico= | StackTrace=
DataHora=2026-09-26T16:33:33.9788853-03:00 | Nivel=INFO | Usuario=Smoke Test | Perfil=Administrador | Tela=Geral | Acao=Smoke test aprovado: Janela:ImportarCatalogoPecas (164 ms). | ErroTecnico= | StackTrace=
DataHora=2026-09-26T16:33:33.9938184-03:00 | Nivel=INFO | Usuario=Smoke Test | Perfil=Administrador | Tela=Geral | Acao=Smoke test iniciando: Janela:AjusteEstoqueWindow. | ErroTecnico= | StackTrace=
DataHora=2026-09-26T16:33:34.1426745-03:00 | Nivel=INFO | Usuario=Smoke Test | Perfil=Administrador | Tela=Geral | Acao=Smoke test aprovado: Janela:AjusteEstoqueWindow (148 ms). | ErroTecnico= | StackTrace=
DataHora=2026-09-26T16:33:34.1433687-03:00 | Nivel=INFO | Usuario=Smoke Test | Perfil=Administrador | Tela=Geral | Acao=Smoke test iniciando: Janela:AtalhosTecladoWindow. | ErroTecnico= | StackTrace=
DataHora=2026-09-26T16:33:34.2762662-03:00 | Nivel=INFO | Usuario=Smoke Test | Perfil=Administrador | Tela=Geral | Acao=Smoke test aprovado: Janela:AtalhosTecladoWindow (132 ms). | ErroTecnico= | StackTrace=
DataHora=2026-09-26T16:33:34.2769148-03:00 | Nivel=INFO | Usuario=Smoke Test | Perfil=Administrador | Tela=Geral | Acao=Smoke test iniciando: Janela:NovoClienteWindow. | ErroTecnico= | StackTrace=
DataHora=2026-09-26T16:33:34.4697366-03:00 | Nivel=INFO | Usuario=Smoke Test | Perfil=Administrador | Tela=Geral | Acao=Smoke test aprovado: Janela:NovoClienteWindow (192 ms). | ErroTecnico= | StackTrace=
DataHora=2026-09-26T16:33:34.4704094-03:00 | Nivel=INFO | Usuario=Smoke Test | Perfil=Administrador | Tela=Geral | Acao=Smoke test iniciando: Janela:VisualizarClienteWindow. | ErroTecnico= | StackTrace=
DataHora=2026-09-26T16:33:34.7021969-03:00 | Nivel=INFO | Usuario=Smoke Test | Perfil=Administrador | Tela=Geral | Acao=Smoke test aprovado: Janela:VisualizarClienteWindow (231 ms). | ErroTecnico= | StackTrace=
DataHora=2026-09-26T16:33:34.7029014-03:00 | Nivel=INFO | Usuario=Smoke Test | Perfil=Administrador | Tela=Geral | Acao=Smoke test iniciando: Janela:ComissaoSettlementWindow. | ErroTecnico= | StackTrace=
DataHora=2026-09-26T16:33:34.8759246-03:00 | Nivel=INFO | Usuario=Smoke Test | Perfil=Administrador | Tela=Geral | Acao=Smoke test aprovado: Janela:ComissaoSettlementWindow (173 ms). | ErroTecnico= | StackTrace=
DataHora=2026-09-26T16:33:34.8765939-03:00 | Nivel=INFO | Usuario=Smoke Test | Perfil=Administrador | Tela=Geral | Acao=Smoke test iniciando: Janela:GarantiaRetornosWindow. | ErroTecnico= | StackTrace=
DataHora=2026-09-26T16:33:35.1261246-03:00 | Nivel=INFO | Usuario=Smoke Test | Perfil=Administrador | Tela=Geral | Acao=Smoke test aprovado: Janela:GarantiaRetornosWindow (249 ms). | ErroTecnico= | StackTrace=
DataHora=2026-09-26T16:33:35.1268662-03:00 | Nivel=INFO | Usuario=Smoke Test | Perfil=Administrador | Tela=Geral | Acao=Smoke test iniciando: Janela:ImportarCatalogoPecasWindow. | ErroTecnico= | StackTrace=
DataHora=2026-09-26T16:33:35.2953725-03:00 | Nivel=INFO | Usuario=Smoke Test | Perfil=Administrador | Tela=Geral | Acao=Smoke test aprovado: Janela:ImportarCatalogoPecasWindow (168 ms). | ErroTecnico= | StackTrace=
DataHora=2026-09-26T16:33:35.2960566-03:00 | Nivel=INFO | Usuario=Smoke Test | Perfil=Administrador | Tela=Geral | Acao=Smoke test iniciando: Janela:LembretesRevisaoWindow. | ErroTecnico= | StackTrace=
DataHora=2026-09-26T16:33:35.4348344-03:00 | Nivel=INFO | Usuario=Smoke Test | Perfil=Administrador | Tela=Geral | Acao=Smoke test aprovado: Janela:LembretesRevisaoWindow (138 ms). | ErroTecnico= | StackTrace=
DataHora=2026-09-26T16:33:35.4355440-03:00 | Nivel=INFO | Usuario=Smoke Test | Perfil=Administrador | Tela=Geral | Acao=Smoke test iniciando: Janela:LoginWindow. | ErroTecnico= | StackTrace=
DataHora=2026-09-26T16:33:35.5676486-03:00 | Nivel=INFO | Usuario=Smoke Test | Perfil=Administrador | Tela=Geral | Acao=Smoke test aprovado: Janela:LoginWindow (132 ms). | ErroTecnico= | StackTrace=
DataHora=2026-09-26T16:33:35.5682701-03:00 | Nivel=INFO | Usuario=Smoke Test | Perfil=Administrador | Tela=Geral | Acao=Smoke test iniciando: Janela:NovoAgendamentoPremiumWindow. | ErroTecnico= | StackTrace=
DataHora=2026-09-26T16:33:35.7774850-03:00 | Nivel=INFO | Usuario=Smoke Test | Perfil=Administrador | Tela=Geral | Acao=Smoke test aprovado: Janela:NovoAgendamentoPremiumWindow (209 ms). | ErroTecnico= | StackTrace=
DataHora=2026-09-26T16:33:35.7781174-03:00 | Nivel=INFO | Usuario=Smoke Test | Perfil=Administrador | Tela=Geral | Acao=Smoke test iniciando: Janela:NovoFornecedorWindow. | ErroTecnico= | StackTrace=
DataHora=2026-09-26T16:33:35.9599910-03:00 | Nivel=INFO | Usuario=Smoke Test | Perfil=Administrador | Tela=Geral | Acao=Smoke test aprovado: Janela:NovoFornecedorWindow (181 ms). | ErroTecnico= | StackTrace=
DataHora=2026-09-26T16:33:35.9606393-03:00 | Nivel=INFO | Usuario=Smoke Test | Perfil=Administrador | Tela=Geral | Acao=Smoke test iniciando: Janela:NovoProdutoWindow. | ErroTecnico= | StackTrace=
DataHora=2026-09-26T16:33:36.1130331-03:00 | Nivel=INFO | Usuario=Smoke Test | Perfil=Administrador | Tela=Geral | Acao=Smoke test aprovado: Janela:NovoProdutoWindow (152 ms). | ErroTecnico= | StackTrace=
DataHora=2026-09-26T16:33:36.1136713-03:00 | Nivel=INFO | Usuario=Smoke Test | Perfil=Administrador | Tela=Geral | Acao=Smoke test iniciando: Janela:OrcamentosView. | ErroTecnico= | StackTrace=
DataHora=2026-09-26T16:33:36.2813628-03:00 | Nivel=INFO | Usuario=Smoke Test | Perfil=Administrador | Tela=Geral | Acao=Smoke test aprovado: Janela:OrcamentosView (167 ms). | ErroTecnico= | StackTrace=
DataHora=2026-09-26T16:33:36.2820361-03:00 | Nivel=INFO | Usuario=Smoke Test | Perfil=Administrador | Tela=Geral | Acao=Smoke test iniciando: Janela:PrimeiraExecucaoWindow. | ErroTecnico= | StackTrace=
DataHora=2026-09-26T16:33:36.4334794-03:00 | Nivel=INFO | Usuario=Smoke Test | Perfil=Administrador | Tela=Geral | Acao=Smoke test aprovado: Janela:PrimeiraExecucaoWindow (151 ms). | ErroTecnico= | StackTrace=
DataHora=2026-09-26T16:33:36.4342831-03:00 | Nivel=INFO | Usuario=Smoke Test | Perfil=Administrador | Tela=Geral | Acao=Smoke test iniciando: Janela:SelecaoFilialWindow. | ErroTecnico= | StackTrace=
DataHora=2026-09-26T16:33:36.5133928-03:00 | Nivel=INFO | Usuario=Smoke Test | Perfil=Administrador | Tela=Geral | Acao=Unidade de trabalho atual: Unidade local | ErroTecnico= | StackTrace=
DataHora=2026-09-26T16:33:36.5140594-03:00 | Nivel=INFO | Usuario=Smoke Test | Perfil=Administrador | Tela=Geral | Acao=Multi-filial indisponivel: usando apenas Unidade local. | ErroTecnico= | StackTrace=
DataHora=2026-09-26T16:33:36.5526679-03:00 | Nivel=INFO | Usuario=Smoke Test | Perfil=Administrador | Tela=Geral | Acao=Smoke test aprovado: Janela:SelecaoFilialWindow (118 ms). | ErroTecnico= | StackTrace=
DataHora=2026-09-26T16:33:36.5533642-03:00 | Nivel=INFO | Usuario=Smoke Test | Perfil=Administrador | Tela=Geral | Acao=Smoke test iniciando: Janela:UsuariosOnlineWindow. | ErroTecnico= | StackTrace=
DataHora=2026-09-26T16:33:36.6830911-03:00 | Nivel=INFO | Usuario=Smoke Test | Perfil=Administrador | Tela=Geral | Acao=Smoke test aprovado: Janela:UsuariosOnlineWindow (129 ms). | ErroTecnico= | StackTrace=
DataHora=2026-09-26T16:33:36.6854370-03:00 | Nivel=INFO | Usuario=Smoke Test | Perfil=Administrador | Tela=Geral | Acao=Smoke test iniciando: Controle:BaseConhecimentoControl. | ErroTecnico= | StackTrace=
DataHora=2026-09-26T16:33:36.7126983-03:00 | Nivel=INFO | Usuario=Smoke Test | Perfil=Administrador | Tela=Geral | Acao=Smoke test aprovado: Controle:BaseConhecimentoControl (27 ms). | ErroTecnico= | StackTrace=
DataHora=2026-09-26T16:33:36.7133259-03:00 | Nivel=INFO | Usuario=Smoke Test | Perfil=Administrador | Tela=Geral | Acao=Smoke test iniciando: Controle:FerramentasControl. | ErroTecnico= | StackTrace=
DataHora=2026-09-26T16:33:36.7354951-03:00 | Nivel=INFO | Usuario=Smoke Test | Perfil=Administrador | Tela=Geral | Acao=Smoke test aprovado: Controle:FerramentasControl (22 ms). | ErroTecnico= | StackTrace=
DataHora=2026-09-26T16:33:36.7361564-03:00 | Nivel=INFO | Usuario=Smoke Test | Perfil=Administrador | Tela=Geral | Acao=Smoke test iniciando: Controle:FiscalOperationsControl. | ErroTecnico= | StackTrace=
DataHora=2026-09-26T16:33:36.7604076-03:00 | Nivel=INFO | Usuario=Smoke Test | Perfil=Administrador | Tela=Geral | Acao=Smoke test aprovado: Controle:FiscalOperationsControl (24 ms). | ErroTecnico= | StackTrace=
DataHora=2026-09-26T16:33:36.7610583-03:00 | Nivel=INFO | Usuario=Smoke Test | Perfil=Administrador | Tela=Geral | Acao=Smoke test iniciando: Controle:GlobalSearchControl. | ErroTecnico= | StackTrace=
DataHora=2026-09-26T16:33:36.7640123-03:00 | Nivel=INFO | Usuario=Smoke Test | Perfil=Administrador | Tela=Geral | Acao=Smoke test aprovado: Controle:GlobalSearchControl (2 ms). | ErroTecnico= | StackTrace=
DataHora=2026-09-26T16:33:36.7645701-03:00 | Nivel=INFO | Usuario=Smoke Test | Perfil=Administrador | Tela=Geral | Acao=Smoke test iniciando: Controle:HelpControl. | ErroTecnico= | StackTrace=
DataHora=2026-09-26T16:33:36.7830794-03:00 | Nivel=INFO | Usuario=Smoke Test | Perfil=Administrador | Tela=Geral | Acao=Smoke test aprovado: Controle:HelpControl (18 ms). | ErroTecnico= | StackTrace=
DataHora=2026-09-26T16:33:36.7837047-03:00 | Nivel=INFO | Usuario=Smoke Test | Perfil=Administrador | Tela=Geral | Acao=Smoke test iniciando: Controle:NecessidadesCompraControl. | ErroTecnico= | StackTrace=
DataHora=2026-09-26T16:33:36.8058898-03:00 | Nivel=INFO | Usuario=Smoke Test | Perfil=Administrador | Tela=Geral | Acao=Smoke test aprovado: Controle:NecessidadesCompraControl (22 ms). | ErroTecnico= | StackTrace=
DataHora=2026-09-26T16:33:36.8065488-03:00 | Nivel=INFO | Usuario=Smoke Test | Perfil=Administrador | Tela=Geral | Acao=Smoke test iniciando: Controle:OrcamentoAlertasControl. | ErroTecnico= | StackTrace=
DataHora=2026-09-26T16:33:36.8084018-03:00 | Nivel=INFO | Usuario=Smoke Test | Perfil=Administrador | Tela=Geral | Acao=Smoke test aprovado: Controle:OrcamentoAlertasControl (1 ms). | ErroTecnico= | StackTrace=
DataHora=2026-09-26T16:33:36.8089817-03:00 | Nivel=INFO | Usuario=Smoke Test | Perfil=Administrador | Tela=Geral | Acao=Smoke test iniciando: Controle:OrcamentoBuscaInteligenteControl. | ErroTecnico= | StackTrace=
DataHora=2026-09-26T16:33:36.8108250-03:00 | Nivel=INFO | Usuario=Smoke Test | Perfil=Administrador | Tela=Geral | Acao=Smoke test aprovado: Controle:OrcamentoBuscaInteligenteControl (1 ms). | ErroTecnico= | StackTrace=
DataHora=2026-09-26T16:33:36.8113891-03:00 | Nivel=INFO | Usuario=Smoke Test | Perfil=Administrador | Tela=Geral | Acao=Smoke test iniciando: Controle:OrcamentoCarrinhoControl. | ErroTecnico= | StackTrace=
DataHora=2026-09-26T16:33:36.8205745-03:00 | Nivel=INFO | Usuario=Smoke Test | Perfil=Administrador | Tela=Geral | Acao=Smoke test aprovado: Controle:OrcamentoCarrinhoControl (9 ms). | ErroTecnico= | StackTrace=
DataHora=2026-09-26T16:33:36.8212312-03:00 | Nivel=INFO | Usuario=Smoke Test | Perfil=Administrador | Tela=Geral | Acao=Smoke test iniciando: Controle:OrcamentoClientePanelControl. | ErroTecnico= | StackTrace=
DataHora=2026-09-26T16:33:36.8253320-03:00 | Nivel=INFO | Usuario=Smoke Test | Perfil=Administrador | Tela=Geral | Acao=Smoke test aprovado: Controle:OrcamentoClientePanelControl (4 ms). | ErroTecnico= | StackTrace=
DataHora=2026-09-26T16:33:36.8259015-03:00 | Nivel=INFO | Usuario=Smoke Test | Perfil=Administrador | Tela=Geral | Acao=Smoke test iniciando: Controle:OrcamentoHistoricoNegociacaoControl. | ErroTecnico= | StackTrace=
DataHora=2026-09-26T16:33:36.8286651-03:00 | Nivel=INFO | Usuario=Smoke Test | Perfil=Administrador | Tela=Geral | Acao=Smoke test aprovado: Controle:OrcamentoHistoricoNegociacaoControl (2 ms). | ErroTecnico= | StackTrace=
DataHora=2026-09-26T16:33:36.8292772-03:00 | Nivel=INFO | Usuario=Smoke Test | Perfil=Administrador | Tela=Geral | Acao=Smoke test iniciando: Controle:OrcamentoProdutosPanelControl. | ErroTecnico= | StackTrace=
DataHora=2026-09-26T16:33:36.8316078-03:00 | Nivel=INFO | Usuario=Smoke Test | Perfil=Administrador | Tela=Geral | Acao=Smoke test aprovado: Controle:OrcamentoProdutosPanelControl (2 ms). | ErroTecnico= | StackTrace=
DataHora=2026-09-26T16:33:36.8321817-03:00 | Nivel=INFO | Usuario=Smoke Test | Perfil=Administrador | Tela=Geral | Acao=Smoke test iniciando: Controle:OrcamentoResumoFinanceiroControl. | ErroTecnico= | StackTrace=
DataHora=2026-09-26T16:33:36.8359296-03:00 | Nivel=INFO | Usuario=Smoke Test | Perfil=Administrador | Tela=Geral | Acao=Smoke test aprovado: Controle:OrcamentoResumoFinanceiroControl (3 ms). | ErroTecnico= | StackTrace=
DataHora=2026-09-26T16:33:36.8365306-03:00 | Nivel=INFO | Usuario=Smoke Test | Perfil=Administrador | Tela=Geral | Acao=Smoke test iniciando: Controle:OrcamentoStatusControl. | ErroTecnico= | StackTrace=
DataHora=2026-09-26T16:33:36.8414468-03:00 | Nivel=INFO | Usuario=Smoke Test | Perfil=Administrador | Tela=Geral | Acao=Smoke test aprovado: Controle:OrcamentoStatusControl (4 ms). | ErroTecnico= | StackTrace=
DataHora=2026-09-26T16:33:36.8420548-03:00 | Nivel=INFO | Usuario=Smoke Test | Perfil=Administrador | Tela=Geral | Acao=Smoke test iniciando: Controle:OrcamentoTimelineControl. | ErroTecnico= | StackTrace=
DataHora=2026-09-26T16:33:36.8443240-03:00 | Nivel=INFO | Usuario=Smoke Test | Perfil=Administrador | Tela=Geral | Acao=Smoke test aprovado: Controle:OrcamentoTimelineControl (2 ms). | ErroTecnico= | StackTrace=
DataHora=2026-09-26T16:33:36.8448685-03:00 | Nivel=INFO | Usuario=Smoke Test | Perfil=Administrador | Tela=Geral | Acao=Smoke test iniciando: Controle:OrcamentosDashboardControl. | ErroTecnico= | StackTrace=
DataHora=2026-09-26T16:33:36.8460602-03:00 | Nivel=INFO | Usuario=Smoke Test | Perfil=Administrador | Tela=Geral | Acao=Smoke test aprovado: Controle:OrcamentosDashboardControl (1 ms). | ErroTecnico= | StackTrace=
DataHora=2026-09-26T16:33:36.8468602-03:00 | Nivel=INFO | Usuario=Smoke Test | Perfil=Administrador | Tela=Geral | Acao=Smoke test iniciando: Interacao:MainWindow:Botoes. | ErroTecnico= | StackTrace=
DataHora=2026-09-26T16:33:36.9126263-03:00 | Nivel=INFO | Usuario=Smoke Test | Perfil=Administrador | Tela=Geral | Acao=Adicionado ao cache: Dashboard | ErroTecnico= | StackTrace=
DataHora=2026-09-26T16:33:36.9132660-03:00 | Nivel=INFO | Usuario=Smoke Test | Perfil=Administrador | Tela=Geral | Acao=Navegacao registrada: Dashboard | ErroTecnico= | StackTrace=
DataHora=2026-09-26T16:33:36.9137825-03:00 | Nivel=INFO | Usuario=Smoke Test | Perfil=Administrador | Tela=Geral | Acao=Navegacao concluida para o modulo 'Dashboard'. | ErroTecnico= | StackTrace=
DataHora=2026-09-26T16:33:37.4900714-03:00 | Nivel=INFO | Usuario=Smoke Test | Perfil=Administrador | Tela=Geral | Acao=Adicionado ao cache: Dashboard | ErroTecnico= | StackTrace=
DataHora=2026-09-26T16:33:37.4906916-03:00 | Nivel=INFO | Usuario=Smoke Test | Perfil=Administrador | Tela=Geral | Acao=Navegacao registrada: Dashboard | ErroTecnico= | StackTrace=
DataHora=2026-09-26T16:33:37.4913050-03:00 | Nivel=INFO | Usuario=Smoke Test | Perfil=Administrador | Tela=Geral | Acao=Navegacao concluida para o modulo 'Dashboard'. | ErroTecnico= | StackTrace=
DataHora=2026-09-26T16:33:37.8897314-03:00 | Nivel=INFO | Usuario=Smoke Test | Perfil=Administrador | Tela=Geral | Acao=Adicionado ao cache: OficinaKanban | ErroTecnico= | StackTrace=
DataHora=2026-09-26T16:33:37.8903663-03:00 | Nivel=INFO | Usuario=Smoke Test | Perfil=Administrador | Tela=Geral | Acao=Navegacao registrada: OficinaKanban | ErroTecnico= | StackTrace=
DataHora=2026-09-26T16:33:37.8909575-03:00 | Nivel=INFO | Usuario=Smoke Test | Perfil=Administrador | Tela=Geral | Acao=Navegacao concluida para o modulo 'OficinaKanban'. | ErroTecnico= | StackTrace=
DataHora=2026-09-26T16:33:39.0127245-03:00 | Nivel=INFO | Usuario=Smoke Test | Perfil=Administrador | Tela=Geral | Acao=Adicionado ao cache: Dashboard | ErroTecnico= | StackTrace=
DataHora=2026-09-26T16:33:39.0133482-03:00 | Nivel=INFO | Usuario=Smoke Test | Perfil=Administrador | Tela=Geral | Acao=Navegacao registrada: Dashboard | ErroTecnico= | StackTrace=
DataHora=2026-09-26T16:33:39.0139905-03:00 | Nivel=INFO | Usuario=Smoke Test | Perfil=Administrador | Tela=Geral | Acao=Navegacao concluida para o modulo 'Dashboard'. | ErroTecnico= | StackTrace=
DataHora=2026-09-26T16:33:39.4371252-03:00 | Nivel=INFO | Usuario=Smoke Test | Perfil=Administrador | Tela=Financeiro | Acao=ObterMovimentacoes(limit=1200) concluida em 0 ms. | ErroTecnico= | StackTrace=
DataHora=2026-09-26T16:33:39.4390685-03:00 | Nivel=INFO | Usuario=Smoke Test | Perfil=Administrador | Tela=Financeiro | Acao=ObterMovimentacoes(limit=1200) concluida em 0 ms. | ErroTecnico= | StackTrace=
DataHora=2026-09-26T16:33:39.4472796-03:00 | Nivel=INFO | Usuario=Smoke Test | Perfil=Administrador | Tela=Financeiro | Acao=ObterMovimentacoes(limit=1200) concluida em 0 ms. | ErroTecnico= | StackTrace=
DataHora=2026-09-26T16:33:39.4485314-03:00 | Nivel=INFO | Usuario=Smoke Test | Perfil=Administrador | Tela=Geral | Acao=Adicionado ao cache: Financeiro | ErroTecnico= | StackTrace=
DataHora=2026-09-26T16:33:39.4491112-03:00 | Nivel=INFO | Usuario=Smoke Test | Perfil=Administrador | Tela=Geral | Acao=Navegacao registrada: Financeiro | ErroTecnico= | StackTrace=
DataHora=2026-09-26T16:33:39.4497074-03:00 | Nivel=INFO | Usuario=Smoke Test | Perfil=Administrador | Tela=Geral | Acao=Navegacao concluida para o modulo 'Financeiro'. | ErroTecnico= | StackTrace=
DataHora=2026-09-26T16:33:40.2901723-03:00 | Nivel=INFO | Usuario=Smoke Test | Perfil=Administrador | Tela=Financeiro | Acao=ObterMovimentacoes(limit=1200) concluida em 0 ms. | ErroTecnico= | StackTrace=
DataHora=2026-09-26T16:33:40.2953221-03:00 | Nivel=INFO | Usuario=Smoke Test | Perfil=Administrador | Tela=Financeiro | Acao=ObterMovimentacoes(limit=1200) concluida em 0 ms. | ErroTecnico= | StackTrace=
DataHora=2026-09-26T16:33:40.3296041-03:00 | Nivel=INFO | Usuario=Smoke Test | Perfil=Administrador | Tela=Financeiro | Acao=ObterMovimentacoes(limit=1200) concluida em 0 ms. | ErroTecnico= | StackTrace=
DataHora=2026-09-26T16:33:42.2061922-03:00 | Nivel=INFO | Usuario=Smoke Test | Perfil=Administrador | Tela=Geral | Acao=Adicionado ao cache: Dashboard | ErroTecnico= | StackTrace=
DataHora=2026-09-26T16:33:42.2068138-03:00 | Nivel=INFO | Usuario=Smoke Test | Perfil=Administrador | Tela=Geral | Acao=Navegacao registrada: Dashboard | ErroTecnico= | StackTrace=
DataHora=2026-09-26T16:33:42.2073356-03:00 | Nivel=INFO | Usuario=Smoke Test | Perfil=Administrador | Tela=Geral | Acao=Navegacao concluida para o modulo 'Dashboard'. | ErroTecnico= | StackTrace=
DataHora=2026-09-26T16:33:42.7386289-03:00 | Nivel=INFO | Usuario=Smoke Test | Perfil=Administrador | Tela=Geral | Acao=Adicionado ao cache: Estoque | ErroTecnico= | StackTrace=
DataHora=2026-09-26T16:33:42.7393193-03:00 | Nivel=INFO | Usuario=Smoke Test | Perfil=Administrador | Tela=Geral | Acao=Navegacao registrada: Estoque | ErroTecnico= | StackTrace=
DataHora=2026-09-26T16:33:42.7399169-03:00 | Nivel=INFO | Usuario=Smoke Test | Perfil=Administrador | Tela=Geral | Acao=Navegacao concluida para o modulo 'Estoque'. | ErroTecnico= | StackTrace=
DataHora=2026-09-26T16:33:42.8280791-03:00 | Nivel=INFO | Usuario=Smoke Test | Perfil=Administrador | Tela=Estoque | Acao=Estoque: listagem carregou 7 produto(s). | ErroTecnico= | StackTrace=
DataHora=2026-09-26T16:33:43.0164563-03:00 | Nivel=INFO | Usuario=Smoke Test | Perfil=Administrador | Tela=Estoque | Acao=Estoque layout: rootH=885; headerH=59; actionBarH=140; actionBarVis=Visible; metricsH=84; metricsVis=Visible; stateHostH=575; contentH=575; contentVis=Visible; loadingH=0; loadingVis=Collapsed; emptyH=0; emptyVis=Collapsed; errorH=0; errorVis=Collapsed; dataGridH=421; gridItems=7; totalTxt=7 | ErroTecnico= | StackTrace=
DataHora=2026-09-26T16:33:43.9398921-03:00 | Nivel=INFO | Usuario=Smoke Test | Perfil=Administrador | Tela=Geral | Acao=Adicionado ao cache: Dashboard | ErroTecnico= | StackTrace=
DataHora=2026-09-26T16:33:43.9408058-03:00 | Nivel=INFO | Usuario=Smoke Test | Perfil=Administrador | Tela=Geral | Acao=Navegacao registrada: Dashboard | ErroTecnico= | StackTrace=
DataHora=2026-09-26T16:33:43.9416128-03:00 | Nivel=INFO | Usuario=Smoke Test | Perfil=Administrador | Tela=Geral | Acao=Navegacao concluida para o modulo 'Dashboard'. | ErroTecnico= | StackTrace=
DataHora=2026-09-26T16:33:44.4631523-03:00 | Nivel=INFO | Usuario=Smoke Test | Perfil=Administrador | Tela=Geral | Acao=Adicionado ao cache: Veiculos | ErroTecnico= | StackTrace=
DataHora=2026-09-26T16:33:44.4637937-03:00 | Nivel=INFO | Usuario=Smoke Test | Perfil=Administrador | Tela=Geral | Acao=Navegacao registrada: Veiculos | ErroTecnico= | StackTrace=
DataHora=2026-09-26T16:33:44.4643538-03:00 | Nivel=INFO | Usuario=Smoke Test | Perfil=Administrador | Tela=Geral | Acao=Navegacao concluida para o modulo 'Veiculos'. | ErroTecnico= | StackTrace=
DataHora=2026-09-26T16:33:45.5398368-03:00 | Nivel=INFO | Usuario=Smoke Test | Perfil=Administrador | Tela=Geral | Acao=Adicionado ao cache: Dashboard | ErroTecnico= | StackTrace=
DataHora=2026-09-26T16:33:45.5404436-03:00 | Nivel=INFO | Usuario=Smoke Test | Perfil=Administrador | Tela=Geral | Acao=Navegacao registrada: Dashboard | ErroTecnico= | StackTrace=
DataHora=2026-09-26T16:33:45.5409746-03:00 | Nivel=INFO | Usuario=Smoke Test | Perfil=Administrador | Tela=Geral | Acao=Navegacao concluida para o modulo 'Dashboard'. | ErroTecnico= | StackTrace=
DataHora=2026-09-26T16:33:46.0498274-03:00 | Nivel=INFO | Usuario=Smoke Test | Perfil=Administrador | Tela=Geral | Acao=Adicionado ao cache: Clientes | ErroTecnico= | StackTrace=
DataHora=2026-09-26T16:33:46.0504534-03:00 | Nivel=INFO | Usuario=Smoke Test | Perfil=Administrador | Tela=Geral | Acao=Navegacao registrada: Clientes | ErroTecnico= | StackTrace=
DataHora=2026-09-26T16:33:46.0510070-03:00 | Nivel=INFO | Usuario=Smoke Test | Perfil=Administrador | Tela=Geral | Acao=Navegacao concluida para o modulo 'Clientes'. | ErroTecnico= | StackTrace=
DataHora=2026-09-26T16:33:47.1261092-03:00 | Nivel=INFO | Usuario=Smoke Test | Perfil=Administrador | Tela=Geral | Acao=Adicionado ao cache: Dashboard | ErroTecnico= | StackTrace=
DataHora=2026-09-26T16:33:47.1268302-03:00 | Nivel=INFO | Usuario=Smoke Test | Perfil=Administrador | Tela=Geral | Acao=Navegacao registrada: Dashboard | ErroTecnico= | StackTrace=
DataHora=2026-09-26T16:33:47.1273813-03:00 | Nivel=INFO | Usuario=Smoke Test | Perfil=Administrador | Tela=Geral | Acao=Navegacao concluida para o modulo 'Dashboard'. | ErroTecnico= | StackTrace=
DataHora=2026-09-26T16:33:47.6955419-03:00 | Nivel=INFO | Usuario=Smoke Test | Perfil=Administrador | Tela=Geral | Acao=Adicionado ao cache: PDV | ErroTecnico= | StackTrace=
DataHora=2026-09-26T16:33:47.6962550-03:00 | Nivel=INFO | Usuario=Smoke Test | Perfil=Administrador | Tela=Geral | Acao=Navegacao registrada: PDV | ErroTecnico= | StackTrace=
DataHora=2026-09-26T16:33:47.6968061-03:00 | Nivel=INFO | Usuario=Smoke Test | Perfil=Administrador | Tela=Geral | Acao=Navegacao concluida para o modulo 'PDV'. | ErroTecnico= | StackTrace=
DataHora=2026-09-26T16:33:47.7627957-03:00 | Nivel=INFO | Usuario=Smoke Test | Perfil=Administrador | Tela=PDV | Acao=Diagnostico de impressao do PDV: Default=Microsoft Print to PDF / Fisica=False / Instaladas=1 / Microsoft Print to PDF [Driver=Microsoft Print To PDF; Porta=PORTPROMPT:; Default=True; Virtual=True; Offline=False; Shared=False] | ErroTecnico= | StackTrace=
DataHora=2026-09-26T16:33:47.7637770-03:00 | Nivel=WARN | Usuario=Smoke Test | Perfil=Administrador | Tela=PDV | Acao=Nenhuma impressora fisica foi detectada para homologacao final do PDV. O ambiente atual depende apenas de fila virtual. | ErroTecnico= | StackTrace=
DataHora=2026-09-26T16:33:48.5891031-03:00 | Nivel=INFO | Usuario=Smoke Test | Perfil=Administrador | Tela=Geral | Acao=Adicionado ao cache: Dashboard | ErroTecnico= | StackTrace=
DataHora=2026-09-26T16:33:48.5897518-03:00 | Nivel=INFO | Usuario=Smoke Test | Perfil=Administrador | Tela=Geral | Acao=Navegacao registrada: Dashboard | ErroTecnico= | StackTrace=
DataHora=2026-09-26T16:33:48.5902669-03:00 | Nivel=INFO | Usuario=Smoke Test | Perfil=Administrador | Tela=Geral | Acao=Navegacao concluida para o modulo 'Dashboard'. | ErroTecnico= | StackTrace=
DataHora=2026-09-26T16:33:48.9872075-03:00 | Nivel=INFO | Usuario=Smoke Test | Perfil=Administrador | Tela=Geral | Acao=Adicionado ao cache: Agendamentos | ErroTecnico= | StackTrace=
DataHora=2026-09-26T16:33:48.9878777-03:00 | Nivel=INFO | Usuario=Smoke Test | Perfil=Administrador | Tela=Geral | Acao=Navegacao registrada: Agendamentos | ErroTecnico= | StackTrace=
DataHora=2026-09-26T16:33:48.9884841-03:00 | Nivel=INFO | Usuario=Smoke Test | Perfil=Administrador | Tela=Geral | Acao=Navegacao concluida para o modulo 'Agendamentos'. | ErroTecnico= | StackTrace=
DataHora=2026-09-26T16:33:50.0698821-03:00 | Nivel=INFO | Usuario=Smoke Test | Perfil=Administrador | Tela=Geral | Acao=Adicionado ao cache: Dashboard | ErroTecnico= | StackTrace=
DataHora=2026-09-26T16:33:50.0705204-03:00 | Nivel=INFO | Usuario=Smoke Test | Perfil=Administrador | Tela=Geral | Acao=Navegacao registrada: Dashboard | ErroTecnico= | StackTrace=
DataHora=2026-09-26T16:33:50.0710609-03:00 | Nivel=INFO | Usuario=Smoke Test | Perfil=Administrador | Tela=Geral | Acao=Navegacao concluida para o modulo 'Dashboard'. | ErroTecnico= | StackTrace=
DataHora=2026-09-26T16:33:50.4850228-03:00 | Nivel=INFO | Usuario=Smoke Test | Perfil=Administrador | Tela=Geral | Acao=Adicionado ao cache: OrdensServico | ErroTecnico= | StackTrace=
DataHora=2026-09-26T16:33:50.4857278-03:00 | Nivel=INFO | Usuario=Smoke Test | Perfil=Administrador | Tela=Geral | Acao=Navegacao registrada: OrdensServico | ErroTecnico= | StackTrace=
DataHora=2026-09-26T16:33:50.4863102-03:00 | Nivel=INFO | Usuario=Smoke Test | Perfil=Administrador | Tela=Geral | Acao=Navegacao concluida para o modulo 'OrdensServico'. | ErroTecnico= | StackTrace=
DataHora=2026-09-26T16:33:51.5275777-03:00 | Nivel=INFO | Usuario=Smoke Test | Perfil=Administrador | Tela=Geral | Acao=Adicionado ao cache: Dashboard | ErroTecnico= | StackTrace=
DataHora=2026-09-26T16:33:51.5283571-03:00 | Nivel=INFO | Usuario=Smoke Test | Perfil=Administrador | Tela=Geral | Acao=Navegacao registrada: Dashboard | ErroTecnico= | StackTrace=
DataHora=2026-09-26T16:33:51.5289190-03:00 | Nivel=INFO | Usuario=Smoke Test | Perfil=Administrador | Tela=Geral | Acao=Navegacao concluida para o modulo 'Dashboard'. | ErroTecnico= | StackTrace=
DataHora=2026-09-26T16:33:52.0546491-03:00 | Nivel=INFO | Usuario=Smoke Test | Perfil=Administrador | Tela=Geral | Acao=Adicionado ao cache: Orcamentos | ErroTecnico= | StackTrace=
DataHora=2026-09-26T16:33:52.0553721-03:00 | Nivel=INFO | Usuario=Smoke Test | Perfil=Administrador | Tela=Geral | Acao=Navegacao registrada: Orcamentos | ErroTecnico= | StackTrace=
DataHora=2026-09-26T16:33:52.0559214-03:00 | Nivel=INFO | Usuario=Smoke Test | Perfil=Administrador | Tela=Geral | Acao=Navegacao concluida para o modulo 'Orcamentos'. | ErroTecnico= | StackTrace=
DataHora=2026-09-26T16:33:53.1570449-03:00 | Nivel=INFO | Usuario=Smoke Test | Perfil=Administrador | Tela=Geral | Acao=Adicionado ao cache: Dashboard | ErroTecnico= | StackTrace=
DataHora=2026-09-26T16:33:53.1576411-03:00 | Nivel=INFO | Usuario=Smoke Test | Perfil=Administrador | Tela=Geral | Acao=Navegacao registrada: Dashboard | ErroTecnico= | StackTrace=
DataHora=2026-09-26T16:33:53.1581772-03:00 | Nivel=INFO | Usuario=Smoke Test | Perfil=Administrador | Tela=Geral | Acao=Navegacao concluida para o modulo 'Dashboard'. | ErroTecnico= | StackTrace=
DataHora=2026-09-26T16:33:53.5936931-03:00 | Nivel=INFO | Usuario=Smoke Test | Perfil=Administrador | Tela=Geral | Acao=Adicionado ao cache: Agendamentos | ErroTecnico= | StackTrace=
DataHora=2026-09-26T16:33:53.5944165-03:00 | Nivel=INFO | Usuario=Smoke Test | Perfil=Administrador | Tela=Geral | Acao=Navegacao registrada: Agendamentos | ErroTecnico= | StackTrace=
DataHora=2026-09-26T16:33:53.5949815-03:00 | Nivel=INFO | Usuario=Smoke Test | Perfil=Administrador | Tela=Geral | Acao=Navegacao concluida para o modulo 'Agendamentos'. | ErroTecnico= | StackTrace=
DataHora=2026-09-26T16:33:54.6702434-03:00 | Nivel=INFO | Usuario=Smoke Test | Perfil=Administrador | Tela=Geral | Acao=Adicionado ao cache: Dashboard | ErroTecnico= | StackTrace=
DataHora=2026-09-26T16:33:54.6709779-03:00 | Nivel=INFO | Usuario=Smoke Test | Perfil=Administrador | Tela=Geral | Acao=Navegacao registrada: Dashboard | ErroTecnico= | StackTrace=
DataHora=2026-09-26T16:33:54.6715045-03:00 | Nivel=INFO | Usuario=Smoke Test | Perfil=Administrador | Tela=Geral | Acao=Navegacao concluida para o modulo 'Dashboard'. | ErroTecnico= | StackTrace=
DataHora=2026-09-26T16:33:55.0863536-03:00 | Nivel=INFO | Usuario=Smoke Test | Perfil=Administrador | Tela=Geral | Acao=Adicionado ao cache: OrdensServico | ErroTecnico= | StackTrace=
DataHora=2026-09-26T16:33:55.0869600-03:00 | Nivel=INFO | Usuario=Smoke Test | Perfil=Administrador | Tela=Geral | Acao=Navegacao registrada: OrdensServico | ErroTecnico= | StackTrace=
DataHora=2026-09-26T16:33:55.0874995-03:00 | Nivel=INFO | Usuario=Smoke Test | Perfil=Administrador | Tela=Geral | Acao=Navegacao concluida para o modulo 'OrdensServico'. | ErroTecnico= | StackTrace=
DataHora=2026-09-26T16:33:56.1514556-03:00 | Nivel=INFO | Usuario=Smoke Test | Perfil=Administrador | Tela=Geral | Acao=Adicionado ao cache: Dashboard | ErroTecnico= | StackTrace=
DataHora=2026-09-26T16:33:56.1520711-03:00 | Nivel=INFO | Usuario=Smoke Test | Perfil=Administrador | Tela=Geral | Acao=Navegacao registrada: Dashboard | ErroTecnico= | StackTrace=
DataHora=2026-09-26T16:33:56.1526232-03:00 | Nivel=INFO | Usuario=Smoke Test | Perfil=Administrador | Tela=Geral | Acao=Navegacao concluida para o modulo 'Dashboard'. | ErroTecnico= | StackTrace=
DataHora=2026-09-26T16:33:56.6660676-03:00 | Nivel=INFO | Usuario=Smoke Test | Perfil=Administrador | Tela=Geral | Acao=Adicionado ao cache: Orcamentos | ErroTecnico= | StackTrace=
DataHora=2026-09-26T16:33:56.6667651-03:00 | Nivel=INFO | Usuario=Smoke Test | Perfil=Administrador | Tela=Geral | Acao=Navegacao registrada: Orcamentos | ErroTecnico= | StackTrace=
DataHora=2026-09-26T16:33:56.6673477-03:00 | Nivel=INFO | Usuario=Smoke Test | Perfil=Administrador | Tela=Geral | Acao=Navegacao concluida para o modulo 'Orcamentos'. | ErroTecnico= | StackTrace=
DataHora=2026-09-26T16:33:57.7924756-03:00 | Nivel=INFO | Usuario=Smoke Test | Perfil=Administrador | Tela=Geral | Acao=Adicionado ao cache: Dashboard | ErroTecnico= | StackTrace=
DataHora=2026-09-26T16:33:57.7932514-03:00 | Nivel=INFO | Usuario=Smoke Test | Perfil=Administrador | Tela=Geral | Acao=Navegacao registrada: Dashboard | ErroTecnico= | StackTrace=
DataHora=2026-09-26T16:33:57.7937738-03:00 | Nivel=INFO | Usuario=Smoke Test | Perfil=Administrador | Tela=Geral | Acao=Navegacao concluida para o modulo 'Dashboard'. | ErroTecnico= | StackTrace=
DataHora=2026-09-26T16:33:59.0810165-03:00 | Nivel=INFO | Usuario=Smoke Test | Perfil=Administrador | Tela=Geral | Acao=Adicionado ao cache: Dashboard | ErroTecnico= | StackTrace=
DataHora=2026-09-26T16:33:59.0818059-03:00 | Nivel=INFO | Usuario=Smoke Test | Perfil=Administrador | Tela=Geral | Acao=Navegacao registrada: Dashboard | ErroTecnico= | StackTrace=
DataHora=2026-09-26T16:33:59.0823960-03:00 | Nivel=INFO | Usuario=Smoke Test | Perfil=Administrador | Tela=Geral | Acao=Navegacao concluida para o modulo 'Dashboard'. | ErroTecnico= | StackTrace=
DataHora=2026-09-26T16:34:00.3435566-03:00 | Nivel=INFO | Usuario=Smoke Test | Perfil=Administrador | Tela=Geral | Acao=Adicionado ao cache: Dashboard | ErroTecnico= | StackTrace=
DataHora=2026-09-26T16:34:00.3441666-03:00 | Nivel=INFO | Usuario=Smoke Test | Perfil=Administrador | Tela=Geral | Acao=Navegacao registrada: Dashboard | ErroTecnico= | StackTrace=
DataHora=2026-09-26T16:34:00.3446868-03:00 | Nivel=INFO | Usuario=Smoke Test | Perfil=Administrador | Tela=Geral | Acao=Navegacao concluida para o modulo 'Dashboard'. | ErroTecnico= | StackTrace=
DataHora=2026-09-26T16:34:01.6235594-03:00 | Nivel=INFO | Usuario=Smoke Test | Perfil=Administrador | Tela=Geral | Acao=Adicionado ao cache: Dashboard | ErroTecnico= | StackTrace=
DataHora=2026-09-26T16:34:01.6241933-03:00 | Nivel=INFO | Usuario=Smoke Test | Perfil=Administrador | Tela=Geral | Acao=Navegacao registrada: Dashboard | ErroTecnico= | StackTrace=
DataHora=2026-09-26T16:34:01.6247073-03:00 | Nivel=INFO | Usuario=Smoke Test | Perfil=Administrador | Tela=Geral | Acao=Navegacao concluida para o modulo 'Dashboard'. | ErroTecnico= | StackTrace=
DataHora=2026-09-26T16:34:02.8840463-03:00 | Nivel=INFO | Usuario=Smoke Test | Perfil=Administrador | Tela=Geral | Acao=Adicionado ao cache: Dashboard | ErroTecnico= | StackTrace=
DataHora=2026-09-26T16:34:02.8846750-03:00 | Nivel=INFO | Usuario=Smoke Test | Perfil=Administrador | Tela=Geral | Acao=Navegacao registrada: Dashboard | ErroTecnico= | StackTrace=
DataHora=2026-09-26T16:34:02.8852050-03:00 | Nivel=INFO | Usuario=Smoke Test | Perfil=Administrador | Tela=Geral | Acao=Navegacao concluida para o modulo 'Dashboard'. | ErroTecnico= | StackTrace=
DataHora=2026-09-26T16:34:04.1738452-03:00 | Nivel=INFO | Usuario=Smoke Test | Perfil=Administrador | Tela=Geral | Acao=Adicionado ao cache: Dashboard | ErroTecnico= | StackTrace=
DataHora=2026-09-26T16:34:04.1745276-03:00 | Nivel=INFO | Usuario=Smoke Test | Perfil=Administrador | Tela=Geral | Acao=Navegacao registrada: Dashboard | ErroTecnico= | StackTrace=
DataHora=2026-09-26T16:34:04.1752282-03:00 | Nivel=INFO | Usuario=Smoke Test | Perfil=Administrador | Tela=Geral | Acao=Navegacao concluida para o modulo 'Dashboard'. | ErroTecnico= | StackTrace=
DataHora=2026-09-26T16:34:05.4405664-03:00 | Nivel=INFO | Usuario=Smoke Test | Perfil=Administrador | Tela=Geral | Acao=Adicionado ao cache: Dashboard | ErroTecnico= | StackTrace=
DataHora=2026-09-26T16:34:05.4411683-03:00 | Nivel=INFO | Usuario=Smoke Test | Perfil=Administrador | Tela=Geral | Acao=Navegacao registrada: Dashboard | ErroTecnico= | StackTrace=
DataHora=2026-09-26T16:34:05.4417343-03:00 | Nivel=INFO | Usuario=Smoke Test | Perfil=Administrador | Tela=Geral | Acao=Navegacao concluida para o modulo 'Dashboard'. | ErroTecnico= | StackTrace=
DataHora=2026-09-26T16:34:06.8119964-03:00 | Nivel=INFO | Usuario=Smoke Test | Perfil=Administrador | Tela=Geral | Acao=Adicionado ao cache: Dashboard | ErroTecnico= | StackTrace=
DataHora=2026-09-26T16:34:06.8126560-03:00 | Nivel=INFO | Usuario=Smoke Test | Perfil=Administrador | Tela=Geral | Acao=Navegacao registrada: Dashboard | ErroTecnico= | StackTrace=
DataHora=2026-09-26T16:34:06.8132448-03:00 | Nivel=INFO | Usuario=Smoke Test | Perfil=Administrador | Tela=Geral | Acao=Navegacao concluida para o modulo 'Dashboard'. | ErroTecnico= | StackTrace=
DataHora=2026-09-26T16:34:07.2022835-03:00 | Nivel=INFO | Usuario=Smoke Test | Perfil=Administrador | Tela=Geral | Acao=Modulo removido manualmente do cache: Dashboard | ErroTecnico= | StackTrace=
DataHora=2026-09-26T16:34:07.2095192-03:00 | Nivel=INFO | Usuario=Smoke Test | Perfil=Administrador | Tela=Geral | Acao=Adicionado ao cache: Dashboard | ErroTecnico= | StackTrace=
DataHora=2026-09-26T16:34:07.2101357-03:00 | Nivel=INFO | Usuario=Smoke Test | Perfil=Administrador | Tela=Geral | Acao=Navegacao concluida para o modulo 'Dashboard'. | ErroTecnico= | StackTrace=
DataHora=2026-09-26T16:34:07.2300467-03:00 | Nivel=INFO | Usuario=Smoke Test | Perfil=Administrador | Tela=Geral | Acao=Modulo atualizado manualmente: Dashboard | ErroTecnico= | StackTrace=
DataHora=2026-09-26T16:34:08.0577892-03:00 | Nivel=INFO | Usuario=Smoke Test | Perfil=Administrador | Tela=Geral | Acao=Adicionado ao cache: Dashboard | ErroTecnico= | StackTrace=
DataHora=2026-09-26T16:34:08.0585265-03:00 | Nivel=INFO | Usuario=Smoke Test | Perfil=Administrador | Tela=Geral | Acao=Navegacao registrada: Dashboard | ErroTecnico= | StackTrace=
DataHora=2026-09-26T16:34:08.0590455-03:00 | Nivel=INFO | Usuario=Smoke Test | Perfil=Administrador | Tela=Geral | Acao=Navegacao concluida para o modulo 'Dashboard'. | ErroTecnico= | StackTrace=
DataHora=2026-09-26T16:34:08.4564757-03:00 | Nivel=INFO | Usuario=Smoke Test | Perfil=Administrador | Tela=Geral | Acao=Adicionado ao cache: Help | ErroTecnico= | StackTrace=
DataHora=2026-09-26T16:34:08.4571480-03:00 | Nivel=INFO | Usuario=Smoke Test | Perfil=Administrador | Tela=Geral | Acao=Navegacao registrada: Help | ErroTecnico= | StackTrace=
DataHora=2026-09-26T16:34:08.4576895-03:00 | Nivel=INFO | Usuario=Smoke Test | Perfil=Administrador | Tela=Geral | Acao=Navegacao concluida para o modulo 'Help'. | ErroTecnico= | StackTrace=
DataHora=2026-09-26T16:34:09.3046618-03:00 | Nivel=INFO | Usuario=Smoke Test | Perfil=Administrador | Tela=Geral | Acao=Adicionado ao cache: Dashboard | ErroTecnico= | StackTrace=
DataHora=2026-09-26T16:34:09.3053745-03:00 | Nivel=INFO | Usuario=Smoke Test | Perfil=Administrador | Tela=Geral | Acao=Navegacao registrada: Dashboard | ErroTecnico= | StackTrace=
DataHora=2026-09-26T16:34:09.3058987-03:00 | Nivel=INFO | Usuario=Smoke Test | Perfil=Administrador | Tela=Geral | Acao=Navegacao concluida para o modulo 'Dashboard'. | ErroTecnico= | StackTrace=
DataHora=2026-09-26T16:34:10.5782588-03:00 | Nivel=INFO | Usuario=Smoke Test | Perfil=Administrador | Tela=Geral | Acao=Adicionado ao cache: Dashboard | ErroTecnico= | StackTrace=
DataHora=2026-09-26T16:34:10.5790649-03:00 | Nivel=INFO | Usuario=Smoke Test | Perfil=Administrador | Tela=Geral | Acao=Navegacao registrada: Dashboard | ErroTecnico= | StackTrace=
DataHora=2026-09-26T16:34:10.5796145-03:00 | Nivel=INFO | Usuario=Smoke Test | Perfil=Administrador | Tela=Geral | Acao=Navegacao concluida para o modulo 'Dashboard'. | ErroTecnico= | StackTrace=
DataHora=2026-09-26T16:34:10.9965001-03:00 | Nivel=INFO | Usuario=Smoke Test | Perfil=Administrador | Tela=Geral | Acao=Adicionado ao cache: Relatorios | ErroTecnico= | StackTrace=
DataHora=2026-09-26T16:34:10.9971676-03:00 | Nivel=INFO | Usuario=Smoke Test | Perfil=Administrador | Tela=Geral | Acao=Navegacao registrada: Relatorios | ErroTecnico= | StackTrace=
DataHora=2026-09-26T16:34:10.9977865-03:00 | Nivel=INFO | Usuario=Smoke Test | Perfil=Administrador | Tela=Geral | Acao=Navegacao concluida para o modulo 'Relatorios'. | ErroTecnico= | StackTrace=
DataHora=2026-09-26T16:34:11.0300935-03:00 | Nivel=INFO | Usuario=Smoke Test | Perfil=Administrador | Tela=Relatorios | Acao=ObterDadosFinanceiros(limit=250) concluida em 0 ms. | ErroTecnico= | StackTrace=
DataHora=2026-09-26T16:34:11.0314923-03:00 | Nivel=INFO | Usuario=Smoke Test | Perfil=Administrador | Tela=Relatorios | Acao=ObterDadosVendas(limit=250) concluida em 0 ms. | ErroTecnico= | StackTrace=
DataHora=2026-09-26T16:34:11.0330694-03:00 | Nivel=INFO | Usuario=Smoke Test | Perfil=Administrador | Tela=Relatorios | Acao=ObterMargemPorProduto(limit=100) concluida em 0 ms. | ErroTecnico= | StackTrace=
DataHora=2026-09-26T16:34:11.0341421-03:00 | Nivel=INFO | Usuario=Smoke Test | Perfil=Administrador | Tela=Relatorios | Acao=ObterVendasPorHora concluida em 0 ms. | ErroTecnico= | StackTrace=
DataHora=2026-09-26T16:34:11.0352373-03:00 | Nivel=INFO | Usuario=Smoke Test | Perfil=Administrador | Tela=Relatorios | Acao=ObterVendasPorDia(limit=31) concluida em 0 ms. | ErroTecnico= | StackTrace=
DataHora=2026-09-26T16:34:11.0363997-03:00 | Nivel=INFO | Usuario=Smoke Test | Perfil=Administrador | Tela=Relatorios | Acao=ObterInadimplenciaDetalhada(limit=100) concluida em 0 ms. | ErroTecnico= | StackTrace=
DataHora=2026-09-26T16:34:11.0374917-03:00 | Nivel=INFO | Usuario=Smoke Test | Perfil=Administrador | Tela=Relatorios | Acao=ObterConciliacaoFinanceira concluida em 0 ms. | ErroTecnico= | StackTrace=
DataHora=2026-09-26T16:34:11.0387822-03:00 | Nivel=INFO | Usuario=Smoke Test | Perfil=Administrador | Tela=Relatorios | Acao=ObterOsAbertas concluida em 0 ms. | ErroTecnico= | StackTrace=
DataHora=2026-09-26T16:34:11.0401934-03:00 | Nivel=INFO | Usuario=Smoke Test | Perfil=Administrador | Tela=Relatorios | Acao=ObterOsFinalizadas concluida em 0 ms. | ErroTecnico= | StackTrace=
DataHora=2026-09-26T16:34:11.0417523-03:00 | Nivel=INFO | Usuario=Smoke Test | Perfil=Administrador | Tela=Relatorios | Acao=ObterOrdensServicoPorTecnico concluida em 0 ms. | ErroTecnico= | StackTrace=
DataHora=2026-09-26T16:34:11.0431960-03:00 | Nivel=INFO | Usuario=Smoke Test | Perfil=Administrador | Tela=Relatorios | Acao=ObterServicosRelatorio concluida em 0 ms. | ErroTecnico= | StackTrace=
DataHora=2026-09-26T16:34:11.0442461-03:00 | Nivel=INFO | Usuario=Smoke Test | Perfil=Administrador | Tela=Relatorios | Acao=ObterDadosEstoque(limit=250) concluida em 0 ms. | ErroTecnico= | StackTrace=
DataHora=2026-09-26T16:34:11.0451708-03:00 | Nivel=INFO | Usuario=Smoke Test | Perfil=Administrador | Tela=Relatorios | Acao=ObterDadosClientes(limit=250) concluida em 0 ms. | ErroTecnico= | StackTrace=
DataHora=2026-09-26T16:34:11.0462413-03:00 | Nivel=INFO | Usuario=Smoke Test | Perfil=Administrador | Tela=Relatorios | Acao=ObterDadosOrcamentos(limit=250) concluida em 0 ms. | ErroTecnico= | StackTrace=
DataHora=2026-09-26T16:34:11.0472593-03:00 | Nivel=INFO | Usuario=Smoke Test | Perfil=Administrador | Tela=Relatorios | Acao=ObterDadosCaixa(limit=250) concluida em 0 ms. | ErroTecnico= | StackTrace=
DataHora=2026-09-26T16:34:11.0491186-03:00 | Nivel=INFO | Usuario=Smoke Test | Perfil=Administrador | Tela=Relatorios | Acao=ObterDemonstrativoResultado concluida em 0 ms. | ErroTecnico= | StackTrace=
DataHora=2026-09-26T16:34:11.0504235-03:00 | Nivel=INFO | Usuario=Smoke Test | Perfil=Administrador | Tela=Relatorios | Acao=ObterTicketMedio concluida em 0 ms. | ErroTecnico= | StackTrace=
DataHora=2026-09-26T16:34:11.0513467-03:00 | Nivel=INFO | Usuario=Smoke Test | Perfil=Administrador | Tela=Relatorios | Acao=ObterTotalClientes concluida em 0 ms. | ErroTecnico= | StackTrace=
DataHora=2026-09-26T16:34:11.0522289-03:00 | Nivel=INFO | Usuario=Smoke Test | Perfil=Administrador | Tela=Relatorios | Acao=ObterProdutosSemGiro concluida em 0 ms. | ErroTecnico= | StackTrace=
DataHora=2026-09-26T16:34:11.0531721-03:00 | Nivel=INFO | Usuario=Smoke Test | Perfil=Administrador | Tela=Relatorios | Acao=ObterConversaoOrcamentos concluida em 0 ms. | ErroTecnico= | StackTrace=
DataHora=2026-09-26T16:34:11.0543852-03:00 | Nivel=INFO | Usuario=Smoke Test | Perfil=Administrador | Tela=Relatorios | Acao=ObterResumoConsistenciaOperacional concluida em 0 ms. | ErroTecnico= | StackTrace=
DataHora=2026-09-26T16:34:11.1336135-03:00 | Nivel=INFO | Usuario=Smoke Test | Perfil=Administrador | Tela=Auditoria | Acao=ObterAuditoriaPaginada(pagina=1, tamanho=100) concluida em 0 ms. | ErroTecnico= | StackTrace=
DataHora=2026-09-26T16:34:11.2104640-03:00 | Nivel=INFO | Usuario=Smoke Test | Perfil=Administrador | Tela=Auditoria | Acao=ObterCategoriasAuditoriaOperacional concluida em 0 ms. | ErroTecnico= | StackTrace=
DataHora=2026-09-26T16:34:11.2124318-03:00 | Nivel=INFO | Usuario=Smoke Test | Perfil=Administrador | Tela=Relatorios | Acao=Workspace de relatorios carregado com 0 vendas, 2 clientes e 0 eventos de auditoria exibidos. | ErroTecnico= | StackTrace=
DataHora=2026-09-26T16:34:12.4534050-03:00 | Nivel=INFO | Usuario=Smoke Test | Perfil=Administrador | Tela=Geral | Acao=Adicionado ao cache: Dashboard | ErroTecnico= | StackTrace=
DataHora=2026-09-26T16:34:12.4540147-03:00 | Nivel=INFO | Usuario=Smoke Test | Perfil=Administrador | Tela=Geral | Acao=Navegacao registrada: Dashboard | ErroTecnico= | StackTrace=
DataHora=2026-09-26T16:34:12.4545384-03:00 | Nivel=INFO | Usuario=Smoke Test | Perfil=Administrador | Tela=Geral | Acao=Navegacao concluida para o modulo 'Dashboard'. | ErroTecnico= | StackTrace=
DataHora=2026-09-26T16:34:12.8926126-03:00 | Nivel=INFO | Usuario=Smoke Test | Perfil=Administrador | Tela=Financeiro | Acao=ObterMovimentacoes(limit=1200) concluida em 0 ms. | ErroTecnico= | StackTrace=
DataHora=2026-09-26T16:34:12.8945824-03:00 | Nivel=INFO | Usuario=Smoke Test | Perfil=Administrador | Tela=Financeiro | Acao=ObterMovimentacoes(limit=1200) concluida em 0 ms. | ErroTecnico= | StackTrace=
DataHora=2026-09-26T16:34:12.9023618-03:00 | Nivel=INFO | Usuario=Smoke Test | Perfil=Administrador | Tela=Financeiro | Acao=ObterMovimentacoes(limit=1200) concluida em 0 ms. | ErroTecnico= | StackTrace=
DataHora=2026-09-26T16:34:12.9034772-03:00 | Nivel=INFO | Usuario=Smoke Test | Perfil=Administrador | Tela=Geral | Acao=Adicionado ao cache: Financeiro | ErroTecnico= | StackTrace=
DataHora=2026-09-26T16:34:12.9039953-03:00 | Nivel=INFO | Usuario=Smoke Test | Perfil=Administrador | Tela=Geral | Acao=Navegacao registrada: Financeiro | ErroTecnico= | StackTrace=
DataHora=2026-09-26T16:34:12.9045399-03:00 | Nivel=INFO | Usuario=Smoke Test | Perfil=Administrador | Tela=Geral | Acao=Navegacao concluida para o modulo 'Financeiro'. | ErroTecnico= | StackTrace=
DataHora=2026-09-26T16:34:13.7253599-03:00 | Nivel=INFO | Usuario=Smoke Test | Perfil=Administrador | Tela=Financeiro | Acao=ObterMovimentacoes(limit=1200) concluida em 0 ms. | ErroTecnico= | StackTrace=
DataHora=2026-09-26T16:34:13.7308702-03:00 | Nivel=INFO | Usuario=Smoke Test | Perfil=Administrador | Tela=Financeiro | Acao=ObterMovimentacoes(limit=1200) concluida em 0 ms. | ErroTecnico= | StackTrace=
DataHora=2026-09-26T16:34:13.8075420-03:00 | Nivel=INFO | Usuario=Smoke Test | Perfil=Administrador | Tela=Financeiro | Acao=ObterMovimentacoes(limit=1200) concluida em 0 ms. | ErroTecnico= | StackTrace=
DataHora=2026-09-26T16:34:15.7417096-03:00 | Nivel=INFO | Usuario=Smoke Test | Perfil=Administrador | Tela=Geral | Acao=Adicionado ao cache: Dashboard | ErroTecnico= | StackTrace=
DataHora=2026-09-26T16:34:15.7423218-03:00 | Nivel=INFO | Usuario=Smoke Test | Perfil=Administrador | Tela=Geral | Acao=Navegacao registrada: Dashboard | ErroTecnico= | StackTrace=
DataHora=2026-09-26T16:34:15.7428379-03:00 | Nivel=INFO | Usuario=Smoke Test | Perfil=Administrador | Tela=Geral | Acao=Navegacao concluida para o modulo 'Dashboard'. | ErroTecnico= | StackTrace=
DataHora=2026-09-26T16:34:16.2644029-03:00 | Nivel=INFO | Usuario=Smoke Test | Perfil=Administrador | Tela=Geral | Acao=Adicionado ao cache: Funcionarios | ErroTecnico= | StackTrace=
DataHora=2026-09-26T16:34:16.2650999-03:00 | Nivel=INFO | Usuario=Smoke Test | Perfil=Administrador | Tela=Geral | Acao=Navegacao registrada: Funcionarios | ErroTecnico= | StackTrace=
DataHora=2026-09-26T16:34:16.2656602-03:00 | Nivel=INFO | Usuario=Smoke Test | Perfil=Administrador | Tela=Geral | Acao=Navegacao concluida para o modulo 'Funcionarios'. | ErroTecnico= | StackTrace=
DataHora=2026-09-26T16:34:17.2735932-03:00 | Nivel=INFO | Usuario=Smoke Test | Perfil=Administrador | Tela=Geral | Acao=Adicionado ao cache: Dashboard | ErroTecnico= | StackTrace=
DataHora=2026-09-26T16:34:17.2742554-03:00 | Nivel=INFO | Usuario=Smoke Test | Perfil=Administrador | Tela=Geral | Acao=Navegacao registrada: Dashboard | ErroTecnico= | StackTrace=
DataHora=2026-09-26T16:34:17.2747781-03:00 | Nivel=INFO | Usuario=Smoke Test | Perfil=Administrador | Tela=Geral | Acao=Navegacao concluida para o modulo 'Dashboard'. | ErroTecnico= | StackTrace=
DataHora=2026-09-26T16:34:17.6810319-03:00 | Nivel=INFO | Usuario=Smoke Test | Perfil=Administrador | Tela=Geral | Acao=Adicionado ao cache: Fornecedores | ErroTecnico= | StackTrace=
DataHora=2026-09-26T16:34:17.6817617-03:00 | Nivel=INFO | Usuario=Smoke Test | Perfil=Administrador | Tela=Geral | Acao=Navegacao registrada: Fornecedores | ErroTecnico= | StackTrace=
DataHora=2026-09-26T16:34:17.6823218-03:00 | Nivel=INFO | Usuario=Smoke Test | Perfil=Administrador | Tela=Geral | Acao=Navegacao concluida para o modulo 'Fornecedores'. | ErroTecnico= | StackTrace=
DataHora=2026-09-26T16:34:18.5651493-03:00 | Nivel=INFO | Usuario=Smoke Test | Perfil=Administrador | Tela=Geral | Acao=Adicionado ao cache: Dashboard | ErroTecnico= | StackTrace=
DataHora=2026-09-26T16:34:18.5658755-03:00 | Nivel=INFO | Usuario=Smoke Test | Perfil=Administrador | Tela=Geral | Acao=Navegacao registrada: Dashboard | ErroTecnico= | StackTrace=
DataHora=2026-09-26T16:34:18.5664149-03:00 | Nivel=INFO | Usuario=Smoke Test | Perfil=Administrador | Tela=Geral | Acao=Navegacao concluida para o modulo 'Dashboard'. | ErroTecnico= | StackTrace=
DataHora=2026-09-26T16:34:18.9828127-03:00 | Nivel=INFO | Usuario=Smoke Test | Perfil=Administrador | Tela=Geral | Acao=Adicionado ao cache: BaseConhecimento | ErroTecnico= | StackTrace=
DataHora=2026-09-26T16:34:18.9835226-03:00 | Nivel=INFO | Usuario=Smoke Test | Perfil=Administrador | Tela=Geral | Acao=Navegacao registrada: BaseConhecimento | ErroTecnico= | StackTrace=
DataHora=2026-09-26T16:34:18.9840852-03:00 | Nivel=INFO | Usuario=Smoke Test | Perfil=Administrador | Tela=Geral | Acao=Navegacao concluida para o modulo 'BaseConhecimento'. | ErroTecnico= | StackTrace=
DataHora=2026-09-26T16:34:19.8368900-03:00 | Nivel=INFO | Usuario=Smoke Test | Perfil=Administrador | Tela=Geral | Acao=Adicionado ao cache: Dashboard | ErroTecnico= | StackTrace=
DataHora=2026-09-26T16:34:19.8375251-03:00 | Nivel=INFO | Usuario=Smoke Test | Perfil=Administrador | Tela=Geral | Acao=Navegacao registrada: Dashboard | ErroTecnico= | StackTrace=
DataHora=2026-09-26T16:34:19.8380694-03:00 | Nivel=INFO | Usuario=Smoke Test | Perfil=Administrador | Tela=Geral | Acao=Navegacao concluida para o modulo 'Dashboard'. | ErroTecnico= | StackTrace=
DataHora=2026-09-26T16:34:20.2419068-03:00 | Nivel=INFO | Usuario=Smoke Test | Perfil=Administrador | Tela=Geral | Acao=Adicionado ao cache: NecessidadesCompra | ErroTecnico= | StackTrace=
DataHora=2026-09-26T16:34:20.2425549-03:00 | Nivel=INFO | Usuario=Smoke Test | Perfil=Administrador | Tela=Geral | Acao=Navegacao registrada: NecessidadesCompra | ErroTecnico= | StackTrace=
DataHora=2026-09-26T16:34:20.2430896-03:00 | Nivel=INFO | Usuario=Smoke Test | Perfil=Administrador | Tela=Geral | Acao=Navegacao concluida para o modulo 'NecessidadesCompra'. | ErroTecnico= | StackTrace=
DataHora=2026-09-26T16:34:21.0989764-03:00 | Nivel=INFO | Usuario=Smoke Test | Perfil=Administrador | Tela=Geral | Acao=Adicionado ao cache: Dashboard | ErroTecnico= | StackTrace=
DataHora=2026-09-26T16:34:21.0997098-03:00 | Nivel=INFO | Usuario=Smoke Test | Perfil=Administrador | Tela=Geral | Acao=Navegacao registrada: Dashboard | ErroTecnico= | StackTrace=
DataHora=2026-09-26T16:34:21.1002908-03:00 | Nivel=INFO | Usuario=Smoke Test | Perfil=Administrador | Tela=Geral | Acao=Navegacao concluida para o modulo 'Dashboard'. | ErroTecnico= | StackTrace=
DataHora=2026-09-26T16:34:21.4954434-03:00 | Nivel=INFO | Usuario=Smoke Test | Perfil=Administrador | Tela=Geral | Acao=Adicionado ao cache: Ferramentas | ErroTecnico= | StackTrace=
DataHora=2026-09-26T16:34:21.4961081-03:00 | Nivel=INFO | Usuario=Smoke Test | Perfil=Administrador | Tela=Geral | Acao=Navegacao registrada: Ferramentas | ErroTecnico= | StackTrace=
DataHora=2026-09-26T16:34:21.4966461-03:00 | Nivel=INFO | Usuario=Smoke Test | Perfil=Administrador | Tela=Geral | Acao=Navegacao concluida para o modulo 'Ferramentas'. | ErroTecnico= | StackTrace=
DataHora=2026-09-26T16:34:22.3544427-03:00 | Nivel=INFO | Usuario=Smoke Test | Perfil=Administrador | Tela=Geral | Acao=Adicionado ao cache: Dashboard | ErroTecnico= | StackTrace=
DataHora=2026-09-26T16:34:22.3550850-03:00 | Nivel=INFO | Usuario=Smoke Test | Perfil=Administrador | Tela=Geral | Acao=Navegacao registrada: Dashboard | ErroTecnico= | StackTrace=
DataHora=2026-09-26T16:34:22.3556271-03:00 | Nivel=INFO | Usuario=Smoke Test | Perfil=Administrador | Tela=Geral | Acao=Navegacao concluida para o modulo 'Dashboard'. | ErroTecnico= | StackTrace=
DataHora=2026-09-26T16:34:22.7655981-03:00 | Nivel=INFO | Usuario=Smoke Test | Perfil=Administrador | Tela=Geral | Acao=Adicionado ao cache: CatalogoPecas | ErroTecnico= | StackTrace=
DataHora=2026-09-26T16:34:22.7663276-03:00 | Nivel=INFO | Usuario=Smoke Test | Perfil=Administrador | Tela=Geral | Acao=Navegacao registrada: CatalogoPecas | ErroTecnico= | StackTrace=
DataHora=2026-09-26T16:34:22.7668836-03:00 | Nivel=INFO | Usuario=Smoke Test | Perfil=Administrador | Tela=Geral | Acao=Navegacao concluida para o modulo 'CatalogoPecas'. | ErroTecnico= | StackTrace=
DataHora=2026-09-26T16:34:22.8314619-03:00 | Nivel=INFO | Usuario=Smoke Test | Perfil=Administrador | Tela=Geral | Acao=Catalogo veiculos: seed +0 veiculos, +0 vinculos peca↔veiculo. | ErroTecnico= | StackTrace=
DataHora=2026-09-26T16:34:23.6039551-03:00 | Nivel=INFO | Usuario=Smoke Test | Perfil=Administrador | Tela=Geral | Acao=Adicionado ao cache: Dashboard | ErroTecnico= | StackTrace=
DataHora=2026-09-26T16:34:23.6046143-03:00 | Nivel=INFO | Usuario=Smoke Test | Perfil=Administrador | Tela=Geral | Acao=Navegacao registrada: Dashboard | ErroTecnico= | StackTrace=
DataHora=2026-09-26T16:34:23.6051601-03:00 | Nivel=INFO | Usuario=Smoke Test | Perfil=Administrador | Tela=Geral | Acao=Navegacao concluida para o modulo 'Dashboard'. | ErroTecnico= | StackTrace=
DataHora=2026-09-26T16:34:24.0455142-03:00 | Nivel=INFO | Usuario=Smoke Test | Perfil=Administrador | Tela=Geral | Acao=Adicionado ao cache: Estoque | ErroTecnico= | StackTrace=
DataHora=2026-09-26T16:34:24.0462118-03:00 | Nivel=INFO | Usuario=Smoke Test | Perfil=Administrador | Tela=Geral | Acao=Navegacao registrada: Estoque | ErroTecnico= | StackTrace=
DataHora=2026-09-26T16:34:24.0467864-03:00 | Nivel=INFO | Usuario=Smoke Test | Perfil=Administrador | Tela=Geral | Acao=Navegacao concluida para o modulo 'Estoque'. | ErroTecnico= | StackTrace=
DataHora=2026-09-26T16:34:24.1107195-03:00 | Nivel=INFO | Usuario=Smoke Test | Perfil=Administrador | Tela=Estoque | Acao=Estoque: listagem carregou 7 produto(s). | ErroTecnico= | StackTrace=
DataHora=2026-09-26T16:34:24.3037695-03:00 | Nivel=INFO | Usuario=Smoke Test | Perfil=Administrador | Tela=Estoque | Acao=Estoque layout: rootH=885; headerH=59; actionBarH=140; actionBarVis=Visible; metricsH=84; metricsVis=Visible; stateHostH=575; contentH=575; contentVis=Visible; loadingH=0; loadingVis=Collapsed; emptyH=0; emptyVis=Collapsed; errorH=0; errorVis=Collapsed; dataGridH=427; gridItems=7; totalTxt=7 | ErroTecnico= | StackTrace=
DataHora=2026-09-26T16:34:25.2663064-03:00 | Nivel=INFO | Usuario=Smoke Test | Perfil=Administrador | Tela=Geral | Acao=Adicionado ao cache: Dashboard | ErroTecnico= | StackTrace=
DataHora=2026-09-26T16:34:25.2669887-03:00 | Nivel=INFO | Usuario=Smoke Test | Perfil=Administrador | Tela=Geral | Acao=Navegacao registrada: Dashboard | ErroTecnico= | StackTrace=
DataHora=2026-09-26T16:34:25.2675415-03:00 | Nivel=INFO | Usuario=Smoke Test | Perfil=Administrador | Tela=Geral | Acao=Navegacao concluida para o modulo 'Dashboard'. | ErroTecnico= | StackTrace=
DataHora=2026-09-26T16:34:25.7876559-03:00 | Nivel=INFO | Usuario=Smoke Test | Perfil=Administrador | Tela=Geral | Acao=Adicionado ao cache: AutoEletricaTecnica | ErroTecnico= | StackTrace=
DataHora=2026-09-26T16:34:25.7883312-03:00 | Nivel=INFO | Usuario=Smoke Test | Perfil=Administrador | Tela=Geral | Acao=Navegacao registrada: AutoEletricaTecnica | ErroTecnico= | StackTrace=
DataHora=2026-09-26T16:34:25.7889141-03:00 | Nivel=INFO | Usuario=Smoke Test | Perfil=Administrador | Tela=Geral | Acao=Navegacao concluida para o modulo 'AutoEletricaTecnica'. | ErroTecnico= | StackTrace=
DataHora=2026-09-26T16:34:27.1022136-03:00 | Nivel=INFO | Usuario=Smoke Test | Perfil=Administrador | Tela=Geral | Acao=Adicionado ao cache: Dashboard | ErroTecnico= | StackTrace=
DataHora=2026-09-26T16:34:27.1028691-03:00 | Nivel=INFO | Usuario=Smoke Test | Perfil=Administrador | Tela=Geral | Acao=Navegacao registrada: Dashboard | ErroTecnico= | StackTrace=
DataHora=2026-09-26T16:34:27.1034154-03:00 | Nivel=INFO | Usuario=Smoke Test | Perfil=Administrador | Tela=Geral | Acao=Navegacao concluida para o modulo 'Dashboard'. | ErroTecnico= | StackTrace=
DataHora=2026-09-26T16:34:27.5208676-03:00 | Nivel=INFO | Usuario=Smoke Test | Perfil=Administrador | Tela=Geral | Acao=Adicionado ao cache: Veiculos | ErroTecnico= | StackTrace=
DataHora=2026-09-26T16:34:27.5215521-03:00 | Nivel=INFO | Usuario=Smoke Test | Perfil=Administrador | Tela=Geral | Acao=Navegacao registrada: Veiculos | ErroTecnico= | StackTrace=
DataHora=2026-09-26T16:34:27.5221342-03:00 | Nivel=INFO | Usuario=Smoke Test | Perfil=Administrador | Tela=Geral | Acao=Navegacao concluida para o modulo 'Veiculos'. | ErroTecnico= | StackTrace=
DataHora=2026-09-26T16:34:28.4394789-03:00 | Nivel=INFO | Usuario=Smoke Test | Perfil=Administrador | Tela=Geral | Acao=Adicionado ao cache: Dashboard | ErroTecnico= | StackTrace=
DataHora=2026-09-26T16:34:28.4400759-03:00 | Nivel=INFO | Usuario=Smoke Test | Perfil=Administrador | Tela=Geral | Acao=Navegacao registrada: Dashboard | ErroTecnico= | StackTrace=
DataHora=2026-09-26T16:34:28.4405965-03:00 | Nivel=INFO | Usuario=Smoke Test | Perfil=Administrador | Tela=Geral | Acao=Navegacao concluida para o modulo 'Dashboard'. | ErroTecnico= | StackTrace=
DataHora=2026-09-26T16:34:28.9746077-03:00 | Nivel=INFO | Usuario=Smoke Test | Perfil=Administrador | Tela=Geral | Acao=Adicionado ao cache: Clientes | ErroTecnico= | StackTrace=
DataHora=2026-09-26T16:34:28.9752890-03:00 | Nivel=INFO | Usuario=Smoke Test | Perfil=Administrador | Tela=Geral | Acao=Navegacao registrada: Clientes | ErroTecnico= | StackTrace=
DataHora=2026-09-26T16:34:28.9759778-03:00 | Nivel=INFO | Usuario=Smoke Test | Perfil=Administrador | Tela=Geral | Acao=Navegacao concluida para o modulo 'Clientes'. | ErroTecnico= | StackTrace=
DataHora=2026-09-26T16:34:30.0345829-03:00 | Nivel=INFO | Usuario=Smoke Test | Perfil=Administrador | Tela=Geral | Acao=Adicionado ao cache: Dashboard | ErroTecnico= | StackTrace=
DataHora=2026-09-26T16:34:30.0353538-03:00 | Nivel=INFO | Usuario=Smoke Test | Perfil=Administrador | Tela=Geral | Acao=Navegacao registrada: Dashboard | ErroTecnico= | StackTrace=
DataHora=2026-09-26T16:34:30.0358748-03:00 | Nivel=INFO | Usuario=Smoke Test | Perfil=Administrador | Tela=Geral | Acao=Navegacao concluida para o modulo 'Dashboard'. | ErroTecnico= | StackTrace=
DataHora=2026-09-26T16:34:30.5534040-03:00 | Nivel=INFO | Usuario=Smoke Test | Perfil=Administrador | Tela=Geral | Acao=Adicionado ao cache: FiscalOperacoes | ErroTecnico= | StackTrace=
DataHora=2026-09-26T16:34:30.5541704-03:00 | Nivel=INFO | Usuario=Smoke Test | Perfil=Administrador | Tela=Geral | Acao=Navegacao registrada: FiscalOperacoes | ErroTecnico= | StackTrace=
DataHora=2026-09-26T16:34:30.5547106-03:00 | Nivel=INFO | Usuario=Smoke Test | Perfil=Administrador | Tela=Geral | Acao=Navegacao concluida para o modulo 'FiscalOperacoes'. | ErroTecnico= | StackTrace=
DataHora=2026-09-26T16:34:31.4270392-03:00 | Nivel=INFO | Usuario=Smoke Test | Perfil=Administrador | Tela=Geral | Acao=Adicionado ao cache: Dashboard | ErroTecnico= | StackTrace=
DataHora=2026-09-26T16:34:31.4277691-03:00 | Nivel=INFO | Usuario=Smoke Test | Perfil=Administrador | Tela=Geral | Acao=Navegacao registrada: Dashboard | ErroTecnico= | StackTrace=
DataHora=2026-09-26T16:34:31.4283512-03:00 | Nivel=INFO | Usuario=Smoke Test | Perfil=Administrador | Tela=Geral | Acao=Navegacao concluida para o modulo 'Dashboard'. | ErroTecnico= | StackTrace=
DataHora=2026-09-26T16:34:31.8397074-03:00 | Nivel=INFO | Usuario=Smoke Test | Perfil=Administrador | Tela=Geral | Acao=Abertura da pagina de importacao NF-e. | ErroTecnico= | StackTrace=
DataHora=2026-09-26T16:34:31.8492495-03:00 | Nivel=INFO | Usuario=Smoke Test | Perfil=Administrador | Tela=Geral | Acao=Adicionado ao cache: ImportarNFe | ErroTecnico= | StackTrace=
DataHora=2026-09-26T16:34:31.8499599-03:00 | Nivel=INFO | Usuario=Smoke Test | Perfil=Administrador | Tela=Geral | Acao=Navegacao registrada: ImportarNFe | ErroTecnico= | StackTrace=
DataHora=2026-09-26T16:34:31.8505699-03:00 | Nivel=INFO | Usuario=Smoke Test | Perfil=Administrador | Tela=Geral | Acao=Navegacao concluida para o modulo 'ImportarNFe'. | ErroTecnico= | StackTrace=
DataHora=2026-09-26T16:34:32.8307736-03:00 | Nivel=INFO | Usuario=Smoke Test | Perfil=Administrador | Tela=Geral | Acao=Adicionado ao cache: Dashboard | ErroTecnico= | StackTrace=
DataHora=2026-09-26T16:34:32.8313941-03:00 | Nivel=INFO | Usuario=Smoke Test | Perfil=Administrador | Tela=Geral | Acao=Navegacao registrada: Dashboard | ErroTecnico= | StackTrace=
DataHora=2026-09-26T16:34:32.8319334-03:00 | Nivel=INFO | Usuario=Smoke Test | Perfil=Administrador | Tela=Geral | Acao=Navegacao concluida para o modulo 'Dashboard'. | ErroTecnico= | StackTrace=
DataHora=2026-09-26T16:34:33.2505932-03:00 | Nivel=INFO | Usuario=Smoke Test | Perfil=Administrador | Tela=Geral | Acao=Adicionado ao cache: PDV | ErroTecnico= | StackTrace=
DataHora=2026-09-26T16:34:33.2512245-03:00 | Nivel=INFO | Usuario=Smoke Test | Perfil=Administrador | Tela=Geral | Acao=Navegacao registrada: PDV | ErroTecnico= | StackTrace=
DataHora=2026-09-26T16:34:33.2518014-03:00 | Nivel=INFO | Usuario=Smoke Test | Perfil=Administrador | Tela=Geral | Acao=Navegacao concluida para o modulo 'PDV'. | ErroTecnico= | StackTrace=
DataHora=2026-09-26T16:34:33.3179134-03:00 | Nivel=INFO | Usuario=Smoke Test | Perfil=Administrador | Tela=PDV | Acao=Diagnostico de impressao do PDV: Default=Microsoft Print to PDF / Fisica=False / Instaladas=1 / Microsoft Print to PDF [Driver=Microsoft Print To PDF; Porta=PORTPROMPT:; Default=True; Virtual=True; Offline=False; Shared=False] | ErroTecnico= | StackTrace=
DataHora=2026-09-26T16:34:33.3188985-03:00 | Nivel=WARN | Usuario=Smoke Test | Perfil=Administrador | Tela=PDV | Acao=Nenhuma impressora fisica foi detectada para homologacao final do PDV. O ambiente atual depende apenas de fila virtual. | ErroTecnico= | StackTrace=
DataHora=2026-09-26T16:34:34.1268713-03:00 | Nivel=INFO | Usuario=Smoke Test | Perfil=Administrador | Tela=Geral | Acao=Adicionado ao cache: Dashboard | ErroTecnico= | StackTrace=
DataHora=2026-09-26T16:34:34.1275403-03:00 | Nivel=INFO | Usuario=Smoke Test | Perfil=Administrador | Tela=Geral | Acao=Navegacao registrada: Dashboard | ErroTecnico= | StackTrace=
DataHora=2026-09-26T16:34:34.1281485-03:00 | Nivel=INFO | Usuario=Smoke Test | Perfil=Administrador | Tela=Geral | Acao=Navegacao concluida para o modulo 'Dashboard'. | ErroTecnico= | StackTrace=
DataHora=2026-09-26T16:34:34.5387222-03:00 | Nivel=INFO | Usuario=Smoke Test | Perfil=Administrador | Tela=Geral | Acao=Adicionado ao cache: OficinaKanban | ErroTecnico= | StackTrace=
DataHora=2026-09-26T16:34:34.5394044-03:00 | Nivel=INFO | Usuario=Smoke Test | Perfil=Administrador | Tela=Geral | Acao=Navegacao registrada: OficinaKanban | ErroTecnico= | StackTrace=
DataHora=2026-09-26T16:34:34.5399931-03:00 | Nivel=INFO | Usuario=Smoke Test | Perfil=Administrador | Tela=Geral | Acao=Navegacao concluida para o modulo 'OficinaKanban'. | ErroTecnico= | StackTrace=
DataHora=2026-09-26T16:34:35.5292542-03:00 | Nivel=INFO | Usuario=Smoke Test | Perfil=Administrador | Tela=Geral | Acao=Adicionado ao cache: Dashboard | ErroTecnico= | StackTrace=
DataHora=2026-09-26T16:34:35.5299624-03:00 | Nivel=INFO | Usuario=Smoke Test | Perfil=Administrador | Tela=Geral | Acao=Navegacao registrada: Dashboard | ErroTecnico= | StackTrace=
DataHora=2026-09-26T16:34:35.5305418-03:00 | Nivel=INFO | Usuario=Smoke Test | Perfil=Administrador | Tela=Geral | Acao=Navegacao concluida para o modulo 'Dashboard'. | ErroTecnico= | StackTrace=
DataHora=2026-09-26T16:34:35.9670489-03:00 | Nivel=INFO | Usuario=Smoke Test | Perfil=Administrador | Tela=Geral | Acao=Adicionado ao cache: OrdensServico | ErroTecnico= | StackTrace=
DataHora=2026-09-26T16:34:35.9677219-03:00 | Nivel=INFO | Usuario=Smoke Test | Perfil=Administrador | Tela=Geral | Acao=Navegacao registrada: OrdensServico | ErroTecnico= | StackTrace=
DataHora=2026-09-26T16:34:35.9682888-03:00 | Nivel=INFO | Usuario=Smoke Test | Perfil=Administrador | Tela=Geral | Acao=Navegacao concluida para o modulo 'OrdensServico'. | ErroTecnico= | StackTrace=
DataHora=2026-09-26T16:34:37.0296869-03:00 | Nivel=INFO | Usuario=Smoke Test | Perfil=Administrador | Tela=Geral | Acao=Adicionado ao cache: Dashboard | ErroTecnico= | StackTrace=
DataHora=2026-09-26T16:34:37.0302953-03:00 | Nivel=INFO | Usuario=Smoke Test | Perfil=Administrador | Tela=Geral | Acao=Navegacao registrada: Dashboard | ErroTecnico= | StackTrace=
DataHora=2026-09-26T16:34:37.0308133-03:00 | Nivel=INFO | Usuario=Smoke Test | Perfil=Administrador | Tela=Geral | Acao=Navegacao concluida para o modulo 'Dashboard'. | ErroTecnico= | StackTrace=
DataHora=2026-09-26T16:34:37.5694500-03:00 | Nivel=INFO | Usuario=Smoke Test | Perfil=Administrador | Tela=Geral | Acao=Adicionado ao cache: Orcamentos | ErroTecnico= | StackTrace=
DataHora=2026-09-26T16:34:37.5701864-03:00 | Nivel=INFO | Usuario=Smoke Test | Perfil=Administrador | Tela=Geral | Acao=Navegacao registrada: Orcamentos | ErroTecnico= | StackTrace=
DataHora=2026-09-26T16:34:37.5707583-03:00 | Nivel=INFO | Usuario=Smoke Test | Perfil=Administrador | Tela=Geral | Acao=Navegacao concluida para o modulo 'Orcamentos'. | ErroTecnico= | StackTrace=
DataHora=2026-09-26T16:34:38.6932792-03:00 | Nivel=INFO | Usuario=Smoke Test | Perfil=Administrador | Tela=Geral | Acao=Adicionado ao cache: Dashboard | ErroTecnico= | StackTrace=
DataHora=2026-09-26T16:34:38.6940023-03:00 | Nivel=INFO | Usuario=Smoke Test | Perfil=Administrador | Tela=Geral | Acao=Navegacao registrada: Dashboard | ErroTecnico= | StackTrace=
DataHora=2026-09-26T16:34:38.6945241-03:00 | Nivel=INFO | Usuario=Smoke Test | Perfil=Administrador | Tela=Geral | Acao=Navegacao concluida para o modulo 'Dashboard'. | ErroTecnico= | StackTrace=
DataHora=2026-09-26T16:34:39.1355044-03:00 | Nivel=INFO | Usuario=Smoke Test | Perfil=Administrador | Tela=Geral | Acao=Adicionado ao cache: Agendamentos | ErroTecnico= | StackTrace=
DataHora=2026-09-26T16:34:39.1362452-03:00 | Nivel=INFO | Usuario=Smoke Test | Perfil=Administrador | Tela=Geral | Acao=Navegacao registrada: Agendamentos | ErroTecnico= | StackTrace=
DataHora=2026-09-26T16:34:39.1368095-03:00 | Nivel=INFO | Usuario=Smoke Test | Perfil=Administrador | Tela=Geral | Acao=Navegacao concluida para o modulo 'Agendamentos'. | ErroTecnico= | StackTrace=
DataHora=2026-09-26T16:34:40.0839809-03:00 | Nivel=INFO | Usuario=Smoke Test | Perfil=Administrador | Tela=Geral | Acao=Adicionado ao cache: Dashboard | ErroTecnico= | StackTrace=
DataHora=2026-09-26T16:34:40.0846652-03:00 | Nivel=INFO | Usuario=Smoke Test | Perfil=Administrador | Tela=Geral | Acao=Navegacao registrada: Dashboard | ErroTecnico= | StackTrace=
DataHora=2026-09-26T16:34:40.0852629-03:00 | Nivel=INFO | Usuario=Smoke Test | Perfil=Administrador | Tela=Geral | Acao=Navegacao concluida para o modulo 'Dashboard'. | ErroTecnico= | StackTrace=
DataHora=2026-09-26T16:34:40.5834454-03:00 | Nivel=INFO | Usuario=Smoke Test | Perfil=Administrador | Tela=Geral | Acao=Obtido do cache: Dashboard | ErroTecnico= | StackTrace=
DataHora=2026-09-26T16:34:40.5841071-03:00 | Nivel=INFO | Usuario=Smoke Test | Perfil=Administrador | Tela=Geral | Acao=Navegacao registrada: Dashboard | ErroTecnico= | StackTrace=
DataHora=2026-09-26T16:34:40.5846615-03:00 | Nivel=INFO | Usuario=Smoke Test | Perfil=Administrador | Tela=Geral | Acao=Navegacao concluida para o modulo 'Dashboard'. | ErroTecnico= | StackTrace=
DataHora=2026-09-26T16:34:41.3275918-03:00 | Nivel=INFO | Usuario=Smoke Test | Perfil=Administrador | Tela=Geral | Acao=Adicionado ao cache: Dashboard | ErroTecnico= | StackTrace=
DataHora=2026-09-26T16:34:41.3282500-03:00 | Nivel=INFO | Usuario=Smoke Test | Perfil=Administrador | Tela=Geral | Acao=Navegacao registrada: Dashboard | ErroTecnico= | StackTrace=
DataHora=2026-09-26T16:34:41.3287959-03:00 | Nivel=INFO | Usuario=Smoke Test | Perfil=Administrador | Tela=Geral | Acao=Navegacao concluida para o modulo 'Dashboard'. | ErroTecnico= | StackTrace=
DataHora=2026-09-26T16:34:42.4331351-03:00 | Nivel=WARN | Usuario=Smoke Test | Perfil=Administrador | Tela=Geral | Acao=Smoke test 'Interacao:MainWindow:Botoes' demorou 65586 ms (acima de 30000 ms). | ErroTecnico= | StackTrace=
DataHora=2026-09-26T16:34:42.4338283-03:00 | Nivel=INFO | Usuario=Smoke Test | Perfil=Administrador | Tela=Geral | Acao=Smoke test aprovado: Interacao:MainWindow:Botoes (65586 ms). | ErroTecnico= | StackTrace=
DataHora=2026-09-26T16:34:42.4345970-03:00 | Nivel=INFO | Usuario=Smoke Test | Perfil=Administrador | Tela=Geral | Acao=Smoke test iniciando: PDV:SelecaoClienteConsumidorFinalPelaTela. | ErroTecnico= | StackTrace=
DataHora=2026-09-26T16:34:42.5652561-03:00 | Nivel=INFO | Usuario=Smoke Test | Perfil=Administrador | Tela=PDV | Acao=Diagnostico de impressao do PDV: Default=Microsoft Print to PDF / Fisica=False / Instaladas=1 / Microsoft Print to PDF [Driver=Microsoft Print To PDF; Porta=PORTPROMPT:; Default=True; Virtual=True; Offline=False; Shared=False] | ErroTecnico= | StackTrace=
DataHora=2026-09-26T16:34:42.5661873-03:00 | Nivel=WARN | Usuario=Smoke Test | Perfil=Administrador | Tela=PDV | Acao=Nenhuma impressora fisica foi detectada para homologacao final do PDV. O ambiente atual depende apenas de fila virtual. | ErroTecnico= | StackTrace=
DataHora=2026-09-26T16:34:42.6990509-03:00 | Nivel=INFO | Usuario=Smoke Test | Perfil=Administrador | Tela=PDV | Acao=Cliente: Cliente selecionado: Cliente Smoke 92381609440429 | ErroTecnico= | StackTrace=
DataHora=2026-09-26T16:34:42.7623017-03:00 | Nivel=INFO | Usuario=Smoke Test | Perfil=Administrador | Tela=Geral | Acao=Smoke test aprovado: PDV:SelecaoClienteConsumidorFinalPelaTela (327 ms). | ErroTecnico= | StackTrace=
DataHora=2026-09-26T16:34:42.7629631-03:00 | Nivel=INFO | Usuario=Smoke Test | Perfil=Administrador | Tela=Geral | Acao=Smoke test iniciando: PDV:InteracaoCompletaTela. | ErroTecnico= | StackTrace=
DataHora=2026-09-26T16:34:42.9048599-03:00 | Nivel=INFO | Usuario=Smoke Test | Perfil=Administrador | Tela=PDV | Acao=Diagnostico de impressao do PDV: Default=Microsoft Print to PDF / Fisica=False / Instaladas=1 / Microsoft Print to PDF [Driver=Microsoft Print To PDF; Porta=PORTPROMPT:; Default=True; Virtual=True; Offline=False; Shared=False] | ErroTecnico= | StackTrace=
DataHora=2026-09-26T16:34:42.9058335-03:00 | Nivel=WARN | Usuario=Smoke Test | Perfil=Administrador | Tela=PDV | Acao=Nenhuma impressora fisica foi detectada para homologacao final do PDV. O ambiente atual depende apenas de fila virtual. | ErroTecnico= | StackTrace=
DataHora=2026-09-26T16:34:43.6203904-03:00 | Nivel=WARN | Usuario=Smoke Test | Perfil=Administrador | Tela=PDV | Acao=Caixa fechado: Abra o caixa antes de finalizar uma venda. O PDV agora bloqueia pagamentos sem sessao operacional ativa. | ErroTecnico= | StackTrace=
DataHora=2026-09-26T16:34:44.2865939-03:00 | Nivel=INFO | Usuario=Smoke Test | Perfil=Administrador | Tela=PDV | Acao=PDV: Venda suspensa com sucesso.\nTotal: R$ 25,00 | ErroTecnico= | StackTrace=
DataHora=2026-09-26T16:34:44.9381939-03:00 | Nivel=INFO | Usuario=Smoke Test | Perfil=Administrador | Tela=PDV | Acao=PDV: Venda suspensa retomada.\nTotal: R$ 25,00 | ErroTecnico= | StackTrace=
DataHora=2026-09-26T16:34:45.7983318-03:00 | Nivel=INFO | Usuario=Smoke Test | Perfil=Administrador | Tela=PDV | Acao=Caixa: Caixa 01 aberto com sucesso.\nSaldo inicial: R$ 10,00 | ErroTecnico= | StackTrace=
DataHora=2026-09-26T16:34:46.5326181-03:00 | Nivel=INFO | Usuario=Smoke Test | Perfil=Administrador | Tela=PDV | Acao=Caixa: Suprimento registrado.\nSaldo esperado atual: R$ 20,00 | ErroTecnico= | StackTrace=
DataHora=2026-09-26T16:34:47.3649065-03:00 | Nivel=INFO | Usuario=Smoke Test | Perfil=Administrador | Tela=PDV | Acao=Caixa: Sangria registrada.\nSaldo esperado atual: R$ 10,00 | ErroTecnico= | StackTrace=
DataHora=2026-09-26T16:34:48.0271510-03:00 | Nivel=INFO | Usuario=Smoke Test | Perfil=Administrador | Tela=PDV | Acao=Desconto: Desconto de R$ 1,00 aplicado! | ErroTecnico= | StackTrace=
DataHora=2026-09-26T16:34:49.3264388-03:00 | Nivel=INFO | Usuario=Smoke Test | Perfil=Administrador | Tela=PDV | Acao=Pagamento misto validado em automacao: Misto: Dinheiro R$ 12,00 / PIX R$ 12,00. | ErroTecnico= | StackTrace=
DataHora=2026-09-26T16:34:49.3318972-03:00 | Nivel=INFO | Usuario=Smoke Test | Perfil=Administrador | Tela=Geral | Acao=Venda '92a6e845-fcaa-4a9c-838a-4d45955d7936' registrada com 1 item(ns) e total R$ 24,00. | ErroTecnico= | StackTrace=
DataHora=2026-09-26T16:34:49.3357995-03:00 | Nivel=INFO | Usuario=Smoke Test | Perfil=Administrador | Tela=PDV | Acao=Sucesso: Venda realizada com sucesso!\nForma de pagamento: Misto: Dinheiro R$ 12,00 / PIX R$ 12,00\nTotal: R$ 24,00 | ErroTecnico= | StackTrace=
DataHora=2026-09-26T16:34:49.9812829-03:00 | Nivel=INFO | Usuario=Smoke Test | Perfil=Administrador | Tela=Financeiro | Acao=ObterMovimentacoes(limit=200) concluida em 0 ms. | ErroTecnico= | StackTrace=
DataHora=2026-09-26T16:34:50.9942723-03:00 | Nivel=INFO | Usuario=Smoke Test | Perfil=Administrador | Tela=Geral | Acao=Venda '92a6e845-fcaa-4a9c-838a-4d45955d7936' cancelada com sucesso. | ErroTecnico= | StackTrace=
DataHora=2026-09-26T16:34:50.9993423-03:00 | Nivel=INFO | Usuario=Smoke Test | Perfil=Administrador | Tela=PDV | Acao=PDV: Venda cancelada com estorno completo do fluxo operacional. | ErroTecnico= | StackTrace=
DataHora=2026-09-26T16:34:51.6333975-03:00 | Nivel=INFO | Usuario=Smoke Test | Perfil=Administrador | Tela=Financeiro | Acao=ObterMovimentacoes(limit=200) concluida em 0 ms. | ErroTecnico= | StackTrace=
DataHora=2026-09-26T16:34:51.7368715-03:00 | Nivel=INFO | Usuario=Smoke Test | Perfil=Administrador | Tela=PDV | Acao=Caixa: Caixa fechado com sucesso.\nValor esperado: R$ 10,00\nValor informado: R$ 10,00\nDiferenca: R$ 0,00 | ErroTecnico= | StackTrace=
DataHora=2026-09-26T16:34:52.4813759-03:00 | Nivel=INFO | Usuario=Smoke Test | Perfil=Administrador | Tela=Geral | Acao=Smoke test aprovado: PDV:InteracaoCompletaTela (9718 ms). | ErroTecnico= | StackTrace=
DataHora=2026-09-26T16:34:52.4824731-03:00 | Nivel=INFO | Usuario=Smoke Test | Perfil=Administrador | Tela=Geral | Acao=Smoke test iniciando: Interacao:Modulo:DashboardControl. | ErroTecnico= | StackTrace=
DataHora=2026-09-26T16:34:57.8153105-03:00 | Nivel=WARN | Usuario=Smoke Test | Perfil=Administrador | Tela=Geral | Acao=Smoke test: janela Window nao ficou visivel apos 5s. | ErroTecnico= | StackTrace=
DataHora=2026-09-26T16:35:03.3379705-03:00 | Nivel=WARN | Usuario=Smoke Test | Perfil=Administrador | Tela=Geral | Acao=Smoke test: janela Window nao ficou visivel apos 5s. | ErroTecnico= | StackTrace=
DataHora=2026-09-26T16:35:09.4645418-03:00 | Nivel=WARN | Usuario=Smoke Test | Perfil=Administrador | Tela=Geral | Acao=Smoke test: janela Window nao ficou visivel apos 5s. | ErroTecnico= | StackTrace=
DataHora=2026-09-26T16:35:20.5626193-03:00 | Nivel=WARN | Usuario=Smoke Test | Perfil=Administrador | Tela=Geral | Acao=Smoke test: janela Window nao ficou visivel apos 5s. | ErroTecnico= | StackTrace=
DataHora=2026-09-26T16:35:27.8843571-03:00 | Nivel=WARN | Usuario=Smoke Test | Perfil=Administrador | Tela=Geral | Acao=Smoke test: janela Window nao ficou visivel apos 5s. | ErroTecnico= | StackTrace=
DataHora=2026-09-26T16:35:35.1654715-03:00 | Nivel=WARN | Usuario=Smoke Test | Perfil=Administrador | Tela=Geral | Acao=Smoke test: janela Window nao ficou visivel apos 5s. | ErroTecnico= | StackTrace=
DataHora=2026-09-26T16:35:43.7444477-03:00 | Nivel=WARN | Usuario=Smoke Test | Perfil=Administrador | Tela=Geral | Acao=Smoke test: janela Window nao ficou visivel apos 5s. | ErroTecnico= | StackTrace=
DataHora=2026-09-26T16:35:49.7474419-03:00 | Nivel=WARN | Usuario=Smoke Test | Perfil=Administrador | Tela=Geral | Acao=Smoke test: janela Window nao ficou visivel apos 5s. | ErroTecnico= | StackTrace=
DataHora=2026-09-26T16:35:51.7577713-03:00 | Nivel=WARN | Usuario=Smoke Test | Perfil=Administrador | Tela=Geral | Acao=Smoke test 'Interacao:Modulo:DashboardControl' demorou 59275 ms (acima de 30000 ms). | ErroTecnico= | StackTrace=
DataHora=2026-09-26T16:35:51.7584816-03:00 | Nivel=INFO | Usuario=Smoke Test | Perfil=Administrador | Tela=Geral | Acao=Smoke test aprovado: Interacao:Modulo:DashboardControl (59275 ms). | ErroTecnico= | StackTrace=
DataHora=2026-09-26T16:35:51.7590909-03:00 | Nivel=INFO | Usuario=Smoke Test | Perfil=Administrador | Tela=Geral | Acao=Smoke test iniciando: Interacao:Modulo:ClientesControl. | ErroTecnico= | StackTrace=
DataHora=2026-09-26T16:35:52.8361489-03:00 | Nivel=INFO | Usuario=Smoke Test | Perfil=Administrador | Tela=Clientes | Acao=Exportacao de clientes: Exportacao concluida em:\nC:\Users\campo\AppData\Local\Temp\primox-c114-smoke-20260926_162941\Exports\clientes_20260926163552.csv | ErroTecnico= | StackTrace=
DataHora=2026-09-26T16:35:54.9860839-03:00 | Nivel=INFO | Usuario=Smoke Test | Perfil=Administrador | Tela=Clientes | Acao=Janela de Cliente 360 validada em automacao sem abrir modal bloqueante. | ErroTecnico= | StackTrace=
DataHora=2026-09-26T16:35:57.7930474-03:00 | Nivel=INFO | Usuario=Smoke Test | Perfil=Administrador | Tela=Geral | Acao=Bloqueio criado: Cliente/aa4e866a-cf9d-4096-9e4a-12cb0e2d7176 por Smoke Test em CIRO. Expira em 30 minutos. | ErroTecnico= | StackTrace=
DataHora=2026-09-26T16:35:57.8309127-03:00 | Nivel=INFO | Usuario=Smoke Test | Perfil=Administrador | Tela=Geral | Acao=Bloqueio liberado: Cliente/aa4e866a-cf9d-4096-9e4a-12cb0e2d7176 por Smoke Test. | ErroTecnico= | StackTrace=
DataHora=2026-09-26T16:35:59.2326494-03:00 | Nivel=INFO | Usuario=Smoke Test | Perfil=Administrador | Tela=Geral | Acao=Smoke test aprovado: Interacao:Modulo:ClientesControl (7473 ms). | ErroTecnico= | StackTrace=
DataHora=2026-09-26T16:35:59.2333493-03:00 | Nivel=INFO | Usuario=Smoke Test | Perfil=Administrador | Tela=Geral | Acao=Smoke test iniciando: Interacao:Modulo:VeiculosControl. | ErroTecnico= | StackTrace=
DataHora=2026-09-26T16:36:04.4325494-03:00 | Nivel=WARN | Usuario=Smoke Test | Perfil=Administrador | Tela=Geral | Acao=Smoke test: janela Window nao ficou visivel apos 5s. | ErroTecnico= | StackTrace=
DataHora=2026-09-26T16:36:05.3254203-03:00 | Nivel=INFO | Usuario=Smoke Test | Perfil=Administrador | Tela=Geral | Acao=Exportacao de veiculos validada em automacao: C:\Users\campo\AppData\Local\Temp\primox-c114-smoke-20260926_162941\Exports\veiculos_20260926163605.csv | ErroTecnico= | StackTrace=
DataHora=2026-09-26T16:36:09.6474876-03:00 | Nivel=INFO | Usuario=Smoke Test | Perfil=Administrador | Tela=Geral | Acao=Smoke test aprovado: Interacao:Modulo:VeiculosControl (10414 ms). | ErroTecnico= | StackTrace=
DataHora=2026-09-26T16:36:09.6482416-03:00 | Nivel=INFO | Usuario=Smoke Test | Perfil=Administrador | Tela=Geral | Acao=Smoke test iniciando: Interacao:Modulo:AutoEletricaTecnicaControl. | ErroTecnico= | StackTrace=
DataHora=2026-09-26T16:36:15.2415215-03:00 | Nivel=WARN | Usuario=Smoke Test | Perfil=Administrador | Tela=Geral | Acao=Smoke test: janela Window nao ficou visivel apos 5s. | ErroTecnico= | StackTrace=
DataHora=2026-09-26T16:36:21.0175038-03:00 | Nivel=WARN | Usuario=Smoke Test | Perfil=Administrador | Tela=Geral | Acao=Smoke test: janela Window nao ficou visivel apos 5s. | ErroTecnico= | StackTrace=
DataHora=2026-09-26T16:36:27.4689350-03:00 | Nivel=WARN | Usuario=Smoke Test | Perfil=Administrador | Tela=Geral | Acao=Smoke test: janela Window nao ficou visivel apos 5s. | ErroTecnico= | StackTrace=
DataHora=2026-09-26T16:36:29.3674629-03:00 | Nivel=INFO | Usuario=Smoke Test | Perfil=Administrador | Tela=Geral | Acao=Auto eletrica tecnica: Orcamento ORC-20260926-0011 gerado em rascunho a partir do diagnostico. | ErroTecnico= | StackTrace=
DataHora=2026-09-26T16:36:32.1830011-03:00 | Nivel=INFO | Usuario=Smoke Test | Perfil=Administrador | Tela=Geral | Acao=Smoke test aprovado: Interacao:Modulo:AutoEletricaTecnicaControl (22534 ms). | ErroTecnico= | StackTrace=
DataHora=2026-09-26T16:36:32.1836620-03:00 | Nivel=INFO | Usuario=Smoke Test | Perfil=Administrador | Tela=Geral | Acao=Smoke test iniciando: Interacao:Modulo:OrcamentosControl. | ErroTecnico= | StackTrace=
DataHora=2026-09-26T16:36:38.1686742-03:00 | Nivel=WARN | Usuario=Smoke Test | Perfil=Administrador | Tela=Geral | Acao=Smoke test: janela Window nao ficou visivel apos 5s. | ErroTecnico= | StackTrace=
DataHora=2026-09-26T16:36:45.7990154-03:00 | Nivel=WARN | Usuario=Smoke Test | Perfil=Administrador | Tela=Geral | Acao=Smoke test: janela Window nao ficou visivel apos 5s. | ErroTecnico= | StackTrace=
DataHora=2026-09-26T16:36:54.1871407-03:00 | Nivel=WARN | Usuario=Smoke Test | Perfil=Administrador | Tela=Geral | Acao=Smoke test: janela Window nao ficou visivel apos 5s. | ErroTecnico= | StackTrace=
DataHora=2026-09-26T16:37:00.6035805-03:00 | Nivel=WARN | Usuario=Smoke Test | Perfil=Administrador | Tela=Geral | Acao=Smoke test: janela Window nao ficou visivel apos 5s. | ErroTecnico= | StackTrace=
DataHora=2026-09-26T16:37:03.3601669-03:00 | Nivel=INFO | Usuario=Smoke Test | Perfil=Administrador | Tela=Geral | Acao=Orcamento '87b6ddb7-5076-4fec-8118-88a4d0e9b306' convertido em OS '71da1cab-4b26-472b-bdfd-c8627b02e21f'. | ErroTecnico= | StackTrace=
DataHora=2026-09-26T16:37:04.8123973-03:00 | Nivel=INFO | Usuario=Smoke Test | Perfil=Administrador | Tela=Geral | Acao=Venda 'bc9a488f-c1da-40ac-8f5e-5118d987d55f' registrada com 2 item(ns) e total R$ 115,00. | ErroTecnico= | StackTrace=
DataHora=2026-09-26T16:37:04.8159593-03:00 | Nivel=INFO | Usuario=Smoke Test | Perfil=Administrador | Tela=Geral | Acao=Orcamento '87b6ddb7-5076-4fec-8118-88a4d0e9b306' integrado ao financeiro. Total=R$ 115,00; PagamentoImediato=False. | ErroTecnico= | StackTrace=
DataHora=2026-09-26T16:37:04.8346381-03:00 | Nivel=INFO | Usuario=Smoke Test | Perfil=Administrador | Tela=Geral | Acao=Orcamento '87b6ddb7-5076-4fec-8118-88a4d0e9b306' convertido em venda 'bc9a488f-c1da-40ac-8f5e-5118d987d55f'. | ErroTecnico= | StackTrace=
DataHora=2026-09-26T16:37:13.7840476-03:00 | Nivel=WARN | Usuario=Smoke Test | Perfil=Administrador | Tela=Geral | Acao=Smoke test: janela Window nao ficou visivel apos 5s. | ErroTecnico= | StackTrace=
DataHora=2026-09-26T16:37:13.8144110-03:00 | Nivel=INFO | Usuario=Smoke Test | Perfil=Administrador | Tela=Geral | Acao=Compartilhamento WhatsApp do orcamento 'ORC-20260926-0009' validado em automacao. | ErroTecnico= | StackTrace=
DataHora=2026-09-26T16:37:19.8671348-03:00 | Nivel=WARN | Usuario=Smoke Test | Perfil=Administrador | Tela=Geral | Acao=Smoke test: janela Window nao ficou visivel apos 5s. | ErroTecnico= | StackTrace=
DataHora=2026-09-26T16:37:21.3681861-03:00 | Nivel=INFO | Usuario=Smoke Test | Perfil=Administrador | Tela=Geral | Acao=Exportacao PDF do orcamento 'ORC-20260926-0009' validada em automacao: C:\Users\campo\AppData\Local\Temp\primox-c114-smoke-20260926_162941\Logs\orcamentos-smoke\Orcamento_ORC-20260926-0009_20260926163721351.pdf | ErroTecnico= | StackTrace=
DataHora=2026-09-26T16:37:24.7779247-03:00 | Nivel=WARN | Usuario=Smoke Test | Perfil=Administrador | Tela=Geral | Acao=Smoke test 'Interacao:Modulo:OrcamentosControl' demorou 52594 ms (acima de 30000 ms). | ErroTecnico= | StackTrace=
DataHora=2026-09-26T16:37:24.7787430-03:00 | Nivel=INFO | Usuario=Smoke Test | Perfil=Administrador | Tela=Geral | Acao=Smoke test aprovado: Interacao:Modulo:OrcamentosControl (52594 ms). | ErroTecnico= | StackTrace=
DataHora=2026-09-26T16:37:24.7792729-03:00 | Nivel=INFO | Usuario=Smoke Test | Perfil=Administrador | Tela=Geral | Acao=Smoke test iniciando: Interacao:Modulo:OrdensServicoControl. | ErroTecnico= | StackTrace=
DataHora=2026-09-26T16:37:30.0426636-03:00 | Nivel=WARN | Usuario=Smoke Test | Perfil=Administrador | Tela=Geral | Acao=Smoke test: janela Window nao ficou visivel apos 5s. | ErroTecnico= | StackTrace=
DataHora=2026-09-26T16:37:35.4344607-03:00 | Nivel=WARN | Usuario=Smoke Test | Perfil=Administrador | Tela=Geral | Acao=Smoke test: janela Window nao ficou visivel apos 5s. | ErroTecnico= | StackTrace=
DataHora=2026-09-26T16:37:35.4680606-03:00 | Nivel=INFO | Usuario=Smoke Test | Perfil=Administrador | Tela=OrdensServico | Acao=Janela de agendamento retorno por atalho de OS validada em automacao sem abrir modal bloqueante. | ErroTecnico= | StackTrace=
DataHora=2026-09-26T16:37:42.6158828-03:00 | Nivel=WARN | Usuario=Smoke Test | Perfil=Administrador | Tela=Geral | Acao=Smoke test: janela Window nao ficou visivel apos 5s. | ErroTecnico= | StackTrace=
DataHora=2026-09-26T16:37:49.1360390-03:00 | Nivel=WARN | Usuario=Smoke Test | Perfil=Administrador | Tela=Geral | Acao=Smoke test: janela Window nao ficou visivel apos 5s. | ErroTecnico= | StackTrace=
DataHora=2026-09-26T16:37:55.1960243-03:00 | Nivel=WARN | Usuario=Smoke Test | Perfil=Administrador | Tela=Geral | Acao=Smoke test: janela Window nao ficou visivel apos 5s. | ErroTecnico= | StackTrace=
DataHora=2026-09-26T16:38:01.5187939-03:00 | Nivel=WARN | Usuario=Smoke Test | Perfil=Administrador | Tela=Geral | Acao=Smoke test: janela Window nao ficou visivel apos 5s. | ErroTecnico= | StackTrace=
DataHora=2026-09-26T16:38:08.6951286-03:00 | Nivel=WARN | Usuario=Smoke Test | Perfil=Administrador | Tela=Geral | Acao=Smoke test: janela Window nao ficou visivel apos 5s. | ErroTecnico= | StackTrace=
DataHora=2026-09-26T16:38:08.7059194-03:00 | Nivel=INFO | Usuario=Smoke Test | Perfil=Administrador | Tela=Geral | Acao=Impressao da OS OS-2026-0004 validada em automacao sem abrir dialogo de impressora. | ErroTecnico= | StackTrace=
DataHora=2026-09-26T16:38:14.6442888-03:00 | Nivel=WARN | Usuario=Smoke Test | Perfil=Administrador | Tela=Geral | Acao=Smoke test: janela Window nao ficou visivel apos 5s. | ErroTecnico= | StackTrace=
DataHora=2026-09-26T16:38:14.6599330-03:00 | Nivel=INFO | Usuario=Smoke Test | Perfil=Administrador | Tela=Geral | Acao=Envio ao cliente validado em automacao para OS OS-2026-0004. PDF gerado em 'C:\Users\campo\OneDrive\Documentos\PrimoAutoEletrica\PDFs\OS_OS-2026-0004_20260926_163814.pdf' sem abrir apps externos. | ErroTecnico= | StackTrace=
DataHora=2026-09-26T16:38:20.5724975-03:00 | Nivel=WARN | Usuario=Smoke Test | Perfil=Administrador | Tela=Geral | Acao=Smoke test: janela Window nao ficou visivel apos 5s. | ErroTecnico= | StackTrace=
DataHora=2026-09-26T16:38:20.5805499-03:00 | Nivel=INFO | Usuario=Smoke Test | Perfil=Administrador | Tela=Geral | Acao=OS 'ae61d618-6ddd-4a78-954d-5474582f7c26' integrada ao financeiro. Total=R$ 200,00. | ErroTecnico= | StackTrace=
DataHora=2026-09-26T16:38:26.6124408-03:00 | Nivel=WARN | Usuario=Smoke Test | Perfil=Administrador | Tela=Geral | Acao=Smoke test: janela Window nao ficou visivel apos 5s. | ErroTecnico= | StackTrace=
DataHora=2026-09-26T16:38:33.7602266-03:00 | Nivel=WARN | Usuario=Smoke Test | Perfil=Administrador | Tela=Geral | Acao=Smoke test: janela Window nao ficou visivel apos 5s. | ErroTecnico= | StackTrace=
DataHora=2026-09-26T16:38:36.2886131-03:00 | Nivel=INFO | Usuario=Smoke Test | Perfil=Administrador | Tela=Geral | Acao=Bloqueio criado: OrdemServico/7eee649a-1773-4a71-9b44-b55ebb735411 por Smoke Test em CIRO. Expira em 30 minutos. | ErroTecnico= | StackTrace=
DataHora=2026-09-26T16:38:36.3697844-03:00 | Nivel=INFO | Usuario=Smoke Test | Perfil=Administrador | Tela=Geral | Acao=Bloqueio liberado: OrdemServico/7eee649a-1773-4a71-9b44-b55ebb735411 por Smoke Test. | ErroTecnico= | StackTrace=
DataHora=2026-09-26T16:38:42.3746715-03:00 | Nivel=WARN | Usuario=Smoke Test | Perfil=Administrador | Tela=Geral | Acao=Smoke test: janela Window nao ficou visivel apos 5s. | ErroTecnico= | StackTrace=
DataHora=2026-09-26T16:38:43.4370812-03:00 | Nivel=WARN | Usuario=Smoke Test | Perfil=Administrador | Tela=Geral | Acao=Smoke test 'Interacao:Modulo:OrdensServicoControl' demorou 78657 ms (acima de 30000 ms). | ErroTecnico= | StackTrace=
DataHora=2026-09-26T16:38:43.4378897-03:00 | Nivel=INFO | Usuario=Smoke Test | Perfil=Administrador | Tela=Geral | Acao=Smoke test aprovado: Interacao:Modulo:OrdensServicoControl (78657 ms). | ErroTecnico= | StackTrace=
DataHora=2026-09-26T16:38:43.4384080-03:00 | Nivel=INFO | Usuario=Smoke Test | Perfil=Administrador | Tela=Geral | Acao=Smoke test iniciando: Interacao:Modulo:OficinaKanbanControl. | ErroTecnico= | StackTrace=
DataHora=2026-09-26T16:38:48.5658526-03:00 | Nivel=INFO | Usuario=Smoke Test | Perfil=Administrador | Tela=Geral | Acao=WhatsApp do Kanban validado em automacao para OS OS-2026-0003: https://wa.me/5511988880001?text=Ola%20Cliente%20Smoke%2092381609440429%2C%20segue%20o%20resumo%20do%20orcamento%20da%20PRIMOX%20Workshop%20para%20o%20veiculo%20Volkswagen%20Gol%202019.%20Total%20previsto%3A%20R%24%20105%2C00.%20A%20proposta%20fica%20sujeita%20a%20validade%20e%20disponibilidade%20das%20pecas. | ErroTecnico= | StackTrace=
DataHora=2026-09-26T16:38:50.1601903-03:00 | Nivel=INFO | Usuario=Smoke Test | Perfil=Administrador | Tela=Geral | Acao=Dialogo suprimido [Kanban]: Nao foi possivel avancar a OS: Esta OS nao possui proximo status automatico. | ErroTecnico= | StackTrace=
DataHora=2026-09-26T16:38:52.9852279-03:00 | Nivel=INFO | Usuario=Smoke Test | Perfil=Administrador | Tela=Geral | Acao=WhatsApp do Kanban validado em automacao para OS OS-2026-0003: https://wa.me/5511988880001?text=Ola%20Cliente%20Smoke%2092381609440429%2C%20segue%20o%20resumo%20do%20orcamento%20da%20PRIMOX%20Workshop%20para%20o%20veiculo%20Volkswagen%20Gol%202019.%20Total%20previsto%3A%20R%24%20105%2C00.%20A%20proposta%20fica%20sujeita%20a%20validade%20e%20disponibilidade%20das%20pecas. | ErroTecnico= | StackTrace=
DataHora=2026-09-26T16:38:54.6312290-03:00 | Nivel=INFO | Usuario=Smoke Test | Perfil=Administrador | Tela=Geral | Acao=Dialogo suprimido [Kanban]: Nao foi possivel avancar a OS: Esta OS nao possui proximo status automatico. | ErroTecnico= | StackTrace=
DataHora=2026-09-26T16:38:58.0018832-03:00 | Nivel=INFO | Usuario=Smoke Test | Perfil=Administrador | Tela=Geral | Acao=WhatsApp do Kanban validado em automacao para OS OS-2026-0003: https://wa.me/5511988880001?text=Ola%20Cliente%20Smoke%2092381609440429%2C%20segue%20o%20resumo%20do%20orcamento%20da%20PRIMOX%20Workshop%20para%20o%20veiculo%20Volkswagen%20Gol%202019.%20Total%20previsto%3A%20R%24%20105%2C00.%20A%20proposta%20fica%20sujeita%20a%20validade%20e%20disponibilidade%20das%20pecas. | ErroTecnico= | StackTrace=
DataHora=2026-09-26T16:38:59.6268501-03:00 | Nivel=INFO | Usuario=Smoke Test | Perfil=Administrador | Tela=Geral | Acao=Dialogo suprimido [Kanban]: Nao foi possivel avancar a OS: Esta OS nao possui proximo status automatico. | ErroTecnico= | StackTrace=
DataHora=2026-09-26T16:39:02.6052551-03:00 | Nivel=INFO | Usuario=Smoke Test | Perfil=Administrador | Tela=Geral | Acao=WhatsApp do Kanban validado em automacao para OS OS-2026-0003: https://wa.me/5511988880001?text=Ola%20Cliente%20Smoke%2092381609440429%2C%20segue%20o%20resumo%20do%20orcamento%20da%20PRIMOX%20Workshop%20para%20o%20veiculo%20Volkswagen%20Gol%202019.%20Total%20previsto%3A%20R%24%20105%2C00.%20A%20proposta%20fica%20sujeita%20a%20validade%20e%20disponibilidade%20das%20pecas. | ErroTecnico= | StackTrace=
DataHora=2026-09-26T16:39:04.2542014-03:00 | Nivel=INFO | Usuario=Smoke Test | Perfil=Administrador | Tela=Geral | Acao=Dialogo suprimido [Kanban]: Nao foi possivel avancar a OS: Esta OS nao possui proximo status automatico. | ErroTecnico= | StackTrace=
DataHora=2026-09-26T16:39:07.4210384-03:00 | Nivel=INFO | Usuario=Smoke Test | Perfil=Administrador | Tela=Geral | Acao=WhatsApp do Kanban validado em automacao para OS OS-2026-0003: https://wa.me/5511988880001?text=Ola%20Cliente%20Smoke%2092381609440429%2C%20segue%20o%20resumo%20do%20orcamento%20da%20PRIMOX%20Workshop%20para%20o%20veiculo%20Volkswagen%20Gol%202019.%20Total%20previsto%3A%20R%24%20105%2C00.%20A%20proposta%20fica%20sujeita%20a%20validade%20e%20disponibilidade%20das%20pecas. | ErroTecnico= | StackTrace=
DataHora=2026-09-26T16:39:09.0467026-03:00 | Nivel=INFO | Usuario=Smoke Test | Perfil=Administrador | Tela=Geral | Acao=Dialogo suprimido [Kanban]: Nao foi possivel avancar a OS: Esta OS nao possui proximo status automatico. | ErroTecnico= | StackTrace=
DataHora=2026-09-26T16:39:12.1790643-03:00 | Nivel=INFO | Usuario=Smoke Test | Perfil=Administrador | Tela=Geral | Acao=Abertura da OS OS-2026-0003 validada em automacao pelo Kanban. | ErroTecnico= | StackTrace=
DataHora=2026-09-26T16:39:14.7526348-03:00 | Nivel=WARN | Usuario=Smoke Test | Perfil=Administrador | Tela=Geral | Acao=Smoke test 'Interacao:Modulo:OficinaKanbanControl' demorou 31314 ms (acima de 30000 ms). | ErroTecnico= | StackTrace=
DataHora=2026-09-26T16:39:14.7532454-03:00 | Nivel=INFO | Usuario=Smoke Test | Perfil=Administrador | Tela=Geral | Acao=Smoke test aprovado: Interacao:Modulo:OficinaKanbanControl (31314 ms). | ErroTecnico= | StackTrace=
DataHora=2026-09-26T16:39:14.7537381-03:00 | Nivel=INFO | Usuario=Smoke Test | Perfil=Administrador | Tela=Geral | Acao=Smoke test iniciando: Interacao:Modulo:PDVControl. | ErroTecnico= | StackTrace=
DataHora=2026-09-26T16:39:14.8712291-03:00 | Nivel=INFO | Usuario=Smoke Test | Perfil=Administrador | Tela=PDV | Acao=Diagnostico de impressao do PDV: Default=Microsoft Print to PDF / Fisica=False / Instaladas=1 / Microsoft Print to PDF [Driver=Microsoft Print To PDF; Porta=PORTPROMPT:; Default=True; Virtual=True; Offline=False; Shared=False] | ErroTecnico= | StackTrace=
DataHora=2026-09-26T16:39:14.8722382-03:00 | Nivel=WARN | Usuario=Smoke Test | Perfil=Administrador | Tela=PDV | Acao=Nenhuma impressora fisica foi detectada para homologacao final do PDV. O ambiente atual depende apenas de fila virtual. | ErroTecnico= | StackTrace=
DataHora=2026-09-26T16:39:15.1922265-03:00 | Nivel=INFO | Usuario=Smoke Test | Perfil=Administrador | Tela=PDV | Acao=Diagnostico de impressao do PDV: Default=Microsoft Print to PDF / Fisica=False / Instaladas=1 / Microsoft Print to PDF [Driver=Microsoft Print To PDF; Porta=PORTPROMPT:; Default=True; Virtual=True; Offline=False; Shared=False] | ErroTecnico= | StackTrace=
DataHora=2026-09-26T16:39:15.1931960-03:00 | Nivel=WARN | Usuario=Smoke Test | Perfil=Administrador | Tela=PDV | Acao=Nenhuma impressora fisica foi detectada para homologacao final do PDV. O ambiente atual depende apenas de fila virtual. | ErroTecnico= | StackTrace=
DataHora=2026-09-26T16:39:15.2696606-03:00 | Nivel=INFO | Usuario=Smoke Test | Perfil=Administrador | Tela=PDV | Acao=NF-e Homologacao: Esta operacao enviara uma NF-e para o ambiente de HOMOLOGACAO.\n\nNao e emissao de PRODUCAO.\n\nDeseja continuar? | ErroTecnico= | StackTrace=
DataHora=2026-09-26T16:39:15.4088543-03:00 | Nivel=WARN | Usuario=Smoke Test | Perfil=Administrador | Tela=PDV | Acao=NF-e Homologacao: NF-e bloqueada na validacao local:\n\n[FISCAL-EMITENTE-CNPJ] CNPJ emitente ausente ou invalido (esperado 14 digitos).\r\n[FISCAL-EMITENTE-RAZAO] Razao social do emitente ausente (MissingConfiguration).\r\n[FISCAL-EMITENTE-IE] Inscricao estadual do emitente ausente (MissingConfiguration).\r\n[FISCAL-EMITENTE-CRT] Regime tributario do emitente ausente (MissingConfiguration).\r\n[FISCAL-EMITENTE-END] Logradouro do emitente ausente (MissingConfiguration).\r\n[FISCAL-EMITENTE-NUM] Numero do emitente ausente (MissingConfiguration).\r\n[FISCAL-EMITENTE-BAIRRO] Bairro do emitente ausente (MissingConfiguration).\r\n[FISCAL-EMITENTE-MUN] Municipio do emitente ausente (MissingConfiguration).\r\n[FISCAL-EMITENTE-IBGE] Codigo IBGE do municipio emitente ausente ou invalido (esperado 7 digitos).\r\n[FISCAL-EMITENTE-UF] UF do emitente ausente (MissingConfiguration).\r\n[FISCAL-EMITENTE-CEP] CEP do emitente ausente ou invalido (esperado 8 digitos).\r\n[FISCAL-EMITENTE-CSOSN] CSOSN/CST padrao (configuracao fiscal obrigatoria) ausente (MissingConfiguration).\r\n[FISCAL-EMITENTE-ORIGEM] Origem ICMS padrao (configuracao fiscal obrigatoria) ausente (MissingConfiguration).\r\n[FISCAL-EMITENTE-SERIE] Serie NF-e do estabelecimento ausente (MissingConfiguration).\r\n[FISCAL-ITEM-NCM] NF-e bloqueada: produto "Produto Smoke 381605244048" nao possui NCM fiscal configurado.\r\n[FISCAL-ITEM-CFOP] NF-e bloqueada: produto "Produto Smoke 381605244048" nao possui CFOP fiscal configurado.\r\n[FISCAL-ITEM-UNIDADE] Item 1: unidade de medida ausente.\r\n[FISCAL-ITEM-CST] Item 1: CST/CSOSN ausente (nao inventado).\r\n[FISCAL-ITEM-ORIGEM] Item 1: origem ICMS ausente.\r\n[FISCAL-HTTP-OFF] HTTP live Focus desligado. Habilite LiveHttpEnabled apenas para Homologacao no fiscal-foundation.json. | ErroTecnico= | StackTrace=
DataHora=2026-09-26T16:39:16.2090903-03:00 | Nivel=INFO | Usuario=Smoke Test | Perfil=Administrador | Tela=PDV | Acao=Diagnostico de impressao do PDV: Default=Microsoft Print to PDF / Fisica=False / Instaladas=1 / Microsoft Print to PDF [Driver=Microsoft Print To PDF; Porta=PORTPROMPT:; Default=True; Virtual=True; Offline=False; Shared=False] | ErroTecnico= | StackTrace=
DataHora=2026-09-26T16:39:16.2101627-03:00 | Nivel=WARN | Usuario=Smoke Test | Perfil=Administrador | Tela=PDV | Acao=Nenhuma impressora fisica foi detectada para homologacao final do PDV. O ambiente atual depende apenas de fila virtual. | ErroTecnico= | StackTrace=
DataHora=2026-09-26T16:39:16.5235476-03:00 | Nivel=INFO | Usuario=Smoke Test | Perfil=Administrador | Tela=Geral | Acao=Venda 'bc9a488f-c1da-40ac-8f5e-5118d987d55f' cancelada com sucesso. | ErroTecnico= | StackTrace=
DataHora=2026-09-26T16:39:16.5289016-03:00 | Nivel=INFO | Usuario=Smoke Test | Perfil=Administrador | Tela=PDV | Acao=PDV: Venda cancelada com estorno completo do fluxo operacional. | ErroTecnico= | StackTrace=
DataHora=2026-09-26T16:39:17.3040384-03:00 | Nivel=INFO | Usuario=Smoke Test | Perfil=Administrador | Tela=PDV | Acao=Diagnostico de impressao do PDV: Default=Microsoft Print to PDF / Fisica=False / Instaladas=1 / Microsoft Print to PDF [Driver=Microsoft Print To PDF; Porta=PORTPROMPT:; Default=True; Virtual=True; Offline=False; Shared=False] | ErroTecnico= | StackTrace=
DataHora=2026-09-26T16:39:17.3050294-03:00 | Nivel=WARN | Usuario=Smoke Test | Perfil=Administrador | Tela=PDV | Acao=Nenhuma impressora fisica foi detectada para homologacao final do PDV. O ambiente atual depende apenas de fila virtual. | ErroTecnico= | StackTrace=
DataHora=2026-09-26T16:39:18.3089164-03:00 | Nivel=INFO | Usuario=Smoke Test | Perfil=Administrador | Tela=PDV | Acao=Diagnostico de impressao do PDV: Default=Microsoft Print to PDF / Fisica=False / Instaladas=1 / Microsoft Print to PDF [Driver=Microsoft Print To PDF; Porta=PORTPROMPT:; Default=True; Virtual=True; Offline=False; Shared=False] | ErroTecnico= | StackTrace=
DataHora=2026-09-26T16:39:18.3099311-03:00 | Nivel=WARN | Usuario=Smoke Test | Perfil=Administrador | Tela=PDV | Acao=Nenhuma impressora fisica foi detectada para homologacao final do PDV. O ambiente atual depende apenas de fila virtual. | ErroTecnico= | StackTrace=
DataHora=2026-09-26T16:39:18.3845155-03:00 | Nivel=INFO | Usuario=Smoke Test | Perfil=Administrador | Tela=PDV | Acao=Caixa: Nenhum caixa aberto foi encontrado para fechamento. | ErroTecnico= | StackTrace=
DataHora=2026-09-26T16:39:19.1870738-03:00 | Nivel=INFO | Usuario=Smoke Test | Perfil=Administrador | Tela=PDV | Acao=Diagnostico de impressao do PDV: Default=Microsoft Print to PDF / Fisica=False / Instaladas=1 / Microsoft Print to PDF [Driver=Microsoft Print To PDF; Porta=PORTPROMPT:; Default=True; Virtual=True; Offline=False; Shared=False] | ErroTecnico= | StackTrace=
DataHora=2026-09-26T16:39:19.1880986-03:00 | Nivel=WARN | Usuario=Smoke Test | Perfil=Administrador | Tela=PDV | Acao=Nenhuma impressora fisica foi detectada para homologacao final do PDV. O ambiente atual depende apenas de fila virtual. | ErroTecnico= | StackTrace=
DataHora=2026-09-26T16:39:19.2076318-03:00 | Nivel=WARN | Usuario=Smoke Test | Perfil=Administrador | Tela=PDV | Acao=Caixa: Abra o caixa antes de registrar uma sangria. | ErroTecnico= | StackTrace=
DataHora=2026-09-26T16:39:20.0367260-03:00 | Nivel=INFO | Usuario=Smoke Test | Perfil=Administrador | Tela=PDV | Acao=Diagnostico de impressao do PDV: Default=Microsoft Print to PDF / Fisica=False / Instaladas=1 / Microsoft Print to PDF [Driver=Microsoft Print To PDF; Porta=PORTPROMPT:; Default=True; Virtual=True; Offline=False; Shared=False] | ErroTecnico= | StackTrace=
DataHora=2026-09-26T16:39:20.0377011-03:00 | Nivel=WARN | Usuario=Smoke Test | Perfil=Administrador | Tela=PDV | Acao=Nenhuma impressora fisica foi detectada para homologacao final do PDV. O ambiente atual depende apenas de fila virtual. | ErroTecnico= | StackTrace=
DataHora=2026-09-26T16:39:20.1088465-03:00 | Nivel=WARN | Usuario=Smoke Test | Perfil=Administrador | Tela=PDV | Acao=Caixa: Abra o caixa antes de executar esta operacao. | ErroTecnico= | StackTrace=
DataHora=2026-09-26T16:39:20.8864926-03:00 | Nivel=INFO | Usuario=Smoke Test | Perfil=Administrador | Tela=PDV | Acao=Diagnostico de impressao do PDV: Default=Microsoft Print to PDF / Fisica=False / Instaladas=1 / Microsoft Print to PDF [Driver=Microsoft Print To PDF; Porta=PORTPROMPT:; Default=True; Virtual=True; Offline=False; Shared=False] | ErroTecnico= | StackTrace=
DataHora=2026-09-26T16:39:20.8874929-03:00 | Nivel=WARN | Usuario=Smoke Test | Perfil=Administrador | Tela=PDV | Acao=Nenhuma impressora fisica foi detectada para homologacao final do PDV. O ambiente atual depende apenas de fila virtual. | ErroTecnico= | StackTrace=
DataHora=2026-09-26T16:39:20.9804297-03:00 | Nivel=INFO | Usuario=Smoke Test | Perfil=Administrador | Tela=PDV | Acao=Caixa: Caixa 01 aberto com sucesso.\nSaldo inicial: R$ 10,00 | ErroTecnico= | StackTrace=
DataHora=2026-09-26T16:39:21.8391687-03:00 | Nivel=INFO | Usuario=Smoke Test | Perfil=Administrador | Tela=PDV | Acao=Diagnostico de impressao do PDV: Default=Microsoft Print to PDF / Fisica=False / Instaladas=1 / Microsoft Print to PDF [Driver=Microsoft Print To PDF; Porta=PORTPROMPT:; Default=True; Virtual=True; Offline=False; Shared=False] | ErroTecnico= | StackTrace=
DataHora=2026-09-26T16:39:21.8401892-03:00 | Nivel=WARN | Usuario=Smoke Test | Perfil=Administrador | Tela=PDV | Acao=Nenhuma impressora fisica foi detectada para homologacao final do PDV. O ambiente atual depende apenas de fila virtual. | ErroTecnico= | StackTrace=
DataHora=2026-09-26T16:39:22.7388702-03:00 | Nivel=INFO | Usuario=Smoke Test | Perfil=Administrador | Tela=PDV | Acao=Diagnostico de impressao do PDV: Default=Microsoft Print to PDF / Fisica=False / Instaladas=1 / Microsoft Print to PDF [Driver=Microsoft Print To PDF; Porta=PORTPROMPT:; Default=True; Virtual=True; Offline=False; Shared=False] | ErroTecnico= | StackTrace=
DataHora=2026-09-26T16:39:22.7398651-03:00 | Nivel=WARN | Usuario=Smoke Test | Perfil=Administrador | Tela=PDV | Acao=Nenhuma impressora fisica foi detectada para homologacao final do PDV. O ambiente atual depende apenas de fila virtual. | ErroTecnico= | StackTrace=
DataHora=2026-09-26T16:39:23.6234109-03:00 | Nivel=INFO | Usuario=Smoke Test | Perfil=Administrador | Tela=PDV | Acao=Diagnostico de impressao do PDV: Default=Microsoft Print to PDF / Fisica=False / Instaladas=1 / Microsoft Print to PDF [Driver=Microsoft Print To PDF; Porta=PORTPROMPT:; Default=True; Virtual=True; Offline=False; Shared=False] | ErroTecnico= | StackTrace=
DataHora=2026-09-26T16:39:23.6245316-03:00 | Nivel=WARN | Usuario=Smoke Test | Perfil=Administrador | Tela=PDV | Acao=Nenhuma impressora fisica foi detectada para homologacao final do PDV. O ambiente atual depende apenas de fila virtual. | ErroTecnico= | StackTrace=
DataHora=2026-09-26T16:39:24.5222189-03:00 | Nivel=INFO | Usuario=Smoke Test | Perfil=Administrador | Tela=PDV | Acao=Diagnostico de impressao do PDV: Default=Microsoft Print to PDF / Fisica=False / Instaladas=1 / Microsoft Print to PDF [Driver=Microsoft Print To PDF; Porta=PORTPROMPT:; Default=True; Virtual=True; Offline=False; Shared=False] | ErroTecnico= | StackTrace=
DataHora=2026-09-26T16:39:24.5232355-03:00 | Nivel=WARN | Usuario=Smoke Test | Perfil=Administrador | Tela=PDV | Acao=Nenhuma impressora fisica foi detectada para homologacao final do PDV. O ambiente atual depende apenas de fila virtual. | ErroTecnico= | StackTrace=
DataHora=2026-09-26T16:39:25.3983079-03:00 | Nivel=INFO | Usuario=Smoke Test | Perfil=Administrador | Tela=PDV | Acao=Diagnostico de impressao do PDV: Default=Microsoft Print to PDF / Fisica=False / Instaladas=1 / Microsoft Print to PDF [Driver=Microsoft Print To PDF; Porta=PORTPROMPT:; Default=True; Virtual=True; Offline=False; Shared=False] | ErroTecnico= | StackTrace=
DataHora=2026-09-26T16:39:25.3992575-03:00 | Nivel=WARN | Usuario=Smoke Test | Perfil=Administrador | Tela=PDV | Acao=Nenhuma impressora fisica foi detectada para homologacao final do PDV. O ambiente atual depende apenas de fila virtual. | ErroTecnico= | StackTrace=
DataHora=2026-09-26T16:39:26.2279801-03:00 | Nivel=INFO | Usuario=Smoke Test | Perfil=Administrador | Tela=PDV | Acao=Diagnostico de impressao do PDV: Default=Microsoft Print to PDF / Fisica=False / Instaladas=1 / Microsoft Print to PDF [Driver=Microsoft Print To PDF; Porta=PORTPROMPT:; Default=True; Virtual=True; Offline=False; Shared=False] | ErroTecnico= | StackTrace=
DataHora=2026-09-26T16:39:26.2290463-03:00 | Nivel=WARN | Usuario=Smoke Test | Perfil=Administrador | Tela=PDV | Acao=Nenhuma impressora fisica foi detectada para homologacao final do PDV. O ambiente atual depende apenas de fila virtual. | ErroTecnico= | StackTrace=
DataHora=2026-09-26T16:39:26.2486196-03:00 | Nivel=INFO | Usuario=Smoke Test | Perfil=Administrador | Tela=PDV | Acao=PDV: Nao ha vendas suspensas para retomar. | ErroTecnico= | StackTrace=
DataHora=2026-09-26T16:39:27.0504824-03:00 | Nivel=INFO | Usuario=Smoke Test | Perfil=Administrador | Tela=PDV | Acao=Diagnostico de impressao do PDV: Default=Microsoft Print to PDF / Fisica=False / Instaladas=1 / Microsoft Print to PDF [Driver=Microsoft Print To PDF; Porta=PORTPROMPT:; Default=True; Virtual=True; Offline=False; Shared=False] | ErroTecnico= | StackTrace=
DataHora=2026-09-26T16:39:27.0514823-03:00 | Nivel=WARN | Usuario=Smoke Test | Perfil=Administrador | Tela=PDV | Acao=Nenhuma impressora fisica foi detectada para homologacao final do PDV. O ambiente atual depende apenas de fila virtual. | ErroTecnico= | StackTrace=
DataHora=2026-09-26T16:39:27.0714366-03:00 | Nivel=INFO | Usuario=Smoke Test | Perfil=Administrador | Tela=PDV | Acao=PDV: Nao ha itens no carrinho para suspender. | ErroTecnico= | StackTrace=
DataHora=2026-09-26T16:39:27.8596873-03:00 | Nivel=INFO | Usuario=Smoke Test | Perfil=Administrador | Tela=PDV | Acao=Diagnostico de impressao do PDV: Default=Microsoft Print to PDF / Fisica=False / Instaladas=1 / Microsoft Print to PDF [Driver=Microsoft Print To PDF; Porta=PORTPROMPT:; Default=True; Virtual=True; Offline=False; Shared=False] | ErroTecnico= | StackTrace=
DataHora=2026-09-26T16:39:27.8607167-03:00 | Nivel=WARN | Usuario=Smoke Test | Perfil=Administrador | Tela=PDV | Acao=Nenhuma impressora fisica foi detectada para homologacao final do PDV. O ambiente atual depende apenas de fila virtual. | ErroTecnico= | StackTrace=
DataHora=2026-09-26T16:39:28.7360210-03:00 | Nivel=INFO | Usuario=Smoke Test | Perfil=Administrador | Tela=PDV | Acao=Diagnostico de impressao do PDV: Default=Microsoft Print to PDF / Fisica=False / Instaladas=1 / Microsoft Print to PDF [Driver=Microsoft Print To PDF; Porta=PORTPROMPT:; Default=True; Virtual=True; Offline=False; Shared=False] | ErroTecnico= | StackTrace=
DataHora=2026-09-26T16:39:28.7371342-03:00 | Nivel=WARN | Usuario=Smoke Test | Perfil=Administrador | Tela=PDV | Acao=Nenhuma impressora fisica foi detectada para homologacao final do PDV. O ambiente atual depende apenas de fila virtual. | ErroTecnico= | StackTrace=
DataHora=2026-09-26T16:39:28.7597178-03:00 | Nivel=WARN | Usuario=Smoke Test | Perfil=Administrador | Tela=PDV | Acao=Aviso: Carrinho vazio! | ErroTecnico= | StackTrace=
DataHora=2026-09-26T16:39:29.5815956-03:00 | Nivel=INFO | Usuario=Smoke Test | Perfil=Administrador | Tela=PDV | Acao=Diagnostico de impressao do PDV: Default=Microsoft Print to PDF / Fisica=False / Instaladas=1 / Microsoft Print to PDF [Driver=Microsoft Print To PDF; Porta=PORTPROMPT:; Default=True; Virtual=True; Offline=False; Shared=False] | ErroTecnico= | StackTrace=
DataHora=2026-09-26T16:39:29.5825661-03:00 | Nivel=WARN | Usuario=Smoke Test | Perfil=Administrador | Tela=PDV | Acao=Nenhuma impressora fisica foi detectada para homologacao final do PDV. O ambiente atual depende apenas de fila virtual. | ErroTecnico= | StackTrace=
DataHora=2026-09-26T16:39:29.6549285-03:00 | Nivel=INFO | Usuario=Smoke Test | Perfil=Administrador | Tela=PDV | Acao=Desconto: Desconto de R$ 0,00 aplicado! | ErroTecnico= | StackTrace=
DataHora=2026-09-26T16:39:30.4592662-03:00 | Nivel=INFO | Usuario=Smoke Test | Perfil=Administrador | Tela=PDV | Acao=Diagnostico de impressao do PDV: Default=Microsoft Print to PDF / Fisica=False / Instaladas=1 / Microsoft Print to PDF [Driver=Microsoft Print To PDF; Porta=PORTPROMPT:; Default=True; Virtual=True; Offline=False; Shared=False] | ErroTecnico= | StackTrace=
DataHora=2026-09-26T16:39:30.4603074-03:00 | Nivel=WARN | Usuario=Smoke Test | Perfil=Administrador | Tela=PDV | Acao=Nenhuma impressora fisica foi detectada para homologacao final do PDV. O ambiente atual depende apenas de fila virtual. | ErroTecnico= | StackTrace=
DataHora=2026-09-26T16:39:31.3206216-03:00 | Nivel=INFO | Usuario=Smoke Test | Perfil=Administrador | Tela=PDV | Acao=Diagnostico de impressao do PDV: Default=Microsoft Print to PDF / Fisica=False / Instaladas=1 / Microsoft Print to PDF [Driver=Microsoft Print To PDF; Porta=PORTPROMPT:; Default=True; Virtual=True; Offline=False; Shared=False] | ErroTecnico= | StackTrace=
DataHora=2026-09-26T16:39:31.3217846-03:00 | Nivel=WARN | Usuario=Smoke Test | Perfil=Administrador | Tela=PDV | Acao=Nenhuma impressora fisica foi detectada para homologacao final do PDV. O ambiente atual depende apenas de fila virtual. | ErroTecnico= | StackTrace=
DataHora=2026-09-26T16:39:32.4109347-03:00 | Nivel=INFO | Usuario=Smoke Test | Perfil=Administrador | Tela=PDV | Acao=Diagnostico de impressao do PDV: Default=Microsoft Print to PDF / Fisica=False / Instaladas=1 / Microsoft Print to PDF [Driver=Microsoft Print To PDF; Porta=PORTPROMPT:; Default=True; Virtual=True; Offline=False; Shared=False] | ErroTecnico= | StackTrace=
DataHora=2026-09-26T16:39:32.4119433-03:00 | Nivel=WARN | Usuario=Smoke Test | Perfil=Administrador | Tela=PDV | Acao=Nenhuma impressora fisica foi detectada para homologacao final do PDV. O ambiente atual depende apenas de fila virtual. | ErroTecnico= | StackTrace=
DataHora=2026-09-26T16:39:33.1723854-03:00 | Nivel=INFO | Usuario=Smoke Test | Perfil=Administrador | Tela=Geral | Acao=Smoke test aprovado: Interacao:Modulo:PDVControl (18418 ms). | ErroTecnico= | StackTrace=
DataHora=2026-09-26T16:39:33.1731288-03:00 | Nivel=INFO | Usuario=Smoke Test | Perfil=Administrador | Tela=Geral | Acao=Smoke test iniciando: Interacao:Modulo:EstoqueControl. | ErroTecnico= | StackTrace=
DataHora=2026-09-26T16:39:33.2769077-03:00 | Nivel=INFO | Usuario=Smoke Test | Perfil=Administrador | Tela=Estoque | Acao=Estoque: listagem carregou 7 produto(s). | ErroTecnico= | StackTrace=
DataHora=2026-09-26T16:39:33.4814292-03:00 | Nivel=INFO | Usuario=Smoke Test | Perfil=Administrador | Tela=Estoque | Acao=Estoque layout: rootH=821; headerH=59; actionBarH=140; actionBarVis=Visible; metricsH=84; metricsVis=Visible; stateHostH=511; contentH=511; contentVis=Visible; loadingH=0; loadingVis=Collapsed; emptyH=0; emptyVis=Collapsed; errorH=0; errorVis=Collapsed; dataGridH=363; gridItems=7; totalTxt=7 | ErroTecnico= | StackTrace=
DataHora=2026-09-26T16:39:33.6723282-03:00 | Nivel=INFO | Usuario=Smoke Test | Perfil=Administrador | Tela=Estoque | Acao=Janela NovoProdutoWindow validada em automacao sem abrir modal bloqueante. | ErroTecnico= | StackTrace=
DataHora=2026-09-26T16:39:34.4088418-03:00 | Nivel=INFO | Usuario=Smoke Test | Perfil=Administrador | Tela=Estoque | Acao=Janela AjusteEstoqueWindow validada em automacao sem abrir modal bloqueante. | ErroTecnico= | StackTrace=
DataHora=2026-09-26T16:39:37.9528790-03:00 | Nivel=INFO | Usuario=Smoke Test | Perfil=Administrador | Tela=Estoque | Acao=Estoque: listagem carregou 7 produto(s). | ErroTecnico= | StackTrace=
DataHora=2026-09-26T16:39:37.9655540-03:00 | Nivel=INFO | Usuario=Smoke Test | Perfil=Administrador | Tela=Estoque | Acao=Movimentacao dedicada de Entrada validada em automacao para produto CAD-162948957. | ErroTecnico= | StackTrace=
DataHora=2026-09-26T16:39:38.1528400-03:00 | Nivel=INFO | Usuario=Smoke Test | Perfil=Administrador | Tela=Estoque | Acao=Estoque layout: rootH=821; headerH=59; actionBarH=140; actionBarVis=Visible; metricsH=84; metricsVis=Visible; stateHostH=511; contentH=511; contentVis=Visible; loadingH=0; loadingVis=Collapsed; emptyH=0; emptyVis=Collapsed; errorH=0; errorVis=Collapsed; dataGridH=363; gridItems=7; totalTxt=7 | ErroTecnico= | StackTrace=
DataHora=2026-09-26T16:39:39.4384159-03:00 | Nivel=INFO | Usuario=Smoke Test | Perfil=Administrador | Tela=Estoque | Acao=Estoque: listagem carregou 7 produto(s). | ErroTecnico= | StackTrace=
DataHora=2026-09-26T16:39:39.4511172-03:00 | Nivel=INFO | Usuario=Smoke Test | Perfil=Administrador | Tela=Estoque | Acao=Movimentacao dedicada de Saida validada em automacao para produto CAD-162948957. | ErroTecnico= | StackTrace=
DataHora=2026-09-26T16:39:39.5976766-03:00 | Nivel=INFO | Usuario=Smoke Test | Perfil=Administrador | Tela=Estoque | Acao=Estoque layout: rootH=821; headerH=59; actionBarH=140; actionBarVis=Visible; metricsH=84; metricsVis=Visible; stateHostH=511; contentH=511; contentVis=Visible; loadingH=0; loadingVis=Collapsed; emptyH=0; emptyVis=Collapsed; errorH=0; errorVis=Collapsed; dataGridH=363; gridItems=7; totalTxt=7 | ErroTecnico= | StackTrace=
DataHora=2026-09-26T16:39:40.8788270-03:00 | Nivel=INFO | Usuario=Smoke Test | Perfil=Administrador | Tela=Estoque | Acao=Etiqueta gerada para produto CAD-162948957 em C:\Users\campo\AppData\Local\Temp\primox-c114-smoke-20260926_162941\Logs\produtos-smoke\Etiqueta_0000162948957_20260926_163940.pdf. | ErroTecnico= | StackTrace=
DataHora=2026-09-26T16:39:42.1369926-03:00 | Nivel=INFO | Usuario=Smoke Test | Perfil=Administrador | Tela=Estoque | Acao=Estoque: listagem carregou 7 produto(s). | ErroTecnico= | StackTrace=
DataHora=2026-09-26T16:39:42.1497496-03:00 | Nivel=INFO | Usuario=Smoke Test | Perfil=Administrador | Tela=Estoque | Acao=Inventario operacional validado em automacao para produto CAD-162948957. | ErroTecnico= | StackTrace=
DataHora=2026-09-26T16:39:42.5429126-03:00 | Nivel=INFO | Usuario=Smoke Test | Perfil=Administrador | Tela=Estoque | Acao=Estoque layout: rootH=821; headerH=59; actionBarH=140; actionBarVis=Visible; metricsH=84; metricsVis=Visible; stateHostH=511; contentH=511; contentVis=Visible; loadingH=0; loadingVis=Collapsed; emptyH=0; emptyVis=Collapsed; errorH=0; errorVis=Collapsed; dataGridH=363; gridItems=7; totalTxt=7 | ErroTecnico= | StackTrace=
DataHora=2026-09-26T16:39:43.8170879-03:00 | Nivel=INFO | Usuario=Smoke Test | Perfil=Administrador | Tela=Estoque | Acao=Historico operacional validado em automacao para produto CAD-162948957 com 4 registro(s). | ErroTecnico= | StackTrace=
DataHora=2026-09-26T16:39:45.0852199-03:00 | Nivel=INFO | Usuario=Smoke Test | Perfil=Administrador | Tela=Estoque | Acao=Detalhes do Produto: Codigo: CAD-162948957\nNome: Produto Cadastro Completo 162948957\nCategoria: Eletrica\nFornecedor: Fornecedor Smoke 92381670039764\nCodigo de barras: 0000162948957\nSKU: SKU-CAD-162948957\nUnidade: UN\nNCM: 85364100\nCEST: 0100100\nCFOP: 5102\nEstoque: 15\nReservado: 0\nDisponivel: 15\nPreco compra: R$ 10,50\nPreco venda: R$ 25,90\nMargem: 59,5%\nUltima compra: -\nUltima venda: -\nLocalizacao: A1\nPrateleira: P1\nGaveta: G1\nImagem: C:\Users\campo\AppData\Local\Temp\primox-c114-smoke-20260926_162941\Media\Produtos\20260926162949_Produto_Cadastro_Completo_162948957_788d2b26dea04eceba9a774fa569cfe9.png\nAnexos: 2\nStatus: Ativo | ErroTecnico= | StackTrace=
DataHora=2026-09-26T16:39:46.3765652-03:00 | Nivel=INFO | Usuario=Smoke Test | Perfil=Administrador | Tela=Estoque | Acao=Janela EditarProdutoWindow validada em automacao sem abrir modal bloqueante. | ErroTecnico= | StackTrace=
DataHora=2026-09-26T16:39:47.6400904-03:00 | Nivel=INFO | Usuario=Smoke Test | Perfil=Administrador | Tela=Estoque | Acao=Janela AjusteEstoqueWindow validada em automacao sem abrir modal bloqueante. | ErroTecnico= | StackTrace=
DataHora=2026-09-26T16:39:48.9003269-03:00 | Nivel=INFO | Usuario=Smoke Test | Perfil=Administrador | Tela=Estoque | Acao=Estoque: listagem carregou 7 produto(s). | ErroTecnico= | StackTrace=
DataHora=2026-09-26T16:39:48.9130887-03:00 | Nivel=INFO | Usuario=Smoke Test | Perfil=Administrador | Tela=Estoque | Acao=Inventario operacional validado em automacao para produto CAD-162948957. | ErroTecnico= | StackTrace=
DataHora=2026-09-26T16:39:49.0911864-03:00 | Nivel=INFO | Usuario=Smoke Test | Perfil=Administrador | Tela=Estoque | Acao=Estoque layout: rootH=821; headerH=59; actionBarH=140; actionBarVis=Visible; metricsH=84; metricsVis=Visible; stateHostH=511; contentH=511; contentVis=Visible; loadingH=0; loadingVis=Collapsed; emptyH=0; emptyVis=Collapsed; errorH=0; errorVis=Collapsed; dataGridH=363; gridItems=7; totalTxt=7 | ErroTecnico= | StackTrace=
DataHora=2026-09-26T16:39:50.3643522-03:00 | Nivel=INFO | Usuario=Smoke Test | Perfil=Administrador | Tela=Estoque | Acao=Historico operacional validado em automacao para produto CAD-162948957 com 5 registro(s). | ErroTecnico= | StackTrace=
DataHora=2026-09-26T16:39:52.4298176-03:00 | Nivel=INFO | Usuario=Smoke Test | Perfil=Administrador | Tela=Geral | Acao=Smoke test aprovado: Interacao:Modulo:EstoqueControl (19256 ms). | ErroTecnico= | StackTrace=
DataHora=2026-09-26T16:39:52.4305137-03:00 | Nivel=INFO | Usuario=Smoke Test | Perfil=Administrador | Tela=Geral | Acao=Smoke test iniciando: Interacao:Modulo:CatalogoPecasControl. | ErroTecnico= | StackTrace=
DataHora=2026-09-26T16:39:52.5421365-03:00 | Nivel=INFO | Usuario=Smoke Test | Perfil=Administrador | Tela=Geral | Acao=Catalogo veiculos: seed +0 veiculos, +0 vinculos peca↔veiculo. | ErroTecnico= | StackTrace=
DataHora=2026-09-26T16:39:52.9077729-03:00 | Nivel=INFO | Usuario=Smoke Test | Perfil=Administrador | Tela=Geral | Acao=Catalogo veiculos: seed +0 veiculos, +0 vinculos peca↔veiculo. | ErroTecnico= | StackTrace=
DataHora=2026-09-26T16:39:58.0197481-03:00 | Nivel=WARN | Usuario=Smoke Test | Perfil=Administrador | Tela=Geral | Acao=Smoke test: janela Window nao ficou visivel apos 5s. | ErroTecnico= | StackTrace=
DataHora=2026-09-26T16:39:59.0248572-03:00 | Nivel=INFO | Usuario=Smoke Test | Perfil=Administrador | Tela=Geral | Acao=Catalogo veiculos: seed +0 veiculos, +0 vinculos peca↔veiculo. | ErroTecnico= | StackTrace=
DataHora=2026-09-26T16:40:04.1376351-03:00 | Nivel=WARN | Usuario=Smoke Test | Perfil=Administrador | Tela=Geral | Acao=Smoke test: janela Window nao ficou visivel apos 5s. | ErroTecnico= | StackTrace=
DataHora=2026-09-26T16:40:04.9827177-03:00 | Nivel=INFO | Usuario=Smoke Test | Perfil=Administrador | Tela=Geral | Acao=Catalogo veiculos: seed +0 veiculos, +0 vinculos peca↔veiculo. | ErroTecnico= | StackTrace=
DataHora=2026-09-26T16:40:10.0800858-03:00 | Nivel=WARN | Usuario=Smoke Test | Perfil=Administrador | Tela=Geral | Acao=Smoke test: janela Window nao ficou visivel apos 5s. | ErroTecnico= | StackTrace=
DataHora=2026-09-26T16:40:10.8808164-03:00 | Nivel=INFO | Usuario=Smoke Test | Perfil=Administrador | Tela=Geral | Acao=Catalogo veiculos: seed +0 veiculos, +0 vinculos peca↔veiculo. | ErroTecnico= | StackTrace=
DataHora=2026-09-26T16:40:15.9699445-03:00 | Nivel=WARN | Usuario=Smoke Test | Perfil=Administrador | Tela=Geral | Acao=Smoke test: janela Window nao ficou visivel apos 5s. | ErroTecnico= | StackTrace=
DataHora=2026-09-26T16:40:16.9171344-03:00 | Nivel=INFO | Usuario=Smoke Test | Perfil=Administrador | Tela=Geral | Acao=Catalogo veiculos: seed +0 veiculos, +0 vinculos peca↔veiculo. | ErroTecnico= | StackTrace=
DataHora=2026-09-26T16:40:22.0233932-03:00 | Nivel=WARN | Usuario=Smoke Test | Perfil=Administrador | Tela=Geral | Acao=Smoke test: janela Window nao ficou visivel apos 5s. | ErroTecnico= | StackTrace=
DataHora=2026-09-26T16:40:22.9548722-03:00 | Nivel=INFO | Usuario=Smoke Test | Perfil=Administrador | Tela=Geral | Acao=Catalogo veiculos: seed +0 veiculos, +0 vinculos peca↔veiculo. | ErroTecnico= | StackTrace=
DataHora=2026-09-26T16:40:28.0481199-03:00 | Nivel=WARN | Usuario=Smoke Test | Perfil=Administrador | Tela=Geral | Acao=Smoke test: janela Window nao ficou visivel apos 5s. | ErroTecnico= | StackTrace=
DataHora=2026-09-26T16:40:28.8909947-03:00 | Nivel=WARN | Usuario=Smoke Test | Perfil=Administrador | Tela=Geral | Acao=Smoke test 'Interacao:Modulo:CatalogoPecasControl' demorou 36460 ms (acima de 30000 ms). | ErroTecnico= | StackTrace=
DataHora=2026-09-26T16:40:28.8916605-03:00 | Nivel=INFO | Usuario=Smoke Test | Perfil=Administrador | Tela=Geral | Acao=Smoke test aprovado: Interacao:Modulo:CatalogoPecasControl (36460 ms). | ErroTecnico= | StackTrace=
DataHora=2026-09-26T16:40:28.8921899-03:00 | Nivel=INFO | Usuario=Smoke Test | Perfil=Administrador | Tela=Geral | Acao=Smoke test iniciando: Interacao:Modulo:ImportarNFeControl. | ErroTecnico= | StackTrace=
DataHora=2026-09-26T16:40:34.5927045-03:00 | Nivel=WARN | Usuario=Smoke Test | Perfil=Administrador | Tela=Geral | Acao=Smoke test: janela Window nao ficou visivel apos 5s. | ErroTecnico= | StackTrace=
DataHora=2026-09-26T16:40:40.7713477-03:00 | Nivel=WARN | Usuario=Smoke Test | Perfil=Administrador | Tela=Geral | Acao=Smoke test: janela Window nao ficou visivel apos 5s. | ErroTecnico= | StackTrace=
DataHora=2026-09-26T16:40:48.1335739-03:00 | Nivel=WARN | Usuario=Smoke Test | Perfil=Administrador | Tela=Geral | Acao=Smoke test: janela Window nao ficou visivel apos 5s. | ErroTecnico= | StackTrace=
DataHora=2026-09-26T16:40:54.0742928-03:00 | Nivel=WARN | Usuario=Smoke Test | Perfil=Administrador | Tela=Geral | Acao=Smoke test: janela Window nao ficou visivel apos 5s. | ErroTecnico= | StackTrace=
DataHora=2026-09-26T16:41:00.1677230-03:00 | Nivel=WARN | Usuario=Smoke Test | Perfil=Administrador | Tela=Geral | Acao=Smoke test: janela Window nao ficou visivel apos 5s. | ErroTecnico= | StackTrace=
DataHora=2026-09-26T16:41:00.1798198-03:00 | Nivel=INFO | Usuario=Smoke Test | Perfil=Administrador | Tela=Geral | Acao=Rollback de produtos NF-e validado em automacao sem apagar dados sinteticos. Id=cbf45d2d-a9f1-4729-aec5-29cd03311316 | ErroTecnico= | StackTrace=
DataHora=2026-09-26T16:41:06.1316450-03:00 | Nivel=WARN | Usuario=Smoke Test | Perfil=Administrador | Tela=Geral | Acao=Smoke test: janela Window nao ficou visivel apos 5s. | ErroTecnico= | StackTrace=
DataHora=2026-09-26T16:41:06.1434034-03:00 | Nivel=INFO | Usuario=Smoke Test | Perfil=Administrador | Tela=Geral | Acao=Rollback de produtos NF-e validado em automacao sem apagar dados sinteticos. Id=cbf45d2d-a9f1-4729-aec5-29cd03311316 | ErroTecnico= | StackTrace=
DataHora=2026-09-26T16:41:12.0928763-03:00 | Nivel=WARN | Usuario=Smoke Test | Perfil=Administrador | Tela=Geral | Acao=Smoke test: janela Window nao ficou visivel apos 5s. | ErroTecnico= | StackTrace=
DataHora=2026-09-26T16:41:19.1142814-03:00 | Nivel=WARN | Usuario=Smoke Test | Perfil=Administrador | Tela=Geral | Acao=Smoke test: janela Window nao ficou visivel apos 5s. | ErroTecnico= | StackTrace=
DataHora=2026-09-26T16:41:25.0584445-03:00 | Nivel=WARN | Usuario=Smoke Test | Perfil=Administrador | Tela=Geral | Acao=Smoke test: janela Window nao ficou visivel apos 5s. | ErroTecnico= | StackTrace=
DataHora=2026-09-26T16:41:26.2280821-03:00 | Nivel=INFO | Usuario=Smoke Test | Perfil=Administrador | Tela=Geral | Acao=Exclusao de importacao NF-e validada em automacao sem apagar dados sinteticos. Id=cbf45d2d-a9f1-4729-aec5-29cd03311316 | ErroTecnico= | StackTrace=
DataHora=2026-09-26T16:41:32.1758807-03:00 | Nivel=WARN | Usuario=Smoke Test | Perfil=Administrador | Tela=Geral | Acao=Smoke test: janela Window nao ficou visivel apos 5s. | ErroTecnico= | StackTrace=
DataHora=2026-09-26T16:41:32.1876238-03:00 | Nivel=INFO | Usuario=Smoke Test | Perfil=Administrador | Tela=Geral | Acao=Rollback de produtos NF-e validado em automacao sem apagar dados sinteticos. Id=cbf45d2d-a9f1-4729-aec5-29cd03311316 | ErroTecnico= | StackTrace=
DataHora=2026-09-26T16:41:38.3255831-03:00 | Nivel=WARN | Usuario=Smoke Test | Perfil=Administrador | Tela=Geral | Acao=Smoke test: janela Window nao ficou visivel apos 5s. | ErroTecnico= | StackTrace=
DataHora=2026-09-26T16:41:44.2899520-03:00 | Nivel=WARN | Usuario=Smoke Test | Perfil=Administrador | Tela=Geral | Acao=Smoke test: janela Window nao ficou visivel apos 5s. | ErroTecnico= | StackTrace=
DataHora=2026-09-26T16:41:45.2545400-03:00 | Nivel=WARN | Usuario=Smoke Test | Perfil=Administrador | Tela=Geral | Acao=Smoke test 'Interacao:Modulo:ImportarNFeControl' demorou 76362 ms (acima de 30000 ms). | ErroTecnico= | StackTrace=
DataHora=2026-09-26T16:41:45.2552356-03:00 | Nivel=INFO | Usuario=Smoke Test | Perfil=Administrador | Tela=Geral | Acao=Smoke test aprovado: Interacao:Modulo:ImportarNFeControl (76362 ms). | ErroTecnico= | StackTrace=
DataHora=2026-09-26T16:41:45.2557370-03:00 | Nivel=INFO | Usuario=Smoke Test | Perfil=Administrador | Tela=Geral | Acao=Smoke test iniciando: Interacao:Modulo:FinanceiroControl. | ErroTecnico= | StackTrace=
DataHora=2026-09-26T16:41:45.2734287-03:00 | Nivel=INFO | Usuario=Smoke Test | Perfil=Administrador | Tela=Financeiro | Acao=ObterMovimentacoes(limit=1200) concluida em 0 ms. | ErroTecnico= | StackTrace=
DataHora=2026-09-26T16:41:45.2761797-03:00 | Nivel=INFO | Usuario=Smoke Test | Perfil=Administrador | Tela=Financeiro | Acao=ObterMovimentacoes(limit=1200) concluida em 0 ms. | ErroTecnico= | StackTrace=
DataHora=2026-09-26T16:41:45.2841333-03:00 | Nivel=INFO | Usuario=Smoke Test | Perfil=Administrador | Tela=Financeiro | Acao=ObterMovimentacoes(limit=1200) concluida em 0 ms. | ErroTecnico= | StackTrace=
DataHora=2026-09-26T16:41:46.2305540-03:00 | Nivel=INFO | Usuario=Smoke Test | Perfil=Administrador | Tela=Financeiro | Acao=ObterMovimentacoes(limit=1200) concluida em 0 ms. | ErroTecnico= | StackTrace=
DataHora=2026-09-26T16:41:46.2359358-03:00 | Nivel=INFO | Usuario=Smoke Test | Perfil=Administrador | Tela=Financeiro | Acao=ObterMovimentacoes(limit=1200) concluida em 0 ms. | ErroTecnico= | StackTrace=
DataHora=2026-09-26T16:41:46.2731795-03:00 | Nivel=INFO | Usuario=Smoke Test | Perfil=Administrador | Tela=Financeiro | Acao=ObterMovimentacoes(limit=1200) concluida em 0 ms. | ErroTecnico= | StackTrace=
DataHora=2026-09-26T16:41:52.2080249-03:00 | Nivel=WARN | Usuario=Smoke Test | Perfil=Administrador | Tela=Geral | Acao=Smoke test: janela Window nao ficou visivel apos 5s. | ErroTecnico= | StackTrace=
DataHora=2026-09-26T16:41:52.2371130-03:00 | Nivel=INFO | Usuario=Smoke Test | Perfil=Administrador | Tela=Financeiro | Acao=ObterMovimentacoes(limit=1200) concluida em 0 ms. | ErroTecnico= | StackTrace=
DataHora=2026-09-26T16:41:52.2423456-03:00 | Nivel=INFO | Usuario=Smoke Test | Perfil=Administrador | Tela=Financeiro | Acao=ObterMovimentacoes(limit=1200) concluida em 0 ms. | ErroTecnico= | StackTrace=
DataHora=2026-09-26T16:41:52.2814650-03:00 | Nivel=INFO | Usuario=Smoke Test | Perfil=Administrador | Tela=Financeiro | Acao=ObterMovimentacoes(limit=1200) concluida em 0 ms. | ErroTecnico= | StackTrace=
DataHora=2026-09-26T16:41:52.2827536-03:00 | Nivel=INFO | Usuario=Smoke Test | Perfil=Administrador | Tela=Financeiro | Acao=Atualizacao: Dados atualizados com sucesso! | ErroTecnico= | StackTrace=
DataHora=2026-09-26T16:41:52.9072139-03:00 | Nivel=INFO | Usuario=Smoke Test | Perfil=Administrador | Tela=Financeiro | Acao=Relatorio financeiro CSV validado em automacao em 'C:\Users\campo\AppData\Local\Temp\primox-c114-smoke-20260926_162941\Logs\financeiro-smoke\RelatorioFinanceiro_20260926_164152.csv'. | ErroTecnico= | StackTrace=
DataHora=2026-09-26T16:41:53.5337475-03:00 | Nivel=INFO | Usuario=Smoke Test | Perfil=Administrador | Tela=Financeiro | Acao=ObterMovimentacoes(limit=1000) concluida em 0 ms. | ErroTecnico= | StackTrace=
DataHora=2026-09-26T16:41:53.5509879-03:00 | Nivel=INFO | Usuario=Smoke Test | Perfil=Administrador | Tela=Financeiro | Acao=PDF financeiro validado em automacao em 'C:\Users\campo\AppData\Local\Temp\primox-c114-smoke-20260926_162941\Logs\financeiro-smoke\FluxoCaixa_20260926_164153.pdf'. | ErroTecnico= | StackTrace=
DataHora=2026-09-26T16:41:54.1861193-03:00 | Nivel=INFO | Usuario=Smoke Test | Perfil=Administrador | Tela=Financeiro | Acao=ObterMovimentacoes(limit=1200) concluida em 0 ms. | ErroTecnico= | StackTrace=
DataHora=2026-09-26T16:41:54.1890421-03:00 | Nivel=INFO | Usuario=Smoke Test | Perfil=Administrador | Tela=Financeiro | Acao=ObterMovimentacoes(limit=1200) concluida em 0 ms. | ErroTecnico= | StackTrace=
DataHora=2026-09-26T16:41:54.2307202-03:00 | Nivel=INFO | Usuario=Smoke Test | Perfil=Administrador | Tela=Financeiro | Acao=ObterMovimentacoes(limit=1200) concluida em 0 ms. | ErroTecnico= | StackTrace=
DataHora=2026-09-26T16:41:54.2436670-03:00 | Nivel=INFO | Usuario=Smoke Test | Perfil=Administrador | Tela=Financeiro | Acao=Impressao do relatorio financeiro validada em automacao sem abrir dialogo de impressora. | ErroTecnico= | StackTrace=
DataHora=2026-09-26T16:41:54.8702801-03:00 | Nivel=INFO | Usuario=Smoke Test | Perfil=Administrador | Tela=Financeiro | Acao=Filtros: Filtros avancados disponiveis nos botoes de filtro das secoes de Contas a Pagar e Contas a Receber. | ErroTecnico= | StackTrace=
DataHora=2026-09-26T16:41:59.2607568-03:00 | Nivel=INFO | Usuario=Smoke Test | Perfil=Administrador | Tela=Financeiro | Acao=ObterMovimentacoes(limit=1200) concluida em 0 ms. | ErroTecnico= | StackTrace=
DataHora=2026-09-26T16:41:59.2637118-03:00 | Nivel=INFO | Usuario=Smoke Test | Perfil=Administrador | Tela=Financeiro | Acao=ObterMovimentacoes(limit=1200) concluida em 0 ms. | ErroTecnico= | StackTrace=
DataHora=2026-09-26T16:41:59.2739619-03:00 | Nivel=INFO | Usuario=Smoke Test | Perfil=Administrador | Tela=Financeiro | Acao=ObterMovimentacoes(limit=1200) concluida em 0 ms. | ErroTecnico= | StackTrace=
DataHora=2026-09-26T16:41:59.2750637-03:00 | Nivel=INFO | Usuario=Smoke Test | Perfil=Administrador | Tela=Financeiro | Acao=Financeiro: Conta a pagar liquidada com sucesso! | ErroTecnico= | StackTrace=
DataHora=2026-09-26T16:42:03.6909680-03:00 | Nivel=INFO | Usuario=Smoke Test | Perfil=Administrador | Tela=Financeiro | Acao=ObterMovimentacoes(limit=1200) concluida em 0 ms. | ErroTecnico= | StackTrace=
DataHora=2026-09-26T16:42:03.6939056-03:00 | Nivel=INFO | Usuario=Smoke Test | Perfil=Administrador | Tela=Financeiro | Acao=ObterMovimentacoes(limit=1200) concluida em 0 ms. | ErroTecnico= | StackTrace=
DataHora=2026-09-26T16:42:03.7042879-03:00 | Nivel=INFO | Usuario=Smoke Test | Perfil=Administrador | Tela=Financeiro | Acao=ObterMovimentacoes(limit=1200) concluida em 0 ms. | ErroTecnico= | StackTrace=
DataHora=2026-09-26T16:42:03.7054117-03:00 | Nivel=INFO | Usuario=Smoke Test | Perfil=Administrador | Tela=Financeiro | Acao=Financeiro: Conta a receber liquidada com sucesso! | ErroTecnico= | StackTrace=
DataHora=2026-09-26T16:42:04.5074720-03:00 | Nivel=INFO | Usuario=Smoke Test | Perfil=Administrador | Tela=Geral | Acao=Smoke test aprovado: Interacao:Modulo:FinanceiroControl (19251 ms). | ErroTecnico= | StackTrace=
DataHora=2026-09-26T16:42:04.5083133-03:00 | Nivel=INFO | Usuario=Smoke Test | Perfil=Administrador | Tela=Geral | Acao=Smoke test iniciando: Interacao:Modulo:FornecedoresControl. | ErroTecnico= | StackTrace=
DataHora=2026-09-26T16:42:09.6880429-03:00 | Nivel=WARN | Usuario=Smoke Test | Perfil=Administrador | Tela=Geral | Acao=Smoke test: janela Window nao ficou visivel apos 5s. | ErroTecnico= | StackTrace=
DataHora=2026-09-26T16:42:15.0268399-03:00 | Nivel=WARN | Usuario=Smoke Test | Perfil=Administrador | Tela=Geral | Acao=Smoke test: janela Window nao ficou visivel apos 5s. | ErroTecnico= | StackTrace=
DataHora=2026-09-26T16:42:21.1270799-03:00 | Nivel=WARN | Usuario=Smoke Test | Perfil=Administrador | Tela=Geral | Acao=Smoke test: janela Window nao ficou visivel apos 5s. | ErroTecnico= | StackTrace=
DataHora=2026-09-26T16:42:28.9932283-03:00 | Nivel=WARN | Usuario=Smoke Test | Perfil=Administrador | Tela=Geral | Acao=Smoke test: janela Window nao ficou visivel apos 5s. | ErroTecnico= | StackTrace=
DataHora=2026-09-26T16:42:31.6302915-03:00 | Nivel=INFO | Usuario=Smoke Test | Perfil=Administrador | Tela=Geral | Acao=Smoke test aprovado: Interacao:Modulo:FornecedoresControl (27121 ms). | ErroTecnico= | StackTrace=
DataHora=2026-09-26T16:42:31.6310437-03:00 | Nivel=INFO | Usuario=Smoke Test | Perfil=Administrador | Tela=Geral | Acao=Smoke test iniciando: Interacao:Modulo:FuncionariosControl. | ErroTecnico= | StackTrace=
DataHora=2026-09-26T16:42:36.9041676-03:00 | Nivel=WARN | Usuario=Smoke Test | Perfil=Administrador | Tela=Geral | Acao=Smoke test: janela Window nao ficou visivel apos 5s. | ErroTecnico= | StackTrace=
DataHora=2026-09-26T16:42:42.3293189-03:00 | Nivel=WARN | Usuario=Smoke Test | Perfil=Administrador | Tela=Geral | Acao=Smoke test: janela Window nao ficou visivel apos 5s. | ErroTecnico= | StackTrace=
DataHora=2026-09-26T16:42:52.0106787-03:00 | Nivel=WARN | Usuario=Smoke Test | Perfil=Administrador | Tela=Geral | Acao=Smoke test: janela Window nao ficou visivel apos 5s. | ErroTecnico= | StackTrace=
DataHora=2026-09-26T16:42:58.1142624-03:00 | Nivel=WARN | Usuario=Smoke Test | Perfil=Administrador | Tela=Geral | Acao=Smoke test: janela Window nao ficou visivel apos 5s. | ErroTecnico= | StackTrace=
DataHora=2026-09-26T16:43:04.2849536-03:00 | Nivel=WARN | Usuario=Smoke Test | Perfil=Administrador | Tela=Geral | Acao=Smoke test: janela Window nao ficou visivel apos 5s. | ErroTecnico= | StackTrace=
DataHora=2026-09-26T16:43:13.8936614-03:00 | Nivel=WARN | Usuario=Smoke Test | Perfil=Administrador | Tela=Geral | Acao=Smoke test: janela Window nao ficou visivel apos 5s. | ErroTecnico= | StackTrace=
DataHora=2026-09-26T16:43:19.9928913-03:00 | Nivel=WARN | Usuario=Smoke Test | Perfil=Administrador | Tela=Geral | Acao=Smoke test: janela Window nao ficou visivel apos 5s. | ErroTecnico= | StackTrace=
DataHora=2026-09-26T16:43:26.1770633-03:00 | Nivel=WARN | Usuario=Smoke Test | Perfil=Administrador | Tela=Geral | Acao=Smoke test: janela Window nao ficou visivel apos 5s. | ErroTecnico= | StackTrace=
DataHora=2026-09-26T16:43:35.6422896-03:00 | Nivel=WARN | Usuario=Smoke Test | Perfil=Administrador | Tela=Geral | Acao=Smoke test: janela Window nao ficou visivel apos 5s. | ErroTecnico= | StackTrace=
DataHora=2026-09-26T16:43:44.1031825-03:00 | Nivel=WARN | Usuario=Smoke Test | Perfil=Administrador | Tela=Geral | Acao=Smoke test: janela Window nao ficou visivel apos 5s. | ErroTecnico= | StackTrace=
DataHora=2026-09-26T16:43:50.1932210-03:00 | Nivel=WARN | Usuario=Smoke Test | Perfil=Administrador | Tela=Geral | Acao=Smoke test: janela Window nao ficou visivel apos 5s. | ErroTecnico= | StackTrace=
DataHora=2026-09-26T16:43:57.3749190-03:00 | Nivel=WARN | Usuario=Smoke Test | Perfil=Administrador | Tela=Geral | Acao=Smoke test: janela Window nao ficou visivel apos 5s. | ErroTecnico= | StackTrace=
DataHora=2026-09-26T16:44:03.6317727-03:00 | Nivel=WARN | Usuario=Smoke Test | Perfil=Administrador | Tela=Geral | Acao=Smoke test: janela Window nao ficou visivel apos 5s. | ErroTecnico= | StackTrace=
DataHora=2026-09-26T16:44:09.9277385-03:00 | Nivel=WARN | Usuario=Smoke Test | Perfil=Administrador | Tela=Geral | Acao=Smoke test: janela Window nao ficou visivel apos 5s. | ErroTecnico= | StackTrace=
DataHora=2026-09-26T16:44:16.0348816-03:00 | Nivel=WARN | Usuario=Smoke Test | Perfil=Administrador | Tela=Geral | Acao=Smoke test: janela Window nao ficou visivel apos 5s. | ErroTecnico= | StackTrace=
DataHora=2026-09-26T16:44:16.7360110-03:00 | Nivel=WARN | Usuario=Smoke Test | Perfil=Administrador | Tela=Geral | Acao=Smoke test 'Interacao:Modulo:FuncionariosControl' demorou 105104 ms (acima de 30000 ms). | ErroTecnico= | StackTrace=
DataHora=2026-09-26T16:44:16.7368283-03:00 | Nivel=INFO | Usuario=Smoke Test | Perfil=Administrador | Tela=Geral | Acao=Smoke test aprovado: Interacao:Modulo:FuncionariosControl (105104 ms). | ErroTecnico= | StackTrace=
DataHora=2026-09-26T16:44:16.7373751-03:00 | Nivel=INFO | Usuario=Smoke Test | Perfil=Administrador | Tela=Geral | Acao=Smoke test iniciando: Interacao:Modulo:AgendamentosControl. | ErroTecnico= | StackTrace=
DataHora=2026-09-26T16:44:17.1039536-03:00 | Nivel=INFO | Usuario=Smoke Test | Perfil=Administrador | Tela=Agendamentos | Acao=Impressao da agenda validada em automacao sem abrir dialogo de impressora. | ErroTecnico= | StackTrace=
DataHora=2026-09-26T16:44:17.1635792-03:00 | Nivel=INFO | Usuario=Smoke Test | Perfil=Administrador | Tela=Agendamentos | Acao=Agenda exportada em PDF validada em automacao em 'C:\Users\campo\AppData\Local\Temp\primox-c114-smoke-20260926_162941\Logs\agendamentos-smoke\Agenda_20260926_164417.pdf'. | ErroTecnico= | StackTrace=
DataHora=2026-09-26T16:44:17.1654022-03:00 | Nivel=INFO | Usuario=Smoke Test | Perfil=Administrador | Tela=Agendamentos | Acao=Filtros: Filtros limpos! Agora você pode buscar livremente. | ErroTecnico= | StackTrace=
DataHora=2026-09-26T16:44:19.4019265-03:00 | Nivel=INFO | Usuario=Smoke Test | Perfil=Administrador | Tela=Geral | Acao=Smoke test aprovado: Interacao:Modulo:AgendamentosControl (2664 ms). | ErroTecnico= | StackTrace=
DataHora=2026-09-26T16:44:19.4026667-03:00 | Nivel=INFO | Usuario=Smoke Test | Perfil=Administrador | Tela=Geral | Acao=Smoke test iniciando: Interacao:Modulo:RelatoriosControl. | ErroTecnico= | StackTrace=
DataHora=2026-09-26T16:44:19.5325245-03:00 | Nivel=INFO | Usuario=Smoke Test | Perfil=Administrador | Tela=Relatorios | Acao=ObterDadosFinanceiros(limit=250) concluida em 0 ms. | ErroTecnico= | StackTrace=
DataHora=2026-09-26T16:44:19.5338871-03:00 | Nivel=INFO | Usuario=Smoke Test | Perfil=Administrador | Tela=Relatorios | Acao=ObterDadosVendas(limit=250) concluida em 0 ms. | ErroTecnico= | StackTrace=
DataHora=2026-09-26T16:44:19.5353040-03:00 | Nivel=INFO | Usuario=Smoke Test | Perfil=Administrador | Tela=Relatorios | Acao=ObterMargemPorProduto(limit=100) concluida em 0 ms. | ErroTecnico= | StackTrace=
DataHora=2026-09-26T16:44:19.5363731-03:00 | Nivel=INFO | Usuario=Smoke Test | Perfil=Administrador | Tela=Relatorios | Acao=ObterVendasPorHora concluida em 0 ms. | ErroTecnico= | StackTrace=
DataHora=2026-09-26T16:44:19.5375079-03:00 | Nivel=INFO | Usuario=Smoke Test | Perfil=Administrador | Tela=Relatorios | Acao=ObterVendasPorDia(limit=31) concluida em 0 ms. | ErroTecnico= | StackTrace=
DataHora=2026-09-26T16:44:19.5386365-03:00 | Nivel=INFO | Usuario=Smoke Test | Perfil=Administrador | Tela=Relatorios | Acao=ObterInadimplenciaDetalhada(limit=100) concluida em 0 ms. | ErroTecnico= | StackTrace=
DataHora=2026-09-26T16:44:19.5398327-03:00 | Nivel=INFO | Usuario=Smoke Test | Perfil=Administrador | Tela=Relatorios | Acao=ObterConciliacaoFinanceira concluida em 0 ms. | ErroTecnico= | StackTrace=
DataHora=2026-09-26T16:44:19.5411601-03:00 | Nivel=INFO | Usuario=Smoke Test | Perfil=Administrador | Tela=Relatorios | Acao=ObterOsAbertas concluida em 0 ms. | ErroTecnico= | StackTrace=
DataHora=2026-09-26T16:44:19.5425500-03:00 | Nivel=INFO | Usuario=Smoke Test | Perfil=Administrador | Tela=Relatorios | Acao=ObterOsFinalizadas concluida em 0 ms. | ErroTecnico= | StackTrace=
DataHora=2026-09-26T16:44:19.5431695-03:00 | Nivel=INFO | Usuario=Smoke Test | Perfil=Administrador | Tela=Relatorios | Acao=Salvar: Filtros e preferencias do workspace salvos com sucesso! | ErroTecnico= | StackTrace=
DataHora=2026-09-26T16:44:19.5441996-03:00 | Nivel=INFO | Usuario=Smoke Test | Perfil=Administrador | Tela=Relatorios | Acao=ObterOrdensServicoPorTecnico concluida em 0 ms. | ErroTecnico= | StackTrace=
DataHora=2026-09-26T16:44:19.5456726-03:00 | Nivel=INFO | Usuario=Smoke Test | Perfil=Administrador | Tela=Relatorios | Acao=ObterServicosRelatorio concluida em 0 ms. | ErroTecnico= | StackTrace=
DataHora=2026-09-26T16:44:19.5472257-03:00 | Nivel=INFO | Usuario=Smoke Test | Perfil=Administrador | Tela=Relatorios | Acao=ObterDadosEstoque(limit=250) concluida em 0 ms. | ErroTecnico= | StackTrace=
DataHora=2026-09-26T16:44:19.5482969-03:00 | Nivel=INFO | Usuario=Smoke Test | Perfil=Administrador | Tela=Relatorios | Acao=ObterDadosClientes(limit=250) concluida em 0 ms. | ErroTecnico= | StackTrace=
DataHora=2026-09-26T16:44:19.5493538-03:00 | Nivel=INFO | Usuario=Smoke Test | Perfil=Administrador | Tela=Relatorios | Acao=ObterDadosOrcamentos(limit=250) concluida em 0 ms. | ErroTecnico= | StackTrace=
DataHora=2026-09-26T16:44:19.5504640-03:00 | Nivel=INFO | Usuario=Smoke Test | Perfil=Administrador | Tela=Relatorios | Acao=ObterDadosCaixa(limit=250) concluida em 0 ms. | ErroTecnico= | StackTrace=
DataHora=2026-09-26T16:44:19.5524112-03:00 | Nivel=INFO | Usuario=Smoke Test | Perfil=Administrador | Tela=Relatorios | Acao=ObterDemonstrativoResultado concluida em 0 ms. | ErroTecnico= | StackTrace=
DataHora=2026-09-26T16:44:19.5537543-03:00 | Nivel=INFO | Usuario=Smoke Test | Perfil=Administrador | Tela=Relatorios | Acao=ObterTicketMedio concluida em 0 ms. | ErroTecnico= | StackTrace=
DataHora=2026-09-26T16:44:19.5549019-03:00 | Nivel=INFO | Usuario=Smoke Test | Perfil=Administrador | Tela=Relatorios | Acao=ObterTotalClientes concluida em 0 ms. | ErroTecnico= | StackTrace=
DataHora=2026-09-26T16:44:19.5557991-03:00 | Nivel=INFO | Usuario=Smoke Test | Perfil=Administrador | Tela=Relatorios | Acao=ObterProdutosSemGiro concluida em 0 ms. | ErroTecnico= | StackTrace=
DataHora=2026-09-26T16:44:19.5566767-03:00 | Nivel=INFO | Usuario=Smoke Test | Perfil=Administrador | Tela=Relatorios | Acao=ObterConversaoOrcamentos concluida em 0 ms. | ErroTecnico= | StackTrace=
DataHora=2026-09-26T16:44:19.5579184-03:00 | Nivel=INFO | Usuario=Smoke Test | Perfil=Administrador | Tela=Relatorios | Acao=ObterResumoConsistenciaOperacional concluida em 0 ms. | ErroTecnico= | StackTrace=
DataHora=2026-09-26T16:44:19.5621074-03:00 | Nivel=INFO | Usuario=Smoke Test | Perfil=Administrador | Tela=Auditoria | Acao=ObterAuditoriaPaginada(pagina=1, tamanho=100) concluida em 0 ms. | ErroTecnico= | StackTrace=
DataHora=2026-09-26T16:44:19.5631734-03:00 | Nivel=INFO | Usuario=Smoke Test | Perfil=Administrador | Tela=Auditoria | Acao=ObterCategoriasAuditoriaOperacional concluida em 0 ms. | ErroTecnico= | StackTrace=
DataHora=2026-09-26T16:44:19.5643400-03:00 | Nivel=INFO | Usuario=Smoke Test | Perfil=Administrador | Tela=Relatorios | Acao=Workspace de relatorios carregado com 0 vendas, 2 clientes e 0 eventos de auditoria exibidos. | ErroTecnico= | StackTrace=
DataHora=2026-09-26T16:44:20.3769975-03:00 | Nivel=INFO | Usuario=Smoke Test | Perfil=Administrador | Tela=Relatorios | Acao=ObterDadosFinanceiros(limit=250) concluida em 0 ms. | ErroTecnico= | StackTrace=
DataHora=2026-09-26T16:44:20.3784644-03:00 | Nivel=INFO | Usuario=Smoke Test | Perfil=Administrador | Tela=Relatorios | Acao=ObterDadosVendas(limit=250) concluida em 0 ms. | ErroTecnico= | StackTrace=
DataHora=2026-09-26T16:44:20.3798679-03:00 | Nivel=INFO | Usuario=Smoke Test | Perfil=Administrador | Tela=Relatorios | Acao=ObterMargemPorProduto(limit=100) concluida em 0 ms. | ErroTecnico= | StackTrace=
DataHora=2026-09-26T16:44:20.3809621-03:00 | Nivel=INFO | Usuario=Smoke Test | Perfil=Administrador | Tela=Relatorios | Acao=ObterVendasPorHora concluida em 0 ms. | ErroTecnico= | StackTrace=
DataHora=2026-09-26T16:44:20.3820289-03:00 | Nivel=INFO | Usuario=Smoke Test | Perfil=Administrador | Tela=Relatorios | Acao=ObterVendasPorDia(limit=31) concluida em 0 ms. | ErroTecnico= | StackTrace=
DataHora=2026-09-26T16:44:20.3831890-03:00 | Nivel=INFO | Usuario=Smoke Test | Perfil=Administrador | Tela=Relatorios | Acao=ObterInadimplenciaDetalhada(limit=100) concluida em 0 ms. | ErroTecnico= | StackTrace=
DataHora=2026-09-26T16:44:20.3842950-03:00 | Nivel=INFO | Usuario=Smoke Test | Perfil=Administrador | Tela=Relatorios | Acao=ObterConciliacaoFinanceira concluida em 0 ms. | ErroTecnico= | StackTrace=
DataHora=2026-09-26T16:44:20.3855343-03:00 | Nivel=INFO | Usuario=Smoke Test | Perfil=Administrador | Tela=Relatorios | Acao=ObterOsAbertas concluida em 0 ms. | ErroTecnico= | StackTrace=
DataHora=2026-09-26T16:44:20.3868264-03:00 | Nivel=INFO | Usuario=Smoke Test | Perfil=Administrador | Tela=Relatorios | Acao=ObterOsFinalizadas concluida em 0 ms. | ErroTecnico= | StackTrace=
DataHora=2026-09-26T16:44:20.3884352-03:00 | Nivel=INFO | Usuario=Smoke Test | Perfil=Administrador | Tela=Relatorios | Acao=ObterOrdensServicoPorTecnico concluida em 0 ms. | ErroTecnico= | StackTrace=
DataHora=2026-09-26T16:44:20.3897358-03:00 | Nivel=INFO | Usuario=Smoke Test | Perfil=Administrador | Tela=Relatorios | Acao=ObterServicosRelatorio concluida em 0 ms. | ErroTecnico= | StackTrace=
DataHora=2026-09-26T16:44:20.3909821-03:00 | Nivel=INFO | Usuario=Smoke Test | Perfil=Administrador | Tela=Relatorios | Acao=ObterDadosEstoque(limit=250) concluida em 0 ms. | ErroTecnico= | StackTrace=
DataHora=2026-09-26T16:44:20.3919883-03:00 | Nivel=INFO | Usuario=Smoke Test | Perfil=Administrador | Tela=Relatorios | Acao=ObterDadosClientes(limit=250) concluida em 0 ms. | ErroTecnico= | StackTrace=
DataHora=2026-09-26T16:44:20.3931832-03:00 | Nivel=INFO | Usuario=Smoke Test | Perfil=Administrador | Tela=Relatorios | Acao=ObterDadosOrcamentos(limit=250) concluida em 0 ms. | ErroTecnico= | StackTrace=
DataHora=2026-09-26T16:44:20.3941475-03:00 | Nivel=INFO | Usuario=Smoke Test | Perfil=Administrador | Tela=Relatorios | Acao=ObterDadosCaixa(limit=250) concluida em 0 ms. | ErroTecnico= | StackTrace=
DataHora=2026-09-26T16:44:20.3960797-03:00 | Nivel=INFO | Usuario=Smoke Test | Perfil=Administrador | Tela=Relatorios | Acao=ObterDemonstrativoResultado concluida em 0 ms. | ErroTecnico= | StackTrace=
DataHora=2026-09-26T16:44:20.3973695-03:00 | Nivel=INFO | Usuario=Smoke Test | Perfil=Administrador | Tela=Relatorios | Acao=ObterTicketMedio concluida em 0 ms. | ErroTecnico= | StackTrace=
DataHora=2026-09-26T16:44:20.3982319-03:00 | Nivel=INFO | Usuario=Smoke Test | Perfil=Administrador | Tela=Relatorios | Acao=ObterTotalClientes concluida em 0 ms. | ErroTecnico= | StackTrace=
DataHora=2026-09-26T16:44:20.3990763-03:00 | Nivel=INFO | Usuario=Smoke Test | Perfil=Administrador | Tela=Relatorios | Acao=ObterProdutosSemGiro concluida em 0 ms. | ErroTecnico= | StackTrace=
DataHora=2026-09-26T16:44:20.3999789-03:00 | Nivel=INFO | Usuario=Smoke Test | Perfil=Administrador | Tela=Relatorios | Acao=ObterConversaoOrcamentos concluida em 0 ms. | ErroTecnico= | StackTrace=
DataHora=2026-09-26T16:44:20.4012225-03:00 | Nivel=INFO | Usuario=Smoke Test | Perfil=Administrador | Tela=Relatorios | Acao=ObterResumoConsistenciaOperacional concluida em 0 ms. | ErroTecnico= | StackTrace=
DataHora=2026-09-26T16:44:20.4245320-03:00 | Nivel=INFO | Usuario=Smoke Test | Perfil=Administrador | Tela=Auditoria | Acao=ObterAuditoriaPaginada(pagina=1, tamanho=100) concluida em 0 ms. | ErroTecnico= | StackTrace=
DataHora=2026-09-26T16:44:20.6263431-03:00 | Nivel=INFO | Usuario=Smoke Test | Perfil=Administrador | Tela=Auditoria | Acao=ObterCategoriasAuditoriaOperacional concluida em 0 ms. | ErroTecnico= | StackTrace=
DataHora=2026-09-26T16:44:20.6297124-03:00 | Nivel=INFO | Usuario=Smoke Test | Perfil=Administrador | Tela=Relatorios | Acao=Workspace de relatorios carregado com 0 vendas, 2 clientes e 0 eventos de auditoria exibidos. | ErroTecnico= | StackTrace=
DataHora=2026-09-26T16:44:20.7164699-03:00 | Nivel=INFO | Usuario=Smoke Test | Perfil=Administrador | Tela=Relatorios | Acao=PDF de relatorios gerado em C:\Users\campo\AppData\Local\Temp\primox-c114-smoke-20260926_162941\Logs\relatorios-exportacoes\Relatorio_20260926_164420708.pdf. | ErroTecnico= | StackTrace=
DataHora=2026-09-26T16:44:21.3872568-03:00 | Nivel=INFO | Usuario=Smoke Test | Perfil=Administrador | Tela=Relatorios | Acao=Excel/CSV de relatorios gerado em C:\Users\campo\AppData\Local\Temp\primox-c114-smoke-20260926_162941\Logs\relatorios-exportacoes\Relatorio_Excel_20260926_164420717.csv. | ErroTecnico= | StackTrace=
DataHora=2026-09-26T16:44:21.4645586-03:00 | Nivel=INFO | Usuario=Smoke Test | Perfil=Administrador | Tela=Relatorios | Acao=Pacote de evidencias de relatorios gerado em C:\Users\campo\AppData\Local\Temp\primox-c114-smoke-20260926_162941\Logs\relatorios-exportacoes\Evidencias_Relatorios_20260926_164421388. | ErroTecnico= | StackTrace=
DataHora=2026-09-26T16:44:21.4660262-03:00 | Nivel=INFO | Usuario=Smoke Test | Perfil=Administrador | Tela=Relatorios | Acao=Impressao do painel de relatorios validada em automacao sem abrir dialogo de impressora. | ErroTecnico= | StackTrace=
DataHora=2026-09-26T16:44:23.5827461-03:00 | Nivel=INFO | Usuario=Smoke Test | Perfil=Administrador | Tela=Relatorios | Acao=ObterDadosFinanceiros(limit=250) concluida em 0 ms. | ErroTecnico= | StackTrace=
DataHora=2026-09-26T16:44:23.5843603-03:00 | Nivel=INFO | Usuario=Smoke Test | Perfil=Administrador | Tela=Relatorios | Acao=ObterDadosVendas(limit=250) concluida em 0 ms. | ErroTecnico= | StackTrace=
DataHora=2026-09-26T16:44:23.5858236-03:00 | Nivel=INFO | Usuario=Smoke Test | Perfil=Administrador | Tela=Relatorios | Acao=ObterMargemPorProduto(limit=100) concluida em 0 ms. | ErroTecnico= | StackTrace=
DataHora=2026-09-26T16:44:23.5868631-03:00 | Nivel=INFO | Usuario=Smoke Test | Perfil=Administrador | Tela=Relatorios | Acao=ObterVendasPorHora concluida em 0 ms. | ErroTecnico= | StackTrace=
DataHora=2026-09-26T16:44:23.5879630-03:00 | Nivel=INFO | Usuario=Smoke Test | Perfil=Administrador | Tela=Relatorios | Acao=ObterVendasPorDia(limit=31) concluida em 0 ms. | ErroTecnico= | StackTrace=
DataHora=2026-09-26T16:44:23.5890175-03:00 | Nivel=INFO | Usuario=Smoke Test | Perfil=Administrador | Tela=Relatorios | Acao=ObterInadimplenciaDetalhada(limit=100) concluida em 0 ms. | ErroTecnico= | StackTrace=
DataHora=2026-09-26T16:44:23.5901322-03:00 | Nivel=INFO | Usuario=Smoke Test | Perfil=Administrador | Tela=Relatorios | Acao=ObterConciliacaoFinanceira concluida em 0 ms. | ErroTecnico= | StackTrace=
DataHora=2026-09-26T16:44:23.5914028-03:00 | Nivel=INFO | Usuario=Smoke Test | Perfil=Administrador | Tela=Relatorios | Acao=ObterOsAbertas concluida em 0 ms. | ErroTecnico= | StackTrace=
DataHora=2026-09-26T16:44:23.5927338-03:00 | Nivel=INFO | Usuario=Smoke Test | Perfil=Administrador | Tela=Relatorios | Acao=ObterOsFinalizadas concluida em 0 ms. | ErroTecnico= | StackTrace=
DataHora=2026-09-26T16:44:23.5942789-03:00 | Nivel=INFO | Usuario=Smoke Test | Perfil=Administrador | Tela=Relatorios | Acao=ObterOrdensServicoPorTecnico concluida em 0 ms. | ErroTecnico= | StackTrace=
DataHora=2026-09-26T16:44:23.5955792-03:00 | Nivel=INFO | Usuario=Smoke Test | Perfil=Administrador | Tela=Relatorios | Acao=ObterServicosRelatorio concluida em 0 ms. | ErroTecnico= | StackTrace=
DataHora=2026-09-26T16:44:23.5967016-03:00 | Nivel=INFO | Usuario=Smoke Test | Perfil=Administrador | Tela=Relatorios | Acao=ObterDadosEstoque(limit=250) concluida em 0 ms. | ErroTecnico= | StackTrace=
DataHora=2026-09-26T16:44:23.5976933-03:00 | Nivel=INFO | Usuario=Smoke Test | Perfil=Administrador | Tela=Relatorios | Acao=ObterDadosClientes(limit=250) concluida em 0 ms. | ErroTecnico= | StackTrace=
DataHora=2026-09-26T16:44:23.5987868-03:00 | Nivel=INFO | Usuario=Smoke Test | Perfil=Administrador | Tela=Relatorios | Acao=ObterDadosOrcamentos(limit=250) concluida em 0 ms. | ErroTecnico= | StackTrace=
DataHora=2026-09-26T16:44:23.5997455-03:00 | Nivel=INFO | Usuario=Smoke Test | Perfil=Administrador | Tela=Relatorios | Acao=ObterDadosCaixa(limit=250) concluida em 0 ms. | ErroTecnico= | StackTrace=
DataHora=2026-09-26T16:44:23.6017076-03:00 | Nivel=INFO | Usuario=Smoke Test | Perfil=Administrador | Tela=Relatorios | Acao=ObterDemonstrativoResultado concluida em 0 ms. | ErroTecnico= | StackTrace=
DataHora=2026-09-26T16:44:23.6029846-03:00 | Nivel=INFO | Usuario=Smoke Test | Perfil=Administrador | Tela=Relatorios | Acao=ObterTicketMedio concluida em 0 ms. | ErroTecnico= | StackTrace=
DataHora=2026-09-26T16:44:23.6038540-03:00 | Nivel=INFO | Usuario=Smoke Test | Perfil=Administrador | Tela=Relatorios | Acao=ObterTotalClientes concluida em 0 ms. | ErroTecnico= | StackTrace=
DataHora=2026-09-26T16:44:23.6046849-03:00 | Nivel=INFO | Usuario=Smoke Test | Perfil=Administrador | Tela=Relatorios | Acao=ObterProdutosSemGiro concluida em 0 ms. | ErroTecnico= | StackTrace=
DataHora=2026-09-26T16:44:23.6055629-03:00 | Nivel=INFO | Usuario=Smoke Test | Perfil=Administrador | Tela=Relatorios | Acao=ObterConversaoOrcamentos concluida em 0 ms. | ErroTecnico= | StackTrace=
DataHora=2026-09-26T16:44:23.6067853-03:00 | Nivel=INFO | Usuario=Smoke Test | Perfil=Administrador | Tela=Relatorios | Acao=ObterResumoConsistenciaOperacional concluida em 0 ms. | ErroTecnico= | StackTrace=
DataHora=2026-09-26T16:44:23.6237964-03:00 | Nivel=INFO | Usuario=Smoke Test | Perfil=Administrador | Tela=Auditoria | Acao=ObterAuditoriaPaginada(pagina=1, tamanho=100) concluida em 0 ms. | ErroTecnico= | StackTrace=
DataHora=2026-09-26T16:44:23.8697092-03:00 | Nivel=INFO | Usuario=Smoke Test | Perfil=Administrador | Tela=Auditoria | Acao=ObterCategoriasAuditoriaOperacional concluida em 0 ms. | ErroTecnico= | StackTrace=
DataHora=2026-09-26T16:44:23.8732670-03:00 | Nivel=INFO | Usuario=Smoke Test | Perfil=Administrador | Tela=Relatorios | Acao=Workspace de relatorios carregado com 0 vendas, 2 clientes e 0 eventos de auditoria exibidos. | ErroTecnico= | StackTrace=
DataHora=2026-09-26T16:44:23.9580194-03:00 | Nivel=INFO | Usuario=Smoke Test | Perfil=Administrador | Tela=Relatorios | Acao=ObterDadosFinanceiros(limit=250) concluida em 0 ms. | ErroTecnico= | StackTrace=
DataHora=2026-09-26T16:44:23.9598434-03:00 | Nivel=INFO | Usuario=Smoke Test | Perfil=Administrador | Tela=Relatorios | Acao=ObterDadosVendas(limit=250) concluida em 0 ms. | ErroTecnico= | StackTrace=
DataHora=2026-09-26T16:44:23.9619044-03:00 | Nivel=INFO | Usuario=Smoke Test | Perfil=Administrador | Tela=Relatorios | Acao=ObterMargemPorProduto(limit=100) concluida em 1 ms. | ErroTecnico= | StackTrace=
DataHora=2026-09-26T16:44:23.9634178-03:00 | Nivel=INFO | Usuario=Smoke Test | Perfil=Administrador | Tela=Relatorios | Acao=ObterVendasPorHora concluida em 0 ms. | ErroTecnico= | StackTrace=
DataHora=2026-09-26T16:44:23.9646317-03:00 | Nivel=INFO | Usuario=Smoke Test | Perfil=Administrador | Tela=Relatorios | Acao=ObterVendasPorDia(limit=31) concluida em 0 ms. | ErroTecnico= | StackTrace=
DataHora=2026-09-26T16:44:23.9657285-03:00 | Nivel=INFO | Usuario=Smoke Test | Perfil=Administrador | Tela=Relatorios | Acao=ObterInadimplenciaDetalhada(limit=100) concluida em 0 ms. | ErroTecnico= | StackTrace=
DataHora=2026-09-26T16:44:23.9680443-03:00 | Nivel=INFO | Usuario=Smoke Test | Perfil=Administrador | Tela=Relatorios | Acao=ObterConciliacaoFinanceira concluida em 1 ms. | ErroTecnico= | StackTrace=
DataHora=2026-09-26T16:44:23.9702035-03:00 | Nivel=INFO | Usuario=Smoke Test | Perfil=Administrador | Tela=Relatorios | Acao=ObterOsAbertas concluida em 1 ms. | ErroTecnico= | StackTrace=
DataHora=2026-09-26T16:44:23.9715880-03:00 | Nivel=INFO | Usuario=Smoke Test | Perfil=Administrador | Tela=Relatorios | Acao=ObterOsFinalizadas concluida em 0 ms. | ErroTecnico= | StackTrace=
DataHora=2026-09-26T16:44:23.9737371-03:00 | Nivel=INFO | Usuario=Smoke Test | Perfil=Administrador | Tela=Relatorios | Acao=ObterOrdensServicoPorTecnico concluida em 1 ms. | ErroTecnico= | StackTrace=
DataHora=2026-09-26T16:44:23.9764816-03:00 | Nivel=INFO | Usuario=Smoke Test | Perfil=Administrador | Tela=Relatorios | Acao=ObterServicosRelatorio concluida em 1 ms. | ErroTecnico= | StackTrace=
DataHora=2026-09-26T16:44:23.9780699-03:00 | Nivel=INFO | Usuario=Smoke Test | Perfil=Administrador | Tela=Relatorios | Acao=ObterDadosEstoque(limit=250) concluida em 0 ms. | ErroTecnico= | StackTrace=
DataHora=2026-09-26T16:44:23.9790499-03:00 | Nivel=INFO | Usuario=Smoke Test | Perfil=Administrador | Tela=Relatorios | Acao=ObterDadosClientes(limit=250) concluida em 0 ms. | ErroTecnico= | StackTrace=
DataHora=2026-09-26T16:44:23.9810615-03:00 | Nivel=INFO | Usuario=Smoke Test | Perfil=Administrador | Tela=Relatorios | Acao=ObterDadosOrcamentos(limit=250) concluida em 1 ms. | ErroTecnico= | StackTrace=
DataHora=2026-09-26T16:44:23.9826757-03:00 | Nivel=INFO | Usuario=Smoke Test | Perfil=Administrador | Tela=Relatorios | Acao=ObterDadosCaixa(limit=250) concluida em 0 ms. | ErroTecnico= | StackTrace=
DataHora=2026-09-26T16:44:23.9859682-03:00 | Nivel=INFO | Usuario=Smoke Test | Perfil=Administrador | Tela=Relatorios | Acao=ObterDemonstrativoResultado concluida em 0 ms. | ErroTecnico= | StackTrace=
DataHora=2026-09-26T16:44:23.9872828-03:00 | Nivel=INFO | Usuario=Smoke Test | Perfil=Administrador | Tela=Relatorios | Acao=ObterTicketMedio concluida em 0 ms. | ErroTecnico= | StackTrace=
DataHora=2026-09-26T16:44:23.9881913-03:00 | Nivel=INFO | Usuario=Smoke Test | Perfil=Administrador | Tela=Relatorios | Acao=ObterTotalClientes concluida em 0 ms. | ErroTecnico= | StackTrace=
DataHora=2026-09-26T16:44:23.9890440-03:00 | Nivel=INFO | Usuario=Smoke Test | Perfil=Administrador | Tela=Relatorios | Acao=ObterProdutosSemGiro concluida em 0 ms. | ErroTecnico= | StackTrace=
DataHora=2026-09-26T16:44:23.9900066-03:00 | Nivel=INFO | Usuario=Smoke Test | Perfil=Administrador | Tela=Relatorios | Acao=ObterConversaoOrcamentos concluida em 0 ms. | ErroTecnico= | StackTrace=
DataHora=2026-09-26T16:44:23.9912329-03:00 | Nivel=INFO | Usuario=Smoke Test | Perfil=Administrador | Tela=Relatorios | Acao=ObterResumoConsistenciaOperacional concluida em 0 ms. | ErroTecnico= | StackTrace=
DataHora=2026-09-26T16:44:24.0119027-03:00 | Nivel=INFO | Usuario=Smoke Test | Perfil=Administrador | Tela=Auditoria | Acao=ObterAuditoriaPaginada(pagina=1, tamanho=100) concluida em 1 ms. | ErroTecnico= | StackTrace=
DataHora=2026-09-26T16:44:24.7510602-03:00 | Nivel=INFO | Usuario=Smoke Test | Perfil=Administrador | Tela=Auditoria | Acao=ObterCategoriasAuditoriaOperacional concluida em 0 ms. | ErroTecnico= | StackTrace=
DataHora=2026-09-26T16:44:24.7536699-03:00 | Nivel=INFO | Usuario=Smoke Test | Perfil=Administrador | Tela=Relatorios | Acao=Workspace de relatorios carregado com 7 vendas, 2 clientes e 100 eventos de auditoria exibidos. | ErroTecnico= | StackTrace=
DataHora=2026-09-26T16:44:26.2732585-03:00 | Nivel=INFO | Usuario=Smoke Test | Perfil=Administrador | Tela=Auditoria | Acao=ObterAuditoriaPaginada(pagina=1, tamanho=100) concluida em 1 ms. | ErroTecnico= | StackTrace=
DataHora=2026-09-26T16:44:26.2747688-03:00 | Nivel=INFO | Usuario=Smoke Test | Perfil=Administrador | Tela=Auditoria | Acao=ObterCategoriasAuditoriaOperacional concluida em 0 ms. | ErroTecnico= | StackTrace=
DataHora=2026-09-26T16:44:26.6205582-03:00 | Nivel=INFO | Usuario=Smoke Test | Perfil=Administrador | Tela=Geral | Acao=Smoke test aprovado: Interacao:Modulo:RelatoriosControl (7217 ms). | ErroTecnico= | StackTrace=
DataHora=2026-09-26T16:44:26.6244922-03:00 | Nivel=INFO | Usuario=Smoke Test | Perfil=Administrador | Tela=Geral | Acao=Smoke test iniciando: Janela:ConfigurarPermissoesWindow. | ErroTecnico= | StackTrace=
DataHora=2026-09-26T16:44:31.9473040-03:00 | Nivel=WARN | Usuario=Smoke Test | Perfil=Administrador | Tela=Geral | Acao=Smoke test: janela ConfigurarPermissoesWindow nao ficou visivel apos 5s. | ErroTecnico= | StackTrace=
DataHora=2026-09-26T16:44:31.9482097-03:00 | Nivel=INFO | Usuario=Smoke Test | Perfil=Administrador | Tela=Geral | Acao=Smoke test aprovado: Janela:ConfigurarPermissoesWindow (5323 ms). | ErroTecnico= | StackTrace=
DataHora=2026-09-26T16:44:31.9487276-03:00 | Nivel=INFO | Usuario=Smoke Test | Perfil=Administrador | Tela=Geral | Acao=Smoke test iniciando: Janela:GerenciarPerfisWindow. | ErroTecnico= | StackTrace=
DataHora=2026-09-26T16:44:32.1608589-03:00 | Nivel=INFO | Usuario=Smoke Test | Perfil=Administrador | Tela=Geral | Acao=Smoke test aprovado: Janela:GerenciarPerfisWindow (212 ms). | ErroTecnico= | StackTrace=
DataHora=2026-09-26T16:44:32.1615618-03:00 | Nivel=INFO | Usuario=Smoke Test | Perfil=Administrador | Tela=Geral | Acao=Smoke test iniciando: Janela:NovoFuncionarioWindow. | ErroTecnico= | StackTrace=
DataHora=2026-09-26T16:44:32.2820506-03:00 | Nivel=INFO | Usuario=Smoke Test | Perfil=Administrador | Tela=Geral | Acao=Smoke test aprovado: Janela:NovoFuncionarioWindow (120 ms). | ErroTecnico= | StackTrace=
DataHora=2026-09-26T16:44:32.2827224-03:00 | Nivel=INFO | Usuario=Smoke Test | Perfil=Administrador | Tela=Geral | Acao=Smoke test iniciando: Janela:NovoPerfilWindow. | ErroTecnico= | StackTrace=
DataHora=2026-09-26T16:44:32.4122307-03:00 | Nivel=INFO | Usuario=Smoke Test | Perfil=Administrador | Tela=Geral | Acao=Smoke test aprovado: Janela:NovoPerfilWindow (129 ms). | ErroTecnico= | StackTrace=
DataHora=2026-09-26T16:44:32.4129089-03:00 | Nivel=INFO | Usuario=Smoke Test | Perfil=Administrador | Tela=Geral | Acao=Smoke test iniciando: Janela:EditarFuncionarioWindow. | ErroTecnico= | StackTrace=
DataHora=2026-09-26T16:44:32.5725792-03:00 | Nivel=INFO | Usuario=Smoke Test | Perfil=Administrador | Tela=Geral | Acao=Smoke test aprovado: Janela:EditarFuncionarioWindow (159 ms). | ErroTecnico= | StackTrace=
DataHora=2026-09-26T16:44:32.5732579-03:00 | Nivel=INFO | Usuario=Smoke Test | Perfil=Administrador | Tela=Geral | Acao=Smoke test iniciando: Janela:EditarClienteWindow. | ErroTecnico= | StackTrace=
DataHora=2026-09-26T16:44:32.7006838-03:00 | Nivel=INFO | Usuario=Smoke Test | Perfil=Administrador | Tela=Geral | Acao=Bloqueio criado: Cliente/12cba520-6cba-41d0-aa50-54f0d934307c por Smoke Test em CIRO. Expira em 30 minutos. | ErroTecnico= | StackTrace=
DataHora=2026-09-26T16:44:32.7660962-03:00 | Nivel=INFO | Usuario=Smoke Test | Perfil=Administrador | Tela=Geral | Acao=Bloqueio liberado: Cliente/12cba520-6cba-41d0-aa50-54f0d934307c por Smoke Test. | ErroTecnico= | StackTrace=
DataHora=2026-09-26T16:44:32.7668965-03:00 | Nivel=INFO | Usuario=Smoke Test | Perfil=Administrador | Tela=Geral | Acao=Smoke test aprovado: Janela:EditarClienteWindow (193 ms). | ErroTecnico= | StackTrace=
DataHora=2026-09-26T16:44:32.7674276-03:00 | Nivel=INFO | Usuario=Smoke Test | Perfil=Administrador | Tela=Geral | Acao=Smoke test iniciando: Janela:EditarProdutoWindow. | ErroTecnico= | StackTrace=
DataHora=2026-09-26T16:44:32.8735842-03:00 | Nivel=INFO | Usuario=Smoke Test | Perfil=Administrador | Tela=Geral | Acao=Bloqueio criado: Produto/b2b75396-7a5d-462c-aeb6-4878e7c2c5ad por Smoke Test em CIRO. Expira em 30 minutos. | ErroTecnico= | StackTrace=
DataHora=2026-09-26T16:44:32.9343398-03:00 | Nivel=INFO | Usuario=Smoke Test | Perfil=Administrador | Tela=Geral | Acao=Bloqueio liberado: Produto/b2b75396-7a5d-462c-aeb6-4878e7c2c5ad por Smoke Test. | ErroTecnico= | StackTrace=
DataHora=2026-09-26T16:44:32.9350534-03:00 | Nivel=INFO | Usuario=Smoke Test | Perfil=Administrador | Tela=Geral | Acao=Smoke test aprovado: Janela:EditarProdutoWindow (167 ms). | ErroTecnico= | StackTrace=
DataHora=2026-09-26T16:44:32.9356139-03:00 | Nivel=INFO | Usuario=Smoke Test | Perfil=Administrador | Tela=Geral | Acao=Smoke test iniciando: Janela:EditarFornecedorWindow. | ErroTecnico= | StackTrace=
DataHora=2026-09-26T16:44:33.0965905-03:00 | Nivel=INFO | Usuario=Smoke Test | Perfil=Administrador | Tela=Geral | Acao=Smoke test aprovado: Janela:EditarFornecedorWindow (160 ms). | ErroTecnico= | StackTrace=
DataHora=2026-09-26T16:44:33.0972493-03:00 | Nivel=INFO | Usuario=Smoke Test | Perfil=Administrador | Tela=Geral | Acao=Smoke test iniciando: Janela:HistoricoClienteWindow. | ErroTecnico= | StackTrace=
DataHora=2026-09-26T16:44:33.6714297-03:00 | Nivel=INFO | Usuario=Smoke Test | Perfil=Administrador | Tela=Geral | Acao=Smoke test aprovado: Janela:HistoricoClienteWindow (574 ms). | ErroTecnico= | StackTrace=
DataHora=2026-09-26T16:44:33.6721917-03:00 | Nivel=INFO | Usuario=Smoke Test | Perfil=Administrador | Tela=Geral | Acao=Smoke test iniciando: Janela:VisualizarFornecedorWindow. | ErroTecnico= | StackTrace=
DataHora=2026-09-26T16:44:33.8540065-03:00 | Nivel=INFO | Usuario=Smoke Test | Perfil=Administrador | Tela=Geral | Acao=Smoke test aprovado: Janela:VisualizarFornecedorWindow (181 ms). | ErroTecnico= | StackTrace=
DataHora=2026-09-26T16:44:33.8546981-03:00 | Nivel=INFO | Usuario=Smoke Test | Perfil=Administrador | Tela=Geral | Acao=Smoke test iniciando: Janela:VisualizarVeiculoWindow. | ErroTecnico= | StackTrace=
DataHora=2026-09-26T16:44:34.2796394-03:00 | Nivel=INFO | Usuario=Smoke Test | Perfil=Administrador | Tela=Geral | Acao=Smoke test aprovado: Janela:VisualizarVeiculoWindow (424 ms). | ErroTecnico= | StackTrace=
DataHora=2026-09-26T16:44:34.2803322-03:00 | Nivel=INFO | Usuario=Smoke Test | Perfil=Administrador | Tela=Geral | Acao=Smoke test iniciando: Janela:NovoVeiculoWindow. | ErroTecnico= | StackTrace=
DataHora=2026-09-26T16:44:34.4776730-03:00 | Nivel=INFO | Usuario=Smoke Test | Perfil=Administrador | Tela=Geral | Acao=Smoke test aprovado: Janela:NovoVeiculoWindow (197 ms). | ErroTecnico= | StackTrace=
DataHora=2026-09-26T16:44:34.4783275-03:00 | Nivel=INFO | Usuario=Smoke Test | Perfil=Administrador | Tela=Geral | Acao=Smoke test iniciando: Janela:HistoricoEstoqueWindow. | ErroTecnico= | StackTrace=
DataHora=2026-09-26T16:44:34.6494198-03:00 | Nivel=INFO | Usuario=Smoke Test | Perfil=Administrador | Tela=Geral | Acao=Smoke test aprovado: Janela:HistoricoEstoqueWindow (171 ms). | ErroTecnico= | StackTrace=
DataHora=2026-09-26T16:44:34.6501890-03:00 | Nivel=INFO | Usuario=Smoke Test | Perfil=Administrador | Tela=Geral | Acao=Smoke test iniciando: Janela:OrdemServicoWindow. | ErroTecnico= | StackTrace=
DataHora=2026-09-26T16:44:35.0546113-03:00 | Nivel=INFO | Usuario=Smoke Test | Perfil=Administrador | Tela=Geral | Acao=Smoke test aprovado: Janela:OrdemServicoWindow (404 ms). | ErroTecnico= | StackTrace=
DataHora=2026-09-26T16:44:35.0552856-03:00 | Nivel=INFO | Usuario=Smoke Test | Perfil=Administrador | Tela=Geral | Acao=Smoke test iniciando: Janela:OperacaoCaixaWindow. | ErroTecnico= | StackTrace=
DataHora=2026-09-26T16:44:35.1643608-03:00 | Nivel=INFO | Usuario=Smoke Test | Perfil=Administrador | Tela=Geral | Acao=Smoke test aprovado: Janela:OperacaoCaixaWindow (109 ms). | ErroTecnico= | StackTrace=
DataHora=2026-09-26T16:44:35.1651055-03:00 | Nivel=INFO | Usuario=Smoke Test | Perfil=Administrador | Tela=Geral | Acao=Smoke test iniciando: Janela:SelecionarOrcamentoWindow. | ErroTecnico= | StackTrace=
DataHora=2026-09-26T16:44:35.2832671-03:00 | Nivel=INFO | Usuario=Smoke Test | Perfil=Administrador | Tela=Geral | Acao=Smoke test aprovado: Janela:SelecionarOrcamentoWindow (118 ms). | ErroTecnico= | StackTrace=
DataHora=2026-09-26T16:44:35.2839644-03:00 | Nivel=INFO | Usuario=Smoke Test | Perfil=Administrador | Tela=Geral | Acao=Smoke test iniciando: Janela:SelecionarVendaWindow. | ErroTecnico= | StackTrace=
DataHora=2026-09-26T16:44:35.3969815-03:00 | Nivel=INFO | Usuario=Smoke Test | Perfil=Administrador | Tela=Geral | Acao=Smoke test aprovado: Janela:SelecionarVendaWindow (113 ms). | ErroTecnico= | StackTrace=
DataHora=2026-09-26T16:44:35.3976387-03:00 | Nivel=INFO | Usuario=Smoke Test | Perfil=Administrador | Tela=Geral | Acao=Smoke test iniciando: Janela:AdicionarFornecedorDialog. | ErroTecnico= | StackTrace=
DataHora=2026-09-26T16:44:35.4979730-03:00 | Nivel=INFO | Usuario=Smoke Test | Perfil=Administrador | Tela=Geral | Acao=Smoke test aprovado: Janela:AdicionarFornecedorDialog (100 ms). | ErroTecnico= | StackTrace=
DataHora=2026-09-26T16:44:35.4985902-03:00 | Nivel=INFO | Usuario=Smoke Test | Perfil=Administrador | Tela=Geral | Acao=Smoke test iniciando: Janela:ChecklistTecnicoWindow. | ErroTecnico= | StackTrace=
DataHora=2026-09-26T16:44:35.9643201-03:00 | Nivel=INFO | Usuario=Smoke Test | Perfil=Administrador | Tela=Geral | Acao=Smoke test aprovado: Janela:ChecklistTecnicoWindow (465 ms). | ErroTecnico= | StackTrace=
DataHora=2026-09-26T16:44:35.9650459-03:00 | Nivel=INFO | Usuario=Smoke Test | Perfil=Administrador | Tela=Geral | Acao=Smoke test iniciando: Janela:PosVendaWindow. | ErroTecnico= | StackTrace=
DataHora=2026-09-26T16:44:36.1029821-03:00 | Nivel=INFO | Usuario=Smoke Test | Perfil=Administrador | Tela=Geral | Acao=Smoke test aprovado: Janela:PosVendaWindow (137 ms). | ErroTecnico= | StackTrace=
DataHora=2026-09-26T16:44:36.2861369-03:00 | Nivel=INFO | Usuario=Smoke Test | Perfil=Administrador | Tela=Geral | Acao=Smoke test iniciando: Interacao:Janela:AtalhosTecladoWindow. | ErroTecnico= | StackTrace=
DataHora=2026-09-26T16:44:41.7291026-03:00 | Nivel=WARN | Usuario=Smoke Test | Perfil=Administrador | Tela=Geral | Acao=Smoke test: janela AtalhosTecladoWindow nao ficou visivel apos 5s. | ErroTecnico= | StackTrace=
DataHora=2026-09-26T16:44:42.4135642-03:00 | Nivel=INFO | Usuario=Smoke Test | Perfil=Administrador | Tela=Geral | Acao=Smoke test aprovado: Interacao:Janela:AtalhosTecladoWindow (6127 ms). | ErroTecnico= | StackTrace=
DataHora=2026-09-26T16:44:42.4143988-03:00 | Nivel=INFO | Usuario=Smoke Test | Perfil=Administrador | Tela=Geral | Acao=Smoke test iniciando: Interacao:Janela:NovoClienteWindow. | ErroTecnico= | StackTrace=
DataHora=2026-09-26T16:44:47.8800213-03:00 | Nivel=WARN | Usuario=Smoke Test | Perfil=Administrador | Tela=Geral | Acao=Smoke test: janela NovoClienteWindow nao ficou visivel apos 5s. | ErroTecnico= | StackTrace=
DataHora=2026-09-26T16:44:47.8893969-03:00 | Nivel=INFO | Usuario=Smoke Test | Perfil=Administrador | Tela=Clientes | Acao=Sucesso: Cliente Smoke 164447880 salvo com sucesso! | ErroTecnico= | StackTrace=
DataHora=2026-09-26T16:44:47.8903910-03:00 | Nivel=INFO | Usuario=Smoke Test | Perfil=Administrador | Tela=Clientes | Acao=DialogResult suprimido em automacao para 'NovoClienteWindow': DialogResult somente pode ser definido após Window ser criado e exibido como caixa de diálogo. | ErroTecnico= | StackTrace=
DataHora=2026-09-26T16:44:49.5933420-03:00 | Nivel=INFO | Usuario=Smoke Test | Perfil=Administrador | Tela=Geral | Acao=Assinatura digital registrada para cliente 'Smoke 164449559' em 'C:\Users\campo\AppData\Local\Temp\primox-c114-smoke-20260926_162941\Clientes\Assinaturas\20260926164449_Smoke_164449559_d510cf148d7e4eb6bc59abf8350bcef3.txt'. | ErroTecnico= | StackTrace=
DataHora=2026-09-26T16:44:49.5946752-03:00 | Nivel=INFO | Usuario=Smoke Test | Perfil=Administrador | Tela=Clientes | Acao=Assinatura Digital: Assinatura digital registrada e vinculada ao cadastro. | ErroTecnico= | StackTrace=
DataHora=2026-09-26T16:44:50.4500525-03:00 | Nivel=INFO | Usuario=Smoke Test | Perfil=Administrador | Tela=Clientes | Acao=Arquivo sintetico de cliente gerado em 'C:\Users\campo\AppData\Local\Temp\primox-c114-smoke-20260926_162941\Clientes\Automacao\documento-cliente-smoke.txt'. | ErroTecnico= | StackTrace=
DataHora=2026-09-26T16:44:50.4510110-03:00 | Nivel=INFO | Usuario=Smoke Test | Perfil=Administrador | Tela=Clientes | Acao=Documento: Documento sintetico vinculado ao cadastro em automacao. | ErroTecnico= | StackTrace=
DataHora=2026-09-26T16:44:51.3153332-03:00 | Nivel=INFO | Usuario=Smoke Test | Perfil=Administrador | Tela=Clientes | Acao=Selecao de foto do cliente validada em automacao sem abrir seletor de arquivos. | ErroTecnico= | StackTrace=
DataHora=2026-09-26T16:44:52.1669783-03:00 | Nivel=INFO | Usuario=Smoke Test | Perfil=Administrador | Tela=Clientes | Acao=Veiculo sintetico adicionado ao cadastro em automacao sem abrir modal. | ErroTecnico= | StackTrace=
DataHora=2026-09-26T16:44:53.0159052-03:00 | Nivel=INFO | Usuario=Smoke Test | Perfil=Administrador | Tela=Clientes | Acao=Veiculo sintetico adicionado ao cadastro em automacao sem abrir modal. | ErroTecnico= | StackTrace=
DataHora=2026-09-26T16:44:53.6799577-03:00 | Nivel=INFO | Usuario=Smoke Test | Perfil=Administrador | Tela=Geral | Acao=Smoke test aprovado: Interacao:Janela:NovoClienteWindow (11265 ms). | ErroTecnico= | StackTrace=
DataHora=2026-09-26T16:44:53.6807238-03:00 | Nivel=INFO | Usuario=Smoke Test | Perfil=Administrador | Tela=Geral | Acao=Smoke test iniciando: Interacao:Janela:VisualizarClienteWindow. | ErroTecnico= | StackTrace=
DataHora=2026-09-26T16:44:59.1334898-03:00 | Nivel=WARN | Usuario=Smoke Test | Perfil=Administrador | Tela=Geral | Acao=Smoke test: janela VisualizarClienteWindow nao ficou visivel apos 5s. | ErroTecnico= | StackTrace=
DataHora=2026-09-26T16:44:59.1370204-03:00 | Nivel=INFO | Usuario=Smoke Test | Perfil=Administrador | Tela=Clientes | Acao=Arquivo ausente: Nenhuma assinatura vinculada a este cliente. | ErroTecnico= | StackTrace=
DataHora=2026-09-26T16:45:05.0374363-03:00 | Nivel=WARN | Usuario=Smoke Test | Perfil=Administrador | Tela=Geral | Acao=Smoke test: janela VisualizarClienteWindow nao ficou visivel apos 5s. | ErroTecnico= | StackTrace=
DataHora=2026-09-26T16:45:05.0409404-03:00 | Nivel=INFO | Usuario=Smoke Test | Perfil=Administrador | Tela=Clientes | Acao=Arquivo ausente: Nenhuma documento vinculada a este cliente. | ErroTecnico= | StackTrace=
DataHora=2026-09-26T16:45:10.9911223-03:00 | Nivel=WARN | Usuario=Smoke Test | Perfil=Administrador | Tela=Geral | Acao=Smoke test: janela VisualizarClienteWindow nao ficou visivel apos 5s. | ErroTecnico= | StackTrace=
DataHora=2026-09-26T16:45:10.9952172-03:00 | Nivel=INFO | Usuario=Smoke Test | Perfil=Administrador | Tela=Clientes | Acao=WhatsApp do cliente validado em automacao para o telefone 55 sem abrir aplicativo externo. | ErroTecnico= | StackTrace=
DataHora=2026-09-26T16:45:12.5303831-03:00 | Nivel=INFO | Usuario=Smoke Test | Perfil=Administrador | Tela=Geral | Acao=Smoke test aprovado: Interacao:Janela:VisualizarClienteWindow (18849 ms). | ErroTecnico= | StackTrace=
DataHora=2026-09-26T16:45:12.5311413-03:00 | Nivel=INFO | Usuario=Smoke Test | Perfil=Administrador | Tela=Geral | Acao=Smoke test iniciando: Interacao:Janela:ComissaoSettlementWindow. | ErroTecnico= | StackTrace=
DataHora=2026-09-26T16:45:17.9365247-03:00 | Nivel=WARN | Usuario=Smoke Test | Perfil=Administrador | Tela=Geral | Acao=Smoke test: janela ComissaoSettlementWindow nao ficou visivel apos 5s. | ErroTecnico= | StackTrace=
DataHora=2026-09-26T16:45:26.6262710-03:00 | Nivel=WARN | Usuario=Smoke Test | Perfil=Administrador | Tela=Geral | Acao=Smoke test: janela ComissaoSettlementWindow nao ficou visivel apos 5s. | ErroTecnico= | StackTrace=
DataHora=2026-09-26T16:45:27.3138969-03:00 | Nivel=INFO | Usuario=Smoke Test | Perfil=Administrador | Tela=Geral | Acao=Smoke test aprovado: Interacao:Janela:ComissaoSettlementWindow (14782 ms). | ErroTecnico= | StackTrace=
DataHora=2026-09-26T16:45:27.3145492-03:00 | Nivel=INFO | Usuario=Smoke Test | Perfil=Administrador | Tela=Geral | Acao=Smoke test iniciando: Interacao:Janela:GarantiaRetornosWindow. | ErroTecnico= | StackTrace=
DataHora=2026-09-26T16:45:32.5606127-03:00 | Nivel=WARN | Usuario=Smoke Test | Perfil=Administrador | Tela=Geral | Acao=Smoke test: janela GarantiaRetornosWindow nao ficou visivel apos 5s. | ErroTecnico= | StackTrace=
DataHora=2026-09-26T16:45:37.9418064-03:00 | Nivel=WARN | Usuario=Smoke Test | Perfil=Administrador | Tela=Geral | Acao=Smoke test: janela GarantiaRetornosWindow nao ficou visivel apos 5s. | ErroTecnico= | StackTrace=
DataHora=2026-09-26T16:45:45.0362151-03:00 | Nivel=WARN | Usuario=Smoke Test | Perfil=Administrador | Tela=Geral | Acao=Smoke test: janela GarantiaRetornosWindow nao ficou visivel apos 5s. | ErroTecnico= | StackTrace=
DataHora=2026-09-26T16:45:45.8216296-03:00 | Nivel=INFO | Usuario=Smoke Test | Perfil=Administrador | Tela=Geral | Acao=Smoke test aprovado: Interacao:Janela:GarantiaRetornosWindow (18507 ms). | ErroTecnico= | StackTrace=
DataHora=2026-09-26T16:45:45.8223392-03:00 | Nivel=INFO | Usuario=Smoke Test | Perfil=Administrador | Tela=Geral | Acao=Smoke test iniciando: Interacao:Janela:ImportarCatalogoPecasWindow. | ErroTecnico= | StackTrace=
DataHora=2026-09-26T16:45:45.9128089-03:00 | Nivel=INFO | Usuario=Smoke Test | Perfil=Administrador | Tela=Catalogo | Acao=DialogResult suprimido em automacao para 'ImportarCatalogoPecasWindow': DialogResult somente pode ser definido após Window ser criado e exibido como caixa de diálogo. | ErroTecnico= | StackTrace=
DataHora=2026-09-26T16:45:50.9949187-03:00 | Nivel=WARN | Usuario=Smoke Test | Perfil=Administrador | Tela=Geral | Acao=Smoke test: janela ImportarCatalogoPecasWindow nao ficou visivel apos 5s. | ErroTecnico= | StackTrace=
DataHora=2026-09-26T16:45:51.2324286-03:00 | Nivel=INFO | Usuario=Smoke Test | Perfil=Administrador | Tela=Catalogo | Acao=DialogResult suprimido em automacao para 'ImportarCatalogoPecasWindow': DialogResult somente pode ser definido após Window ser criado e exibido como caixa de diálogo. | ErroTecnico= | StackTrace=
DataHora=2026-09-26T16:45:56.3389053-03:00 | Nivel=WARN | Usuario=Smoke Test | Perfil=Administrador | Tela=Geral | Acao=Smoke test: janela ImportarCatalogoPecasWindow nao ficou visivel apos 5s. | ErroTecnico= | StackTrace=
DataHora=2026-09-26T16:45:56.3815933-03:00 | Nivel=ERROR | Usuario=Smoke Test | Perfil=Administrador | Tela=Catalogo | Acao=Catalogo: Falha ao gerar a previa do catalogo:\nArquivo de catalogo nao encontrado. | ErroTecnico=System.IO.FileNotFoundException: Arquivo de catalogo nao encontrado. | StackTrace=   at PrimoAutoEletrica.Views.ImportarCatalogoPecasWindow.ValidarEntrada() in C:\Projetos\PrimoAutoEletrica\PrimoAutoEletrica\Views\ImportarCatalogoPecasWindow.xaml.cs:line 178\r\n   at PrimoAutoEletrica.Views.ImportarCatalogoPecasWindow.GerarPreviaButton_Click(Object sender, RoutedEventArgs e) in C:\Projetos\PrimoAutoEletrica\PrimoAutoEletrica\Views\ImportarCatalogoPecasWindow.xaml.cs:line 65
DataHora=2026-09-26T16:45:57.1366658-03:00 | Nivel=INFO | Usuario=Smoke Test | Perfil=Administrador | Tela=Catalogo | Acao=DialogResult suprimido em automacao para 'ImportarCatalogoPecasWindow': DialogResult somente pode ser definido após Window ser criado e exibido como caixa de diálogo. | ErroTecnico= | StackTrace=
DataHora=2026-09-26T16:45:58.6331569-03:00 | Nivel=INFO | Usuario=Smoke Test | Perfil=Administrador | Tela=Geral | Acao=Smoke test aprovado: Interacao:Janela:ImportarCatalogoPecasWindow (12810 ms). | ErroTecnico= | StackTrace=
DataHora=2026-09-26T16:45:58.6338824-03:00 | Nivel=INFO | Usuario=Smoke Test | Perfil=Administrador | Tela=Geral | Acao=Smoke test iniciando: Interacao:Janela:LembretesRevisaoWindow. | ErroTecnico= | StackTrace=
DataHora=2026-09-26T16:46:03.7650698-03:00 | Nivel=WARN | Usuario=Smoke Test | Perfil=Administrador | Tela=Geral | Acao=Smoke test: janela LembretesRevisaoWindow nao ficou visivel apos 5s. | ErroTecnico= | StackTrace=
DataHora=2026-09-26T16:46:09.0325891-03:00 | Nivel=WARN | Usuario=Smoke Test | Perfil=Administrador | Tela=Geral | Acao=Smoke test: janela LembretesRevisaoWindow nao ficou visivel apos 5s. | ErroTecnico= | StackTrace=
DataHora=2026-09-26T16:46:11.5201575-03:00 | Nivel=INFO | Usuario=Smoke Test | Perfil=Administrador | Tela=Geral | Acao=Smoke test aprovado: Interacao:Janela:LembretesRevisaoWindow (12886 ms). | ErroTecnico= | StackTrace=
DataHora=2026-09-26T16:46:11.5209025-03:00 | Nivel=INFO | Usuario=Smoke Test | Perfil=Administrador | Tela=Geral | Acao=Smoke test iniciando: Interacao:Janela:LoginWindow. | ErroTecnico= | StackTrace=
DataHora=2026-09-26T16:46:16.9470872-03:00 | Nivel=WARN | Usuario=Smoke Test | Perfil=Administrador | Tela=Geral | Acao=Smoke test: janela LoginWindow nao ficou visivel apos 5s. | ErroTecnico= | StackTrace=
DataHora=2026-09-26T16:46:17.2511084-03:00 | Nivel=INFO | Usuario=Smoke Test | Perfil=Administrador | Tela=Geral | Acao=Sessão criada no banco: Usuario='Smoke Test', SessionId='a4e05cfb-0893-4dfc-8099-a2f4e67dffa3', Machine='CIRO'. | ErroTecnico= | StackTrace=
DataHora=2026-09-26T16:46:17.2523154-03:00 | Nivel=INFO | Usuario=Smoke Test | Perfil=Administrador | Tela=Geral | Acao=Login realizado com sucesso para 'smoke-admin@primoauto.com' com perfil 'Administrador'. | ErroTecnico= | StackTrace=
DataHora=2026-09-26T16:46:17.2529418-03:00 | Nivel=INFO | Usuario=Smoke Test | Perfil=Administrador | Tela=Geral | Acao=Multi-filial indisponivel: usando apenas Unidade local. | ErroTecnico= | StackTrace=
DataHora=2026-09-26T16:46:17.2548174-03:00 | Nivel=INFO | Usuario=Smoke Test | Perfil=Administrador | Tela=Geral | Acao=Unidade de trabalho atual: Unidade local | ErroTecnico= | StackTrace=
DataHora=2026-09-26T16:46:17.2921239-03:00 | Nivel=INFO | Usuario=Smoke Test | Perfil=Administrador | Tela=Geral | Acao=Adicionado ao cache: Dashboard | ErroTecnico= | StackTrace=
DataHora=2026-09-26T16:46:17.2927710-03:00 | Nivel=INFO | Usuario=Smoke Test | Perfil=Administrador | Tela=Geral | Acao=Navegacao registrada: Dashboard | ErroTecnico= | StackTrace=
DataHora=2026-09-26T16:46:17.2933316-03:00 | Nivel=INFO | Usuario=Smoke Test | Perfil=Administrador | Tela=Geral | Acao=Navegacao concluida para o modulo 'Dashboard'. | ErroTecnico= | StackTrace=
DataHora=2026-09-26T16:46:24.3340312-03:00 | Nivel=WARN | Usuario=Smoke Test | Perfil=Administrador | Tela=Geral | Acao=Smoke test: janela LoginWindow nao ficou visivel apos 5s. | ErroTecnico= | StackTrace=
DataHora=2026-09-26T16:46:25.0336724-03:00 | Nivel=INFO | Usuario=Smoke Test | Perfil=Administrador | Tela=Geral | Acao=Smoke test aprovado: Interacao:Janela:LoginWindow (13512 ms). | ErroTecnico= | StackTrace=
DataHora=2026-09-26T16:46:25.0344352-03:00 | Nivel=INFO | Usuario=Smoke Test | Perfil=Administrador | Tela=Geral | Acao=Smoke test iniciando: Interacao:Janela:NovoAgendamentoPremiumWindow. | ErroTecnico= | StackTrace=
DataHora=2026-09-26T16:46:30.1832764-03:00 | Nivel=WARN | Usuario=Smoke Test | Perfil=Administrador | Tela=Geral | Acao=Smoke test: janela NovoAgendamentoPremiumWindow nao ficou visivel apos 5s. | ErroTecnico= | StackTrace=
DataHora=2026-09-26T16:46:35.5176499-03:00 | Nivel=WARN | Usuario=Smoke Test | Perfil=Administrador | Tela=Geral | Acao=Smoke test: janela NovoAgendamentoPremiumWindow nao ficou visivel apos 5s. | ErroTecnico= | StackTrace=
DataHora=2026-09-26T16:46:41.3615809-03:00 | Nivel=WARN | Usuario=Smoke Test | Perfil=Administrador | Tela=Geral | Acao=Smoke test: janela NovoAgendamentoPremiumWindow nao ficou visivel apos 5s. | ErroTecnico= | StackTrace=
DataHora=2026-09-26T16:46:42.1739389-03:00 | Nivel=INFO | Usuario=Smoke Test | Perfil=Administrador | Tela=Geral | Acao=Smoke test aprovado: Interacao:Janela:NovoAgendamentoPremiumWindow (17139 ms). | ErroTecnico= | StackTrace=
DataHora=2026-09-26T16:46:42.1747315-03:00 | Nivel=INFO | Usuario=Smoke Test | Perfil=Administrador | Tela=Geral | Acao=Smoke test iniciando: Interacao:Janela:NovoFornecedorWindow. | ErroTecnico= | StackTrace=
DataHora=2026-09-26T16:46:47.7093112-03:00 | Nivel=WARN | Usuario=Smoke Test | Perfil=Administrador | Tela=Geral | Acao=Smoke test: janela NovoFornecedorWindow nao ficou visivel apos 5s. | ErroTecnico= | StackTrace=
DataHora=2026-09-26T16:46:47.7230744-03:00 | Nivel=INFO | Usuario=Smoke Test | Perfil=Administrador | Tela=Fornecedores | Acao=Sucesso: Fornecedor Smoke 164647710 salvo com sucesso! | ErroTecnico= | StackTrace=
DataHora=2026-09-26T16:46:47.7240615-03:00 | Nivel=INFO | Usuario=Smoke Test | Perfil=Administrador | Tela=Fornecedores | Acao=DialogResult suprimido em automacao para 'NovoFornecedorWindow': DialogResult somente pode ser definido após Window ser criado e exibido como caixa de diálogo. | ErroTecnico= | StackTrace=
DataHora=2026-09-26T16:46:50.6842548-03:00 | Nivel=INFO | Usuario=Smoke Test | Perfil=Administrador | Tela=Geral | Acao=Smoke test aprovado: Interacao:Janela:NovoFornecedorWindow (8509 ms). | ErroTecnico= | StackTrace=
DataHora=2026-09-26T16:46:50.6851407-03:00 | Nivel=INFO | Usuario=Smoke Test | Perfil=Administrador | Tela=Geral | Acao=Smoke test iniciando: Interacao:Janela:NovoProdutoWindow. | ErroTecnico= | StackTrace=
DataHora=2026-09-26T16:46:56.1397217-03:00 | Nivel=WARN | Usuario=Smoke Test | Perfil=Administrador | Tela=Geral | Acao=Smoke test: janela NovoProdutoWindow nao ficou visivel apos 5s. | ErroTecnico= | StackTrace=
DataHora=2026-09-26T16:46:56.1477447-03:00 | Nivel=INFO | Usuario=Smoke Test | Perfil=Administrador | Tela=Estoque | Acao=Sucesso: Produto cadastrado com sucesso! | ErroTecnico= | StackTrace=
DataHora=2026-09-26T16:46:56.1487057-03:00 | Nivel=INFO | Usuario=Smoke Test | Perfil=Administrador | Tela=Estoque | Acao=DialogResult suprimido em automacao para 'NovoProdutoWindow': DialogResult somente pode ser definido após Window ser criado e exibido como caixa de diálogo. | ErroTecnico= | StackTrace=
DataHora=2026-09-26T16:47:02.0098836-03:00 | Nivel=WARN | Usuario=Smoke Test | Perfil=Administrador | Tela=Geral | Acao=Smoke test: janela NovoProdutoWindow nao ficou visivel apos 5s. | ErroTecnico= | StackTrace=
DataHora=2026-09-26T16:47:02.7070854-03:00 | Nivel=INFO | Usuario=Smoke Test | Perfil=Administrador | Tela=Geral | Acao=Smoke test aprovado: Interacao:Janela:NovoProdutoWindow (12021 ms). | ErroTecnico= | StackTrace=
DataHora=2026-09-26T16:47:02.7078878-03:00 | Nivel=INFO | Usuario=Smoke Test | Perfil=Administrador | Tela=Geral | Acao=Smoke test iniciando: Interacao:Janela:OrcamentosView. | ErroTecnico= | StackTrace=
DataHora=2026-09-26T16:47:07.9400969-03:00 | Nivel=WARN | Usuario=Smoke Test | Perfil=Administrador | Tela=Geral | Acao=Smoke test: janela OrcamentosView nao ficou visivel apos 5s. | ErroTecnico= | StackTrace=
DataHora=2026-09-26T16:47:13.3049583-03:00 | Nivel=WARN | Usuario=Smoke Test | Perfil=Administrador | Tela=Geral | Acao=Smoke test: janela OrcamentosView nao ficou visivel apos 5s. | ErroTecnico= | StackTrace=
DataHora=2026-09-26T16:47:19.9926436-03:00 | Nivel=WARN | Usuario=Smoke Test | Perfil=Administrador | Tela=Geral | Acao=Smoke test: janela OrcamentosView nao ficou visivel apos 5s. | ErroTecnico= | StackTrace=
DataHora=2026-09-26T16:47:25.9016835-03:00 | Nivel=WARN | Usuario=Smoke Test | Perfil=Administrador | Tela=Geral | Acao=Smoke test: janela OrcamentosView nao ficou visivel apos 5s. | ErroTecnico= | StackTrace=
DataHora=2026-09-26T16:47:32.6052959-03:00 | Nivel=WARN | Usuario=Smoke Test | Perfil=Administrador | Tela=Geral | Acao=Smoke test: janela OrcamentosView nao ficou visivel apos 5s. | ErroTecnico= | StackTrace=
DataHora=2026-09-26T16:47:33.3047550-03:00 | Nivel=WARN | Usuario=Smoke Test | Perfil=Administrador | Tela=Geral | Acao=Smoke test 'Interacao:Janela:OrcamentosView' demorou 30596 ms (acima de 30000 ms). | ErroTecnico= | StackTrace=
DataHora=2026-09-26T16:47:33.3055430-03:00 | Nivel=INFO | Usuario=Smoke Test | Perfil=Administrador | Tela=Geral | Acao=Smoke test aprovado: Interacao:Janela:OrcamentosView (30596 ms). | ErroTecnico= | StackTrace=
DataHora=2026-09-26T16:47:33.3060733-03:00 | Nivel=INFO | Usuario=Smoke Test | Perfil=Administrador | Tela=Geral | Acao=Smoke test iniciando: Interacao:Janela:PrimeiraExecucaoWindow. | ErroTecnico= | StackTrace=
DataHora=2026-09-26T16:47:38.4368615-03:00 | Nivel=WARN | Usuario=Smoke Test | Perfil=Administrador | Tela=Geral | Acao=Smoke test: janela PrimeiraExecucaoWindow nao ficou visivel apos 5s. | ErroTecnico= | StackTrace=
DataHora=2026-09-26T16:47:43.7313300-03:00 | Nivel=WARN | Usuario=Smoke Test | Perfil=Administrador | Tela=Geral | Acao=Smoke test: janela PrimeiraExecucaoWindow nao ficou visivel apos 5s. | ErroTecnico= | StackTrace=
DataHora=2026-09-26T16:47:44.4192290-03:00 | Nivel=INFO | Usuario=Smoke Test | Perfil=Administrador | Tela=Geral | Acao=Smoke test aprovado: Interacao:Janela:PrimeiraExecucaoWindow (11113 ms). | ErroTecnico= | StackTrace=
DataHora=2026-09-26T16:47:44.4200478-03:00 | Nivel=INFO | Usuario=Smoke Test | Perfil=Administrador | Tela=Geral | Acao=Smoke test iniciando: Interacao:Janela:SelecaoFilialWindow. | ErroTecnico= | StackTrace=
DataHora=2026-09-26T16:47:44.4827029-03:00 | Nivel=INFO | Usuario=Smoke Test | Perfil=Administrador | Tela=Geral | Acao=Multi-filial indisponivel: usando apenas Unidade local. | ErroTecnico= | StackTrace=
DataHora=2026-09-26T16:47:44.6931644-03:00 | Nivel=INFO | Usuario=Smoke Test | Perfil=Administrador | Tela=Geral | Acao=Multi-filial indisponivel: usando apenas Unidade local. | ErroTecnico= | StackTrace=
DataHora=2026-09-26T16:47:44.6996368-03:00 | Nivel=INFO | Usuario=Smoke Test | Perfil=Administrador | Tela=Geral | Acao=Unidade de trabalho atual: Unidade local | ErroTecnico= | StackTrace=
DataHora=2026-09-26T16:47:49.7479308-03:00 | Nivel=WARN | Usuario=Smoke Test | Perfil=Administrador | Tela=Geral | Acao=Smoke test: janela SelecaoFilialWindow nao ficou visivel apos 5s. | ErroTecnico= | StackTrace=
DataHora=2026-09-26T16:47:50.4981887-03:00 | Nivel=INFO | Usuario=Smoke Test | Perfil=Administrador | Tela=Geral | Acao=Multi-filial indisponivel: usando apenas Unidade local. | ErroTecnico= | StackTrace=
DataHora=2026-09-26T16:47:50.5038510-03:00 | Nivel=INFO | Usuario=Smoke Test | Perfil=Administrador | Tela=Geral | Acao=Unidade de trabalho atual: Unidade local | ErroTecnico= | StackTrace=
DataHora=2026-09-26T16:47:55.5568751-03:00 | Nivel=WARN | Usuario=Smoke Test | Perfil=Administrador | Tela=Geral | Acao=Smoke test: janela SelecaoFilialWindow nao ficou visivel apos 5s. | ErroTecnico= | StackTrace=
DataHora=2026-09-26T16:47:56.2398003-03:00 | Nivel=INFO | Usuario=Smoke Test | Perfil=Administrador | Tela=Geral | Acao=Smoke test aprovado: Interacao:Janela:SelecaoFilialWindow (11819 ms). | ErroTecnico= | StackTrace=
DataHora=2026-09-26T16:47:56.2405601-03:00 | Nivel=INFO | Usuario=Smoke Test | Perfil=Administrador | Tela=Geral | Acao=Smoke test iniciando: Interacao:Janela:UsuariosOnlineWindow. | ErroTecnico= | StackTrace=
DataHora=2026-09-26T16:48:01.6801273-03:00 | Nivel=WARN | Usuario=Smoke Test | Perfil=Administrador | Tela=Geral | Acao=Smoke test: janela UsuariosOnlineWindow nao ficou visivel apos 5s. | ErroTecnico= | StackTrace=
DataHora=2026-09-26T16:48:02.4773708-03:00 | Nivel=INFO | Usuario=Smoke Test | Perfil=Administrador | Tela=Geral | Acao=Sessões expiradas limpas pelo usuário. | ErroTecnico= | StackTrace=
DataHora=2026-09-26T16:48:04.1156597-03:00 | Nivel=INFO | Usuario=Smoke Test | Perfil=Administrador | Tela=Geral | Acao=Smoke test aprovado: Interacao:Janela:UsuariosOnlineWindow (7875 ms). | ErroTecnico= | StackTrace=
DataHora=2026-09-26T16:48:04.1164326-03:00 | Nivel=INFO | Usuario=Smoke Test | Perfil=Administrador | Tela=Geral | Acao=Smoke test iniciando: Interacao:Janela:EditarClienteWindow. | ErroTecnico= | StackTrace=
DataHora=2026-09-26T16:48:04.2431057-03:00 | Nivel=INFO | Usuario=Smoke Test | Perfil=Administrador | Tela=Geral | Acao=Bloqueio criado: Cliente/12cba520-6cba-41d0-aa50-54f0d934307c por Smoke Test em CIRO. Expira em 30 minutos. | ErroTecnico= | StackTrace=
DataHora=2026-09-26T16:48:04.5523411-03:00 | Nivel=INFO | Usuario=Smoke Test | Perfil=Administrador | Tela=Geral | Acao=Bloqueio liberado: Cliente/12cba520-6cba-41d0-aa50-54f0d934307c por Smoke Test. | ErroTecnico= | StackTrace=
DataHora=2026-09-26T16:48:04.6828080-03:00 | Nivel=INFO | Usuario=Smoke Test | Perfil=Administrador | Tela=Geral | Acao=Bloqueio criado: Cliente/12cba520-6cba-41d0-aa50-54f0d934307c por Smoke Test em CIRO. Expira em 30 minutos. | ErroTecnico= | StackTrace=
DataHora=2026-09-26T16:48:04.7216324-03:00 | Nivel=INFO | Usuario=Smoke Test | Perfil=Administrador | Tela=Geral | Acao=Bloqueio liberado: Cliente/12cba520-6cba-41d0-aa50-54f0d934307c por Smoke Test. | ErroTecnico= | StackTrace=
DataHora=2026-09-26T16:48:09.7535733-03:00 | Nivel=WARN | Usuario=Smoke Test | Perfil=Administrador | Tela=Geral | Acao=Smoke test: janela EditarClienteWindow nao ficou visivel apos 5s. | ErroTecnico= | StackTrace=
DataHora=2026-09-26T16:48:09.7843672-03:00 | Nivel=INFO | Usuario=Smoke Test | Perfil=Administrador | Tela=Clientes | Acao=Sucesso: Cliente atualizado com sucesso! | ErroTecnico= | StackTrace=
DataHora=2026-09-26T16:48:09.7854376-03:00 | Nivel=INFO | Usuario=Smoke Test | Perfil=Administrador | Tela=Clientes | Acao=DialogResult suprimido em automacao para 'EditarClienteWindow': DialogResult somente pode ser definido após Window ser criado e exibido como caixa de diálogo. | ErroTecnico= | StackTrace=
DataHora=2026-09-26T16:48:10.5971665-03:00 | Nivel=INFO | Usuario=Smoke Test | Perfil=Administrador | Tela=Geral | Acao=Bloqueio criado: Cliente/12cba520-6cba-41d0-aa50-54f0d934307c por Smoke Test em CIRO. Expira em 30 minutos. | ErroTecnico= | StackTrace=
DataHora=2026-09-26T16:48:10.6416860-03:00 | Nivel=INFO | Usuario=Smoke Test | Perfil=Administrador | Tela=Geral | Acao=Bloqueio liberado: Cliente/12cba520-6cba-41d0-aa50-54f0d934307c por Smoke Test. | ErroTecnico= | StackTrace=
DataHora=2026-09-26T16:48:15.6756143-03:00 | Nivel=WARN | Usuario=Smoke Test | Perfil=Administrador | Tela=Geral | Acao=Smoke test: janela EditarClienteWindow nao ficou visivel apos 5s. | ErroTecnico= | StackTrace=
DataHora=2026-09-26T16:48:16.5356695-03:00 | Nivel=INFO | Usuario=Smoke Test | Perfil=Administrador | Tela=Geral | Acao=Bloqueio criado: Cliente/12cba520-6cba-41d0-aa50-54f0d934307c por Smoke Test em CIRO. Expira em 30 minutos. | ErroTecnico= | StackTrace=
DataHora=2026-09-26T16:48:16.5742555-03:00 | Nivel=INFO | Usuario=Smoke Test | Perfil=Administrador | Tela=Geral | Acao=Bloqueio liberado: Cliente/12cba520-6cba-41d0-aa50-54f0d934307c por Smoke Test. | ErroTecnico= | StackTrace=
DataHora=2026-09-26T16:48:21.6175718-03:00 | Nivel=WARN | Usuario=Smoke Test | Perfil=Administrador | Tela=Geral | Acao=Smoke test: janela EditarClienteWindow nao ficou visivel apos 5s. | ErroTecnico= | StackTrace=
DataHora=2026-09-26T16:48:21.6273504-03:00 | Nivel=INFO | Usuario=Smoke Test | Perfil=Administrador | Tela=Clientes | Acao=Abertura de assinatura validada em automacao sem executar aplicativo externo. | ErroTecnico= | StackTrace=
DataHora=2026-09-26T16:48:22.4454344-03:00 | Nivel=INFO | Usuario=Smoke Test | Perfil=Administrador | Tela=Geral | Acao=Bloqueio criado: Cliente/12cba520-6cba-41d0-aa50-54f0d934307c por Smoke Test em CIRO. Expira em 30 minutos. | ErroTecnico= | StackTrace=
DataHora=2026-09-26T16:48:22.4841929-03:00 | Nivel=INFO | Usuario=Smoke Test | Perfil=Administrador | Tela=Geral | Acao=Bloqueio liberado: Cliente/12cba520-6cba-41d0-aa50-54f0d934307c por Smoke Test. | ErroTecnico= | StackTrace=
DataHora=2026-09-26T16:48:27.5086793-03:00 | Nivel=WARN | Usuario=Smoke Test | Perfil=Administrador | Tela=Geral | Acao=Smoke test: janela EditarClienteWindow nao ficou visivel apos 5s. | ErroTecnico= | StackTrace=
DataHora=2026-09-26T16:48:27.5185195-03:00 | Nivel=INFO | Usuario=Smoke Test | Perfil=Administrador | Tela=Clientes | Acao=Abertura de documento validada em automacao sem executar aplicativo externo. | ErroTecnico= | StackTrace=
DataHora=2026-09-26T16:48:28.3267801-03:00 | Nivel=INFO | Usuario=Smoke Test | Perfil=Administrador | Tela=Geral | Acao=Bloqueio criado: Cliente/12cba520-6cba-41d0-aa50-54f0d934307c por Smoke Test em CIRO. Expira em 30 minutos. | ErroTecnico= | StackTrace=
DataHora=2026-09-26T16:48:28.4252364-03:00 | Nivel=INFO | Usuario=Smoke Test | Perfil=Administrador | Tela=Clientes | Acao=Assinatura digital registrada para cliente 'Cliente Smoke 92381609440429' em 'C:\Users\campo\AppData\Local\Temp\primox-c114-smoke-20260926_162941\Clientes\Assinaturas\20260926164828_Cliente_Smoke_92381609440429_70b3cfa3a8ee4192955dd7f0650fc507.txt'. | ErroTecnico= | StackTrace=
DataHora=2026-09-26T16:48:28.4268906-03:00 | Nivel=INFO | Usuario=Smoke Test | Perfil=Administrador | Tela=Clientes | Acao=Assinatura Digital: Assinatura digital registrada. Clique em Salvar para gravar no cadastro. | ErroTecnico= | StackTrace=
DataHora=2026-09-26T16:48:29.1225052-03:00 | Nivel=INFO | Usuario=Smoke Test | Perfil=Administrador | Tela=Geral | Acao=Bloqueio liberado: Cliente/12cba520-6cba-41d0-aa50-54f0d934307c por Smoke Test. | ErroTecnico= | StackTrace=
DataHora=2026-09-26T16:48:29.2521805-03:00 | Nivel=INFO | Usuario=Smoke Test | Perfil=Administrador | Tela=Geral | Acao=Bloqueio criado: Cliente/12cba520-6cba-41d0-aa50-54f0d934307c por Smoke Test em CIRO. Expira em 30 minutos. | ErroTecnico= | StackTrace=
DataHora=2026-09-26T16:48:29.3597802-03:00 | Nivel=INFO | Usuario=Smoke Test | Perfil=Administrador | Tela=Clientes | Acao=Arquivo sintetico de cliente gerado em 'C:\Users\campo\AppData\Local\Temp\primox-c114-smoke-20260926_162941\Clientes\Automacao\documento-cliente-edicao-smoke.txt'. | ErroTecnico= | StackTrace=
DataHora=2026-09-26T16:48:29.3607112-03:00 | Nivel=INFO | Usuario=Smoke Test | Perfil=Administrador | Tela=Clientes | Acao=Documento sintetico do cliente vinculado em automacao sem abrir seletor de arquivos. | ErroTecnico= | StackTrace=
DataHora=2026-09-26T16:48:30.0269198-03:00 | Nivel=INFO | Usuario=Smoke Test | Perfil=Administrador | Tela=Geral | Acao=Bloqueio liberado: Cliente/12cba520-6cba-41d0-aa50-54f0d934307c por Smoke Test. | ErroTecnico= | StackTrace=
DataHora=2026-09-26T16:48:30.1556255-03:00 | Nivel=INFO | Usuario=Smoke Test | Perfil=Administrador | Tela=Geral | Acao=Bloqueio criado: Cliente/12cba520-6cba-41d0-aa50-54f0d934307c por Smoke Test em CIRO. Expira em 30 minutos. | ErroTecnico= | StackTrace=
DataHora=2026-09-26T16:48:30.2518492-03:00 | Nivel=INFO | Usuario=Smoke Test | Perfil=Administrador | Tela=Clientes | Acao=Selecao de foto do cliente validada em automacao sem abrir seletor de arquivos. | ErroTecnico= | StackTrace=
DataHora=2026-09-26T16:48:30.9328280-03:00 | Nivel=INFO | Usuario=Smoke Test | Perfil=Administrador | Tela=Geral | Acao=Bloqueio liberado: Cliente/12cba520-6cba-41d0-aa50-54f0d934307c por Smoke Test. | ErroTecnico= | StackTrace=
DataHora=2026-09-26T16:48:31.0936161-03:00 | Nivel=INFO | Usuario=Smoke Test | Perfil=Administrador | Tela=Geral | Acao=Bloqueio criado: Cliente/12cba520-6cba-41d0-aa50-54f0d934307c por Smoke Test em CIRO. Expira em 30 minutos. | ErroTecnico= | StackTrace=
DataHora=2026-09-26T16:48:31.8681583-03:00 | Nivel=INFO | Usuario=Smoke Test | Perfil=Administrador | Tela=Geral | Acao=Bloqueio liberado: Cliente/12cba520-6cba-41d0-aa50-54f0d934307c por Smoke Test. | ErroTecnico= | StackTrace=
DataHora=2026-09-26T16:48:32.0127137-03:00 | Nivel=INFO | Usuario=Smoke Test | Perfil=Administrador | Tela=Geral | Acao=Bloqueio criado: Cliente/12cba520-6cba-41d0-aa50-54f0d934307c por Smoke Test em CIRO. Expira em 30 minutos. | ErroTecnico= | StackTrace=
DataHora=2026-09-26T16:48:32.1781681-03:00 | Nivel=INFO | Usuario=Smoke Test | Perfil=Administrador | Tela=Clientes | Acao=Janela de nova ordem de servico do cliente validada em automacao sem abrir modal bloqueante. | ErroTecnico= | StackTrace=
DataHora=2026-09-26T16:48:32.9164693-03:00 | Nivel=INFO | Usuario=Smoke Test | Perfil=Administrador | Tela=Geral | Acao=Bloqueio liberado: Cliente/12cba520-6cba-41d0-aa50-54f0d934307c por Smoke Test. | ErroTecnico= | StackTrace=
DataHora=2026-09-26T16:48:33.0726225-03:00 | Nivel=INFO | Usuario=Smoke Test | Perfil=Administrador | Tela=Geral | Acao=Bloqueio criado: Cliente/12cba520-6cba-41d0-aa50-54f0d934307c por Smoke Test em CIRO. Expira em 30 minutos. | ErroTecnico= | StackTrace=
DataHora=2026-09-26T16:48:33.1106858-03:00 | Nivel=INFO | Usuario=Smoke Test | Perfil=Administrador | Tela=Geral | Acao=Bloqueio liberado: Cliente/12cba520-6cba-41d0-aa50-54f0d934307c por Smoke Test. | ErroTecnico= | StackTrace=
DataHora=2026-09-26T16:48:38.1631060-03:00 | Nivel=WARN | Usuario=Smoke Test | Perfil=Administrador | Tela=Geral | Acao=Smoke test: janela EditarClienteWindow nao ficou visivel apos 5s. | ErroTecnico= | StackTrace=
DataHora=2026-09-26T16:48:38.4049344-03:00 | Nivel=INFO | Usuario=Smoke Test | Perfil=Administrador | Tela=Clientes | Acao=Janela de historico do cliente validada em automacao sem abrir modal bloqueante. | ErroTecnico= | StackTrace=
DataHora=2026-09-26T16:48:39.2823386-03:00 | Nivel=INFO | Usuario=Smoke Test | Perfil=Administrador | Tela=Geral | Acao=Bloqueio criado: Cliente/12cba520-6cba-41d0-aa50-54f0d934307c por Smoke Test em CIRO. Expira em 30 minutos. | ErroTecnico= | StackTrace=
DataHora=2026-09-26T16:48:39.3789009-03:00 | Nivel=INFO | Usuario=Smoke Test | Perfil=Administrador | Tela=Clientes | Acao=WhatsApp do cliente validado em automacao para o telefone 5511988880001 sem abrir aplicativo externo. | ErroTecnico= | StackTrace=
DataHora=2026-09-26T16:48:40.0537499-03:00 | Nivel=INFO | Usuario=Smoke Test | Perfil=Administrador | Tela=Geral | Acao=Bloqueio liberado: Cliente/12cba520-6cba-41d0-aa50-54f0d934307c por Smoke Test. | ErroTecnico= | StackTrace=
DataHora=2026-09-26T16:48:40.0545461-03:00 | Nivel=WARN | Usuario=Smoke Test | Perfil=Administrador | Tela=Geral | Acao=Smoke test 'Interacao:Janela:EditarClienteWindow' demorou 35938 ms (acima de 30000 ms). | ErroTecnico= | StackTrace=
DataHora=2026-09-26T16:48:40.0550736-03:00 | Nivel=INFO | Usuario=Smoke Test | Perfil=Administrador | Tela=Geral | Acao=Smoke test aprovado: Interacao:Janela:EditarClienteWindow (35938 ms). | ErroTecnico= | StackTrace=
DataHora=2026-09-26T16:48:40.0555830-03:00 | Nivel=INFO | Usuario=Smoke Test | Perfil=Administrador | Tela=Geral | Acao=Smoke test iniciando: Interacao:Janela:EditarProdutoWindow. | ErroTecnico= | StackTrace=
DataHora=2026-09-26T16:48:40.1543284-03:00 | Nivel=INFO | Usuario=Smoke Test | Perfil=Administrador | Tela=Geral | Acao=Bloqueio criado: Produto/b2b75396-7a5d-462c-aeb6-4878e7c2c5ad por Smoke Test em CIRO. Expira em 30 minutos. | ErroTecnico= | StackTrace=
DataHora=2026-09-26T16:48:40.3185909-03:00 | Nivel=INFO | Usuario=Smoke Test | Perfil=Administrador | Tela=Geral | Acao=Bloqueio liberado: Produto/b2b75396-7a5d-462c-aeb6-4878e7c2c5ad por Smoke Test. | ErroTecnico= | StackTrace=
DataHora=2026-09-26T16:48:40.4416390-03:00 | Nivel=INFO | Usuario=Smoke Test | Perfil=Administrador | Tela=Geral | Acao=Bloqueio criado: Produto/b2b75396-7a5d-462c-aeb6-4878e7c2c5ad por Smoke Test em CIRO. Expira em 30 minutos. | ErroTecnico= | StackTrace=
DataHora=2026-09-26T16:48:40.4880963-03:00 | Nivel=INFO | Usuario=Smoke Test | Perfil=Administrador | Tela=Geral | Acao=Bloqueio liberado: Produto/b2b75396-7a5d-462c-aeb6-4878e7c2c5ad por Smoke Test. | ErroTecnico= | StackTrace=
DataHora=2026-09-26T16:48:45.5216084-03:00 | Nivel=WARN | Usuario=Smoke Test | Perfil=Administrador | Tela=Geral | Acao=Smoke test: janela EditarProdutoWindow nao ficou visivel apos 5s. | ErroTecnico= | StackTrace=
DataHora=2026-09-26T16:48:45.5303884-03:00 | Nivel=INFO | Usuario=Smoke Test | Perfil=Administrador | Tela=Estoque | Acao=Sucesso: Produto atualizado com sucesso! | ErroTecnico= | StackTrace=
DataHora=2026-09-26T16:48:45.5312930-03:00 | Nivel=INFO | Usuario=Smoke Test | Perfil=Administrador | Tela=Estoque | Acao=DialogResult suprimido em automacao para 'EditarProdutoWindow': DialogResult somente pode ser definido após Window ser criado e exibido como caixa de diálogo. | ErroTecnico= | StackTrace=
DataHora=2026-09-26T16:48:46.3157762-03:00 | Nivel=INFO | Usuario=Smoke Test | Perfil=Administrador | Tela=Geral | Acao=Bloqueio criado: Produto/b2b75396-7a5d-462c-aeb6-4878e7c2c5ad por Smoke Test em CIRO. Expira em 30 minutos. | ErroTecnico= | StackTrace=
DataHora=2026-09-26T16:48:46.3581763-03:00 | Nivel=INFO | Usuario=Smoke Test | Perfil=Administrador | Tela=Geral | Acao=Bloqueio liberado: Produto/b2b75396-7a5d-462c-aeb6-4878e7c2c5ad por Smoke Test. | ErroTecnico= | StackTrace=
DataHora=2026-09-26T16:48:51.4019564-03:00 | Nivel=WARN | Usuario=Smoke Test | Perfil=Administrador | Tela=Geral | Acao=Smoke test: janela EditarProdutoWindow nao ficou visivel apos 5s. | ErroTecnico= | StackTrace=
DataHora=2026-09-26T16:48:52.1049523-03:00 | Nivel=INFO | Usuario=Smoke Test | Perfil=Administrador | Tela=Geral | Acao=Smoke test aprovado: Interacao:Janela:EditarProdutoWindow (12049 ms). | ErroTecnico= | StackTrace=
DataHora=2026-09-26T16:48:52.1057042-03:00 | Nivel=INFO | Usuario=Smoke Test | Perfil=Administrador | Tela=Geral | Acao=Smoke test iniciando: Interacao:Janela:EditarFornecedorWindow. | ErroTecnico= | StackTrace=
DataHora=2026-09-26T16:48:57.2714719-03:00 | Nivel=WARN | Usuario=Smoke Test | Perfil=Administrador | Tela=Geral | Acao=Smoke test: janela EditarFornecedorWindow nao ficou visivel apos 5s. | ErroTecnico= | StackTrace=
DataHora=2026-09-26T16:49:02.6221147-03:00 | Nivel=WARN | Usuario=Smoke Test | Perfil=Administrador | Tela=Geral | Acao=Smoke test: janela EditarFornecedorWindow nao ficou visivel apos 5s. | ErroTecnico= | StackTrace=
DataHora=2026-09-26T16:49:02.6343013-03:00 | Nivel=INFO | Usuario=Smoke Test | Perfil=Administrador | Tela=Fornecedores | Acao=Sucesso: Fornecedor Fornecedor Smoke 22381615837424 atualizado com sucesso! | ErroTecnico= | StackTrace=
DataHora=2026-09-26T16:49:02.6353855-03:00 | Nivel=INFO | Usuario=Smoke Test | Perfil=Administrador | Tela=Fornecedores | Acao=DialogResult suprimido em automacao para 'EditarFornecedorWindow': DialogResult somente pode ser definido após Window ser criado e exibido como caixa de diálogo. | ErroTecnico= | StackTrace=
DataHora=2026-09-26T16:49:04.1797044-03:00 | Nivel=INFO | Usuario=Smoke Test | Perfil=Administrador | Tela=Geral | Acao=Smoke test aprovado: Interacao:Janela:EditarFornecedorWindow (12073 ms). | ErroTecnico= | StackTrace=
DataHora=2026-09-26T16:49:04.1803810-03:00 | Nivel=INFO | Usuario=Smoke Test | Perfil=Administrador | Tela=Geral | Acao=Smoke test iniciando: Interacao:Janela:HistoricoClienteWindow. | ErroTecnico= | StackTrace=
DataHora=2026-09-26T16:49:10.6501729-03:00 | Nivel=WARN | Usuario=Smoke Test | Perfil=Administrador | Tela=Geral | Acao=Smoke test: janela HistoricoClienteWindow nao ficou visivel apos 5s. | ErroTecnico= | StackTrace=
DataHora=2026-09-26T16:49:10.7641149-03:00 | Nivel=INFO | Usuario=Smoke Test | Perfil=Administrador | Tela=Clientes | Acao=Janela de veiculo 360 a partir do Cliente 360 validada em automacao sem abrir modal bloqueante. | ErroTecnico= | StackTrace=
DataHora=2026-09-26T16:49:16.8981452-03:00 | Nivel=WARN | Usuario=Smoke Test | Perfil=Administrador | Tela=Geral | Acao=Smoke test: janela HistoricoClienteWindow nao ficou visivel apos 5s. | ErroTecnico= | StackTrace=
DataHora=2026-09-26T16:49:23.2024286-03:00 | Nivel=WARN | Usuario=Smoke Test | Perfil=Administrador | Tela=Geral | Acao=Smoke test: janela HistoricoClienteWindow nao ficou visivel apos 5s. | ErroTecnico= | StackTrace=
DataHora=2026-09-26T16:49:23.2468057-03:00 | Nivel=INFO | Usuario=Smoke Test | Perfil=Administrador | Tela=Clientes | Acao=Janela de pós-venda do Cliente 360 validada em automacao sem abrir modal bloqueante. | ErroTecnico= | StackTrace=
DataHora=2026-09-26T16:49:24.5781593-03:00 | Nivel=INFO | Usuario=Smoke Test | Perfil=Administrador | Tela=Clientes | Acao=WhatsApp do Cliente 360 validado em automacao para o telefone 5511988880001. | ErroTecnico= | StackTrace=
DataHora=2026-09-26T16:49:30.7607032-03:00 | Nivel=WARN | Usuario=Smoke Test | Perfil=Administrador | Tela=Geral | Acao=Smoke test: janela HistoricoClienteWindow nao ficou visivel apos 5s. | ErroTecnico= | StackTrace=
DataHora=2026-09-26T16:49:30.8373094-03:00 | Nivel=INFO | Usuario=Smoke Test | Perfil=Administrador | Tela=Clientes | Acao=Janela de novo veiculo do Cliente 360 validada em automacao sem abrir modal bloqueante. | ErroTecnico= | StackTrace=
DataHora=2026-09-26T16:49:37.0772569-03:00 | Nivel=WARN | Usuario=Smoke Test | Perfil=Administrador | Tela=Geral | Acao=Smoke test: janela HistoricoClienteWindow nao ficou visivel apos 5s. | ErroTecnico= | StackTrace=
DataHora=2026-09-26T16:49:37.1179729-03:00 | Nivel=INFO | Usuario=Smoke Test | Perfil=Administrador | Tela=Clientes | Acao=Janela de agendamento do Cliente 360 validada em automacao sem abrir modal bloqueante. | ErroTecnico= | StackTrace=
DataHora=2026-09-26T16:49:38.5670759-03:00 | Nivel=INFO | Usuario=Smoke Test | Perfil=Administrador | Tela=Clientes | Acao=Janela de novo orcamento do Cliente 360 validada em automacao sem abrir modal bloqueante. | ErroTecnico= | StackTrace=
DataHora=2026-09-26T16:49:39.9567123-03:00 | Nivel=INFO | Usuario=Smoke Test | Perfil=Administrador | Tela=Clientes | Acao=Janela de nova OS do Cliente 360 validada em automacao sem abrir modal bloqueante. | ErroTecnico= | StackTrace=
DataHora=2026-09-26T16:49:40.7102358-03:00 | Nivel=WARN | Usuario=Smoke Test | Perfil=Administrador | Tela=Geral | Acao=Smoke test 'Interacao:Janela:HistoricoClienteWindow' demorou 36529 ms (acima de 30000 ms). | ErroTecnico= | StackTrace=
DataHora=2026-09-26T16:49:40.7109660-03:00 | Nivel=INFO | Usuario=Smoke Test | Perfil=Administrador | Tela=Geral | Acao=Smoke test aprovado: Interacao:Janela:HistoricoClienteWindow (36529 ms). | ErroTecnico= | StackTrace=
DataHora=2026-09-26T16:49:40.7115351-03:00 | Nivel=INFO | Usuario=Smoke Test | Perfil=Administrador | Tela=Geral | Acao=Smoke test iniciando: Interacao:Janela:VisualizarFornecedorWindow. | ErroTecnico= | StackTrace=
DataHora=2026-09-26T16:49:45.8688236-03:00 | Nivel=WARN | Usuario=Smoke Test | Perfil=Administrador | Tela=Geral | Acao=Smoke test: janela VisualizarFornecedorWindow nao ficou visivel apos 5s. | ErroTecnico= | StackTrace=
DataHora=2026-09-26T16:49:51.1767961-03:00 | Nivel=WARN | Usuario=Smoke Test | Perfil=Administrador | Tela=Geral | Acao=Smoke test: janela VisualizarFornecedorWindow nao ficou visivel apos 5s. | ErroTecnico= | StackTrace=
DataHora=2026-09-26T16:49:51.8756462-03:00 | Nivel=INFO | Usuario=Smoke Test | Perfil=Administrador | Tela=Geral | Acao=Smoke test aprovado: Interacao:Janela:VisualizarFornecedorWindow (11164 ms). | ErroTecnico= | StackTrace=
DataHora=2026-09-26T16:49:51.8763520-03:00 | Nivel=INFO | Usuario=Smoke Test | Perfil=Administrador | Tela=Geral | Acao=Smoke test iniciando: Interacao:Janela:VisualizarVeiculoWindow. | ErroTecnico= | StackTrace=
DataHora=2026-09-26T16:49:57.1279501-03:00 | Nivel=WARN | Usuario=Smoke Test | Perfil=Administrador | Tela=Geral | Acao=Smoke test: janela VisualizarVeiculoWindow nao ficou visivel apos 5s. | ErroTecnico= | StackTrace=
DataHora=2026-09-26T16:50:02.4791101-03:00 | Nivel=WARN | Usuario=Smoke Test | Perfil=Administrador | Tela=Geral | Acao=Smoke test: janela VisualizarVeiculoWindow nao ficou visivel apos 5s. | ErroTecnico= | StackTrace=
DataHora=2026-09-26T16:50:08.6520061-03:00 | Nivel=WARN | Usuario=Smoke Test | Perfil=Administrador | Tela=Geral | Acao=Smoke test: janela VisualizarVeiculoWindow nao ficou visivel apos 5s. | ErroTecnico= | StackTrace=
DataHora=2026-09-26T16:50:14.5725335-03:00 | Nivel=WARN | Usuario=Smoke Test | Perfil=Administrador | Tela=Geral | Acao=Smoke test: janela VisualizarVeiculoWindow nao ficou visivel apos 5s. | ErroTecnico= | StackTrace=
DataHora=2026-09-26T16:50:23.4566592-03:00 | Nivel=WARN | Usuario=Smoke Test | Perfil=Administrador | Tela=Geral | Acao=Smoke test: janela VisualizarVeiculoWindow nao ficou visivel apos 5s. | ErroTecnico= | StackTrace=
DataHora=2026-09-26T16:50:26.9928870-03:00 | Nivel=WARN | Usuario=Smoke Test | Perfil=Administrador | Tela=Geral | Acao=Smoke test 'Interacao:Janela:VisualizarVeiculoWindow' demorou 35116 ms (acima de 30000 ms). | ErroTecnico= | StackTrace=
DataHora=2026-09-26T16:50:26.9936473-03:00 | Nivel=INFO | Usuario=Smoke Test | Perfil=Administrador | Tela=Geral | Acao=Smoke test aprovado: Interacao:Janela:VisualizarVeiculoWindow (35116 ms). | ErroTecnico= | StackTrace=
DataHora=2026-09-26T16:50:26.9942315-03:00 | Nivel=INFO | Usuario=Smoke Test | Perfil=Administrador | Tela=Geral | Acao=Smoke test iniciando: Interacao:Janela:HistoricoEstoqueWindow. | ErroTecnico= | StackTrace=
DataHora=2026-09-26T16:50:32.1623314-03:00 | Nivel=WARN | Usuario=Smoke Test | Perfil=Administrador | Tela=Geral | Acao=Smoke test: janela HistoricoEstoqueWindow nao ficou visivel apos 5s. | ErroTecnico= | StackTrace=
DataHora=2026-09-26T16:50:37.4584869-03:00 | Nivel=WARN | Usuario=Smoke Test | Perfil=Administrador | Tela=Geral | Acao=Smoke test: janela HistoricoEstoqueWindow nao ficou visivel apos 5s. | ErroTecnico= | StackTrace=
DataHora=2026-09-26T16:50:38.1316703-03:00 | Nivel=INFO | Usuario=Smoke Test | Perfil=Administrador | Tela=Geral | Acao=Smoke test aprovado: Interacao:Janela:HistoricoEstoqueWindow (11137 ms). | ErroTecnico= | StackTrace=
DataHora=2026-09-26T16:50:38.1324352-03:00 | Nivel=INFO | Usuario=Smoke Test | Perfil=Administrador | Tela=Geral | Acao=Smoke test iniciando: Interacao:Janela:OrdemServicoWindow. | ErroTecnico= | StackTrace=
DataHora=2026-09-26T16:50:44.0956631-03:00 | Nivel=WARN | Usuario=Smoke Test | Perfil=Administrador | Tela=Geral | Acao=Smoke test: janela OrdemServicoWindow nao ficou visivel apos 5s. | ErroTecnico= | StackTrace=
DataHora=2026-09-26T16:50:44.1381931-03:00 | Nivel=INFO | Usuario=Smoke Test | Perfil=Administrador | Tela=OrdensServico | Acao=DialogResult suprimido em automacao para 'OrdemServicoWindow': DialogResult somente pode ser definido após Window ser criado e exibido como caixa de diálogo. | ErroTecnico= | StackTrace=
DataHora=2026-09-26T16:50:50.2054377-03:00 | Nivel=WARN | Usuario=Smoke Test | Perfil=Administrador | Tela=Geral | Acao=Smoke test: janela OrdemServicoWindow nao ficou visivel apos 5s. | ErroTecnico= | StackTrace=
DataHora=2026-09-26T16:50:50.2311449-03:00 | Nivel=INFO | Usuario=Smoke Test | Perfil=Administrador | Tela=OrdensServico | Acao=DialogResult suprimido em automacao para 'OrdemServicoWindow': DialogResult somente pode ser definido após Window ser criado e exibido como caixa de diálogo. | ErroTecnico= | StackTrace=
DataHora=2026-09-26T16:50:56.3130858-03:00 | Nivel=WARN | Usuario=Smoke Test | Perfil=Administrador | Tela=Geral | Acao=Smoke test: janela OrdemServicoWindow nao ficou visivel apos 5s. | ErroTecnico= | StackTrace=
DataHora=2026-09-26T16:51:08.4711804-03:00 | Nivel=WARN | Usuario=Smoke Test | Perfil=Administrador | Tela=Geral | Acao=Smoke test: janela OrdemServicoWindow nao ficou visivel apos 5s. | ErroTecnico= | StackTrace=
DataHora=2026-09-26T16:51:14.6377343-03:00 | Nivel=WARN | Usuario=Smoke Test | Perfil=Administrador | Tela=Geral | Acao=Smoke test: janela OrdemServicoWindow nao ficou visivel apos 5s. | ErroTecnico= | StackTrace=
DataHora=2026-09-26T16:51:20.9527851-03:00 | Nivel=WARN | Usuario=Smoke Test | Perfil=Administrador | Tela=Geral | Acao=Smoke test: janela OrdemServicoWindow nao ficou visivel apos 5s. | ErroTecnico= | StackTrace=
DataHora=2026-09-26T16:51:28.7802292-03:00 | Nivel=WARN | Usuario=Smoke Test | Perfil=Administrador | Tela=Geral | Acao=Smoke test: janela OrdemServicoWindow nao ficou visivel apos 5s. | ErroTecnico= | StackTrace=
DataHora=2026-09-26T16:51:36.0160029-03:00 | Nivel=WARN | Usuario=Smoke Test | Perfil=Administrador | Tela=Geral | Acao=Smoke test: janela OrdemServicoWindow nao ficou visivel apos 5s. | ErroTecnico= | StackTrace=
DataHora=2026-09-26T16:51:42.2526267-03:00 | Nivel=WARN | Usuario=Smoke Test | Perfil=Administrador | Tela=Geral | Acao=Smoke test: janela OrdemServicoWindow nao ficou visivel apos 5s. | ErroTecnico= | StackTrace=
DataHora=2026-09-26T16:51:42.2755024-03:00 | Nivel=INFO | Usuario=Smoke Test | Perfil=Administrador | Tela=Geral | Acao=Selecao de assinatura da OS ignorada em automacao. | ErroTecnico= | StackTrace=
DataHora=2026-09-26T16:51:51.8092536-03:00 | Nivel=WARN | Usuario=Smoke Test | Perfil=Administrador | Tela=Geral | Acao=Smoke test: janela OrdemServicoWindow nao ficou visivel apos 5s. | ErroTecnico= | StackTrace=
DataHora=2026-09-26T16:52:04.3185816-03:00 | Nivel=WARN | Usuario=Smoke Test | Perfil=Administrador | Tela=Geral | Acao=Smoke test: janela OrdemServicoWindow nao ficou visivel apos 5s. | ErroTecnico= | StackTrace=
DataHora=2026-09-26T16:52:10.6750967-03:00 | Nivel=WARN | Usuario=Smoke Test | Perfil=Administrador | Tela=Geral | Acao=Smoke test: janela OrdemServicoWindow nao ficou visivel apos 5s. | ErroTecnico= | StackTrace=
DataHora=2026-09-26T16:52:18.5860305-03:00 | Nivel=WARN | Usuario=Smoke Test | Perfil=Administrador | Tela=Geral | Acao=Smoke test: janela OrdemServicoWindow nao ficou visivel apos 5s. | ErroTecnico= | StackTrace=
DataHora=2026-09-26T16:52:26.5623595-03:00 | Nivel=WARN | Usuario=Smoke Test | Perfil=Administrador | Tela=Geral | Acao=Smoke test: janela OrdemServicoWindow nao ficou visivel apos 5s. | ErroTecnico= | StackTrace=
DataHora=2026-09-26T16:52:39.1896666-03:00 | Nivel=WARN | Usuario=Smoke Test | Perfil=Administrador | Tela=Geral | Acao=Smoke test: janela OrdemServicoWindow nao ficou visivel apos 5s. | ErroTecnico= | StackTrace=
DataHora=2026-09-26T16:52:45.5561146-03:00 | Nivel=WARN | Usuario=Smoke Test | Perfil=Administrador | Tela=Geral | Acao=Smoke test: janela OrdemServicoWindow nao ficou visivel apos 5s. | ErroTecnico= | StackTrace=
DataHora=2026-09-26T16:52:51.8309085-03:00 | Nivel=WARN | Usuario=Smoke Test | Perfil=Administrador | Tela=Geral | Acao=Smoke test: janela OrdemServicoWindow nao ficou visivel apos 5s. | ErroTecnico= | StackTrace=
DataHora=2026-09-26T16:52:59.8120701-03:00 | Nivel=WARN | Usuario=Smoke Test | Perfil=Administrador | Tela=Geral | Acao=Smoke test: janela OrdemServicoWindow nao ficou visivel apos 5s. | ErroTecnico= | StackTrace=
DataHora=2026-09-26T16:53:03.5682553-03:00 | Nivel=INFO | Usuario=Smoke Test | Perfil=Administrador | Tela=OrdensServico | Acao=Sem orcamentos: Nao existem orcamentos para este cliente. | ErroTecnico= | StackTrace=
DataHora=2026-09-26T16:53:06.2685668-03:00 | Nivel=INFO | Usuario=Smoke Test | Perfil=Administrador | Tela=OrdensServico | Acao=Item nao selecionado: Selecione um item para remover. | ErroTecnico= | StackTrace=
DataHora=2026-09-26T16:53:14.8691800-03:00 | Nivel=WARN | Usuario=Smoke Test | Perfil=Administrador | Tela=Geral | Acao=Smoke test: janela OrdemServicoWindow nao ficou visivel apos 5s. | ErroTecnico= | StackTrace=
DataHora=2026-09-26T16:53:16.0854465-03:00 | Nivel=INFO | Usuario=Smoke Test | Perfil=Administrador | Tela=Geral | Acao=Selecao de fotos da OS ignorada em automacao. | ErroTecnico= | StackTrace=
DataHora=2026-09-26T16:53:18.6583031-03:00 | Nivel=INFO | Usuario=Smoke Test | Perfil=Administrador | Tela=Geral | Acao=Selecao de fotos da OS ignorada em automacao. | ErroTecnico= | StackTrace=
DataHora=2026-09-26T16:53:19.3628378-03:00 | Nivel=WARN | Usuario=Smoke Test | Perfil=Administrador | Tela=Geral | Acao=Smoke test 'Interacao:Janela:OrdemServicoWindow' demorou 161230 ms (acima de 30000 ms). | ErroTecnico= | StackTrace=
DataHora=2026-09-26T16:53:19.3635571-03:00 | Nivel=INFO | Usuario=Smoke Test | Perfil=Administrador | Tela=Geral | Acao=Smoke test aprovado: Interacao:Janela:OrdemServicoWindow (161230 ms). | ErroTecnico= | StackTrace=
DataHora=2026-09-26T16:53:19.3640816-03:00 | Nivel=INFO | Usuario=Smoke Test | Perfil=Administrador | Tela=Geral | Acao=Smoke test iniciando: Interacao:Janela:ChecklistTecnicoWindow. | ErroTecnico= | StackTrace=
DataHora=2026-09-26T16:53:25.5650400-03:00 | Nivel=WARN | Usuario=Smoke Test | Perfil=Administrador | Tela=Geral | Acao=Smoke test: janela ChecklistTecnicoWindow nao ficou visivel apos 5s. | ErroTecnico= | StackTrace=
DataHora=2026-09-26T16:53:38.0264796-03:00 | Nivel=WARN | Usuario=Smoke Test | Perfil=Administrador | Tela=Geral | Acao=Smoke test: janela ChecklistTecnicoWindow nao ficou visivel apos 5s. | ErroTecnico= | StackTrace=
DataHora=2026-09-26T16:53:44.6540530-03:00 | Nivel=WARN | Usuario=Smoke Test | Perfil=Administrador | Tela=Geral | Acao=Smoke test: janela ChecklistTecnicoWindow nao ficou visivel apos 5s. | ErroTecnico= | StackTrace=
DataHora=2026-09-26T16:53:51.3240385-03:00 | Nivel=WARN | Usuario=Smoke Test | Perfil=Administrador | Tela=Geral | Acao=Smoke test: janela ChecklistTecnicoWindow nao ficou visivel apos 5s. | ErroTecnico= | StackTrace=
DataHora=2026-09-26T16:53:57.9276730-03:00 | Nivel=WARN | Usuario=Smoke Test | Perfil=Administrador | Tela=Geral | Acao=Smoke test: janela ChecklistTecnicoWindow nao ficou visivel apos 5s. | ErroTecnico= | StackTrace=
DataHora=2026-09-26T16:54:04.5758335-03:00 | Nivel=WARN | Usuario=Smoke Test | Perfil=Administrador | Tela=Geral | Acao=Smoke test: janela ChecklistTecnicoWindow nao ficou visivel apos 5s. | ErroTecnico= | StackTrace=
DataHora=2026-09-26T16:54:11.2851823-03:00 | Nivel=WARN | Usuario=Smoke Test | Perfil=Administrador | Tela=Geral | Acao=Smoke test: janela ChecklistTecnicoWindow nao ficou visivel apos 5s. | ErroTecnico= | StackTrace=
DataHora=2026-09-26T16:54:17.9654167-03:00 | Nivel=WARN | Usuario=Smoke Test | Perfil=Administrador | Tela=Geral | Acao=Smoke test: janela ChecklistTecnicoWindow nao ficou visivel apos 5s. | ErroTecnico= | StackTrace=
DataHora=2026-09-26T16:54:24.6057519-03:00 | Nivel=WARN | Usuario=Smoke Test | Perfil=Administrador | Tela=Geral | Acao=Smoke test: janela ChecklistTecnicoWindow nao ficou visivel apos 5s. | ErroTecnico= | StackTrace=
DataHora=2026-09-26T16:54:31.2761820-03:00 | Nivel=WARN | Usuario=Smoke Test | Perfil=Administrador | Tela=Geral | Acao=Smoke test: janela ChecklistTecnicoWindow nao ficou visivel apos 5s. | ErroTecnico= | StackTrace=
DataHora=2026-09-26T16:54:39.5943483-03:00 | Nivel=WARN | Usuario=Smoke Test | Perfil=Administrador | Tela=Geral | Acao=Smoke test: janela ChecklistTecnicoWindow nao ficou visivel apos 5s. | ErroTecnico= | StackTrace=
DataHora=2026-09-26T16:54:54.4153839-03:00 | Nivel=WARN | Usuario=Smoke Test | Perfil=Administrador | Tela=Geral | Acao=Smoke test: janela ChecklistTecnicoWindow nao ficou visivel apos 5s. | ErroTecnico= | StackTrace=
DataHora=2026-09-26T16:55:01.1211966-03:00 | Nivel=WARN | Usuario=Smoke Test | Perfil=Administrador | Tela=Geral | Acao=Smoke test: janela ChecklistTecnicoWindow nao ficou visivel apos 5s. | ErroTecnico= | StackTrace=
DataHora=2026-09-26T16:55:09.2153770-03:00 | Nivel=WARN | Usuario=Smoke Test | Perfil=Administrador | Tela=Geral | Acao=Smoke test: janela ChecklistTecnicoWindow nao ficou visivel apos 5s. | ErroTecnico= | StackTrace=
DataHora=2026-09-26T16:55:09.9658492-03:00 | Nivel=WARN | Usuario=Smoke Test | Perfil=Administrador | Tela=Geral | Acao=Smoke test 'Interacao:Janela:ChecklistTecnicoWindow' demorou 110601 ms (acima de 30000 ms). | ErroTecnico= | StackTrace=
DataHora=2026-09-26T16:55:09.9665709-03:00 | Nivel=INFO | Usuario=Smoke Test | Perfil=Administrador | Tela=Geral | Acao=Smoke test aprovado: Interacao:Janela:ChecklistTecnicoWindow (110601 ms). | ErroTecnico= | StackTrace=
DataHora=2026-09-26T16:55:09.9671003-03:00 | Nivel=INFO | Usuario=Smoke Test | Perfil=Administrador | Tela=Geral | Acao=Smoke test iniciando: Interacao:Janela:PosVendaWindow. | ErroTecnico= | StackTrace=
DataHora=2026-09-26T16:55:15.1471853-03:00 | Nivel=WARN | Usuario=Smoke Test | Perfil=Administrador | Tela=Geral | Acao=Smoke test: janela PosVendaWindow nao ficou visivel apos 5s. | ErroTecnico= | StackTrace=
DataHora=2026-09-26T16:55:20.4529388-03:00 | Nivel=WARN | Usuario=Smoke Test | Perfil=Administrador | Tela=Geral | Acao=Smoke test: janela PosVendaWindow nao ficou visivel apos 5s. | ErroTecnico= | StackTrace=
DataHora=2026-09-26T16:55:31.3053753-03:00 | Nivel=WARN | Usuario=Smoke Test | Perfil=Administrador | Tela=Geral | Acao=Smoke test: janela PosVendaWindow nao ficou visivel apos 5s. | ErroTecnico= | StackTrace=
DataHora=2026-09-26T16:55:37.1951096-03:00 | Nivel=WARN | Usuario=Smoke Test | Perfil=Administrador | Tela=Geral | Acao=Smoke test: janela PosVendaWindow nao ficou visivel apos 5s. | ErroTecnico= | StackTrace=
DataHora=2026-09-26T16:55:37.8550369-03:00 | Nivel=INFO | Usuario=Smoke Test | Perfil=Administrador | Tela=Geral | Acao=Smoke test aprovado: Interacao:Janela:PosVendaWindow (27887 ms). | ErroTecnico= | StackTrace=
DataHora=2026-09-26T16:55:37.8653170-03:00 | Nivel=INFO | Usuario=Smoke Test | Perfil=Administrador | Tela=Geral | Acao=Smoke test iniciando: Interacao:Janela:ConfigurarPermissoesWindow. | ErroTecnico= | StackTrace=
DataHora=2026-09-26T16:55:43.6068785-03:00 | Nivel=WARN | Usuario=Smoke Test | Perfil=Administrador | Tela=Geral | Acao=Smoke test: janela ConfigurarPermissoesWindow nao ficou visivel apos 5s. | ErroTecnico= | StackTrace=
DataHora=2026-09-26T16:55:49.6020198-03:00 | Nivel=WARN | Usuario=Smoke Test | Perfil=Administrador | Tela=Geral | Acao=Smoke test: janela ConfigurarPermissoesWindow nao ficou visivel apos 5s. | ErroTecnico= | StackTrace=
DataHora=2026-09-26T16:56:03.0177696-03:00 | Nivel=WARN | Usuario=Smoke Test | Perfil=Administrador | Tela=Geral | Acao=Smoke test: janela ConfigurarPermissoesWindow nao ficou visivel apos 5s. | ErroTecnico= | StackTrace=
DataHora=2026-09-26T16:56:09.0522786-03:00 | Nivel=WARN | Usuario=Smoke Test | Perfil=Administrador | Tela=Geral | Acao=Smoke test: janela ConfigurarPermissoesWindow nao ficou visivel apos 5s. | ErroTecnico= | StackTrace=
DataHora=2026-09-26T16:56:11.7949337-03:00 | Nivel=WARN | Usuario=Smoke Test | Perfil=Administrador | Tela=Geral | Acao=Smoke test 'Interacao:Janela:ConfigurarPermissoesWindow' demorou 33929 ms (acima de 30000 ms). | ErroTecnico= | StackTrace=
DataHora=2026-09-26T16:56:11.7956210-03:00 | Nivel=INFO | Usuario=Smoke Test | Perfil=Administrador | Tela=Geral | Acao=Smoke test aprovado: Interacao:Janela:ConfigurarPermissoesWindow (33929 ms). | ErroTecnico= | StackTrace=
DataHora=2026-09-26T16:56:11.7962547-03:00 | Nivel=INFO | Usuario=Smoke Test | Perfil=Administrador | Tela=Geral | Acao=Smoke test iniciando: Interacao:Janela:GerenciarPerfisWindow. | ErroTecnico= | StackTrace=
DataHora=2026-09-26T16:56:17.6627242-03:00 | Nivel=WARN | Usuario=Smoke Test | Perfil=Administrador | Tela=Geral | Acao=Smoke test: janela GerenciarPerfisWindow nao ficou visivel apos 5s. | ErroTecnico= | StackTrace=
DataHora=2026-09-26T16:56:23.6250966-03:00 | Nivel=WARN | Usuario=Smoke Test | Perfil=Administrador | Tela=Geral | Acao=Smoke test: janela GerenciarPerfisWindow nao ficou visivel apos 5s. | ErroTecnico= | StackTrace=
DataHora=2026-09-26T16:56:35.1998681-03:00 | Nivel=INFO | Usuario=Smoke Test | Perfil=Administrador | Tela=Geral | Acao=Smoke test aprovado: Interacao:Janela:GerenciarPerfisWindow (23403 ms). | ErroTecnico= | StackTrace=
DataHora=2026-09-26T16:56:35.2020702-03:00 | Nivel=INFO | Usuario=Smoke Test | Perfil=Administrador | Tela=Geral | Acao=Smoke test iniciando: Interacao:Controle:BaseConhecimentoControl. | ErroTecnico= | StackTrace=
DataHora=2026-09-26T16:56:40.5052313-03:00 | Nivel=WARN | Usuario=Smoke Test | Perfil=Administrador | Tela=Geral | Acao=Smoke test: janela Window nao ficou visivel apos 5s. | ErroTecnico= | StackTrace=
DataHora=2026-09-26T16:56:45.8208168-03:00 | Nivel=WARN | Usuario=Smoke Test | Perfil=Administrador | Tela=Geral | Acao=Smoke test: janela Window nao ficou visivel apos 5s. | ErroTecnico= | StackTrace=
DataHora=2026-09-26T16:56:52.6009677-03:00 | Nivel=WARN | Usuario=Smoke Test | Perfil=Administrador | Tela=Geral | Acao=Smoke test: janela Window nao ficou visivel apos 5s. | ErroTecnico= | StackTrace=
DataHora=2026-09-26T16:56:52.7419333-03:00 | Nivel=ERROR | Usuario=Smoke Test | Perfil=Administrador | Tela=Geral | Acao=Smoke test falhou: Interacao:Controle:BaseConhecimentoControl | ErroTecnico=System.InvalidOperationException: Não é possível definir a propriedade Owner para uma Janela fechada. | StackTrace=   at System.Windows.Window.set_Owner(Window value)\r\n   at PrimoAutoEletrica.UserControls.BaseConhecimentoControl.AbrirArtigoDetalhes() in C:\Projetos\PrimoAutoEletrica\PrimoAutoEletrica\UserControls\BaseConhecimentoControl.xaml.cs:line 166\r\n   at PrimoAutoEletrica.UserControls.BaseConhecimentoControl.VerDetalhesButton_Click(Object sender, RoutedEventArgs e) in C:\Projetos\PrimoAutoEletrica\PrimoAutoEletrica\UserControls\BaseConhecimentoControl.xaml.cs:line 136\r\n   at System.Windows.EventRoute.InvokeHandlersImpl(Object source, RoutedEventArgs args, Boolean reRaised)\r\n   at System.Windows.UIElement.RaiseEventImpl(DependencyObject sender, RoutedEventArgs args)\r\n   at PrimoAutoEletrica.Services.UiSmokeTestService.RaiseButtonClick(Button button) in C:\Projetos\PrimoAutoEletrica\PrimoAutoEletrica\Services\UiSmokeTestService.Helpers.cs:line 1217\r\n   at PrimoAutoEletrica.Services.UiSmokeTestService.ExerciseInteractionSurface(Type rootType, Func`1 surfaceFactory) in C:\Projetos\PrimoAutoEletrica\PrimoAutoEletrica\Services\UiSmokeTestService.Helpers.cs:line 715\r\n   at PrimoAutoEletrica.Services.UiSmokeTestService.ExerciseHostedElementButtons(Type controlType) in C:\Projetos\PrimoAutoEletrica\PrimoAutoEletrica\Services\UiSmokeTestService.Helpers.cs:line 200\r\n   at PrimoAutoEletrica.Services.UiSmokeTestService.<>c__DisplayClass50_1.<RunInteractiveDiscoveredUserControlChecks>b__2() in C:\Projetos\PrimoAutoEletrica\PrimoAutoEletrica\Services\UiSmokeTestService.Discovery.cs:line 220\r\n   at PrimoAutoEletrica.Services.UiSmokeTestService.RunCheck(UiSmokeTestRunResult result, String name, Action action) in C:\Projetos\PrimoAutoEletrica\PrimoAutoEletrica\Services\UiSmokeTestService.cs:line 508
DataHora=2026-09-26T16:56:52.7428435-03:00 | Nivel=INFO | Usuario=Smoke Test | Perfil=Administrador | Tela=Geral | Acao=Smoke test iniciando: Interacao:Controle:FerramentasControl. | ErroTecnico= | StackTrace=
DataHora=2026-09-26T16:56:58.0227085-03:00 | Nivel=WARN | Usuario=Smoke Test | Perfil=Administrador | Tela=Geral | Acao=Smoke test: janela Window nao ficou visivel apos 5s. | ErroTecnico= | StackTrace=
DataHora=2026-09-26T16:57:03.3692691-03:00 | Nivel=WARN | Usuario=Smoke Test | Perfil=Administrador | Tela=Geral | Acao=Smoke test: janela Window nao ficou visivel apos 5s. | ErroTecnico= | StackTrace=
DataHora=2026-09-26T16:57:10.4617466-03:00 | Nivel=WARN | Usuario=Smoke Test | Perfil=Administrador | Tela=Geral | Acao=Smoke test: janela Window nao ficou visivel apos 5s. | ErroTecnico= | StackTrace=
DataHora=2026-09-26T16:57:17.6130348-03:00 | Nivel=WARN | Usuario=Smoke Test | Perfil=Administrador | Tela=Geral | Acao=Smoke test: janela Window nao ficou visivel apos 5s. | ErroTecnico= | StackTrace=
DataHora=2026-09-26T16:57:17.6286160-03:00 | Nivel=ERROR | Usuario=Smoke Test | Perfil=Administrador | Tela=Geral | Acao=Excecao nao tratada na thread principal da interface. | ErroTecnico=System.InvalidOperationException: Não é possível definir a propriedade Owner para uma Janela fechada. | StackTrace=   at System.Windows.Window.set_Owner(Window value)\r\n   at PrimoAutoEletrica.UserControls.FerramentasControl.AbrirTool360() in C:\Projetos\PrimoAutoEletrica\PrimoAutoEletrica\UserControls\FerramentasControl.xaml.cs:line 120\r\n   at System.Threading.Tasks.Task.<>c.<ThrowAsync>b__124_0(Object state)\r\n   at System.Windows.Threading.ExceptionWrapper.InternalRealCall(Delegate callback, Object args, Int32 numArgs)\r\n   at System.Windows.Threading.ExceptionWrapper.TryCatchWhen(Object source, Delegate callback, Object args, Int32 numArgs, Delegate catchHandler)
DataHora=2026-09-26T16:57:17.6310880-03:00 | Nivel=ERROR | Usuario=Smoke Test | Perfil=Administrador | Tela=UI | Acao=Erro amigavel registrado. Codigo=20260926165717630; Contexto=UI; Acao=ExcecaoNaoTratada; Mensagem=Não é possível definir a propriedade Owner para uma Janela fechada. | ErroTecnico=System.InvalidOperationException: Não é possível definir a propriedade Owner para uma Janela fechada. | StackTrace=   at System.Windows.Window.set_Owner(Window value)\r\n   at PrimoAutoEletrica.UserControls.FerramentasControl.AbrirTool360() in C:\Projetos\PrimoAutoEletrica\PrimoAutoEletrica\UserControls\FerramentasControl.xaml.cs:line 120\r\n   at System.Threading.Tasks.Task.<>c.<ThrowAsync>b__124_0(Object state)\r\n   at System.Windows.Threading.ExceptionWrapper.InternalRealCall(Delegate callback, Object args, Int32 numArgs)\r\n   at System.Windows.Threading.ExceptionWrapper.TryCatchWhen(Object source, Delegate callback, Object args, Int32 numArgs, Delegate catchHandler)
DataHora=2026-09-26T16:57:19.3114644-03:00 | Nivel=INFO | Usuario=Smoke Test | Perfil=Administrador | Tela=Geral | Acao=Smoke test aprovado: Interacao:Controle:FerramentasControl (26568 ms). | ErroTecnico= | StackTrace=
DataHora=2026-09-26T16:57:19.3121497-03:00 | Nivel=INFO | Usuario=Smoke Test | Perfil=Administrador | Tela=Geral | Acao=Smoke test iniciando: Interacao:Controle:FiscalOperationsControl. | ErroTecnico= | StackTrace=
DataHora=2026-09-26T16:57:24.9114943-03:00 | Nivel=WARN | Usuario=Smoke Test | Perfil=Administrador | Tela=Geral | Acao=Smoke test: janela Window nao ficou visivel apos 5s. | ErroTecnico= | StackTrace=
DataHora=2026-09-26T16:57:26.5526494-03:00 | Nivel=INFO | Usuario=Smoke Test | Perfil=Administrador | Tela=Geral | Acao=Smoke test aprovado: Interacao:Controle:FiscalOperationsControl (7240 ms). | ErroTecnico= | StackTrace=
DataHora=2026-09-26T16:57:26.5533343-03:00 | Nivel=INFO | Usuario=Smoke Test | Perfil=Administrador | Tela=Geral | Acao=Smoke test iniciando: Interacao:Controle:GlobalSearchControl. | ErroTecnico= | StackTrace=
DataHora=2026-09-26T16:57:31.7730148-03:00 | Nivel=INFO | Usuario=Smoke Test | Perfil=Administrador | Tela=Geral | Acao=Nenhum botao interativo encontrado em GlobalSearchControl; a validacao ficou restrita ao carregamento visual. | ErroTecnico= | StackTrace=
DataHora=2026-09-26T16:57:31.7736806-03:00 | Nivel=INFO | Usuario=Smoke Test | Perfil=Administrador | Tela=Geral | Acao=Smoke test aprovado: Interacao:Controle:GlobalSearchControl (5220 ms). | ErroTecnico= | StackTrace=
DataHora=2026-09-26T16:57:31.7742679-03:00 | Nivel=INFO | Usuario=Smoke Test | Perfil=Administrador | Tela=Geral | Acao=Smoke test iniciando: Interacao:Controle:HelpControl. | ErroTecnico= | StackTrace=
DataHora=2026-09-26T16:57:37.1460403-03:00 | Nivel=INFO | Usuario=Smoke Test | Perfil=Administrador | Tela=Geral | Acao=Nenhum botao interativo encontrado em HelpControl; a validacao ficou restrita ao carregamento visual. | ErroTecnico= | StackTrace=
DataHora=2026-09-26T16:57:37.1467667-03:00 | Nivel=INFO | Usuario=Smoke Test | Perfil=Administrador | Tela=Geral | Acao=Smoke test aprovado: Interacao:Controle:HelpControl (5372 ms). | ErroTecnico= | StackTrace=
DataHora=2026-09-26T16:57:37.1472975-03:00 | Nivel=INFO | Usuario=Smoke Test | Perfil=Administrador | Tela=Geral | Acao=Smoke test iniciando: Interacao:Controle:NecessidadesCompraControl. | ErroTecnico= | StackTrace=
DataHora=2026-09-26T16:57:42.3577749-03:00 | Nivel=WARN | Usuario=Smoke Test | Perfil=Administrador | Tela=Geral | Acao=Smoke test: janela Window nao ficou visivel apos 5s. | ErroTecnico= | StackTrace=
DataHora=2026-09-26T16:57:47.6544701-03:00 | Nivel=WARN | Usuario=Smoke Test | Perfil=Administrador | Tela=Geral | Acao=Smoke test: janela Window nao ficou visivel apos 5s. | ErroTecnico= | StackTrace=
DataHora=2026-09-26T16:57:54.4394998-03:00 | Nivel=WARN | Usuario=Smoke Test | Perfil=Administrador | Tela=Geral | Acao=Smoke test: janela Window nao ficou visivel apos 5s. | ErroTecnico= | StackTrace=
DataHora=2026-09-26T16:58:03.2965462-03:00 | Nivel=WARN | Usuario=Smoke Test | Perfil=Administrador | Tela=Geral | Acao=Smoke test: janela Window nao ficou visivel apos 5s. | ErroTecnico= | StackTrace=
DataHora=2026-09-26T16:58:03.9671457-03:00 | Nivel=INFO | Usuario=Smoke Test | Perfil=Administrador | Tela=Geral | Acao=Smoke test aprovado: Interacao:Controle:NecessidadesCompraControl (26819 ms). | ErroTecnico= | StackTrace=
DataHora=2026-09-26T16:58:03.9679542-03:00 | Nivel=INFO | Usuario=Smoke Test | Perfil=Administrador | Tela=Geral | Acao=Smoke test iniciando: Interacao:Controle:OrcamentoAlertasControl. | ErroTecnico= | StackTrace=
DataHora=2026-09-26T16:58:09.0903556-03:00 | Nivel=INFO | Usuario=Smoke Test | Perfil=Administrador | Tela=Geral | Acao=Nenhum botao interativo encontrado em OrcamentoAlertasControl; a validacao ficou restrita ao carregamento visual. | ErroTecnico= | StackTrace=
DataHora=2026-09-26T16:58:09.0910255-03:00 | Nivel=INFO | Usuario=Smoke Test | Perfil=Administrador | Tela=Geral | Acao=Smoke test aprovado: Interacao:Controle:OrcamentoAlertasControl (5123 ms). | ErroTecnico= | StackTrace=
DataHora=2026-09-26T16:58:09.0915358-03:00 | Nivel=INFO | Usuario=Smoke Test | Perfil=Administrador | Tela=Geral | Acao=Smoke test iniciando: Interacao:Controle:OrcamentoBuscaInteligenteControl. | ErroTecnico= | StackTrace=
DataHora=2026-09-26T16:58:14.3562791-03:00 | Nivel=INFO | Usuario=Smoke Test | Perfil=Administrador | Tela=Geral | Acao=Nenhum botao interativo encontrado em OrcamentoBuscaInteligenteControl; a validacao ficou restrita ao carregamento visual. | ErroTecnico= | StackTrace=
DataHora=2026-09-26T16:58:14.3569738-03:00 | Nivel=INFO | Usuario=Smoke Test | Perfil=Administrador | Tela=Geral | Acao=Smoke test aprovado: Interacao:Controle:OrcamentoBuscaInteligenteControl (5265 ms). | ErroTecnico= | StackTrace=
DataHora=2026-09-26T16:58:14.3575149-03:00 | Nivel=INFO | Usuario=Smoke Test | Perfil=Administrador | Tela=Geral | Acao=Smoke test iniciando: Interacao:Controle:OrcamentoCarrinhoControl. | ErroTecnico= | StackTrace=
DataHora=2026-09-26T16:58:19.6114421-03:00 | Nivel=INFO | Usuario=Smoke Test | Perfil=Administrador | Tela=Geral | Acao=Nenhum botao interativo encontrado em OrcamentoCarrinhoControl; a validacao ficou restrita ao carregamento visual. | ErroTecnico= | StackTrace=
DataHora=2026-09-26T16:58:19.6120955-03:00 | Nivel=INFO | Usuario=Smoke Test | Perfil=Administrador | Tela=Geral | Acao=Smoke test aprovado: Interacao:Controle:OrcamentoCarrinhoControl (5254 ms). | ErroTecnico= | StackTrace=
DataHora=2026-09-26T16:58:19.6126501-03:00 | Nivel=INFO | Usuario=Smoke Test | Perfil=Administrador | Tela=Geral | Acao=Smoke test iniciando: Interacao:Controle:OrcamentoClientePanelControl. | ErroTecnico= | StackTrace=
DataHora=2026-09-26T16:58:24.7920598-03:00 | Nivel=WARN | Usuario=Smoke Test | Perfil=Administrador | Tela=Geral | Acao=Smoke test: janela Window nao ficou visivel apos 5s. | ErroTecnico= | StackTrace=
DataHora=2026-09-26T16:58:30.0897153-03:00 | Nivel=WARN | Usuario=Smoke Test | Perfil=Administrador | Tela=Geral | Acao=Smoke test: janela Window nao ficou visivel apos 5s. | ErroTecnico= | StackTrace=
DataHora=2026-09-26T16:58:32.6743524-03:00 | Nivel=INFO | Usuario=Smoke Test | Perfil=Administrador | Tela=Geral | Acao=Smoke test aprovado: Interacao:Controle:OrcamentoClientePanelControl (13061 ms). | ErroTecnico= | StackTrace=
DataHora=2026-09-26T16:58:32.6750009-03:00 | Nivel=INFO | Usuario=Smoke Test | Perfil=Administrador | Tela=Geral | Acao=Smoke test iniciando: Interacao:Controle:OrcamentoHistoricoNegociacaoControl. | ErroTecnico= | StackTrace=
DataHora=2026-09-26T16:58:37.8647663-03:00 | Nivel=INFO | Usuario=Smoke Test | Perfil=Administrador | Tela=Geral | Acao=Nenhum botao interativo encontrado em OrcamentoHistoricoNegociacaoControl; a validacao ficou restrita ao carregamento visual. | ErroTecnico= | StackTrace=
DataHora=2026-09-26T16:58:37.8655237-03:00 | Nivel=INFO | Usuario=Smoke Test | Perfil=Administrador | Tela=Geral | Acao=Smoke test aprovado: Interacao:Controle:OrcamentoHistoricoNegociacaoControl (5190 ms). | ErroTecnico= | StackTrace=
DataHora=2026-09-26T16:58:37.8660657-03:00 | Nivel=INFO | Usuario=Smoke Test | Perfil=Administrador | Tela=Geral | Acao=Smoke test iniciando: Interacao:Controle:OrcamentoProdutosPanelControl. | ErroTecnico= | StackTrace=
DataHora=2026-09-26T16:58:43.1425428-03:00 | Nivel=INFO | Usuario=Smoke Test | Perfil=Administrador | Tela=Geral | Acao=Nenhum botao interativo encontrado em OrcamentoProdutosPanelControl; a validacao ficou restrita ao carregamento visual. | ErroTecnico= | StackTrace=
DataHora=2026-09-26T16:58:43.1432153-03:00 | Nivel=INFO | Usuario=Smoke Test | Perfil=Administrador | Tela=Geral | Acao=Smoke test aprovado: Interacao:Controle:OrcamentoProdutosPanelControl (5277 ms). | ErroTecnico= | StackTrace=
DataHora=2026-09-26T16:58:43.1437566-03:00 | Nivel=INFO | Usuario=Smoke Test | Perfil=Administrador | Tela=Geral | Acao=Smoke test iniciando: Interacao:Controle:OrcamentoResumoFinanceiroControl. | ErroTecnico= | StackTrace=
DataHora=2026-09-26T16:58:48.3007271-03:00 | Nivel=WARN | Usuario=Smoke Test | Perfil=Administrador | Tela=Geral | Acao=Smoke test: janela Window nao ficou visivel apos 5s. | ErroTecnico= | StackTrace=
DataHora=2026-09-26T16:58:53.4331691-03:00 | Nivel=INFO | Usuario=Smoke Test | Perfil=Administrador | Tela=Geral | Acao=Nenhum botao interativo encontrado em OrcamentoResumoFinanceiroControl; a validacao ficou restrita ao carregamento visual. | ErroTecnico= | StackTrace=
DataHora=2026-09-26T16:58:53.4339603-03:00 | Nivel=INFO | Usuario=Smoke Test | Perfil=Administrador | Tela=Geral | Acao=Smoke test aprovado: Interacao:Controle:OrcamentoResumoFinanceiroControl (10290 ms). | ErroTecnico= | StackTrace=
DataHora=2026-09-26T16:58:53.4344710-03:00 | Nivel=INFO | Usuario=Smoke Test | Perfil=Administrador | Tela=Geral | Acao=Smoke test iniciando: Interacao:Controle:OrcamentoStatusControl. | ErroTecnico= | StackTrace=
DataHora=2026-09-26T16:58:58.5934788-03:00 | Nivel=WARN | Usuario=Smoke Test | Perfil=Administrador | Tela=Geral | Acao=Smoke test: janela Window nao ficou visivel apos 5s. | ErroTecnico= | StackTrace=
DataHora=2026-09-26T16:59:03.6825172-03:00 | Nivel=INFO | Usuario=Smoke Test | Perfil=Administrador | Tela=Geral | Acao=Nenhum botao interativo encontrado em OrcamentoStatusControl; a validacao ficou restrita ao carregamento visual. | ErroTecnico= | StackTrace=
DataHora=2026-09-26T16:59:03.6833952-03:00 | Nivel=INFO | Usuario=Smoke Test | Perfil=Administrador | Tela=Geral | Acao=Smoke test aprovado: Interacao:Controle:OrcamentoStatusControl (10248 ms). | ErroTecnico= | StackTrace=
DataHora=2026-09-26T16:59:03.6839347-03:00 | Nivel=INFO | Usuario=Smoke Test | Perfil=Administrador | Tela=Geral | Acao=Smoke test iniciando: Interacao:Controle:OrcamentoTimelineControl. | ErroTecnico= | StackTrace=
DataHora=2026-09-26T16:59:08.8918807-03:00 | Nivel=INFO | Usuario=Smoke Test | Perfil=Administrador | Tela=Geral | Acao=Nenhum botao interativo encontrado em OrcamentoTimelineControl; a validacao ficou restrita ao carregamento visual. | ErroTecnico= | StackTrace=
DataHora=2026-09-26T16:59:08.8925659-03:00 | Nivel=INFO | Usuario=Smoke Test | Perfil=Administrador | Tela=Geral | Acao=Smoke test aprovado: Interacao:Controle:OrcamentoTimelineControl (5208 ms). | ErroTecnico= | StackTrace=
DataHora=2026-09-26T16:59:08.8930973-03:00 | Nivel=INFO | Usuario=Smoke Test | Perfil=Administrador | Tela=Geral | Acao=Smoke test iniciando: Interacao:Controle:OrcamentosDashboardControl. | ErroTecnico= | StackTrace=
DataHora=2026-09-26T16:59:14.0839572-03:00 | Nivel=INFO | Usuario=Smoke Test | Perfil=Administrador | Tela=Geral | Acao=Nenhum botao interativo encontrado em OrcamentosDashboardControl; a validacao ficou restrita ao carregamento visual. | ErroTecnico= | StackTrace=
DataHora=2026-09-26T16:59:14.0846612-03:00 | Nivel=INFO | Usuario=Smoke Test | Perfil=Administrador | Tela=Geral | Acao=Smoke test aprovado: Interacao:Controle:OrcamentosDashboardControl (5191 ms). | ErroTecnico= | StackTrace=
DataHora=2026-09-26T16:59:14.0856325-03:00 | Nivel=INFO | Usuario=Smoke Test | Perfil=Administrador | Tela=Geral | Acao=Smoke test iniciando: Relatorios:CarregamentoAssincrono. | ErroTecnico= | StackTrace=
DataHora=2026-09-26T16:59:14.1875172-03:00 | Nivel=INFO | Usuario=Smoke Test | Perfil=Administrador | Tela=Relatorios | Acao=ObterDadosFinanceiros(limit=250) concluida em 0 ms. | ErroTecnico= | StackTrace=
DataHora=2026-09-26T16:59:14.1889615-03:00 | Nivel=INFO | Usuario=Smoke Test | Perfil=Administrador | Tela=Relatorios | Acao=ObterDadosVendas(limit=250) concluida em 0 ms. | ErroTecnico= | StackTrace=
DataHora=2026-09-26T16:59:14.1903948-03:00 | Nivel=INFO | Usuario=Smoke Test | Perfil=Administrador | Tela=Relatorios | Acao=ObterMargemPorProduto(limit=100) concluida em 0 ms. | ErroTecnico= | StackTrace=
DataHora=2026-09-26T16:59:14.1914309-03:00 | Nivel=INFO | Usuario=Smoke Test | Perfil=Administrador | Tela=Relatorios | Acao=ObterVendasPorHora concluida em 0 ms. | ErroTecnico= | StackTrace=
DataHora=2026-09-26T16:59:14.1925497-03:00 | Nivel=INFO | Usuario=Smoke Test | Perfil=Administrador | Tela=Relatorios | Acao=ObterVendasPorDia(limit=31) concluida em 0 ms. | ErroTecnico= | StackTrace=
DataHora=2026-09-26T16:59:14.1936371-03:00 | Nivel=INFO | Usuario=Smoke Test | Perfil=Administrador | Tela=Relatorios | Acao=ObterInadimplenciaDetalhada(limit=100) concluida em 0 ms. | ErroTecnico= | StackTrace=
DataHora=2026-09-26T16:59:14.1947871-03:00 | Nivel=INFO | Usuario=Smoke Test | Perfil=Administrador | Tela=Relatorios | Acao=ObterConciliacaoFinanceira concluida em 0 ms. | ErroTecnico= | StackTrace=
DataHora=2026-09-26T16:59:14.1960646-03:00 | Nivel=INFO | Usuario=Smoke Test | Perfil=Administrador | Tela=Relatorios | Acao=ObterOsAbertas concluida em 0 ms. | ErroTecnico= | StackTrace=
DataHora=2026-09-26T16:59:14.1973727-03:00 | Nivel=INFO | Usuario=Smoke Test | Perfil=Administrador | Tela=Relatorios | Acao=ObterOsFinalizadas concluida em 0 ms. | ErroTecnico= | StackTrace=
DataHora=2026-09-26T16:59:14.1990119-03:00 | Nivel=INFO | Usuario=Smoke Test | Perfil=Administrador | Tela=Relatorios | Acao=ObterOrdensServicoPorTecnico concluida em 0 ms. | ErroTecnico= | StackTrace=
DataHora=2026-09-26T16:59:14.2003211-03:00 | Nivel=INFO | Usuario=Smoke Test | Perfil=Administrador | Tela=Relatorios | Acao=ObterServicosRelatorio concluida em 0 ms. | ErroTecnico= | StackTrace=
DataHora=2026-09-26T16:59:14.2014729-03:00 | Nivel=INFO | Usuario=Smoke Test | Perfil=Administrador | Tela=Relatorios | Acao=ObterDadosEstoque(limit=250) concluida em 0 ms. | ErroTecnico= | StackTrace=
DataHora=2026-09-26T16:59:14.2025014-03:00 | Nivel=INFO | Usuario=Smoke Test | Perfil=Administrador | Tela=Relatorios | Acao=ObterDadosClientes(limit=250) concluida em 0 ms. | ErroTecnico= | StackTrace=
DataHora=2026-09-26T16:59:14.2035920-03:00 | Nivel=INFO | Usuario=Smoke Test | Perfil=Administrador | Tela=Relatorios | Acao=ObterDadosOrcamentos(limit=250) concluida em 0 ms. | ErroTecnico= | StackTrace=
DataHora=2026-09-26T16:59:14.2045481-03:00 | Nivel=INFO | Usuario=Smoke Test | Perfil=Administrador | Tela=Relatorios | Acao=ObterDadosCaixa(limit=250) concluida em 0 ms. | ErroTecnico= | StackTrace=
DataHora=2026-09-26T16:59:14.2065475-03:00 | Nivel=INFO | Usuario=Smoke Test | Perfil=Administrador | Tela=Relatorios | Acao=ObterDemonstrativoResultado concluida em 0 ms. | ErroTecnico= | StackTrace=
DataHora=2026-09-26T16:59:14.2078426-03:00 | Nivel=INFO | Usuario=Smoke Test | Perfil=Administrador | Tela=Relatorios | Acao=ObterTicketMedio concluida em 0 ms. | ErroTecnico= | StackTrace=
DataHora=2026-09-26T16:59:14.2087715-03:00 | Nivel=INFO | Usuario=Smoke Test | Perfil=Administrador | Tela=Relatorios | Acao=ObterTotalClientes concluida em 0 ms. | ErroTecnico= | StackTrace=
DataHora=2026-09-26T16:59:14.2096373-03:00 | Nivel=INFO | Usuario=Smoke Test | Perfil=Administrador | Tela=Relatorios | Acao=ObterProdutosSemGiro concluida em 0 ms. | ErroTecnico= | StackTrace=
DataHora=2026-09-26T16:59:14.2105088-03:00 | Nivel=INFO | Usuario=Smoke Test | Perfil=Administrador | Tela=Relatorios | Acao=ObterConversaoOrcamentos concluida em 0 ms. | ErroTecnico= | StackTrace=
DataHora=2026-09-26T16:59:14.2117744-03:00 | Nivel=INFO | Usuario=Smoke Test | Perfil=Administrador | Tela=Relatorios | Acao=ObterResumoConsistenciaOperacional concluida em 0 ms. | ErroTecnico= | StackTrace=
DataHora=2026-09-26T16:59:14.2225170-03:00 | Nivel=INFO | Usuario=Smoke Test | Perfil=Administrador | Tela=Auditoria | Acao=ObterAuditoriaPaginada(pagina=1, tamanho=100) concluida em 0 ms. | ErroTecnico= | StackTrace=
DataHora=2026-09-26T16:59:14.3377618-03:00 | Nivel=INFO | Usuario=Smoke Test | Perfil=Administrador | Tela=Auditoria | Acao=ObterCategoriasAuditoriaOperacional concluida em 0 ms. | ErroTecnico= | StackTrace=
DataHora=2026-09-26T16:59:14.3399278-03:00 | Nivel=INFO | Usuario=Smoke Test | Perfil=Administrador | Tela=Relatorios | Acao=Workspace de relatorios carregado com 0 vendas, 3 clientes e 0 eventos de auditoria exibidos. | ErroTecnico= | StackTrace=
DataHora=2026-09-26T16:59:14.3900417-03:00 | Nivel=INFO | Usuario=Smoke Test | Perfil=Administrador | Tela=Geral | Acao=Smoke test aprovado: Relatorios:CarregamentoAssincrono (304 ms). | ErroTecnico= | StackTrace=
DataHora=2026-09-26T16:59:14.3908395-03:00 | Nivel=INFO | Usuario=Smoke Test | Perfil=Administrador | Tela=Geral | Acao=Smoke test iniciando: Relatorios:AuditoriaPaginada. | ErroTecnico= | StackTrace=
DataHora=2026-09-26T16:59:14.5279942-03:00 | Nivel=INFO | Usuario=Smoke Test | Perfil=Administrador | Tela=Relatorios | Acao=ObterDadosFinanceiros(limit=250) concluida em 0 ms. | ErroTecnico= | StackTrace=
DataHora=2026-09-26T16:59:14.5293261-03:00 | Nivel=INFO | Usuario=Smoke Test | Perfil=Administrador | Tela=Relatorios | Acao=ObterDadosVendas(limit=250) concluida em 0 ms. | ErroTecnico= | StackTrace=
DataHora=2026-09-26T16:59:14.5307274-03:00 | Nivel=INFO | Usuario=Smoke Test | Perfil=Administrador | Tela=Relatorios | Acao=ObterMargemPorProduto(limit=100) concluida em 0 ms. | ErroTecnico= | StackTrace=
DataHora=2026-09-26T16:59:14.5317622-03:00 | Nivel=INFO | Usuario=Smoke Test | Perfil=Administrador | Tela=Relatorios | Acao=ObterVendasPorHora concluida em 0 ms. | ErroTecnico= | StackTrace=
DataHora=2026-09-26T16:59:14.5328214-03:00 | Nivel=INFO | Usuario=Smoke Test | Perfil=Administrador | Tela=Relatorios | Acao=ObterVendasPorDia(limit=31) concluida em 0 ms. | ErroTecnico= | StackTrace=
DataHora=2026-09-26T16:59:14.5339608-03:00 | Nivel=INFO | Usuario=Smoke Test | Perfil=Administrador | Tela=Relatorios | Acao=ObterInadimplenciaDetalhada(limit=100) concluida em 0 ms. | ErroTecnico= | StackTrace=
DataHora=2026-09-26T16:59:14.5350960-03:00 | Nivel=INFO | Usuario=Smoke Test | Perfil=Administrador | Tela=Relatorios | Acao=ObterConciliacaoFinanceira concluida em 0 ms. | ErroTecnico= | StackTrace=
DataHora=2026-09-26T16:59:14.5363577-03:00 | Nivel=INFO | Usuario=Smoke Test | Perfil=Administrador | Tela=Relatorios | Acao=ObterOsAbertas concluida em 0 ms. | ErroTecnico= | StackTrace=
DataHora=2026-09-26T16:59:14.5376687-03:00 | Nivel=INFO | Usuario=Smoke Test | Perfil=Administrador | Tela=Relatorios | Acao=ObterOsFinalizadas concluida em 0 ms. | ErroTecnico= | StackTrace=
DataHora=2026-09-26T16:59:14.5392848-03:00 | Nivel=INFO | Usuario=Smoke Test | Perfil=Administrador | Tela=Relatorios | Acao=ObterOrdensServicoPorTecnico concluida em 0 ms. | ErroTecnico= | StackTrace=
DataHora=2026-09-26T16:59:14.5406272-03:00 | Nivel=INFO | Usuario=Smoke Test | Perfil=Administrador | Tela=Relatorios | Acao=ObterServicosRelatorio concluida em 0 ms. | ErroTecnico= | StackTrace=
DataHora=2026-09-26T16:59:14.5416976-03:00 | Nivel=INFO | Usuario=Smoke Test | Perfil=Administrador | Tela=Relatorios | Acao=ObterDadosEstoque(limit=250) concluida em 0 ms. | ErroTecnico= | StackTrace=
DataHora=2026-09-26T16:59:14.5426731-03:00 | Nivel=INFO | Usuario=Smoke Test | Perfil=Administrador | Tela=Relatorios | Acao=ObterDadosClientes(limit=250) concluida em 0 ms. | ErroTecnico= | StackTrace=
DataHora=2026-09-26T16:59:14.5437752-03:00 | Nivel=INFO | Usuario=Smoke Test | Perfil=Administrador | Tela=Relatorios | Acao=ObterDadosOrcamentos(limit=250) concluida em 0 ms. | ErroTecnico= | StackTrace=
DataHora=2026-09-26T16:59:14.5447599-03:00 | Nivel=INFO | Usuario=Smoke Test | Perfil=Administrador | Tela=Relatorios | Acao=ObterDadosCaixa(limit=250) concluida em 0 ms. | ErroTecnico= | StackTrace=
DataHora=2026-09-26T16:59:14.5466989-03:00 | Nivel=INFO | Usuario=Smoke Test | Perfil=Administrador | Tela=Relatorios | Acao=ObterDemonstrativoResultado concluida em 0 ms. | ErroTecnico= | StackTrace=
DataHora=2026-09-26T16:59:14.5479915-03:00 | Nivel=INFO | Usuario=Smoke Test | Perfil=Administrador | Tela=Relatorios | Acao=ObterTicketMedio concluida em 0 ms. | ErroTecnico= | StackTrace=
DataHora=2026-09-26T16:59:14.5488774-03:00 | Nivel=INFO | Usuario=Smoke Test | Perfil=Administrador | Tela=Relatorios | Acao=ObterTotalClientes concluida em 0 ms. | ErroTecnico= | StackTrace=
DataHora=2026-09-26T16:59:14.5498829-03:00 | Nivel=INFO | Usuario=Smoke Test | Perfil=Administrador | Tela=Relatorios | Acao=ObterProdutosSemGiro concluida em 0 ms. | ErroTecnico= | StackTrace=
DataHora=2026-09-26T16:59:14.5509118-03:00 | Nivel=INFO | Usuario=Smoke Test | Perfil=Administrador | Tela=Relatorios | Acao=ObterConversaoOrcamentos concluida em 0 ms. | ErroTecnico= | StackTrace=
DataHora=2026-09-26T16:59:14.5523252-03:00 | Nivel=INFO | Usuario=Smoke Test | Perfil=Administrador | Tela=Relatorios | Acao=ObterResumoConsistenciaOperacional concluida em 0 ms. | ErroTecnico= | StackTrace=
DataHora=2026-09-26T16:59:14.5626805-03:00 | Nivel=INFO | Usuario=Smoke Test | Perfil=Administrador | Tela=Auditoria | Acao=ObterAuditoriaPaginada(pagina=1, tamanho=100) concluida em 0 ms. | ErroTecnico= | StackTrace=
DataHora=2026-09-26T16:59:14.6548631-03:00 | Nivel=INFO | Usuario=Smoke Test | Perfil=Administrador | Tela=Auditoria | Acao=ObterCategoriasAuditoriaOperacional concluida em 0 ms. | ErroTecnico= | StackTrace=
DataHora=2026-09-26T16:59:14.6565763-03:00 | Nivel=INFO | Usuario=Smoke Test | Perfil=Administrador | Tela=Relatorios | Acao=Workspace de relatorios carregado com 0 vendas, 3 clientes e 0 eventos de auditoria exibidos. | ErroTecnico= | StackTrace=
DataHora=2026-09-26T16:59:14.7078915-03:00 | Nivel=INFO | Usuario=Smoke Test | Perfil=Administrador | Tela=Auditoria | Acao=ObterAuditoriaPaginada(pagina=1, tamanho=100) concluida em 1 ms. | ErroTecnico= | StackTrace=
DataHora=2026-09-26T16:59:14.7092249-03:00 | Nivel=INFO | Usuario=Smoke Test | Perfil=Administrador | Tela=Auditoria | Acao=ObterCategoriasAuditoriaOperacional concluida em 0 ms. | ErroTecnico= | StackTrace=
DataHora=2026-09-26T16:59:14.7701193-03:00 | Nivel=INFO | Usuario=Smoke Test | Perfil=Administrador | Tela=Geral | Acao=Smoke test aprovado: Relatorios:AuditoriaPaginada (379 ms). | ErroTecnico= | StackTrace=
DataHora=2026-09-26T16:59:14.7708295-03:00 | Nivel=INFO | Usuario=Smoke Test | Perfil=Administrador | Tela=Geral | Acao=Smoke test iniciando: Relatorios:ConsistenciaOperacional. | ErroTecnico= | StackTrace=
DataHora=2026-09-26T16:59:14.8926629-03:00 | Nivel=INFO | Usuario=Smoke Test | Perfil=Administrador | Tela=Relatorios | Acao=ObterDadosFinanceiros(limit=250) concluida em 0 ms. | ErroTecnico= | StackTrace=
DataHora=2026-09-26T16:59:14.8941995-03:00 | Nivel=INFO | Usuario=Smoke Test | Perfil=Administrador | Tela=Relatorios | Acao=ObterDadosVendas(limit=250) concluida em 0 ms. | ErroTecnico= | StackTrace=
DataHora=2026-09-26T16:59:14.8956796-03:00 | Nivel=INFO | Usuario=Smoke Test | Perfil=Administrador | Tela=Relatorios | Acao=ObterMargemPorProduto(limit=100) concluida em 0 ms. | ErroTecnico= | StackTrace=
DataHora=2026-09-26T16:59:14.8968310-03:00 | Nivel=INFO | Usuario=Smoke Test | Perfil=Administrador | Tela=Relatorios | Acao=ObterVendasPorHora concluida em 0 ms. | ErroTecnico= | StackTrace=
DataHora=2026-09-26T16:59:14.8979348-03:00 | Nivel=INFO | Usuario=Smoke Test | Perfil=Administrador | Tela=Relatorios | Acao=ObterVendasPorDia(limit=31) concluida em 0 ms. | ErroTecnico= | StackTrace=
DataHora=2026-09-26T16:59:14.8989897-03:00 | Nivel=INFO | Usuario=Smoke Test | Perfil=Administrador | Tela=Relatorios | Acao=ObterInadimplenciaDetalhada(limit=100) concluida em 0 ms. | ErroTecnico= | StackTrace=
DataHora=2026-09-26T16:59:14.9001357-03:00 | Nivel=INFO | Usuario=Smoke Test | Perfil=Administrador | Tela=Relatorios | Acao=ObterConciliacaoFinanceira concluida em 0 ms. | ErroTecnico= | StackTrace=
DataHora=2026-09-26T16:59:14.9014133-03:00 | Nivel=INFO | Usuario=Smoke Test | Perfil=Administrador | Tela=Relatorios | Acao=ObterOsAbertas concluida em 0 ms. | ErroTecnico= | StackTrace=
DataHora=2026-09-26T16:59:14.9027286-03:00 | Nivel=INFO | Usuario=Smoke Test | Perfil=Administrador | Tela=Relatorios | Acao=ObterOsFinalizadas concluida em 0 ms. | ErroTecnico= | StackTrace=
DataHora=2026-09-26T16:59:14.9044037-03:00 | Nivel=INFO | Usuario=Smoke Test | Perfil=Administrador | Tela=Relatorios | Acao=ObterOrdensServicoPorTecnico concluida em 0 ms. | ErroTecnico= | StackTrace=
DataHora=2026-09-26T16:59:14.9057411-03:00 | Nivel=INFO | Usuario=Smoke Test | Perfil=Administrador | Tela=Relatorios | Acao=ObterServicosRelatorio concluida em 0 ms. | ErroTecnico= | StackTrace=
DataHora=2026-09-26T16:59:14.9068465-03:00 | Nivel=INFO | Usuario=Smoke Test | Perfil=Administrador | Tela=Relatorios | Acao=ObterDadosEstoque(limit=250) concluida em 0 ms. | ErroTecnico= | StackTrace=
DataHora=2026-09-26T16:59:14.9077875-03:00 | Nivel=INFO | Usuario=Smoke Test | Perfil=Administrador | Tela=Relatorios | Acao=ObterDadosClientes(limit=250) concluida em 0 ms. | ErroTecnico= | StackTrace=
DataHora=2026-09-26T16:59:14.9088287-03:00 | Nivel=INFO | Usuario=Smoke Test | Perfil=Administrador | Tela=Relatorios | Acao=ObterDadosOrcamentos(limit=250) concluida em 0 ms. | ErroTecnico= | StackTrace=
DataHora=2026-09-26T16:59:14.9097949-03:00 | Nivel=INFO | Usuario=Smoke Test | Perfil=Administrador | Tela=Relatorios | Acao=ObterDadosCaixa(limit=250) concluida em 0 ms. | ErroTecnico= | StackTrace=
DataHora=2026-09-26T16:59:14.9116840-03:00 | Nivel=INFO | Usuario=Smoke Test | Perfil=Administrador | Tela=Relatorios | Acao=ObterDemonstrativoResultado concluida em 0 ms. | ErroTecnico= | StackTrace=
DataHora=2026-09-26T16:59:14.9129782-03:00 | Nivel=INFO | Usuario=Smoke Test | Perfil=Administrador | Tela=Relatorios | Acao=ObterTicketMedio concluida em 0 ms. | ErroTecnico= | StackTrace=
DataHora=2026-09-26T16:59:14.9138736-03:00 | Nivel=INFO | Usuario=Smoke Test | Perfil=Administrador | Tela=Relatorios | Acao=ObterTotalClientes concluida em 0 ms. | ErroTecnico= | StackTrace=
DataHora=2026-09-26T16:59:14.9147666-03:00 | Nivel=INFO | Usuario=Smoke Test | Perfil=Administrador | Tela=Relatorios | Acao=ObterProdutosSemGiro concluida em 0 ms. | ErroTecnico= | StackTrace=
DataHora=2026-09-26T16:59:14.9156670-03:00 | Nivel=INFO | Usuario=Smoke Test | Perfil=Administrador | Tela=Relatorios | Acao=ObterConversaoOrcamentos concluida em 0 ms. | ErroTecnico= | StackTrace=
DataHora=2026-09-26T16:59:14.9168948-03:00 | Nivel=INFO | Usuario=Smoke Test | Perfil=Administrador | Tela=Relatorios | Acao=ObterResumoConsistenciaOperacional concluida em 0 ms. | ErroTecnico= | StackTrace=
DataHora=2026-09-26T16:59:14.9277374-03:00 | Nivel=INFO | Usuario=Smoke Test | Perfil=Administrador | Tela=Auditoria | Acao=ObterAuditoriaPaginada(pagina=1, tamanho=100) concluida em 0 ms. | ErroTecnico= | StackTrace=
DataHora=2026-09-26T16:59:15.0229451-03:00 | Nivel=INFO | Usuario=Smoke Test | Perfil=Administrador | Tela=Auditoria | Acao=ObterCategoriasAuditoriaOperacional concluida em 0 ms. | ErroTecnico= | StackTrace=
DataHora=2026-09-26T16:59:15.0269668-03:00 | Nivel=INFO | Usuario=Smoke Test | Perfil=Administrador | Tela=Relatorios | Acao=Workspace de relatorios carregado com 0 vendas, 3 clientes e 0 eventos de auditoria exibidos. | ErroTecnico= | StackTrace=
DataHora=2026-09-26T16:59:15.0693039-03:00 | Nivel=INFO | Usuario=Smoke Test | Perfil=Administrador | Tela=Geral | Acao=Smoke test aprovado: Relatorios:ConsistenciaOperacional (298 ms). | ErroTecnico= | StackTrace=
DataHora=2026-09-26T16:59:15.0699498-03:00 | Nivel=INFO | Usuario=Smoke Test | Perfil=Administrador | Tela=Geral | Acao=Smoke test iniciando: Relatorios:IndicadoresOperacionaisGerados. | ErroTecnico= | StackTrace=
DataHora=2026-09-26T16:59:15.0746003-03:00 | Nivel=INFO | Usuario=Smoke Test | Perfil=Administrador | Tela=Geral | Acao=Venda '7d30a291-d727-4c98-b07b-c7b8ff8aa0f4' registrada com 2 item(ns) e total R$ 190,00. | ErroTecnico= | StackTrace=
DataHora=2026-09-26T16:59:15.0814525-03:00 | Nivel=INFO | Usuario=Smoke Test | Perfil=Administrador | Tela=Geral | Acao=OS '89b261ea-4320-4621-a689-4410250b8680' integrada ao financeiro. Total=R$ 105,00. | ErroTecnico= | StackTrace=
DataHora=2026-09-26T16:59:15.2448436-03:00 | Nivel=INFO | Usuario=Smoke Test | Perfil=Administrador | Tela=Relatorios | Acao=ObterDadosFinanceiros(limit=250) concluida em 0 ms. | ErroTecnico= | StackTrace=
DataHora=2026-09-26T16:59:15.2463526-03:00 | Nivel=INFO | Usuario=Smoke Test | Perfil=Administrador | Tela=Relatorios | Acao=ObterDadosVendas(limit=250) concluida em 0 ms. | ErroTecnico= | StackTrace=
DataHora=2026-09-26T16:59:15.2478630-03:00 | Nivel=INFO | Usuario=Smoke Test | Perfil=Administrador | Tela=Relatorios | Acao=ObterMargemPorProduto(limit=100) concluida em 0 ms. | ErroTecnico= | StackTrace=
DataHora=2026-09-26T16:59:15.2489315-03:00 | Nivel=INFO | Usuario=Smoke Test | Perfil=Administrador | Tela=Relatorios | Acao=ObterVendasPorHora concluida em 0 ms. | ErroTecnico= | StackTrace=
DataHora=2026-09-26T16:59:15.2500333-03:00 | Nivel=INFO | Usuario=Smoke Test | Perfil=Administrador | Tela=Relatorios | Acao=ObterVendasPorDia(limit=31) concluida em 0 ms. | ErroTecnico= | StackTrace=
DataHora=2026-09-26T16:59:15.2510974-03:00 | Nivel=INFO | Usuario=Smoke Test | Perfil=Administrador | Tela=Relatorios | Acao=ObterInadimplenciaDetalhada(limit=100) concluida em 0 ms. | ErroTecnico= | StackTrace=
DataHora=2026-09-26T16:59:15.2523928-03:00 | Nivel=INFO | Usuario=Smoke Test | Perfil=Administrador | Tela=Relatorios | Acao=ObterConciliacaoFinanceira concluida em 0 ms. | ErroTecnico= | StackTrace=
DataHora=2026-09-26T16:59:15.2538139-03:00 | Nivel=INFO | Usuario=Smoke Test | Perfil=Administrador | Tela=Relatorios | Acao=ObterOsAbertas concluida em 0 ms. | ErroTecnico= | StackTrace=
DataHora=2026-09-26T16:59:15.2551881-03:00 | Nivel=INFO | Usuario=Smoke Test | Perfil=Administrador | Tela=Relatorios | Acao=ObterOsFinalizadas concluida em 0 ms. | ErroTecnico= | StackTrace=
DataHora=2026-09-26T16:59:15.2569760-03:00 | Nivel=INFO | Usuario=Smoke Test | Perfil=Administrador | Tela=Relatorios | Acao=ObterOrdensServicoPorTecnico concluida em 0 ms. | ErroTecnico= | StackTrace=
DataHora=2026-09-26T16:59:15.2583756-03:00 | Nivel=INFO | Usuario=Smoke Test | Perfil=Administrador | Tela=Relatorios | Acao=ObterServicosRelatorio concluida em 0 ms. | ErroTecnico= | StackTrace=
DataHora=2026-09-26T16:59:15.2594367-03:00 | Nivel=INFO | Usuario=Smoke Test | Perfil=Administrador | Tela=Relatorios | Acao=ObterDadosEstoque(limit=250) concluida em 0 ms. | ErroTecnico= | StackTrace=
DataHora=2026-09-26T16:59:15.2603763-03:00 | Nivel=INFO | Usuario=Smoke Test | Perfil=Administrador | Tela=Relatorios | Acao=ObterDadosClientes(limit=250) concluida em 0 ms. | ErroTecnico= | StackTrace=
DataHora=2026-09-26T16:59:15.2615779-03:00 | Nivel=INFO | Usuario=Smoke Test | Perfil=Administrador | Tela=Relatorios | Acao=ObterDadosOrcamentos(limit=250) concluida em 0 ms. | ErroTecnico= | StackTrace=
DataHora=2026-09-26T16:59:15.2626075-03:00 | Nivel=INFO | Usuario=Smoke Test | Perfil=Administrador | Tela=Relatorios | Acao=ObterDadosCaixa(limit=250) concluida em 0 ms. | ErroTecnico= | StackTrace=
DataHora=2026-09-26T16:59:15.2649486-03:00 | Nivel=INFO | Usuario=Smoke Test | Perfil=Administrador | Tela=Relatorios | Acao=ObterDemonstrativoResultado concluida em 0 ms. | ErroTecnico= | StackTrace=
DataHora=2026-09-26T16:59:15.2663237-03:00 | Nivel=INFO | Usuario=Smoke Test | Perfil=Administrador | Tela=Relatorios | Acao=ObterTicketMedio concluida em 0 ms. | ErroTecnico= | StackTrace=
DataHora=2026-09-26T16:59:15.2672253-03:00 | Nivel=INFO | Usuario=Smoke Test | Perfil=Administrador | Tela=Relatorios | Acao=ObterTotalClientes concluida em 0 ms. | ErroTecnico= | StackTrace=
DataHora=2026-09-26T16:59:15.2681112-03:00 | Nivel=INFO | Usuario=Smoke Test | Perfil=Administrador | Tela=Relatorios | Acao=ObterProdutosSemGiro concluida em 0 ms. | ErroTecnico= | StackTrace=
DataHora=2026-09-26T16:59:15.2690678-03:00 | Nivel=INFO | Usuario=Smoke Test | Perfil=Administrador | Tela=Relatorios | Acao=ObterConversaoOrcamentos concluida em 0 ms. | ErroTecnico= | StackTrace=
DataHora=2026-09-26T16:59:15.2703554-03:00 | Nivel=INFO | Usuario=Smoke Test | Perfil=Administrador | Tela=Relatorios | Acao=ObterResumoConsistenciaOperacional concluida em 0 ms. | ErroTecnico= | StackTrace=
DataHora=2026-09-26T16:59:15.2812707-03:00 | Nivel=INFO | Usuario=Smoke Test | Perfil=Administrador | Tela=Auditoria | Acao=ObterAuditoriaPaginada(pagina=1, tamanho=100) concluida em 1 ms. | ErroTecnico= | StackTrace=
DataHora=2026-09-26T16:59:15.6137128-03:00 | Nivel=INFO | Usuario=Smoke Test | Perfil=Administrador | Tela=Auditoria | Acao=ObterCategoriasAuditoriaOperacional concluida em 0 ms. | ErroTecnico= | StackTrace=
DataHora=2026-09-26T16:59:15.6160731-03:00 | Nivel=INFO | Usuario=Smoke Test | Perfil=Administrador | Tela=Relatorios | Acao=Workspace de relatorios carregado com 8 vendas, 3 clientes e 100 eventos de auditoria exibidos. | ErroTecnico= | StackTrace=
DataHora=2026-09-26T16:59:16.5012794-03:00 | Nivel=INFO | Usuario=Smoke Test | Perfil=Administrador | Tela=Geral | Acao=Smoke test aprovado: Relatorios:IndicadoresOperacionaisGerados (1431 ms). | ErroTecnico= | StackTrace=
DataHora=2026-09-26T16:59:16.5019621-03:00 | Nivel=INFO | Usuario=Smoke Test | Perfil=Administrador | Tela=Geral | Acao=Smoke test iniciando: Relatorios:GradesSomenteLeitura. | ErroTecnico= | StackTrace=
DataHora=2026-09-26T16:59:16.6014489-03:00 | Nivel=INFO | Usuario=Smoke Test | Perfil=Administrador | Tela=Geral | Acao=Smoke test aprovado: Relatorios:GradesSomenteLeitura (99 ms). | ErroTecnico= | StackTrace=
DataHora=2026-09-26T16:59:16.6021017-03:00 | Nivel=INFO | Usuario=Smoke Test | Perfil=Administrador | Tela=Geral | Acao=Smoke test iniciando: Relatorios:ExportacoesEvidencias. | ErroTecnico= | StackTrace=
DataHora=2026-09-26T16:59:16.8090263-03:00 | Nivel=INFO | Usuario=Smoke Test | Perfil=Administrador | Tela=Relatorios | Acao=ObterDadosFinanceiros(limit=250) concluida em 0 ms. | ErroTecnico= | StackTrace=
DataHora=2026-09-26T16:59:16.8104491-03:00 | Nivel=INFO | Usuario=Smoke Test | Perfil=Administrador | Tela=Relatorios | Acao=ObterDadosVendas(limit=250) concluida em 0 ms. | ErroTecnico= | StackTrace=
DataHora=2026-09-26T16:59:16.8119116-03:00 | Nivel=INFO | Usuario=Smoke Test | Perfil=Administrador | Tela=Relatorios | Acao=ObterMargemPorProduto(limit=100) concluida em 0 ms. | ErroTecnico= | StackTrace=
DataHora=2026-09-26T16:59:16.8130633-03:00 | Nivel=INFO | Usuario=Smoke Test | Perfil=Administrador | Tela=Relatorios | Acao=ObterVendasPorHora concluida em 0 ms. | ErroTecnico= | StackTrace=
DataHora=2026-09-26T16:59:16.8141712-03:00 | Nivel=INFO | Usuario=Smoke Test | Perfil=Administrador | Tela=Relatorios | Acao=ObterVendasPorDia(limit=31) concluida em 0 ms. | ErroTecnico= | StackTrace=
DataHora=2026-09-26T16:59:16.8152560-03:00 | Nivel=INFO | Usuario=Smoke Test | Perfil=Administrador | Tela=Relatorios | Acao=ObterInadimplenciaDetalhada(limit=100) concluida em 0 ms. | ErroTecnico= | StackTrace=
DataHora=2026-09-26T16:59:16.8163843-03:00 | Nivel=INFO | Usuario=Smoke Test | Perfil=Administrador | Tela=Relatorios | Acao=ObterConciliacaoFinanceira concluida em 0 ms. | ErroTecnico= | StackTrace=
DataHora=2026-09-26T16:59:16.8176480-03:00 | Nivel=INFO | Usuario=Smoke Test | Perfil=Administrador | Tela=Relatorios | Acao=ObterOsAbertas concluida em 0 ms. | ErroTecnico= | StackTrace=
DataHora=2026-09-26T16:59:16.8189170-03:00 | Nivel=INFO | Usuario=Smoke Test | Perfil=Administrador | Tela=Relatorios | Acao=ObterOsFinalizadas concluida em 0 ms. | ErroTecnico= | StackTrace=
DataHora=2026-09-26T16:59:16.8205136-03:00 | Nivel=INFO | Usuario=Smoke Test | Perfil=Administrador | Tela=Relatorios | Acao=ObterOrdensServicoPorTecnico concluida em 0 ms. | ErroTecnico= | StackTrace=
DataHora=2026-09-26T16:59:16.8219184-03:00 | Nivel=INFO | Usuario=Smoke Test | Perfil=Administrador | Tela=Relatorios | Acao=ObterServicosRelatorio concluida em 0 ms. | ErroTecnico= | StackTrace=
DataHora=2026-09-26T16:59:16.8230115-03:00 | Nivel=INFO | Usuario=Smoke Test | Perfil=Administrador | Tela=Relatorios | Acao=ObterDadosEstoque(limit=250) concluida em 0 ms. | ErroTecnico= | StackTrace=
DataHora=2026-09-26T16:59:16.8239514-03:00 | Nivel=INFO | Usuario=Smoke Test | Perfil=Administrador | Tela=Relatorios | Acao=ObterDadosClientes(limit=250) concluida em 0 ms. | ErroTecnico= | StackTrace=
DataHora=2026-09-26T16:59:16.8249757-03:00 | Nivel=INFO | Usuario=Smoke Test | Perfil=Administrador | Tela=Relatorios | Acao=ObterDadosOrcamentos(limit=250) concluida em 0 ms. | ErroTecnico= | StackTrace=
DataHora=2026-09-26T16:59:16.8259592-03:00 | Nivel=INFO | Usuario=Smoke Test | Perfil=Administrador | Tela=Relatorios | Acao=ObterDadosCaixa(limit=250) concluida em 0 ms. | ErroTecnico= | StackTrace=
DataHora=2026-09-26T16:59:16.8279167-03:00 | Nivel=INFO | Usuario=Smoke Test | Perfil=Administrador | Tela=Relatorios | Acao=ObterDemonstrativoResultado concluida em 0 ms. | ErroTecnico= | StackTrace=
DataHora=2026-09-26T16:59:16.8292142-03:00 | Nivel=INFO | Usuario=Smoke Test | Perfil=Administrador | Tela=Relatorios | Acao=ObterTicketMedio concluida em 0 ms. | ErroTecnico= | StackTrace=
DataHora=2026-09-26T16:59:16.8301170-03:00 | Nivel=INFO | Usuario=Smoke Test | Perfil=Administrador | Tela=Relatorios | Acao=ObterTotalClientes concluida em 0 ms. | ErroTecnico= | StackTrace=
DataHora=2026-09-26T16:59:16.8310943-03:00 | Nivel=INFO | Usuario=Smoke Test | Perfil=Administrador | Tela=Relatorios | Acao=ObterProdutosSemGiro concluida em 0 ms. | ErroTecnico= | StackTrace=
DataHora=2026-09-26T16:59:16.8319718-03:00 | Nivel=INFO | Usuario=Smoke Test | Perfil=Administrador | Tela=Relatorios | Acao=ObterConversaoOrcamentos concluida em 0 ms. | ErroTecnico= | StackTrace=
DataHora=2026-09-26T16:59:16.8332306-03:00 | Nivel=INFO | Usuario=Smoke Test | Perfil=Administrador | Tela=Relatorios | Acao=ObterResumoConsistenciaOperacional concluida em 0 ms. | ErroTecnico= | StackTrace=
DataHora=2026-09-26T16:59:16.8421878-03:00 | Nivel=INFO | Usuario=Smoke Test | Perfil=Administrador | Tela=Auditoria | Acao=ObterAuditoriaPaginada(pagina=1, tamanho=100) concluida em 0 ms. | ErroTecnico= | StackTrace=
DataHora=2026-09-26T16:59:16.9867680-03:00 | Nivel=INFO | Usuario=Smoke Test | Perfil=Administrador | Tela=Auditoria | Acao=ObterCategoriasAuditoriaOperacional concluida em 0 ms. | ErroTecnico= | StackTrace=
DataHora=2026-09-26T16:59:16.9881535-03:00 | Nivel=INFO | Usuario=Smoke Test | Perfil=Administrador | Tela=Relatorios | Acao=Workspace de relatorios carregado com 0 vendas, 3 clientes e 0 eventos de auditoria exibidos. | ErroTecnico= | StackTrace=
DataHora=2026-09-26T16:59:17.0428930-03:00 | Nivel=INFO | Usuario=Smoke Test | Perfil=Administrador | Tela=Relatorios | Acao=PDF de relatorios gerado em C:\Users\campo\AppData\Local\Temp\primox-c114-smoke-20260926_162941\Logs\relatorios-exportacoes\Relatorio_20260926_165917035.pdf. | ErroTecnico= | StackTrace=
DataHora=2026-09-26T16:59:17.2729881-03:00 | Nivel=INFO | Usuario=Smoke Test | Perfil=Administrador | Tela=Relatorios | Acao=Excel/CSV de relatorios gerado em C:\Users\campo\AppData\Local\Temp\primox-c114-smoke-20260926_162941\Logs\relatorios-exportacoes\Relatorio_Excel_20260926_165917044.csv. | ErroTecnico= | StackTrace=
DataHora=2026-09-26T16:59:17.3938497-03:00 | Nivel=INFO | Usuario=Smoke Test | Perfil=Administrador | Tela=Relatorios | Acao=Pacote de evidencias de relatorios gerado em C:\Users\campo\AppData\Local\Temp\primox-c114-smoke-20260926_162941\Logs\relatorios-exportacoes\Evidencias_Relatorios_20260926_165917274. | ErroTecnico= | StackTrace=
DataHora=2026-09-26T16:59:17.4052243-03:00 | Nivel=INFO | Usuario=Smoke Test | Perfil=Administrador | Tela=Geral | Acao=Smoke test aprovado: Relatorios:ExportacoesEvidencias (803 ms). | ErroTecnico= | StackTrace=
DataHora=2026-09-26T16:59:17.4061162-03:00 | Nivel=INFO | Usuario=Smoke Test | Perfil=Administrador | Tela=Geral | Acao=Smoke test iniciando: NavigationService:ModuloInexistente. | ErroTecnico= | StackTrace=
DataHora=2026-09-26T16:59:17.4072486-03:00 | Nivel=WARN | Usuario=Smoke Test | Perfil=Administrador | Tela=Geral | Acao=Permissao negada. Usuario=Smoke Test; Perfil=Administrador; Tipo=Modulo; Alvo=ModuloInexistente; Codigo=N/A | ErroTecnico= | StackTrace=
DataHora=2026-09-26T16:59:17.4095978-03:00 | Nivel=INFO | Usuario=Smoke Test | Perfil=Administrador | Tela=Geral | Acao=Smoke test aprovado: NavigationService:ModuloInexistente (3 ms). | ErroTecnico= | StackTrace=
DataHora=2026-09-26T16:59:17.4101839-03:00 | Nivel=INFO | Usuario=Smoke Test | Perfil=Administrador | Tela=Geral | Acao=Smoke test iniciando: NavigationService:RefreshSemModulo. | ErroTecnico= | StackTrace=
DataHora=2026-09-26T16:59:17.4108578-03:00 | Nivel=INFO | Usuario=Smoke Test | Perfil=Administrador | Tela=Geral | Acao=Smoke test aprovado: NavigationService:RefreshSemModulo (0 ms). | ErroTecnico= | StackTrace=
DataHora=2026-09-26T16:59:17.4114241-03:00 | Nivel=INFO | Usuario=Smoke Test | Perfil=Administrador | Tela=Geral | Acao=Smoke test iniciando: NavigationService:PermissaoNegada. | ErroTecnico= | StackTrace=
DataHora=2026-09-26T16:59:17.4125559-03:00 | Nivel=WARN | Usuario=Smoke Test | Perfil=Administrador | Tela=Geral | Acao=Permissao negada. Usuario=Vendedor Smoke; Perfil=Vendedor; Tipo=Modulo; Alvo=Financeiro; Codigo=FINANCEIRO_VER | ErroTecnico= | StackTrace=
DataHora=2026-09-26T16:59:17.4144744-03:00 | Nivel=INFO | Usuario=Smoke Test | Perfil=Administrador | Tela=Geral | Acao=Smoke test aprovado: NavigationService:PermissaoNegada (3 ms). | ErroTecnico= | StackTrace=
DataHora=2026-09-26T16:59:17.4183629-03:00 | Nivel=ERROR | Usuario=Nao autenticado | Perfil=Sem perfil | Tela=Geral | Acao=Smoke test UI concluido. Total=206, Sucesso=205, Falhas=1. | ErroTecnico= | StackTrace=
DataHora=2026-09-26T16:59:17.4203582-03:00 | Nivel=INFO | Usuario=Nao autenticado | Perfil=Sem perfil | Tela=Geral | Acao=Smoke test UI finalizado. Total=206, Sucesso=205, Falhas=1, Relatorio=C:\Users\campo\AppData\Local\Temp\primox-c114-smoke-20260926_162941\Logs\smoke-tests\ui-smoke-2026-09-26-16-59-17-416-p23816.txt | ErroTecnico= | StackTrace=
