Arquivo,Origem,Destino,Obrigatório,Tipo,Preservar no Update?,Preservar no Uninstall?,Observação
Accessibility.dll,publish/win-x64/Accessibility.dll,{app}/Accessibility.dll,SIM,DEPENDÊNCIA,NÃO (Substituído),NÃO (Removido),Assembly gerenciado ou biblioteca nativa de runtime (.NET 10 / SQLite)
Azure.Core.dll,publish/win-x64/Azure.Core.dll,{app}/Azure.Core.dll,SIM,DEPENDÊNCIA,NÃO (Substituído),NÃO (Removido),Assembly gerenciado ou biblioteca nativa de runtime (.NET 10 / SQLite)
Azure.Identity.dll,publish/win-x64/Azure.Identity.dll,{app}/Azure.Identity.dll,SIM,DEPENDÊNCIA,NÃO (Substituído),NÃO (Removido),Assembly gerenciado ou biblioteca nativa de runtime (.NET 10 / SQLite)
CommunityToolkit.Mvvm.dll,publish/win-x64/CommunityToolkit.Mvvm.dll,{app}/CommunityToolkit.Mvvm.dll,SIM,DEPENDÊNCIA,NÃO (Substituído),NÃO (Removido),Assembly gerenciado ou biblioteca nativa de runtime (.NET 10 / SQLite)
D3DCompiler_47_cor3.dll,publish/win-x64/D3DCompiler_47_cor3.dll,{app}/D3DCompiler_47_cor3.dll,SIM,DEPENDÊNCIA,NÃO (Substituído),NÃO (Removido),Assembly gerenciado ou biblioteca nativa de runtime (.NET 10 / SQLite)
Dapper.dll,publish/win-x64/Dapper.dll,{app}/Dapper.dll,SIM,DEPENDÊNCIA,NÃO (Substituído),NÃO (Removido),Assembly gerenciado ou biblioteca nativa de runtime (.NET 10 / SQLite)
DirectWriteForwarder.dll,publish/win-x64/DirectWriteForwarder.dll,{app}/DirectWriteForwarder.dll,SIM,DEPENDÊNCIA,NÃO (Substituído),NÃO (Removido),Assembly gerenciado ou biblioteca nativa de runtime (.NET 10 / SQLite)
EPPlus.Interfaces.dll,publish/win-x64/EPPlus.Interfaces.dll,{app}/EPPlus.Interfaces.dll,SIM,DEPENDÊNCIA,NÃO (Substituído),NÃO (Removido),Assembly gerenciado ou biblioteca nativa de runtime (.NET 10 / SQLite)
EPPlus.dll,publish/win-x64/EPPlus.dll,{app}/EPPlus.dll,SIM,DEPENDÊNCIA,NÃO (Substituído),NÃO (Removido),Assembly gerenciado ou biblioteca nativa de runtime (.NET 10 / SQLite)
ExcelDataReader.dll,publish/win-x64/ExcelDataReader.dll,{app}/ExcelDataReader.dll,SIM,DEPENDÊNCIA,NÃO (Substituído),NÃO (Removido),Assembly gerenciado ou biblioteca nativa de runtime (.NET 10 / SQLite)
HarfBuzzSharp.dll,publish/win-x64/HarfBuzzSharp.dll,{app}/HarfBuzzSharp.dll,SIM,DEPENDÊNCIA,NÃO (Substituído),NÃO (Removido),Assembly gerenciado ou biblioteca nativa de runtime (.NET 10 / SQLite)
ICSharpCode.SharpZipLib.dll,publish/win-x64/ICSharpCode.SharpZipLib.dll,{app}/ICSharpCode.SharpZipLib.dll,SIM,DEPENDÊNCIA,NÃO (Substituído),NÃO (Removido),Assembly gerenciado ou biblioteca nativa de runtime (.NET 10 / SQLite)
Microsoft.Bcl.AsyncInterfaces.dll,publish/win-x64/Microsoft.Bcl.AsyncInterfaces.dll,{app}/Microsoft.Bcl.AsyncInterfaces.dll,SIM,DEPENDÊNCIA,NÃO (Substituído),NÃO (Removido),Assembly gerenciado ou biblioteca nativa de runtime (.NET 10 / SQLite)
Microsoft.CSharp.dll,publish/win-x64/Microsoft.CSharp.dll,{app}/Microsoft.CSharp.dll,SIM,DEPENDÊNCIA,NÃO (Substituído),NÃO (Removido),Assembly gerenciado ou biblioteca nativa de runtime (.NET 10 / SQLite)
Microsoft.Data.SqlClient.SNI.dll,publish/win-x64/Microsoft.Data.SqlClient.SNI.dll,{app}/Microsoft.Data.SqlClient.SNI.dll,SIM,DEPENDÊNCIA,NÃO (Substituído),NÃO (Removido),Assembly gerenciado ou biblioteca nativa de runtime (.NET 10 / SQLite)
Microsoft.Data.SqlClient.dll,publish/win-x64/Microsoft.Data.SqlClient.dll,{app}/Microsoft.Data.SqlClient.dll,SIM,DEPENDÊNCIA,NÃO (Substituído),NÃO (Removido),Assembly gerenciado ou biblioteca nativa de runtime (.NET 10 / SQLite)
Microsoft.Data.Sqlite.dll,publish/win-x64/Microsoft.Data.Sqlite.dll,{app}/Microsoft.Data.Sqlite.dll,SIM,DEPENDÊNCIA,NÃO (Substituído),NÃO (Removido),Assembly gerenciado ou biblioteca nativa de runtime (.NET 10 / SQLite)
Microsoft.DiaSymReader.Native.amd64.dll,publish/win-x64/Microsoft.DiaSymReader.Native.amd64.dll,{app}/Microsoft.DiaSymReader.Native.amd64.dll,SIM,DEPENDÊNCIA,NÃO (Substituído),NÃO (Removido),Assembly gerenciado ou biblioteca nativa de runtime (.NET 10 / SQLite)
Microsoft.Extensions.Configuration.Abstractions.dll,publish/win-x64/Microsoft.Extensions.Configuration.Abstractions.dll,{app}/Microsoft.Extensions.Configuration.Abstractions.dll,SIM,DEPENDÊNCIA,NÃO (Substituído),NÃO (Removido),Assembly gerenciado ou biblioteca nativa de runtime (.NET 10 / SQLite)
Microsoft.Extensions.Configuration.Binder.dll,publish/win-x64/Microsoft.Extensions.Configuration.Binder.dll,{app}/Microsoft.Extensions.Configuration.Binder.dll,SIM,DEPENDÊNCIA,NÃO (Substituído),NÃO (Removido),Assembly gerenciado ou biblioteca nativa de runtime (.NET 10 / SQLite)
Microsoft.Extensions.Configuration.FileExtensions.dll,publish/win-x64/Microsoft.Extensions.Configuration.FileExtensions.dll,{app}/Microsoft.Extensions.Configuration.FileExtensions.dll,SIM,DEPENDÊNCIA,NÃO (Substituído),NÃO (Removido),Assembly gerenciado ou biblioteca nativa de runtime (.NET 10 / SQLite)
Microsoft.Extensions.Configuration.Json.dll,publish/win-x64/Microsoft.Extensions.Configuration.Json.dll,{app}/Microsoft.Extensions.Configuration.Json.dll,SIM,DEPENDÊNCIA,NÃO (Substituído),NÃO (Removido),Assembly gerenciado ou biblioteca nativa de runtime (.NET 10 / SQLite)
Microsoft.Extensions.Configuration.dll,publish/win-x64/Microsoft.Extensions.Configuration.dll,{app}/Microsoft.Extensions.Configuration.dll,SIM,DEPENDÊNCIA,NÃO (Substituído),NÃO (Removido),Assembly gerenciado ou biblioteca nativa de runtime (.NET 10 / SQLite)
Microsoft.Extensions.DependencyInjection.Abstractions.dll,publish/win-x64/Microsoft.Extensions.DependencyInjection.Abstractions.dll,{app}/Microsoft.Extensions.DependencyInjection.Abstractions.dll,SIM,DEPENDÊNCIA,NÃO (Substituído),NÃO (Removido),Assembly gerenciado ou biblioteca nativa de runtime (.NET 10 / SQLite)
Microsoft.Extensions.DependencyInjection.dll,publish/win-x64/Microsoft.Extensions.DependencyInjection.dll,{app}/Microsoft.Extensions.DependencyInjection.dll,SIM,DEPENDÊNCIA,NÃO (Substituído),NÃO (Removido),Assembly gerenciado ou biblioteca nativa de runtime (.NET 10 / SQLite)
Microsoft.Extensions.FileProviders.Abstractions.dll,publish/win-x64/Microsoft.Extensions.FileProviders.Abstractions.dll,{app}/Microsoft.Extensions.FileProviders.Abstractions.dll,SIM,DEPENDÊNCIA,NÃO (Substituído),NÃO (Removido),Assembly gerenciado ou biblioteca nativa de runtime (.NET 10 / SQLite)
Microsoft.Extensions.FileProviders.Physical.dll,publish/win-x64/Microsoft.Extensions.FileProviders.Physical.dll,{app}/Microsoft.Extensions.FileProviders.Physical.dll,SIM,DEPENDÊNCIA,NÃO (Substituído),NÃO (Removido),Assembly gerenciado ou biblioteca nativa de runtime (.NET 10 / SQLite)
Microsoft.Extensions.FileSystemGlobbing.dll,publish/win-x64/Microsoft.Extensions.FileSystemGlobbing.dll,{app}/Microsoft.Extensions.FileSystemGlobbing.dll,SIM,DEPENDÊNCIA,NÃO (Substituído),NÃO (Removido),Assembly gerenciado ou biblioteca nativa de runtime (.NET 10 / SQLite)
Microsoft.Extensions.Logging.Abstractions.dll,publish/win-x64/Microsoft.Extensions.Logging.Abstractions.dll,{app}/Microsoft.Extensions.Logging.Abstractions.dll,SIM,DEPENDÊNCIA,NÃO (Substituído),NÃO (Removido),Assembly gerenciado ou biblioteca nativa de runtime (.NET 10 / SQLite)
Microsoft.Extensions.Logging.Configuration.dll,publish/win-x64/Microsoft.Extensions.Logging.Configuration.dll,{app}/Microsoft.Extensions.Logging.Configuration.dll,SIM,DEPENDÊNCIA,NÃO (Substituído),NÃO (Removido),Assembly gerenciado ou biblioteca nativa de runtime (.NET 10 / SQLite)
Microsoft.Extensions.Logging.Console.dll,publish/win-x64/Microsoft.Extensions.Logging.Console.dll,{app}/Microsoft.Extensions.Logging.Console.dll,SIM,DEPENDÊNCIA,NÃO (Substituído),NÃO (Removido),Assembly gerenciado ou biblioteca nativa de runtime (.NET 10 / SQLite)
Microsoft.Extensions.Logging.dll,publish/win-x64/Microsoft.Extensions.Logging.dll,{app}/Microsoft.Extensions.Logging.dll,SIM,DEPENDÊNCIA,NÃO (Substituído),NÃO (Removido),Assembly gerenciado ou biblioteca nativa de runtime (.NET 10 / SQLite)
Microsoft.Extensions.Options.ConfigurationExtensions.dll,publish/win-x64/Microsoft.Extensions.Options.ConfigurationExtensions.dll,{app}/Microsoft.Extensions.Options.ConfigurationExtensions.dll,SIM,DEPENDÊNCIA,NÃO (Substituído),NÃO (Removido),Assembly gerenciado ou biblioteca nativa de runtime (.NET 10 / SQLite)
Microsoft.Extensions.Options.dll,publish/win-x64/Microsoft.Extensions.Options.dll,{app}/Microsoft.Extensions.Options.dll,SIM,DEPENDÊNCIA,NÃO (Substituído),NÃO (Removido),Assembly gerenciado ou biblioteca nativa de runtime (.NET 10 / SQLite)
Microsoft.Extensions.Primitives.dll,publish/win-x64/Microsoft.Extensions.Primitives.dll,{app}/Microsoft.Extensions.Primitives.dll,SIM,DEPENDÊNCIA,NÃO (Substituído),NÃO (Removido),Assembly gerenciado ou biblioteca nativa de runtime (.NET 10 / SQLite)
Microsoft.IO.RecyclableMemoryStream.dll,publish/win-x64/Microsoft.IO.RecyclableMemoryStream.dll,{app}/Microsoft.IO.RecyclableMemoryStream.dll,SIM,DEPENDÊNCIA,NÃO (Substituído),NÃO (Removido),Assembly gerenciado ou biblioteca nativa de runtime (.NET 10 / SQLite)
Microsoft.Identity.Client.Extensions.Msal.dll,publish/win-x64/Microsoft.Identity.Client.Extensions.Msal.dll,{app}/Microsoft.Identity.Client.Extensions.Msal.dll,SIM,DEPENDÊNCIA,NÃO (Substituído),NÃO (Removido),Assembly gerenciado ou biblioteca nativa de runtime (.NET 10 / SQLite)
Microsoft.Identity.Client.dll,publish/win-x64/Microsoft.Identity.Client.dll,{app}/Microsoft.Identity.Client.dll,SIM,DEPENDÊNCIA,NÃO (Substituído),NÃO (Removido),Assembly gerenciado ou biblioteca nativa de runtime (.NET 10 / SQLite)
Microsoft.IdentityModel.Abstractions.dll,publish/win-x64/Microsoft.IdentityModel.Abstractions.dll,{app}/Microsoft.IdentityModel.Abstractions.dll,SIM,DEPENDÊNCIA,NÃO (Substituído),NÃO (Removido),Assembly gerenciado ou biblioteca nativa de runtime (.NET 10 / SQLite)
Microsoft.IdentityModel.JsonWebTokens.dll,publish/win-x64/Microsoft.IdentityModel.JsonWebTokens.dll,{app}/Microsoft.IdentityModel.JsonWebTokens.dll,SIM,DEPENDÊNCIA,NÃO (Substituído),NÃO (Removido),Assembly gerenciado ou biblioteca nativa de runtime (.NET 10 / SQLite)
Microsoft.IdentityModel.Logging.dll,publish/win-x64/Microsoft.IdentityModel.Logging.dll,{app}/Microsoft.IdentityModel.Logging.dll,SIM,DEPENDÊNCIA,NÃO (Substituído),NÃO (Removido),Assembly gerenciado ou biblioteca nativa de runtime (.NET 10 / SQLite)
Microsoft.IdentityModel.Protocols.OpenIdConnect.dll,publish/win-x64/Microsoft.IdentityModel.Protocols.OpenIdConnect.dll,{app}/Microsoft.IdentityModel.Protocols.OpenIdConnect.dll,SIM,DEPENDÊNCIA,NÃO (Substituído),NÃO (Removido),Assembly gerenciado ou biblioteca nativa de runtime (.NET 10 / SQLite)
Microsoft.IdentityModel.Protocols.dll,publish/win-x64/Microsoft.IdentityModel.Protocols.dll,{app}/Microsoft.IdentityModel.Protocols.dll,SIM,DEPENDÊNCIA,NÃO (Substituído),NÃO (Removido),Assembly gerenciado ou biblioteca nativa de runtime (.NET 10 / SQLite)
Microsoft.IdentityModel.Tokens.dll,publish/win-x64/Microsoft.IdentityModel.Tokens.dll,{app}/Microsoft.IdentityModel.Tokens.dll,SIM,DEPENDÊNCIA,NÃO (Substituído),NÃO (Removido),Assembly gerenciado ou biblioteca nativa de runtime (.NET 10 / SQLite)
Microsoft.SqlServer.Server.dll,publish/win-x64/Microsoft.SqlServer.Server.dll,{app}/Microsoft.SqlServer.Server.dll,SIM,DEPENDÊNCIA,NÃO (Substituído),NÃO (Removido),Assembly gerenciado ou biblioteca nativa de runtime (.NET 10 / SQLite)
Microsoft.VisualBasic.Core.dll,publish/win-x64/Microsoft.VisualBasic.Core.dll,{app}/Microsoft.VisualBasic.Core.dll,SIM,DEPENDÊNCIA,NÃO (Substituído),NÃO (Removido),Assembly gerenciado ou biblioteca nativa de runtime (.NET 10 / SQLite)
Microsoft.VisualBasic.dll,publish/win-x64/Microsoft.VisualBasic.dll,{app}/Microsoft.VisualBasic.dll,SIM,DEPENDÊNCIA,NÃO (Substituído),NÃO (Removido),Assembly gerenciado ou biblioteca nativa de runtime (.NET 10 / SQLite)
Microsoft.Win32.Primitives.dll,publish/win-x64/Microsoft.Win32.Primitives.dll,{app}/Microsoft.Win32.Primitives.dll,SIM,DEPENDÊNCIA,NÃO (Substituído),NÃO (Removido),Assembly gerenciado ou biblioteca nativa de runtime (.NET 10 / SQLite)
Microsoft.Win32.Registry.AccessControl.dll,publish/win-x64/Microsoft.Win32.Registry.AccessControl.dll,{app}/Microsoft.Win32.Registry.AccessControl.dll,SIM,DEPENDÊNCIA,NÃO (Substituído),NÃO (Removido),Assembly gerenciado ou biblioteca nativa de runtime (.NET 10 / SQLite)
Microsoft.Win32.Registry.dll,publish/win-x64/Microsoft.Win32.Registry.dll,{app}/Microsoft.Win32.Registry.dll,SIM,DEPENDÊNCIA,NÃO (Substituído),NÃO (Removido),Assembly gerenciado ou biblioteca nativa de runtime (.NET 10 / SQLite)
Microsoft.Win32.SystemEvents.dll,publish/win-x64/Microsoft.Win32.SystemEvents.dll,{app}/Microsoft.Win32.SystemEvents.dll,SIM,DEPENDÊNCIA,NÃO (Substituído),NÃO (Removido),Assembly gerenciado ou biblioteca nativa de runtime (.NET 10 / SQLite)
Otp.NET.dll,publish/win-x64/Otp.NET.dll,{app}/Otp.NET.dll,SIM,DEPENDÊNCIA,NÃO (Substituído),NÃO (Removido),Assembly gerenciado ou biblioteca nativa de runtime (.NET 10 / SQLite)
PRIMOX-PUBLISH-MANIFEST.json,publish/win-x64/PRIMOX-PUBLISH-MANIFEST.json,{app}/PRIMOX-PUBLISH-MANIFEST.json,SIM,CONFIGURAÇÃO,SIM (Preserva se customizado),SIM (Preservado em AppData),Configuração de runtime / manifest
PdfSharpCore.dll,publish/win-x64/PdfSharpCore.dll,{app}/PdfSharpCore.dll,SIM,DEPENDÊNCIA,NÃO (Substituído),NÃO (Removido),Assembly gerenciado ou biblioteca nativa de runtime (.NET 10 / SQLite)
PenImc_cor3.dll,publish/win-x64/PenImc_cor3.dll,{app}/PenImc_cor3.dll,SIM,DEPENDÊNCIA,NÃO (Substituído),NÃO (Removido),Assembly gerenciado ou biblioteca nativa de runtime (.NET 10 / SQLite)
PresentationCore.dll,publish/win-x64/PresentationCore.dll,{app}/PresentationCore.dll,SIM,DEPENDÊNCIA,NÃO (Substituído),NÃO (Removido),Assembly gerenciado ou biblioteca nativa de runtime (.NET 10 / SQLite)
PresentationFramework-SystemCore.dll,publish/win-x64/PresentationFramework-SystemCore.dll,{app}/PresentationFramework-SystemCore.dll,SIM,DEPENDÊNCIA,NÃO (Substituído),NÃO (Removido),Assembly gerenciado ou biblioteca nativa de runtime (.NET 10 / SQLite)
PresentationFramework-SystemData.dll,publish/win-x64/PresentationFramework-SystemData.dll,{app}/PresentationFramework-SystemData.dll,SIM,DEPENDÊNCIA,NÃO (Substituído),NÃO (Removido),Assembly gerenciado ou biblioteca nativa de runtime (.NET 10 / SQLite)
PresentationFramework-SystemDrawing.dll,publish/win-x64/PresentationFramework-SystemDrawing.dll,{app}/PresentationFramework-SystemDrawing.dll,SIM,DEPENDÊNCIA,NÃO (Substituído),NÃO (Removido),Assembly gerenciado ou biblioteca nativa de runtime (.NET 10 / SQLite)
PresentationFramework-SystemXml.dll,publish/win-x64/PresentationFramework-SystemXml.dll,{app}/PresentationFramework-SystemXml.dll,SIM,DEPENDÊNCIA,NÃO (Substituído),NÃO (Removido),Assembly gerenciado ou biblioteca nativa de runtime (.NET 10 / SQLite)
PresentationFramework-SystemXmlLinq.dll,publish/win-x64/PresentationFramework-SystemXmlLinq.dll,{app}/PresentationFramework-SystemXmlLinq.dll,SIM,DEPENDÊNCIA,NÃO (Substituído),NÃO (Removido),Assembly gerenciado ou biblioteca nativa de runtime (.NET 10 / SQLite)
PresentationFramework.Aero.dll,publish/win-x64/PresentationFramework.Aero.dll,{app}/PresentationFramework.Aero.dll,SIM,DEPENDÊNCIA,NÃO (Substituído),NÃO (Removido),Assembly gerenciado ou biblioteca nativa de runtime (.NET 10 / SQLite)
PresentationFramework.Aero2.dll,publish/win-x64/PresentationFramework.Aero2.dll,{app}/PresentationFramework.Aero2.dll,SIM,DEPENDÊNCIA,NÃO (Substituído),NÃO (Removido),Assembly gerenciado ou biblioteca nativa de runtime (.NET 10 / SQLite)
PresentationFramework.AeroLite.dll,publish/win-x64/PresentationFramework.AeroLite.dll,{app}/PresentationFramework.AeroLite.dll,SIM,DEPENDÊNCIA,NÃO (Substituído),NÃO (Removido),Assembly gerenciado ou biblioteca nativa de runtime (.NET 10 / SQLite)
PresentationFramework.Classic.dll,publish/win-x64/PresentationFramework.Classic.dll,{app}/PresentationFramework.Classic.dll,SIM,DEPENDÊNCIA,NÃO (Substituído),NÃO (Removido),Assembly gerenciado ou biblioteca nativa de runtime (.NET 10 / SQLite)
PresentationFramework.Fluent.dll,publish/win-x64/PresentationFramework.Fluent.dll,{app}/PresentationFramework.Fluent.dll,SIM,DEPENDÊNCIA,NÃO (Substituído),NÃO (Removido),Assembly gerenciado ou biblioteca nativa de runtime (.NET 10 / SQLite)
PresentationFramework.Luna.dll,publish/win-x64/PresentationFramework.Luna.dll,{app}/PresentationFramework.Luna.dll,SIM,DEPENDÊNCIA,NÃO (Substituído),NÃO (Removido),Assembly gerenciado ou biblioteca nativa de runtime (.NET 10 / SQLite)
PresentationFramework.Royale.dll,publish/win-x64/PresentationFramework.Royale.dll,{app}/PresentationFramework.Royale.dll,SIM,DEPENDÊNCIA,NÃO (Substituído),NÃO (Removido),Assembly gerenciado ou biblioteca nativa de runtime (.NET 10 / SQLite)
PresentationFramework.dll,publish/win-x64/PresentationFramework.dll,{app}/PresentationFramework.dll,SIM,DEPENDÊNCIA,NÃO (Substituído),NÃO (Removido),Assembly gerenciado ou biblioteca nativa de runtime (.NET 10 / SQLite)
PresentationNative_cor3.dll,publish/win-x64/PresentationNative_cor3.dll,{app}/PresentationNative_cor3.dll,SIM,DEPENDÊNCIA,NÃO (Substituído),NÃO (Removido),Assembly gerenciado ou biblioteca nativa de runtime (.NET 10 / SQLite)
PresentationUI.dll,publish/win-x64/PresentationUI.dll,{app}/PresentationUI.dll,SIM,DEPENDÊNCIA,NÃO (Substituído),NÃO (Removido),Assembly gerenciado ou biblioteca nativa de runtime (.NET 10 / SQLite)
PrimoAutoEletrica.deps.json,publish/win-x64/PrimoAutoEletrica.deps.json,{app}/PrimoAutoEletrica.deps.json,SIM,CONFIGURAÇÃO,SIM (Preserva se customizado),SIM (Preservado em AppData),Configuração de runtime / manifest
PrimoAutoEletrica.dll,publish/win-x64/PrimoAutoEletrica.dll,{app}/PrimoAutoEletrica.dll,SIM,DEPENDÊNCIA,NÃO (Substituído),NÃO (Removido),Assembly gerenciado ou biblioteca nativa de runtime (.NET 10 / SQLite)
PrimoAutoEletrica.exe,publish/win-x64/PrimoAutoEletrica.exe,{app}/PrimoAutoEletrica.exe,SIM,EXECUTÁVEL,NÃO (Substituído),NÃO (Removido),Binário principal do produto (WPF / .NET 10 self-contained)
PrimoAutoEletrica.runtimeconfig.json,publish/win-x64/PrimoAutoEletrica.runtimeconfig.json,{app}/PrimoAutoEletrica.runtimeconfig.json,SIM,CONFIGURAÇÃO,SIM (Preserva se customizado),SIM (Preservado em AppData),Configuração de runtime / manifest
ReachFramework.dll,publish/win-x64/ReachFramework.dll,{app}/ReachFramework.dll,SIM,DEPENDÊNCIA,NÃO (Substituído),NÃO (Removido),Assembly gerenciado ou biblioteca nativa de runtime (.NET 10 / SQLite)
SQLitePCLRaw.batteries_v2.dll,publish/win-x64/SQLitePCLRaw.batteries_v2.dll,{app}/SQLitePCLRaw.batteries_v2.dll,SIM,DEPENDÊNCIA,NÃO (Substituído),NÃO (Removido),Assembly gerenciado ou biblioteca nativa de runtime (.NET 10 / SQLite)
SQLitePCLRaw.core.dll,publish/win-x64/SQLitePCLRaw.core.dll,{app}/SQLitePCLRaw.core.dll,SIM,DEPENDÊNCIA,NÃO (Substituído),NÃO (Removido),Assembly gerenciado ou biblioteca nativa de runtime (.NET 10 / SQLite)
SQLitePCLRaw.provider.e_sqlite3.dll,publish/win-x64/SQLitePCLRaw.provider.e_sqlite3.dll,{app}/SQLitePCLRaw.provider.e_sqlite3.dll,SIM,DEPENDÊNCIA,NÃO (Substituído),NÃO (Removido),Assembly gerenciado ou biblioteca nativa de runtime (.NET 10 / SQLite)
SixLabors.Fonts.dll,publish/win-x64/SixLabors.Fonts.dll,{app}/SixLabors.Fonts.dll,SIM,DEPENDÊNCIA,NÃO (Substituído),NÃO (Removido),Assembly gerenciado ou biblioteca nativa de runtime (.NET 10 / SQLite)
SixLabors.ImageSharp.dll,publish/win-x64/SixLabors.ImageSharp.dll,{app}/SixLabors.ImageSharp.dll,SIM,DEPENDÊNCIA,NÃO (Substituído),NÃO (Removido),Assembly gerenciado ou biblioteca nativa de runtime (.NET 10 / SQLite)
SkiaSharp.HarfBuzz.dll,publish/win-x64/SkiaSharp.HarfBuzz.dll,{app}/SkiaSharp.HarfBuzz.dll,SIM,DEPENDÊNCIA,NÃO (Substituído),NÃO (Removido),Assembly gerenciado ou biblioteca nativa de runtime (.NET 10 / SQLite)
SkiaSharp.dll,publish/win-x64/SkiaSharp.dll,{app}/SkiaSharp.dll,SIM,DEPENDÊNCIA,NÃO (Substituído),NÃO (Removido),Assembly gerenciado ou biblioteca nativa de runtime (.NET 10 / SQLite)
System.AppContext.dll,publish/win-x64/System.AppContext.dll,{app}/System.AppContext.dll,SIM,DEPENDÊNCIA,NÃO (Substituído),NÃO (Removido),Assembly gerenciado ou biblioteca nativa de runtime (.NET 10 / SQLite)
System.Buffers.dll,publish/win-x64/System.Buffers.dll,{app}/System.Buffers.dll,SIM,DEPENDÊNCIA,NÃO (Substituído),NÃO (Removido),Assembly gerenciado ou biblioteca nativa de runtime (.NET 10 / SQLite)
System.ClientModel.dll,publish/win-x64/System.ClientModel.dll,{app}/System.ClientModel.dll,SIM,DEPENDÊNCIA,NÃO (Substituído),NÃO (Removido),Assembly gerenciado ou biblioteca nativa de runtime (.NET 10 / SQLite)
System.CodeDom.dll,publish/win-x64/System.CodeDom.dll,{app}/System.CodeDom.dll,SIM,DEPENDÊNCIA,NÃO (Substituído),NÃO (Removido),Assembly gerenciado ou biblioteca nativa de runtime (.NET 10 / SQLite)
System.Collections.Concurrent.dll,publish/win-x64/System.Collections.Concurrent.dll,{app}/System.Collections.Concurrent.dll,SIM,DEPENDÊNCIA,NÃO (Substituído),NÃO (Removido),Assembly gerenciado ou biblioteca nativa de runtime (.NET 10 / SQLite)
System.Collections.Immutable.dll,publish/win-x64/System.Collections.Immutable.dll,{app}/System.Collections.Immutable.dll,SIM,DEPENDÊNCIA,NÃO (Substituído),NÃO (Removido),Assembly gerenciado ou biblioteca nativa de runtime (.NET 10 / SQLite)
System.Collections.NonGeneric.dll,publish/win-x64/System.Collections.NonGeneric.dll,{app}/System.Collections.NonGeneric.dll,SIM,DEPENDÊNCIA,NÃO (Substituído),NÃO (Removido),Assembly gerenciado ou biblioteca nativa de runtime (.NET 10 / SQLite)
System.Collections.Specialized.dll,publish/win-x64/System.Collections.Specialized.dll,{app}/System.Collections.Specialized.dll,SIM,DEPENDÊNCIA,NÃO (Substituído),NÃO (Removido),Assembly gerenciado ou biblioteca nativa de runtime (.NET 10 / SQLite)
System.Collections.dll,publish/win-x64/System.Collections.dll,{app}/System.Collections.dll,SIM,DEPENDÊNCIA,NÃO (Substituído),NÃO (Removido),Assembly gerenciado ou biblioteca nativa de runtime (.NET 10 / SQLite)
System.ComponentModel.Annotations.dll,publish/win-x64/System.ComponentModel.Annotations.dll,{app}/System.ComponentModel.Annotations.dll,SIM,DEPENDÊNCIA,NÃO (Substituído),NÃO (Removido),Assembly gerenciado ou biblioteca nativa de runtime (.NET 10 / SQLite)
System.ComponentModel.DataAnnotations.dll,publish/win-x64/System.ComponentModel.DataAnnotations.dll,{app}/System.ComponentModel.DataAnnotations.dll,SIM,DEPENDÊNCIA,NÃO (Substituído),NÃO (Removido),Assembly gerenciado ou biblioteca nativa de runtime (.NET 10 / SQLite)
System.ComponentModel.EventBasedAsync.dll,publish/win-x64/System.ComponentModel.EventBasedAsync.dll,{app}/System.ComponentModel.EventBasedAsync.dll,SIM,DEPENDÊNCIA,NÃO (Substituído),NÃO (Removido),Assembly gerenciado ou biblioteca nativa de runtime (.NET 10 / SQLite)
System.ComponentModel.Primitives.dll,publish/win-x64/System.ComponentModel.Primitives.dll,{app}/System.ComponentModel.Primitives.dll,SIM,DEPENDÊNCIA,NÃO (Substituído),NÃO (Removido),Assembly gerenciado ou biblioteca nativa de runtime (.NET 10 / SQLite)
System.ComponentModel.TypeConverter.dll,publish/win-x64/System.ComponentModel.TypeConverter.dll,{app}/System.ComponentModel.TypeConverter.dll,SIM,DEPENDÊNCIA,NÃO (Substituído),NÃO (Removido),Assembly gerenciado ou biblioteca nativa de runtime (.NET 10 / SQLite)
System.ComponentModel.dll,publish/win-x64/System.ComponentModel.dll,{app}/System.ComponentModel.dll,SIM,DEPENDÊNCIA,NÃO (Substituído),NÃO (Removido),Assembly gerenciado ou biblioteca nativa de runtime (.NET 10 / SQLite)
System.Configuration.ConfigurationManager.dll,publish/win-x64/System.Configuration.ConfigurationManager.dll,{app}/System.Configuration.ConfigurationManager.dll,SIM,DEPENDÊNCIA,NÃO (Substituído),NÃO (Removido),Assembly gerenciado ou biblioteca nativa de runtime (.NET 10 / SQLite)
System.Configuration.dll,publish/win-x64/System.Configuration.dll,{app}/System.Configuration.dll,SIM,DEPENDÊNCIA,NÃO (Substituído),NÃO (Removido),Assembly gerenciado ou biblioteca nativa de runtime (.NET 10 / SQLite)
System.Console.dll,publish/win-x64/System.Console.dll,{app}/System.Console.dll,SIM,DEPENDÊNCIA,NÃO (Substituído),NÃO (Removido),Assembly gerenciado ou biblioteca nativa de runtime (.NET 10 / SQLite)
System.Core.dll,publish/win-x64/System.Core.dll,{app}/System.Core.dll,SIM,DEPENDÊNCIA,NÃO (Substituído),NÃO (Removido),Assembly gerenciado ou biblioteca nativa de runtime (.NET 10 / SQLite)
System.Data.Common.dll,publish/win-x64/System.Data.Common.dll,{app}/System.Data.Common.dll,SIM,DEPENDÊNCIA,NÃO (Substituído),NÃO (Removido),Assembly gerenciado ou biblioteca nativa de runtime (.NET 10 / SQLite)
System.Data.DataSetExtensions.dll,publish/win-x64/System.Data.DataSetExtensions.dll,{app}/System.Data.DataSetExtensions.dll,SIM,DEPENDÊNCIA,NÃO (Substituído),NÃO (Removido),Assembly gerenciado ou biblioteca nativa de runtime (.NET 10 / SQLite)
System.Data.dll,publish/win-x64/System.Data.dll,{app}/System.Data.dll,SIM,DEPENDÊNCIA,NÃO (Substituído),NÃO (Removido),Assembly gerenciado ou biblioteca nativa de runtime (.NET 10 / SQLite)
System.Diagnostics.Contracts.dll,publish/win-x64/System.Diagnostics.Contracts.dll,{app}/System.Diagnostics.Contracts.dll,SIM,DEPENDÊNCIA,NÃO (Substituído),NÃO (Removido),Assembly gerenciado ou biblioteca nativa de runtime (.NET 10 / SQLite)
System.Diagnostics.Debug.dll,publish/win-x64/System.Diagnostics.Debug.dll,{app}/System.Diagnostics.Debug.dll,SIM,DEPENDÊNCIA,NÃO (Substituído),NÃO (Removido),Assembly gerenciado ou biblioteca nativa de runtime (.NET 10 / SQLite)
System.Diagnostics.DiagnosticSource.dll,publish/win-x64/System.Diagnostics.DiagnosticSource.dll,{app}/System.Diagnostics.DiagnosticSource.dll,SIM,DEPENDÊNCIA,NÃO (Substituído),NÃO (Removido),Assembly gerenciado ou biblioteca nativa de runtime (.NET 10 / SQLite)
System.Diagnostics.EventLog.Messages.dll,publish/win-x64/System.Diagnostics.EventLog.Messages.dll,{app}/System.Diagnostics.EventLog.Messages.dll,SIM,DEPENDÊNCIA,NÃO (Substituído),NÃO (Removido),Assembly gerenciado ou biblioteca nativa de runtime (.NET 10 / SQLite)
System.Diagnostics.EventLog.dll,publish/win-x64/System.Diagnostics.EventLog.dll,{app}/System.Diagnostics.EventLog.dll,SIM,DEPENDÊNCIA,NÃO (Substituído),NÃO (Removido),Assembly gerenciado ou biblioteca nativa de runtime (.NET 10 / SQLite)
System.Diagnostics.FileVersionInfo.dll,publish/win-x64/System.Diagnostics.FileVersionInfo.dll,{app}/System.Diagnostics.FileVersionInfo.dll,SIM,DEPENDÊNCIA,NÃO (Substituído),NÃO (Removido),Assembly gerenciado ou biblioteca nativa de runtime (.NET 10 / SQLite)
System.Diagnostics.PerformanceCounter.dll,publish/win-x64/System.Diagnostics.PerformanceCounter.dll,{app}/System.Diagnostics.PerformanceCounter.dll,SIM,DEPENDÊNCIA,NÃO (Substituído),NÃO (Removido),Assembly gerenciado ou biblioteca nativa de runtime (.NET 10 / SQLite)
System.Diagnostics.Process.dll,publish/win-x64/System.Diagnostics.Process.dll,{app}/System.Diagnostics.Process.dll,SIM,DEPENDÊNCIA,NÃO (Substituído),NÃO (Removido),Assembly gerenciado ou biblioteca nativa de runtime (.NET 10 / SQLite)
System.Diagnostics.StackTrace.dll,publish/win-x64/System.Diagnostics.StackTrace.dll,{app}/System.Diagnostics.StackTrace.dll,SIM,DEPENDÊNCIA,NÃO (Substituído),NÃO (Removido),Assembly gerenciado ou biblioteca nativa de runtime (.NET 10 / SQLite)
System.Diagnostics.TextWriterTraceListener.dll,publish/win-x64/System.Diagnostics.TextWriterTraceListener.dll,{app}/System.Diagnostics.TextWriterTraceListener.dll,SIM,DEPENDÊNCIA,NÃO (Substituído),NÃO (Removido),Assembly gerenciado ou biblioteca nativa de runtime (.NET 10 / SQLite)
System.Diagnostics.Tools.dll,publish/win-x64/System.Diagnostics.Tools.dll,{app}/System.Diagnostics.Tools.dll,SIM,DEPENDÊNCIA,NÃO (Substituído),NÃO (Removido),Assembly gerenciado ou biblioteca nativa de runtime (.NET 10 / SQLite)
System.Diagnostics.TraceSource.dll,publish/win-x64/System.Diagnostics.TraceSource.dll,{app}/System.Diagnostics.TraceSource.dll,SIM,DEPENDÊNCIA,NÃO (Substituído),NÃO (Removido),Assembly gerenciado ou biblioteca nativa de runtime (.NET 10 / SQLite)
System.Diagnostics.Tracing.dll,publish/win-x64/System.Diagnostics.Tracing.dll,{app}/System.Diagnostics.Tracing.dll,SIM,DEPENDÊNCIA,NÃO (Substituído),NÃO (Removido),Assembly gerenciado ou biblioteca nativa de runtime (.NET 10 / SQLite)
System.DirectoryServices.dll,publish/win-x64/System.DirectoryServices.dll,{app}/System.DirectoryServices.dll,SIM,DEPENDÊNCIA,NÃO (Substituído),NÃO (Removido),Assembly gerenciado ou biblioteca nativa de runtime (.NET 10 / SQLite)
System.Drawing.Common.dll,publish/win-x64/System.Drawing.Common.dll,{app}/System.Drawing.Common.dll,SIM,DEPENDÊNCIA,NÃO (Substituído),NÃO (Removido),Assembly gerenciado ou biblioteca nativa de runtime (.NET 10 / SQLite)
System.Drawing.Primitives.dll,publish/win-x64/System.Drawing.Primitives.dll,{app}/System.Drawing.Primitives.dll,SIM,DEPENDÊNCIA,NÃO (Substituído),NÃO (Removido),Assembly gerenciado ou biblioteca nativa de runtime (.NET 10 / SQLite)
System.Drawing.dll,publish/win-x64/System.Drawing.dll,{app}/System.Drawing.dll,SIM,DEPENDÊNCIA,NÃO (Substituído),NÃO (Removido),Assembly gerenciado ou biblioteca nativa de runtime (.NET 10 / SQLite)
System.Dynamic.Runtime.dll,publish/win-x64/System.Dynamic.Runtime.dll,{app}/System.Dynamic.Runtime.dll,SIM,DEPENDÊNCIA,NÃO (Substituído),NÃO (Removido),Assembly gerenciado ou biblioteca nativa de runtime (.NET 10 / SQLite)
System.Formats.Asn1.dll,publish/win-x64/System.Formats.Asn1.dll,{app}/System.Formats.Asn1.dll,SIM,DEPENDÊNCIA,NÃO (Substituído),NÃO (Removido),Assembly gerenciado ou biblioteca nativa de runtime (.NET 10 / SQLite)
System.Formats.Nrbf.dll,publish/win-x64/System.Formats.Nrbf.dll,{app}/System.Formats.Nrbf.dll,SIM,DEPENDÊNCIA,NÃO (Substituído),NÃO (Removido),Assembly gerenciado ou biblioteca nativa de runtime (.NET 10 / SQLite)
System.Formats.Tar.dll,publish/win-x64/System.Formats.Tar.dll,{app}/System.Formats.Tar.dll,SIM,DEPENDÊNCIA,NÃO (Substituído),NÃO (Removido),Assembly gerenciado ou biblioteca nativa de runtime (.NET 10 / SQLite)
System.Globalization.Calendars.dll,publish/win-x64/System.Globalization.Calendars.dll,{app}/System.Globalization.Calendars.dll,SIM,DEPENDÊNCIA,NÃO (Substituído),NÃO (Removido),Assembly gerenciado ou biblioteca nativa de runtime (.NET 10 / SQLite)
System.Globalization.Extensions.dll,publish/win-x64/System.Globalization.Extensions.dll,{app}/System.Globalization.Extensions.dll,SIM,DEPENDÊNCIA,NÃO (Substituído),NÃO (Removido),Assembly gerenciado ou biblioteca nativa de runtime (.NET 10 / SQLite)
System.Globalization.dll,publish/win-x64/System.Globalization.dll,{app}/System.Globalization.dll,SIM,DEPENDÊNCIA,NÃO (Substituído),NÃO (Removido),Assembly gerenciado ou biblioteca nativa de runtime (.NET 10 / SQLite)
System.IO.Compression.Brotli.dll,publish/win-x64/System.IO.Compression.Brotli.dll,{app}/System.IO.Compression.Brotli.dll,SIM,DEPENDÊNCIA,NÃO (Substituído),NÃO (Removido),Assembly gerenciado ou biblioteca nativa de runtime (.NET 10 / SQLite)
System.IO.Compression.FileSystem.dll,publish/win-x64/System.IO.Compression.FileSystem.dll,{app}/System.IO.Compression.FileSystem.dll,SIM,DEPENDÊNCIA,NÃO (Substituído),NÃO (Removido),Assembly gerenciado ou biblioteca nativa de runtime (.NET 10 / SQLite)
System.IO.Compression.Native.dll,publish/win-x64/System.IO.Compression.Native.dll,{app}/System.IO.Compression.Native.dll,SIM,DEPENDÊNCIA,NÃO (Substituído),NÃO (Removido),Assembly gerenciado ou biblioteca nativa de runtime (.NET 10 / SQLite)
System.IO.Compression.ZipFile.dll,publish/win-x64/System.IO.Compression.ZipFile.dll,{app}/System.IO.Compression.ZipFile.dll,SIM,DEPENDÊNCIA,NÃO (Substituído),NÃO (Removido),Assembly gerenciado ou biblioteca nativa de runtime (.NET 10 / SQLite)
System.IO.Compression.dll,publish/win-x64/System.IO.Compression.dll,{app}/System.IO.Compression.dll,SIM,DEPENDÊNCIA,NÃO (Substituído),NÃO (Removido),Assembly gerenciado ou biblioteca nativa de runtime (.NET 10 / SQLite)
System.IO.FileSystem.AccessControl.dll,publish/win-x64/System.IO.FileSystem.AccessControl.dll,{app}/System.IO.FileSystem.AccessControl.dll,SIM,DEPENDÊNCIA,NÃO (Substituído),NÃO (Removido),Assembly gerenciado ou biblioteca nativa de runtime (.NET 10 / SQLite)
System.IO.FileSystem.DriveInfo.dll,publish/win-x64/System.IO.FileSystem.DriveInfo.dll,{app}/System.IO.FileSystem.DriveInfo.dll,SIM,DEPENDÊNCIA,NÃO (Substituído),NÃO (Removido),Assembly gerenciado ou biblioteca nativa de runtime (.NET 10 / SQLite)
System.IO.FileSystem.Primitives.dll,publish/win-x64/System.IO.FileSystem.Primitives.dll,{app}/System.IO.FileSystem.Primitives.dll,SIM,DEPENDÊNCIA,NÃO (Substituído),NÃO (Removido),Assembly gerenciado ou biblioteca nativa de runtime (.NET 10 / SQLite)
System.IO.FileSystem.Watcher.dll,publish/win-x64/System.IO.FileSystem.Watcher.dll,{app}/System.IO.FileSystem.Watcher.dll,SIM,DEPENDÊNCIA,NÃO (Substituído),NÃO (Removido),Assembly gerenciado ou biblioteca nativa de runtime (.NET 10 / SQLite)
System.IO.FileSystem.dll,publish/win-x64/System.IO.FileSystem.dll,{app}/System.IO.FileSystem.dll,SIM,DEPENDÊNCIA,NÃO (Substituído),NÃO (Removido),Assembly gerenciado ou biblioteca nativa de runtime (.NET 10 / SQLite)
System.IO.IsolatedStorage.dll,publish/win-x64/System.IO.IsolatedStorage.dll,{app}/System.IO.IsolatedStorage.dll,SIM,DEPENDÊNCIA,NÃO (Substituído),NÃO (Removido),Assembly gerenciado ou biblioteca nativa de runtime (.NET 10 / SQLite)
System.IO.MemoryMappedFiles.dll,publish/win-x64/System.IO.MemoryMappedFiles.dll,{app}/System.IO.MemoryMappedFiles.dll,SIM,DEPENDÊNCIA,NÃO (Substituído),NÃO (Removido),Assembly gerenciado ou biblioteca nativa de runtime (.NET 10 / SQLite)
System.IO.Packaging.dll,publish/win-x64/System.IO.Packaging.dll,{app}/System.IO.Packaging.dll,SIM,DEPENDÊNCIA,NÃO (Substituído),NÃO (Removido),Assembly gerenciado ou biblioteca nativa de runtime (.NET 10 / SQLite)
System.IO.Pipelines.dll,publish/win-x64/System.IO.Pipelines.dll,{app}/System.IO.Pipelines.dll,SIM,DEPENDÊNCIA,NÃO (Substituído),NÃO (Removido),Assembly gerenciado ou biblioteca nativa de runtime (.NET 10 / SQLite)
System.IO.Pipes.AccessControl.dll,publish/win-x64/System.IO.Pipes.AccessControl.dll,{app}/System.IO.Pipes.AccessControl.dll,SIM,DEPENDÊNCIA,NÃO (Substituído),NÃO (Removido),Assembly gerenciado ou biblioteca nativa de runtime (.NET 10 / SQLite)
System.IO.Pipes.dll,publish/win-x64/System.IO.Pipes.dll,{app}/System.IO.Pipes.dll,SIM,DEPENDÊNCIA,NÃO (Substituído),NÃO (Removido),Assembly gerenciado ou biblioteca nativa de runtime (.NET 10 / SQLite)
System.IO.UnmanagedMemoryStream.dll,publish/win-x64/System.IO.UnmanagedMemoryStream.dll,{app}/System.IO.UnmanagedMemoryStream.dll,SIM,DEPENDÊNCIA,NÃO (Substituído),NÃO (Removido),Assembly gerenciado ou biblioteca nativa de runtime (.NET 10 / SQLite)
System.IO.dll,publish/win-x64/System.IO.dll,{app}/System.IO.dll,SIM,DEPENDÊNCIA,NÃO (Substituído),NÃO (Removido),Assembly gerenciado ou biblioteca nativa de runtime (.NET 10 / SQLite)
System.IdentityModel.Tokens.Jwt.dll,publish/win-x64/System.IdentityModel.Tokens.Jwt.dll,{app}/System.IdentityModel.Tokens.Jwt.dll,SIM,DEPENDÊNCIA,NÃO (Substituído),NÃO (Removido),Assembly gerenciado ou biblioteca nativa de runtime (.NET 10 / SQLite)
System.Linq.AsyncEnumerable.dll,publish/win-x64/System.Linq.AsyncEnumerable.dll,{app}/System.Linq.AsyncEnumerable.dll,SIM,DEPENDÊNCIA,NÃO (Substituído),NÃO (Removido),Assembly gerenciado ou biblioteca nativa de runtime (.NET 10 / SQLite)
System.Linq.Expressions.dll,publish/win-x64/System.Linq.Expressions.dll,{app}/System.Linq.Expressions.dll,SIM,DEPENDÊNCIA,NÃO (Substituído),NÃO (Removido),Assembly gerenciado ou biblioteca nativa de runtime (.NET 10 / SQLite)
System.Linq.Parallel.dll,publish/win-x64/System.Linq.Parallel.dll,{app}/System.Linq.Parallel.dll,SIM,DEPENDÊNCIA,NÃO (Substituído),NÃO (Removido),Assembly gerenciado ou biblioteca nativa de runtime (.NET 10 / SQLite)
System.Linq.Queryable.dll,publish/win-x64/System.Linq.Queryable.dll,{app}/System.Linq.Queryable.dll,SIM,DEPENDÊNCIA,NÃO (Substituído),NÃO (Removido),Assembly gerenciado ou biblioteca nativa de runtime (.NET 10 / SQLite)
System.Linq.dll,publish/win-x64/System.Linq.dll,{app}/System.Linq.dll,SIM,DEPENDÊNCIA,NÃO (Substituído),NÃO (Removido),Assembly gerenciado ou biblioteca nativa de runtime (.NET 10 / SQLite)
System.Memory.Data.dll,publish/win-x64/System.Memory.Data.dll,{app}/System.Memory.Data.dll,SIM,DEPENDÊNCIA,NÃO (Substituído),NÃO (Removido),Assembly gerenciado ou biblioteca nativa de runtime (.NET 10 / SQLite)
System.Memory.dll,publish/win-x64/System.Memory.dll,{app}/System.Memory.dll,SIM,DEPENDÊNCIA,NÃO (Substituído),NÃO (Removido),Assembly gerenciado ou biblioteca nativa de runtime (.NET 10 / SQLite)
System.Net.Http.Json.dll,publish/win-x64/System.Net.Http.Json.dll,{app}/System.Net.Http.Json.dll,SIM,DEPENDÊNCIA,NÃO (Substituído),NÃO (Removido),Assembly gerenciado ou biblioteca nativa de runtime (.NET 10 / SQLite)
System.Net.Http.dll,publish/win-x64/System.Net.Http.dll,{app}/System.Net.Http.dll,SIM,DEPENDÊNCIA,NÃO (Substituído),NÃO (Removido),Assembly gerenciado ou biblioteca nativa de runtime (.NET 10 / SQLite)
System.Net.HttpListener.dll,publish/win-x64/System.Net.HttpListener.dll,{app}/System.Net.HttpListener.dll,SIM,DEPENDÊNCIA,NÃO (Substituído),NÃO (Removido),Assembly gerenciado ou biblioteca nativa de runtime (.NET 10 / SQLite)
System.Net.Mail.dll,publish/win-x64/System.Net.Mail.dll,{app}/System.Net.Mail.dll,SIM,DEPENDÊNCIA,NÃO (Substituído),NÃO (Removido),Assembly gerenciado ou biblioteca nativa de runtime (.NET 10 / SQLite)
System.Net.NameResolution.dll,publish/win-x64/System.Net.NameResolution.dll,{app}/System.Net.NameResolution.dll,SIM,DEPENDÊNCIA,NÃO (Substituído),NÃO (Removido),Assembly gerenciado ou biblioteca nativa de runtime (.NET 10 / SQLite)
System.Net.NetworkInformation.dll,publish/win-x64/System.Net.NetworkInformation.dll,{app}/System.Net.NetworkInformation.dll,SIM,DEPENDÊNCIA,NÃO (Substituído),NÃO (Removido),Assembly gerenciado ou biblioteca nativa de runtime (.NET 10 / SQLite)
System.Net.Ping.dll,publish/win-x64/System.Net.Ping.dll,{app}/System.Net.Ping.dll,SIM,DEPENDÊNCIA,NÃO (Substituído),NÃO (Removido),Assembly gerenciado ou biblioteca nativa de runtime (.NET 10 / SQLite)
System.Net.Primitives.dll,publish/win-x64/System.Net.Primitives.dll,{app}/System.Net.Primitives.dll,SIM,DEPENDÊNCIA,NÃO (Substituído),NÃO (Removido),Assembly gerenciado ou biblioteca nativa de runtime (.NET 10 / SQLite)
System.Net.Quic.dll,publish/win-x64/System.Net.Quic.dll,{app}/System.Net.Quic.dll,SIM,DEPENDÊNCIA,NÃO (Substituído),NÃO (Removido),Assembly gerenciado ou biblioteca nativa de runtime (.NET 10 / SQLite)
System.Net.Requests.dll,publish/win-x64/System.Net.Requests.dll,{app}/System.Net.Requests.dll,SIM,DEPENDÊNCIA,NÃO (Substituído),NÃO (Removido),Assembly gerenciado ou biblioteca nativa de runtime (.NET 10 / SQLite)
System.Net.Security.dll,publish/win-x64/System.Net.Security.dll,{app}/System.Net.Security.dll,SIM,DEPENDÊNCIA,NÃO (Substituído),NÃO (Removido),Assembly gerenciado ou biblioteca nativa de runtime (.NET 10 / SQLite)
System.Net.ServerSentEvents.dll,publish/win-x64/System.Net.ServerSentEvents.dll,{app}/System.Net.ServerSentEvents.dll,SIM,DEPENDÊNCIA,NÃO (Substituído),NÃO (Removido),Assembly gerenciado ou biblioteca nativa de runtime (.NET 10 / SQLite)
System.Net.ServicePoint.dll,publish/win-x64/System.Net.ServicePoint.dll,{app}/System.Net.ServicePoint.dll,SIM,DEPENDÊNCIA,NÃO (Substituído),NÃO (Removido),Assembly gerenciado ou biblioteca nativa de runtime (.NET 10 / SQLite)
System.Net.Sockets.dll,publish/win-x64/System.Net.Sockets.dll,{app}/System.Net.Sockets.dll,SIM,DEPENDÊNCIA,NÃO (Substituído),NÃO (Removido),Assembly gerenciado ou biblioteca nativa de runtime (.NET 10 / SQLite)
System.Net.WebClient.dll,publish/win-x64/System.Net.WebClient.dll,{app}/System.Net.WebClient.dll,SIM,DEPENDÊNCIA,NÃO (Substituído),NÃO (Removido),Assembly gerenciado ou biblioteca nativa de runtime (.NET 10 / SQLite)
System.Net.WebHeaderCollection.dll,publish/win-x64/System.Net.WebHeaderCollection.dll,{app}/System.Net.WebHeaderCollection.dll,SIM,DEPENDÊNCIA,NÃO (Substituído),NÃO (Removido),Assembly gerenciado ou biblioteca nativa de runtime (.NET 10 / SQLite)
System.Net.WebProxy.dll,publish/win-x64/System.Net.WebProxy.dll,{app}/System.Net.WebProxy.dll,SIM,DEPENDÊNCIA,NÃO (Substituído),NÃO (Removido),Assembly gerenciado ou biblioteca nativa de runtime (.NET 10 / SQLite)
System.Net.WebSockets.Client.dll,publish/win-x64/System.Net.WebSockets.Client.dll,{app}/System.Net.WebSockets.Client.dll,SIM,DEPENDÊNCIA,NÃO (Substituído),NÃO (Removido),Assembly gerenciado ou biblioteca nativa de runtime (.NET 10 / SQLite)
System.Net.WebSockets.dll,publish/win-x64/System.Net.WebSockets.dll,{app}/System.Net.WebSockets.dll,SIM,DEPENDÊNCIA,NÃO (Substituído),NÃO (Removido),Assembly gerenciado ou biblioteca nativa de runtime (.NET 10 / SQLite)
System.Net.dll,publish/win-x64/System.Net.dll,{app}/System.Net.dll,SIM,DEPENDÊNCIA,NÃO (Substituído),NÃO (Removido),Assembly gerenciado ou biblioteca nativa de runtime (.NET 10 / SQLite)
System.Numerics.Vectors.dll,publish/win-x64/System.Numerics.Vectors.dll,{app}/System.Numerics.Vectors.dll,SIM,DEPENDÊNCIA,NÃO (Substituído),NÃO (Removido),Assembly gerenciado ou biblioteca nativa de runtime (.NET 10 / SQLite)
System.Numerics.dll,publish/win-x64/System.Numerics.dll,{app}/System.Numerics.dll,SIM,DEPENDÊNCIA,NÃO (Substituído),NÃO (Removido),Assembly gerenciado ou biblioteca nativa de runtime (.NET 10 / SQLite)
System.ObjectModel.dll,publish/win-x64/System.ObjectModel.dll,{app}/System.ObjectModel.dll,SIM,DEPENDÊNCIA,NÃO (Substituído),NÃO (Removido),Assembly gerenciado ou biblioteca nativa de runtime (.NET 10 / SQLite)
System.Printing.dll,publish/win-x64/System.Printing.dll,{app}/System.Printing.dll,SIM,DEPENDÊNCIA,NÃO (Substituído),NÃO (Removido),Assembly gerenciado ou biblioteca nativa de runtime (.NET 10 / SQLite)
System.Private.CoreLib.dll,publish/win-x64/System.Private.CoreLib.dll,{app}/System.Private.CoreLib.dll,SIM,DEPENDÊNCIA,NÃO (Substituído),NÃO (Removido),Assembly gerenciado ou biblioteca nativa de runtime (.NET 10 / SQLite)
System.Private.DataContractSerialization.dll,publish/win-x64/System.Private.DataContractSerialization.dll,{app}/System.Private.DataContractSerialization.dll,SIM,DEPENDÊNCIA,NÃO (Substituído),NÃO (Removido),Assembly gerenciado ou biblioteca nativa de runtime (.NET 10 / SQLite)
System.Private.Uri.dll,publish/win-x64/System.Private.Uri.dll,{app}/System.Private.Uri.dll,SIM,DEPENDÊNCIA,NÃO (Substituído),NÃO (Removido),Assembly gerenciado ou biblioteca nativa de runtime (.NET 10 / SQLite)
System.Private.Windows.Core.dll,publish/win-x64/System.Private.Windows.Core.dll,{app}/System.Private.Windows.Core.dll,SIM,DEPENDÊNCIA,NÃO (Substituído),NÃO (Removido),Assembly gerenciado ou biblioteca nativa de runtime (.NET 10 / SQLite)
System.Private.Windows.GdiPlus.dll,publish/win-x64/System.Private.Windows.GdiPlus.dll,{app}/System.Private.Windows.GdiPlus.dll,SIM,DEPENDÊNCIA,NÃO (Substituído),NÃO (Removido),Assembly gerenciado ou biblioteca nativa de runtime (.NET 10 / SQLite)
System.Private.Xml.Linq.dll,publish/win-x64/System.Private.Xml.Linq.dll,{app}/System.Private.Xml.Linq.dll,SIM,DEPENDÊNCIA,NÃO (Substituído),NÃO (Removido),Assembly gerenciado ou biblioteca nativa de runtime (.NET 10 / SQLite)
System.Private.Xml.dll,publish/win-x64/System.Private.Xml.dll,{app}/System.Private.Xml.dll,SIM,DEPENDÊNCIA,NÃO (Substituído),NÃO (Removido),Assembly gerenciado ou biblioteca nativa de runtime (.NET 10 / SQLite)
System.Reflection.DispatchProxy.dll,publish/win-x64/System.Reflection.DispatchProxy.dll,{app}/System.Reflection.DispatchProxy.dll,SIM,DEPENDÊNCIA,NÃO (Substituído),NÃO (Removido),Assembly gerenciado ou biblioteca nativa de runtime (.NET 10 / SQLite)
System.Reflection.Emit.ILGeneration.dll,publish/win-x64/System.Reflection.Emit.ILGeneration.dll,{app}/System.Reflection.Emit.ILGeneration.dll,SIM,DEPENDÊNCIA,NÃO (Substituído),NÃO (Removido),Assembly gerenciado ou biblioteca nativa de runtime (.NET 10 / SQLite)
System.Reflection.Emit.Lightweight.dll,publish/win-x64/System.Reflection.Emit.Lightweight.dll,{app}/System.Reflection.Emit.Lightweight.dll,SIM,DEPENDÊNCIA,NÃO (Substituído),NÃO (Removido),Assembly gerenciado ou biblioteca nativa de runtime (.NET 10 / SQLite)
System.Reflection.Emit.dll,publish/win-x64/System.Reflection.Emit.dll,{app}/System.Reflection.Emit.dll,SIM,DEPENDÊNCIA,NÃO (Substituído),NÃO (Removido),Assembly gerenciado ou biblioteca nativa de runtime (.NET 10 / SQLite)
System.Reflection.Extensions.dll,publish/win-x64/System.Reflection.Extensions.dll,{app}/System.Reflection.Extensions.dll,SIM,DEPENDÊNCIA,NÃO (Substituído),NÃO (Removido),Assembly gerenciado ou biblioteca nativa de runtime (.NET 10 / SQLite)
System.Reflection.Metadata.dll,publish/win-x64/System.Reflection.Metadata.dll,{app}/System.Reflection.Metadata.dll,SIM,DEPENDÊNCIA,NÃO (Substituído),NÃO (Removido),Assembly gerenciado ou biblioteca nativa de runtime (.NET 10 / SQLite)
System.Reflection.Primitives.dll,publish/win-x64/System.Reflection.Primitives.dll,{app}/System.Reflection.Primitives.dll,SIM,DEPENDÊNCIA,NÃO (Substituído),NÃO (Removido),Assembly gerenciado ou biblioteca nativa de runtime (.NET 10 / SQLite)
System.Reflection.TypeExtensions.dll,publish/win-x64/System.Reflection.TypeExtensions.dll,{app}/System.Reflection.TypeExtensions.dll,SIM,DEPENDÊNCIA,NÃO (Substituído),NÃO (Removido),Assembly gerenciado ou biblioteca nativa de runtime (.NET 10 / SQLite)
System.Reflection.dll,publish/win-x64/System.Reflection.dll,{app}/System.Reflection.dll,SIM,DEPENDÊNCIA,NÃO (Substituído),NÃO (Removido),Assembly gerenciado ou biblioteca nativa de runtime (.NET 10 / SQLite)
System.Resources.Extensions.dll,publish/win-x64/System.Resources.Extensions.dll,{app}/System.Resources.Extensions.dll,SIM,DEPENDÊNCIA,NÃO (Substituído),NÃO (Removido),Assembly gerenciado ou biblioteca nativa de runtime (.NET 10 / SQLite)
System.Resources.Reader.dll,publish/win-x64/System.Resources.Reader.dll,{app}/System.Resources.Reader.dll,SIM,DEPENDÊNCIA,NÃO (Substituído),NÃO (Removido),Assembly gerenciado ou biblioteca nativa de runtime (.NET 10 / SQLite)
System.Resources.ResourceManager.dll,publish/win-x64/System.Resources.ResourceManager.dll,{app}/System.Resources.ResourceManager.dll,SIM,DEPENDÊNCIA,NÃO (Substituído),NÃO (Removido),Assembly gerenciado ou biblioteca nativa de runtime (.NET 10 / SQLite)
System.Resources.Writer.dll,publish/win-x64/System.Resources.Writer.dll,{app}/System.Resources.Writer.dll,SIM,DEPENDÊNCIA,NÃO (Substituído),NÃO (Removido),Assembly gerenciado ou biblioteca nativa de runtime (.NET 10 / SQLite)
System.Runtime.Caching.dll,publish/win-x64/System.Runtime.Caching.dll,{app}/System.Runtime.Caching.dll,SIM,DEPENDÊNCIA,NÃO (Substituído),NÃO (Removido),Assembly gerenciado ou biblioteca nativa de runtime (.NET 10 / SQLite)
System.Runtime.CompilerServices.Unsafe.dll,publish/win-x64/System.Runtime.CompilerServices.Unsafe.dll,{app}/System.Runtime.CompilerServices.Unsafe.dll,SIM,DEPENDÊNCIA,NÃO (Substituído),NÃO (Removido),Assembly gerenciado ou biblioteca nativa de runtime (.NET 10 / SQLite)
System.Runtime.CompilerServices.VisualC.dll,publish/win-x64/System.Runtime.CompilerServices.VisualC.dll,{app}/System.Runtime.CompilerServices.VisualC.dll,SIM,DEPENDÊNCIA,NÃO (Substituído),NÃO (Removido),Assembly gerenciado ou biblioteca nativa de runtime (.NET 10 / SQLite)
System.Runtime.Extensions.dll,publish/win-x64/System.Runtime.Extensions.dll,{app}/System.Runtime.Extensions.dll,SIM,DEPENDÊNCIA,NÃO (Substituído),NÃO (Removido),Assembly gerenciado ou biblioteca nativa de runtime (.NET 10 / SQLite)
System.Runtime.Handles.dll,publish/win-x64/System.Runtime.Handles.dll,{app}/System.Runtime.Handles.dll,SIM,DEPENDÊNCIA,NÃO (Substituído),NÃO (Removido),Assembly gerenciado ou biblioteca nativa de runtime (.NET 10 / SQLite)
System.Runtime.InteropServices.JavaScript.dll,publish/win-x64/System.Runtime.InteropServices.JavaScript.dll,{app}/System.Runtime.InteropServices.JavaScript.dll,SIM,DEPENDÊNCIA,NÃO (Substituído),NÃO (Removido),Assembly gerenciado ou biblioteca nativa de runtime (.NET 10 / SQLite)
System.Runtime.InteropServices.RuntimeInformation.dll,publish/win-x64/System.Runtime.InteropServices.RuntimeInformation.dll,{app}/System.Runtime.InteropServices.RuntimeInformation.dll,SIM,DEPENDÊNCIA,NÃO (Substituído),NÃO (Removido),Assembly gerenciado ou biblioteca nativa de runtime (.NET 10 / SQLite)
System.Runtime.InteropServices.dll,publish/win-x64/System.Runtime.InteropServices.dll,{app}/System.Runtime.InteropServices.dll,SIM,DEPENDÊNCIA,NÃO (Substituído),NÃO (Removido),Assembly gerenciado ou biblioteca nativa de runtime (.NET 10 / SQLite)
System.Runtime.Intrinsics.dll,publish/win-x64/System.Runtime.Intrinsics.dll,{app}/System.Runtime.Intrinsics.dll,SIM,DEPENDÊNCIA,NÃO (Substituído),NÃO (Removido),Assembly gerenciado ou biblioteca nativa de runtime (.NET 10 / SQLite)
System.Runtime.Loader.dll,publish/win-x64/System.Runtime.Loader.dll,{app}/System.Runtime.Loader.dll,SIM,DEPENDÊNCIA,NÃO (Substituído),NÃO (Removido),Assembly gerenciado ou biblioteca nativa de runtime (.NET 10 / SQLite)
System.Runtime.Numerics.dll,publish/win-x64/System.Runtime.Numerics.dll,{app}/System.Runtime.Numerics.dll,SIM,DEPENDÊNCIA,NÃO (Substituído),NÃO (Removido),Assembly gerenciado ou biblioteca nativa de runtime (.NET 10 / SQLite)
System.Runtime.Serialization.Formatters.dll,publish/win-x64/System.Runtime.Serialization.Formatters.dll,{app}/System.Runtime.Serialization.Formatters.dll,SIM,DEPENDÊNCIA,NÃO (Substituído),NÃO (Removido),Assembly gerenciado ou biblioteca nativa de runtime (.NET 10 / SQLite)
System.Runtime.Serialization.Json.dll,publish/win-x64/System.Runtime.Serialization.Json.dll,{app}/System.Runtime.Serialization.Json.dll,SIM,DEPENDÊNCIA,NÃO (Substituído),NÃO (Removido),Assembly gerenciado ou biblioteca nativa de runtime (.NET 10 / SQLite)
System.Runtime.Serialization.Primitives.dll,publish/win-x64/System.Runtime.Serialization.Primitives.dll,{app}/System.Runtime.Serialization.Primitives.dll,SIM,DEPENDÊNCIA,NÃO (Substituído),NÃO (Removido),Assembly gerenciado ou biblioteca nativa de runtime (.NET 10 / SQLite)
System.Runtime.Serialization.Xml.dll,publish/win-x64/System.Runtime.Serialization.Xml.dll,{app}/System.Runtime.Serialization.Xml.dll,SIM,DEPENDÊNCIA,NÃO (Substituído),NÃO (Removido),Assembly gerenciado ou biblioteca nativa de runtime (.NET 10 / SQLite)
System.Runtime.Serialization.dll,publish/win-x64/System.Runtime.Serialization.dll,{app}/System.Runtime.Serialization.dll,SIM,DEPENDÊNCIA,NÃO (Substituído),NÃO (Removido),Assembly gerenciado ou biblioteca nativa de runtime (.NET 10 / SQLite)
System.Runtime.dll,publish/win-x64/System.Runtime.dll,{app}/System.Runtime.dll,SIM,DEPENDÊNCIA,NÃO (Substituído),NÃO (Removido),Assembly gerenciado ou biblioteca nativa de runtime (.NET 10 / SQLite)
System.Security.AccessControl.dll,publish/win-x64/System.Security.AccessControl.dll,{app}/System.Security.AccessControl.dll,SIM,DEPENDÊNCIA,NÃO (Substituído),NÃO (Removido),Assembly gerenciado ou biblioteca nativa de runtime (.NET 10 / SQLite)
System.Security.Claims.dll,publish/win-x64/System.Security.Claims.dll,{app}/System.Security.Claims.dll,SIM,DEPENDÊNCIA,NÃO (Substituído),NÃO (Removido),Assembly gerenciado ou biblioteca nativa de runtime (.NET 10 / SQLite)
System.Security.Cryptography.Algorithms.dll,publish/win-x64/System.Security.Cryptography.Algorithms.dll,{app}/System.Security.Cryptography.Algorithms.dll,SIM,DEPENDÊNCIA,NÃO (Substituído),NÃO (Removido),Assembly gerenciado ou biblioteca nativa de runtime (.NET 10 / SQLite)
System.Security.Cryptography.Cng.dll,publish/win-x64/System.Security.Cryptography.Cng.dll,{app}/System.Security.Cryptography.Cng.dll,SIM,DEPENDÊNCIA,NÃO (Substituído),NÃO (Removido),Assembly gerenciado ou biblioteca nativa de runtime (.NET 10 / SQLite)
System.Security.Cryptography.Csp.dll,publish/win-x64/System.Security.Cryptography.Csp.dll,{app}/System.Security.Cryptography.Csp.dll,SIM,DEPENDÊNCIA,NÃO (Substituído),NÃO (Removido),Assembly gerenciado ou biblioteca nativa de runtime (.NET 10 / SQLite)
System.Security.Cryptography.Encoding.dll,publish/win-x64/System.Security.Cryptography.Encoding.dll,{app}/System.Security.Cryptography.Encoding.dll,SIM,DEPENDÊNCIA,NÃO (Substituído),NÃO (Removido),Assembly gerenciado ou biblioteca nativa de runtime (.NET 10 / SQLite)
System.Security.Cryptography.OpenSsl.dll,publish/win-x64/System.Security.Cryptography.OpenSsl.dll,{app}/System.Security.Cryptography.OpenSsl.dll,SIM,DEPENDÊNCIA,NÃO (Substituído),NÃO (Removido),Assembly gerenciado ou biblioteca nativa de runtime (.NET 10 / SQLite)
System.Security.Cryptography.Pkcs.dll,publish/win-x64/System.Security.Cryptography.Pkcs.dll,{app}/System.Security.Cryptography.Pkcs.dll,SIM,DEPENDÊNCIA,NÃO (Substituído),NÃO (Removido),Assembly gerenciado ou biblioteca nativa de runtime (.NET 10 / SQLite)
System.Security.Cryptography.Primitives.dll,publish/win-x64/System.Security.Cryptography.Primitives.dll,{app}/System.Security.Cryptography.Primitives.dll,SIM,DEPENDÊNCIA,NÃO (Substituído),NÃO (Removido),Assembly gerenciado ou biblioteca nativa de runtime (.NET 10 / SQLite)
System.Security.Cryptography.ProtectedData.dll,publish/win-x64/System.Security.Cryptography.ProtectedData.dll,{app}/System.Security.Cryptography.ProtectedData.dll,SIM,DEPENDÊNCIA,NÃO (Substituído),NÃO (Removido),Assembly gerenciado ou biblioteca nativa de runtime (.NET 10 / SQLite)
System.Security.Cryptography.X509Certificates.dll,publish/win-x64/System.Security.Cryptography.X509Certificates.dll,{app}/System.Security.Cryptography.X509Certificates.dll,SIM,DEPENDÊNCIA,NÃO (Substituído),NÃO (Removido),Assembly gerenciado ou biblioteca nativa de runtime (.NET 10 / SQLite)
System.Security.Cryptography.Xml.dll,publish/win-x64/System.Security.Cryptography.Xml.dll,{app}/System.Security.Cryptography.Xml.dll,SIM,DEPENDÊNCIA,NÃO (Substituído),NÃO (Removido),Assembly gerenciado ou biblioteca nativa de runtime (.NET 10 / SQLite)
System.Security.Cryptography.dll,publish/win-x64/System.Security.Cryptography.dll,{app}/System.Security.Cryptography.dll,SIM,DEPENDÊNCIA,NÃO (Substituído),NÃO (Removido),Assembly gerenciado ou biblioteca nativa de runtime (.NET 10 / SQLite)
System.Security.Permissions.dll,publish/win-x64/System.Security.Permissions.dll,{app}/System.Security.Permissions.dll,SIM,DEPENDÊNCIA,NÃO (Substituído),NÃO (Removido),Assembly gerenciado ou biblioteca nativa de runtime (.NET 10 / SQLite)
System.Security.Principal.Windows.dll,publish/win-x64/System.Security.Principal.Windows.dll,{app}/System.Security.Principal.Windows.dll,SIM,DEPENDÊNCIA,NÃO (Substituído),NÃO (Removido),Assembly gerenciado ou biblioteca nativa de runtime (.NET 10 / SQLite)
System.Security.Principal.dll,publish/win-x64/System.Security.Principal.dll,{app}/System.Security.Principal.dll,SIM,DEPENDÊNCIA,NÃO (Substituído),NÃO (Removido),Assembly gerenciado ou biblioteca nativa de runtime (.NET 10 / SQLite)
System.Security.SecureString.dll,publish/win-x64/System.Security.SecureString.dll,{app}/System.Security.SecureString.dll,SIM,DEPENDÊNCIA,NÃO (Substituído),NÃO (Removido),Assembly gerenciado ou biblioteca nativa de runtime (.NET 10 / SQLite)
System.Security.dll,publish/win-x64/System.Security.dll,{app}/System.Security.dll,SIM,DEPENDÊNCIA,NÃO (Substituído),NÃO (Removido),Assembly gerenciado ou biblioteca nativa de runtime (.NET 10 / SQLite)
System.ServiceModel.Web.dll,publish/win-x64/System.ServiceModel.Web.dll,{app}/System.ServiceModel.Web.dll,SIM,DEPENDÊNCIA,NÃO (Substituído),NÃO (Removido),Assembly gerenciado ou biblioteca nativa de runtime (.NET 10 / SQLite)
System.ServiceProcess.dll,publish/win-x64/System.ServiceProcess.dll,{app}/System.ServiceProcess.dll,SIM,DEPENDÊNCIA,NÃO (Substituído),NÃO (Removido),Assembly gerenciado ou biblioteca nativa de runtime (.NET 10 / SQLite)
System.Text.Encoding.CodePages.dll,publish/win-x64/System.Text.Encoding.CodePages.dll,{app}/System.Text.Encoding.CodePages.dll,SIM,DEPENDÊNCIA,NÃO (Substituído),NÃO (Removido),Assembly gerenciado ou biblioteca nativa de runtime (.NET 10 / SQLite)
System.Text.Encoding.Extensions.dll,publish/win-x64/System.Text.Encoding.Extensions.dll,{app}/System.Text.Encoding.Extensions.dll,SIM,DEPENDÊNCIA,NÃO (Substituído),NÃO (Removido),Assembly gerenciado ou biblioteca nativa de runtime (.NET 10 / SQLite)
System.Text.Encoding.dll,publish/win-x64/System.Text.Encoding.dll,{app}/System.Text.Encoding.dll,SIM,DEPENDÊNCIA,NÃO (Substituído),NÃO (Removido),Assembly gerenciado ou biblioteca nativa de runtime (.NET 10 / SQLite)
System.Text.Encodings.Web.dll,publish/win-x64/System.Text.Encodings.Web.dll,{app}/System.Text.Encodings.Web.dll,SIM,DEPENDÊNCIA,NÃO (Substituído),NÃO (Removido),Assembly gerenciado ou biblioteca nativa de runtime (.NET 10 / SQLite)
System.Text.Json.dll,publish/win-x64/System.Text.Json.dll,{app}/System.Text.Json.dll,SIM,DEPENDÊNCIA,NÃO (Substituído),NÃO (Removido),Assembly gerenciado ou biblioteca nativa de runtime (.NET 10 / SQLite)
System.Text.RegularExpressions.dll,publish/win-x64/System.Text.RegularExpressions.dll,{app}/System.Text.RegularExpressions.dll,SIM,DEPENDÊNCIA,NÃO (Substituído),NÃO (Removido),Assembly gerenciado ou biblioteca nativa de runtime (.NET 10 / SQLite)
System.Threading.AccessControl.dll,publish/win-x64/System.Threading.AccessControl.dll,{app}/System.Threading.AccessControl.dll,SIM,DEPENDÊNCIA,NÃO (Substituído),NÃO (Removido),Assembly gerenciado ou biblioteca nativa de runtime (.NET 10 / SQLite)
System.Threading.Channels.dll,publish/win-x64/System.Threading.Channels.dll,{app}/System.Threading.Channels.dll,SIM,DEPENDÊNCIA,NÃO (Substituído),NÃO (Removido),Assembly gerenciado ou biblioteca nativa de runtime (.NET 10 / SQLite)
System.Threading.Overlapped.dll,publish/win-x64/System.Threading.Overlapped.dll,{app}/System.Threading.Overlapped.dll,SIM,DEPENDÊNCIA,NÃO (Substituído),NÃO (Removido),Assembly gerenciado ou biblioteca nativa de runtime (.NET 10 / SQLite)
System.Threading.Tasks.Dataflow.dll,publish/win-x64/System.Threading.Tasks.Dataflow.dll,{app}/System.Threading.Tasks.Dataflow.dll,SIM,DEPENDÊNCIA,NÃO (Substituído),NÃO (Removido),Assembly gerenciado ou biblioteca nativa de runtime (.NET 10 / SQLite)
System.Threading.Tasks.Extensions.dll,publish/win-x64/System.Threading.Tasks.Extensions.dll,{app}/System.Threading.Tasks.Extensions.dll,SIM,DEPENDÊNCIA,NÃO (Substituído),NÃO (Removido),Assembly gerenciado ou biblioteca nativa de runtime (.NET 10 / SQLite)
System.Threading.Tasks.Parallel.dll,publish/win-x64/System.Threading.Tasks.Parallel.dll,{app}/System.Threading.Tasks.Parallel.dll,SIM,DEPENDÊNCIA,NÃO (Substituído),NÃO (Removido),Assembly gerenciado ou biblioteca nativa de runtime (.NET 10 / SQLite)
System.Threading.Tasks.dll,publish/win-x64/System.Threading.Tasks.dll,{app}/System.Threading.Tasks.dll,SIM,DEPENDÊNCIA,NÃO (Substituído),NÃO (Removido),Assembly gerenciado ou biblioteca nativa de runtime (.NET 10 / SQLite)
System.Threading.Thread.dll,publish/win-x64/System.Threading.Thread.dll,{app}/System.Threading.Thread.dll,SIM,DEPENDÊNCIA,NÃO (Substituído),NÃO (Removido),Assembly gerenciado ou biblioteca nativa de runtime (.NET 10 / SQLite)
System.Threading.ThreadPool.dll,publish/win-x64/System.Threading.ThreadPool.dll,{app}/System.Threading.ThreadPool.dll,SIM,DEPENDÊNCIA,NÃO (Substituído),NÃO (Removido),Assembly gerenciado ou biblioteca nativa de runtime (.NET 10 / SQLite)
System.Threading.Timer.dll,publish/win-x64/System.Threading.Timer.dll,{app}/System.Threading.Timer.dll,SIM,DEPENDÊNCIA,NÃO (Substituído),NÃO (Removido),Assembly gerenciado ou biblioteca nativa de runtime (.NET 10 / SQLite)
System.Threading.dll,publish/win-x64/System.Threading.dll,{app}/System.Threading.dll,SIM,DEPENDÊNCIA,NÃO (Substituído),NÃO (Removido),Assembly gerenciado ou biblioteca nativa de runtime (.NET 10 / SQLite)
System.Transactions.Local.dll,publish/win-x64/System.Transactions.Local.dll,{app}/System.Transactions.Local.dll,SIM,DEPENDÊNCIA,NÃO (Substituído),NÃO (Removido),Assembly gerenciado ou biblioteca nativa de runtime (.NET 10 / SQLite)
System.Transactions.dll,publish/win-x64/System.Transactions.dll,{app}/System.Transactions.dll,SIM,DEPENDÊNCIA,NÃO (Substituído),NÃO (Removido),Assembly gerenciado ou biblioteca nativa de runtime (.NET 10 / SQLite)
System.ValueTuple.dll,publish/win-x64/System.ValueTuple.dll,{app}/System.ValueTuple.dll,SIM,DEPENDÊNCIA,NÃO (Substituído),NÃO (Removido),Assembly gerenciado ou biblioteca nativa de runtime (.NET 10 / SQLite)
System.Web.HttpUtility.dll,publish/win-x64/System.Web.HttpUtility.dll,{app}/System.Web.HttpUtility.dll,SIM,DEPENDÊNCIA,NÃO (Substituído),NÃO (Removido),Assembly gerenciado ou biblioteca nativa de runtime (.NET 10 / SQLite)
System.Web.dll,publish/win-x64/System.Web.dll,{app}/System.Web.dll,SIM,DEPENDÊNCIA,NÃO (Substituído),NÃO (Removido),Assembly gerenciado ou biblioteca nativa de runtime (.NET 10 / SQLite)
System.Windows.Controls.Ribbon.dll,publish/win-x64/System.Windows.Controls.Ribbon.dll,{app}/System.Windows.Controls.Ribbon.dll,SIM,DEPENDÊNCIA,NÃO (Substituído),NÃO (Removido),Assembly gerenciado ou biblioteca nativa de runtime (.NET 10 / SQLite)
System.Windows.Extensions.dll,publish/win-x64/System.Windows.Extensions.dll,{app}/System.Windows.Extensions.dll,SIM,DEPENDÊNCIA,NÃO (Substituído),NÃO (Removido),Assembly gerenciado ou biblioteca nativa de runtime (.NET 10 / SQLite)
System.Windows.Input.Manipulations.dll,publish/win-x64/System.Windows.Input.Manipulations.dll,{app}/System.Windows.Input.Manipulations.dll,SIM,DEPENDÊNCIA,NÃO (Substituído),NÃO (Removido),Assembly gerenciado ou biblioteca nativa de runtime (.NET 10 / SQLite)
System.Windows.Presentation.dll,publish/win-x64/System.Windows.Presentation.dll,{app}/System.Windows.Presentation.dll,SIM,DEPENDÊNCIA,NÃO (Substituído),NÃO (Removido),Assembly gerenciado ou biblioteca nativa de runtime (.NET 10 / SQLite)
System.Windows.Primitives.dll,publish/win-x64/System.Windows.Primitives.dll,{app}/System.Windows.Primitives.dll,SIM,DEPENDÊNCIA,NÃO (Substituído),NÃO (Removido),Assembly gerenciado ou biblioteca nativa de runtime (.NET 10 / SQLite)
System.Windows.dll,publish/win-x64/System.Windows.dll,{app}/System.Windows.dll,SIM,DEPENDÊNCIA,NÃO (Substituído),NÃO (Removido),Assembly gerenciado ou biblioteca nativa de runtime (.NET 10 / SQLite)
System.Xaml.dll,publish/win-x64/System.Xaml.dll,{app}/System.Xaml.dll,SIM,DEPENDÊNCIA,NÃO (Substituído),NÃO (Removido),Assembly gerenciado ou biblioteca nativa de runtime (.NET 10 / SQLite)
System.Xml.Linq.dll,publish/win-x64/System.Xml.Linq.dll,{app}/System.Xml.Linq.dll,SIM,DEPENDÊNCIA,NÃO (Substituído),NÃO (Removido),Assembly gerenciado ou biblioteca nativa de runtime (.NET 10 / SQLite)
System.Xml.ReaderWriter.dll,publish/win-x64/System.Xml.ReaderWriter.dll,{app}/System.Xml.ReaderWriter.dll,SIM,DEPENDÊNCIA,NÃO (Substituído),NÃO (Removido),Assembly gerenciado ou biblioteca nativa de runtime (.NET 10 / SQLite)
System.Xml.Serialization.dll,publish/win-x64/System.Xml.Serialization.dll,{app}/System.Xml.Serialization.dll,SIM,DEPENDÊNCIA,NÃO (Substituído),NÃO (Removido),Assembly gerenciado ou biblioteca nativa de runtime (.NET 10 / SQLite)
System.Xml.XDocument.dll,publish/win-x64/System.Xml.XDocument.dll,{app}/System.Xml.XDocument.dll,SIM,DEPENDÊNCIA,NÃO (Substituído),NÃO (Removido),Assembly gerenciado ou biblioteca nativa de runtime (.NET 10 / SQLite)
System.Xml.XPath.XDocument.dll,publish/win-x64/System.Xml.XPath.XDocument.dll,{app}/System.Xml.XPath.XDocument.dll,SIM,DEPENDÊNCIA,NÃO (Substituído),NÃO (Removido),Assembly gerenciado ou biblioteca nativa de runtime (.NET 10 / SQLite)
System.Xml.XPath.dll,publish/win-x64/System.Xml.XPath.dll,{app}/System.Xml.XPath.dll,SIM,DEPENDÊNCIA,NÃO (Substituído),NÃO (Removido),Assembly gerenciado ou biblioteca nativa de runtime (.NET 10 / SQLite)
System.Xml.XmlDocument.dll,publish/win-x64/System.Xml.XmlDocument.dll,{app}/System.Xml.XmlDocument.dll,SIM,DEPENDÊNCIA,NÃO (Substituído),NÃO (Removido),Assembly gerenciado ou biblioteca nativa de runtime (.NET 10 / SQLite)
System.Xml.XmlSerializer.dll,publish/win-x64/System.Xml.XmlSerializer.dll,{app}/System.Xml.XmlSerializer.dll,SIM,DEPENDÊNCIA,NÃO (Substituído),NÃO (Removido),Assembly gerenciado ou biblioteca nativa de runtime (.NET 10 / SQLite)
System.Xml.dll,publish/win-x64/System.Xml.dll,{app}/System.Xml.dll,SIM,DEPENDÊNCIA,NÃO (Substituído),NÃO (Removido),Assembly gerenciado ou biblioteca nativa de runtime (.NET 10 / SQLite)
System.dll,publish/win-x64/System.dll,{app}/System.dll,SIM,DEPENDÊNCIA,NÃO (Substituído),NÃO (Removido),Assembly gerenciado ou biblioteca nativa de runtime (.NET 10 / SQLite)
UIAutomationClient.dll,publish/win-x64/UIAutomationClient.dll,{app}/UIAutomationClient.dll,SIM,DEPENDÊNCIA,NÃO (Substituído),NÃO (Removido),Assembly gerenciado ou biblioteca nativa de runtime (.NET 10 / SQLite)
UIAutomationClientSideProviders.dll,publish/win-x64/UIAutomationClientSideProviders.dll,{app}/UIAutomationClientSideProviders.dll,SIM,DEPENDÊNCIA,NÃO (Substituído),NÃO (Removido),Assembly gerenciado ou biblioteca nativa de runtime (.NET 10 / SQLite)
UIAutomationProvider.dll,publish/win-x64/UIAutomationProvider.dll,{app}/UIAutomationProvider.dll,SIM,DEPENDÊNCIA,NÃO (Substituído),NÃO (Removido),Assembly gerenciado ou biblioteca nativa de runtime (.NET 10 / SQLite)
UIAutomationTypes.dll,publish/win-x64/UIAutomationTypes.dll,{app}/UIAutomationTypes.dll,SIM,DEPENDÊNCIA,NÃO (Substituído),NÃO (Removido),Assembly gerenciado ou biblioteca nativa de runtime (.NET 10 / SQLite)
UglyToad.PdfPig.Core.dll,publish/win-x64/UglyToad.PdfPig.Core.dll,{app}/UglyToad.PdfPig.Core.dll,SIM,DEPENDÊNCIA,NÃO (Substituído),NÃO (Removido),Assembly gerenciado ou biblioteca nativa de runtime (.NET 10 / SQLite)
UglyToad.PdfPig.DocumentLayoutAnalysis.dll,publish/win-x64/UglyToad.PdfPig.DocumentLayoutAnalysis.dll,{app}/UglyToad.PdfPig.DocumentLayoutAnalysis.dll,SIM,DEPENDÊNCIA,NÃO (Substituído),NÃO (Removido),Assembly gerenciado ou biblioteca nativa de runtime (.NET 10 / SQLite)
UglyToad.PdfPig.Filters.Dct.JpegLibrary.dll,publish/win-x64/UglyToad.PdfPig.Filters.Dct.JpegLibrary.dll,{app}/UglyToad.PdfPig.Filters.Dct.JpegLibrary.dll,SIM,DEPENDÊNCIA,NÃO (Substituído),NÃO (Removido),Assembly gerenciado ou biblioteca nativa de runtime (.NET 10 / SQLite)
UglyToad.PdfPig.Filters.Jbig2.PdfboxJbig2.dll,publish/win-x64/UglyToad.PdfPig.Filters.Jbig2.PdfboxJbig2.dll,{app}/UglyToad.PdfPig.Filters.Jbig2.PdfboxJbig2.dll,SIM,DEPENDÊNCIA,NÃO (Substituído),NÃO (Removido),Assembly gerenciado ou biblioteca nativa de runtime (.NET 10 / SQLite)
UglyToad.PdfPig.Filters.Jpx.OpenJpeg.dll,publish/win-x64/UglyToad.PdfPig.Filters.Jpx.OpenJpeg.dll,{app}/UglyToad.PdfPig.Filters.Jpx.OpenJpeg.dll,SIM,DEPENDÊNCIA,NÃO (Substituído),NÃO (Removido),Assembly gerenciado ou biblioteca nativa de runtime (.NET 10 / SQLite)
UglyToad.PdfPig.Fonts.dll,publish/win-x64/UglyToad.PdfPig.Fonts.dll,{app}/UglyToad.PdfPig.Fonts.dll,SIM,DEPENDÊNCIA,NÃO (Substituído),NÃO (Removido),Assembly gerenciado ou biblioteca nativa de runtime (.NET 10 / SQLite)
UglyToad.PdfPig.Package.dll,publish/win-x64/UglyToad.PdfPig.Package.dll,{app}/UglyToad.PdfPig.Package.dll,SIM,DEPENDÊNCIA,NÃO (Substituído),NÃO (Removido),Assembly gerenciado ou biblioteca nativa de runtime (.NET 10 / SQLite)
UglyToad.PdfPig.Rendering.Skia.dll,publish/win-x64/UglyToad.PdfPig.Rendering.Skia.dll,{app}/UglyToad.PdfPig.Rendering.Skia.dll,SIM,DEPENDÊNCIA,NÃO (Substituído),NÃO (Removido),Assembly gerenciado ou biblioteca nativa de runtime (.NET 10 / SQLite)
UglyToad.PdfPig.Tokenization.dll,publish/win-x64/UglyToad.PdfPig.Tokenization.dll,{app}/UglyToad.PdfPig.Tokenization.dll,SIM,DEPENDÊNCIA,NÃO (Substituído),NÃO (Removido),Assembly gerenciado ou biblioteca nativa de runtime (.NET 10 / SQLite)
UglyToad.PdfPig.Tokens.dll,publish/win-x64/UglyToad.PdfPig.Tokens.dll,{app}/UglyToad.PdfPig.Tokens.dll,SIM,DEPENDÊNCIA,NÃO (Substituído),NÃO (Removido),Assembly gerenciado ou biblioteca nativa de runtime (.NET 10 / SQLite)
UglyToad.PdfPig.dll,publish/win-x64/UglyToad.PdfPig.dll,{app}/UglyToad.PdfPig.dll,SIM,DEPENDÊNCIA,NÃO (Substituído),NÃO (Removido),Assembly gerenciado ou biblioteca nativa de runtime (.NET 10 / SQLite)
WindowsBase.dll,publish/win-x64/WindowsBase.dll,{app}/WindowsBase.dll,SIM,DEPENDÊNCIA,NÃO (Substituído),NÃO (Removido),Assembly gerenciado ou biblioteca nativa de runtime (.NET 10 / SQLite)
clretwrc.dll,publish/win-x64/clretwrc.dll,{app}/clretwrc.dll,SIM,DEPENDÊNCIA,NÃO (Substituído),NÃO (Removido),Assembly gerenciado ou biblioteca nativa de runtime (.NET 10 / SQLite)
clrgc.dll,publish/win-x64/clrgc.dll,{app}/clrgc.dll,SIM,DEPENDÊNCIA,NÃO (Substituído),NÃO (Removido),Assembly gerenciado ou biblioteca nativa de runtime (.NET 10 / SQLite)
clrgcexp.dll,publish/win-x64/clrgcexp.dll,{app}/clrgcexp.dll,SIM,DEPENDÊNCIA,NÃO (Substituído),NÃO (Removido),Assembly gerenciado ou biblioteca nativa de runtime (.NET 10 / SQLite)
clrjit.dll,publish/win-x64/clrjit.dll,{app}/clrjit.dll,SIM,DEPENDÊNCIA,NÃO (Substituído),NÃO (Removido),Assembly gerenciado ou biblioteca nativa de runtime (.NET 10 / SQLite)
coreclr.dll,publish/win-x64/coreclr.dll,{app}/coreclr.dll,SIM,DEPENDÊNCIA,NÃO (Substituído),NÃO (Removido),Assembly gerenciado ou biblioteca nativa de runtime (.NET 10 / SQLite)
createdump.exe,publish/win-x64/createdump.exe,{app}/createdump.exe,SIM,DEPENDÊNCIA,NÃO (Substituído),NÃO (Removido),Arquivo de runtime
e_sqlite3.dll,publish/win-x64/e_sqlite3.dll,{app}/e_sqlite3.dll,SIM,DEPENDÊNCIA,NÃO (Substituído),NÃO (Removido),Assembly gerenciado ou biblioteca nativa de runtime (.NET 10 / SQLite)
hostfxr.dll,publish/win-x64/hostfxr.dll,{app}/hostfxr.dll,SIM,DEPENDÊNCIA,NÃO (Substituído),NÃO (Removido),Assembly gerenciado ou biblioteca nativa de runtime (.NET 10 / SQLite)
hostpolicy.dll,publish/win-x64/hostpolicy.dll,{app}/hostpolicy.dll,SIM,DEPENDÊNCIA,NÃO (Substituído),NÃO (Removido),Assembly gerenciado ou biblioteca nativa de runtime (.NET 10 / SQLite)
libHarfBuzzSharp.dll,publish/win-x64/libHarfBuzzSharp.dll,{app}/libHarfBuzzSharp.dll,SIM,DEPENDÊNCIA,NÃO (Substituído),NÃO (Removido),Assembly gerenciado ou biblioteca nativa de runtime (.NET 10 / SQLite)
libSkiaSharp.dll,publish/win-x64/libSkiaSharp.dll,{app}/libSkiaSharp.dll,SIM,DEPENDÊNCIA,NÃO (Substituído),NÃO (Removido),Assembly gerenciado ou biblioteca nativa de runtime (.NET 10 / SQLite)
mscordaccore.dll,publish/win-x64/mscordaccore.dll,{app}/mscordaccore.dll,SIM,DEPENDÊNCIA,NÃO (Substituído),NÃO (Removido),Assembly gerenciado ou biblioteca nativa de runtime (.NET 10 / SQLite)
mscordaccore_amd64_amd64_10.0.1026.32716.dll,publish/win-x64/mscordaccore_amd64_amd64_10.0.1026.32716.dll,{app}/mscordaccore_amd64_amd64_10.0.1026.32716.dll,SIM,DEPENDÊNCIA,NÃO (Substituído),NÃO (Removido),Assembly gerenciado ou biblioteca nativa de runtime (.NET 10 / SQLite)
mscordbi.dll,publish/win-x64/mscordbi.dll,{app}/mscordbi.dll,SIM,DEPENDÊNCIA,NÃO (Substituído),NÃO (Removido),Assembly gerenciado ou biblioteca nativa de runtime (.NET 10 / SQLite)
mscorlib.dll,publish/win-x64/mscorlib.dll,{app}/mscorlib.dll,SIM,DEPENDÊNCIA,NÃO (Substituído),NÃO (Removido),Assembly gerenciado ou biblioteca nativa de runtime (.NET 10 / SQLite)
mscorrc.dll,publish/win-x64/mscorrc.dll,{app}/mscorrc.dll,SIM,DEPENDÊNCIA,NÃO (Substituído),NÃO (Removido),Assembly gerenciado ou biblioteca nativa de runtime (.NET 10 / SQLite)
msquic.dll,publish/win-x64/msquic.dll,{app}/msquic.dll,SIM,DEPENDÊNCIA,NÃO (Substituído),NÃO (Removido),Assembly gerenciado ou biblioteca nativa de runtime (.NET 10 / SQLite)
netstandard.dll,publish/win-x64/netstandard.dll,{app}/netstandard.dll,SIM,DEPENDÊNCIA,NÃO (Substituído),NÃO (Removido),Assembly gerenciado ou biblioteca nativa de runtime (.NET 10 / SQLite)
vcruntime140_cor3.dll,publish/win-x64/vcruntime140_cor3.dll,{app}/vcruntime140_cor3.dll,SIM,DEPENDÊNCIA,NÃO (Substituído),NÃO (Removido),Assembly gerenciado ou biblioteca nativa de runtime (.NET 10 / SQLite)
wpfgfx_cor3.dll,publish/win-x64/wpfgfx_cor3.dll,{app}/wpfgfx_cor3.dll,SIM,DEPENDÊNCIA,NÃO (Substituído),NÃO (Removido),Assembly gerenciado ou biblioteca nativa de runtime (.NET 10 / SQLite)
cs\PresentationCore.resources.dll,publish/win-x64/cs/PresentationCore.resources.dll,{app}/cs/PresentationCore.resources.dll,SIM,DEPENDÊNCIA,NÃO (Substituído),NÃO (Removido),Assembly gerenciado ou biblioteca nativa de runtime (.NET 10 / SQLite)
cs\PresentationFramework.resources.dll,publish/win-x64/cs/PresentationFramework.resources.dll,{app}/cs/PresentationFramework.resources.dll,SIM,DEPENDÊNCIA,NÃO (Substituído),NÃO (Removido),Assembly gerenciado ou biblioteca nativa de runtime (.NET 10 / SQLite)
cs\PresentationUI.resources.dll,publish/win-x64/cs/PresentationUI.resources.dll,{app}/cs/PresentationUI.resources.dll,SIM,DEPENDÊNCIA,NÃO (Substituído),NÃO (Removido),Assembly gerenciado ou biblioteca nativa de runtime (.NET 10 / SQLite)
cs\ReachFramework.resources.dll,publish/win-x64/cs/ReachFramework.resources.dll,{app}/cs/ReachFramework.resources.dll,SIM,DEPENDÊNCIA,NÃO (Substituído),NÃO (Removido),Assembly gerenciado ou biblioteca nativa de runtime (.NET 10 / SQLite)
cs\System.Windows.Controls.Ribbon.resources.dll,publish/win-x64/cs/System.Windows.Controls.Ribbon.resources.dll,{app}/cs/System.Windows.Controls.Ribbon.resources.dll,SIM,DEPENDÊNCIA,NÃO (Substituído),NÃO (Removido),Assembly gerenciado ou biblioteca nativa de runtime (.NET 10 / SQLite)
cs\System.Windows.Input.Manipulations.resources.dll,publish/win-x64/cs/System.Windows.Input.Manipulations.resources.dll,{app}/cs/System.Windows.Input.Manipulations.resources.dll,SIM,DEPENDÊNCIA,NÃO (Substituído),NÃO (Removido),Assembly gerenciado ou biblioteca nativa de runtime (.NET 10 / SQLite)
cs\System.Xaml.resources.dll,publish/win-x64/cs/System.Xaml.resources.dll,{app}/cs/System.Xaml.resources.dll,SIM,DEPENDÊNCIA,NÃO (Substituído),NÃO (Removido),Assembly gerenciado ou biblioteca nativa de runtime (.NET 10 / SQLite)
cs\UIAutomationClient.resources.dll,publish/win-x64/cs/UIAutomationClient.resources.dll,{app}/cs/UIAutomationClient.resources.dll,SIM,DEPENDÊNCIA,NÃO (Substituído),NÃO (Removido),Assembly gerenciado ou biblioteca nativa de runtime (.NET 10 / SQLite)
cs\UIAutomationClientSideProviders.resources.dll,publish/win-x64/cs/UIAutomationClientSideProviders.resources.dll,{app}/cs/UIAutomationClientSideProviders.resources.dll,SIM,DEPENDÊNCIA,NÃO (Substituído),NÃO (Removido),Assembly gerenciado ou biblioteca nativa de runtime (.NET 10 / SQLite)
cs\UIAutomationProvider.resources.dll,publish/win-x64/cs/UIAutomationProvider.resources.dll,{app}/cs/UIAutomationProvider.resources.dll,SIM,DEPENDÊNCIA,NÃO (Substituído),NÃO (Removido),Assembly gerenciado ou biblioteca nativa de runtime (.NET 10 / SQLite)
cs\UIAutomationTypes.resources.dll,publish/win-x64/cs/UIAutomationTypes.resources.dll,{app}/cs/UIAutomationTypes.resources.dll,SIM,DEPENDÊNCIA,NÃO (Substituído),NÃO (Removido),Assembly gerenciado ou biblioteca nativa de runtime (.NET 10 / SQLite)
cs\WindowsBase.resources.dll,publish/win-x64/cs/WindowsBase.resources.dll,{app}/cs/WindowsBase.resources.dll,SIM,DEPENDÊNCIA,NÃO (Substituído),NÃO (Removido),Assembly gerenciado ou biblioteca nativa de runtime (.NET 10 / SQLite)
Data\NFeTeste.xml,publish/win-x64/Data/NFeTeste.xml,{app}/Data/NFeTeste.xml,SIM,DEPENDÊNCIA,NÃO (Substituído),NÃO (Removido),Arquivo de runtime
Data\ProdutosIniciais.txt,publish/win-x64/Data/ProdutosIniciais.txt,{app}/Data/ProdutosIniciais.txt,NÃO,DOCUMENTAÇÃO,NÃO (Substituído),NÃO (Removido),"Documento, termos ou script de suporte"
de\Microsoft.Data.SqlClient.resources.dll,publish/win-x64/de/Microsoft.Data.SqlClient.resources.dll,{app}/de/Microsoft.Data.SqlClient.resources.dll,SIM,DEPENDÊNCIA,NÃO (Substituído),NÃO (Removido),Assembly gerenciado ou biblioteca nativa de runtime (.NET 10 / SQLite)
de\PdfSharpCore.resources.dll,publish/win-x64/de/PdfSharpCore.resources.dll,{app}/de/PdfSharpCore.resources.dll,SIM,DEPENDÊNCIA,NÃO (Substituído),NÃO (Removido),Assembly gerenciado ou biblioteca nativa de runtime (.NET 10 / SQLite)
de\PresentationCore.resources.dll,publish/win-x64/de/PresentationCore.resources.dll,{app}/de/PresentationCore.resources.dll,SIM,DEPENDÊNCIA,NÃO (Substituído),NÃO (Removido),Assembly gerenciado ou biblioteca nativa de runtime (.NET 10 / SQLite)
de\PresentationFramework.resources.dll,publish/win-x64/de/PresentationFramework.resources.dll,{app}/de/PresentationFramework.resources.dll,SIM,DEPENDÊNCIA,NÃO (Substituído),NÃO (Removido),Assembly gerenciado ou biblioteca nativa de runtime (.NET 10 / SQLite)
de\PresentationUI.resources.dll,publish/win-x64/de/PresentationUI.resources.dll,{app}/de/PresentationUI.resources.dll,SIM,DEPENDÊNCIA,NÃO (Substituído),NÃO (Removido),Assembly gerenciado ou biblioteca nativa de runtime (.NET 10 / SQLite)
de\ReachFramework.resources.dll,publish/win-x64/de/ReachFramework.resources.dll,{app}/de/ReachFramework.resources.dll,SIM,DEPENDÊNCIA,NÃO (Substituído),NÃO (Removido),Assembly gerenciado ou biblioteca nativa de runtime (.NET 10 / SQLite)
de\System.Windows.Controls.Ribbon.resources.dll,publish/win-x64/de/System.Windows.Controls.Ribbon.resources.dll,{app}/de/System.Windows.Controls.Ribbon.resources.dll,SIM,DEPENDÊNCIA,NÃO (Substituído),NÃO (Removido),Assembly gerenciado ou biblioteca nativa de runtime (.NET 10 / SQLite)
de\System.Windows.Input.Manipulations.resources.dll,publish/win-x64/de/System.Windows.Input.Manipulations.resources.dll,{app}/de/System.Windows.Input.Manipulations.resources.dll,SIM,DEPENDÊNCIA,NÃO (Substituído),NÃO (Removido),Assembly gerenciado ou biblioteca nativa de runtime (.NET 10 / SQLite)
de\System.Xaml.resources.dll,publish/win-x64/de/System.Xaml.resources.dll,{app}/de/System.Xaml.resources.dll,SIM,DEPENDÊNCIA,NÃO (Substituído),NÃO (Removido),Assembly gerenciado ou biblioteca nativa de runtime (.NET 10 / SQLite)
de\UIAutomationClient.resources.dll,publish/win-x64/de/UIAutomationClient.resources.dll,{app}/de/UIAutomationClient.resources.dll,SIM,DEPENDÊNCIA,NÃO (Substituído),NÃO (Removido),Assembly gerenciado ou biblioteca nativa de runtime (.NET 10 / SQLite)
de\UIAutomationClientSideProviders.resources.dll,publish/win-x64/de/UIAutomationClientSideProviders.resources.dll,{app}/de/UIAutomationClientSideProviders.resources.dll,SIM,DEPENDÊNCIA,NÃO (Substituído),NÃO (Removido),Assembly gerenciado ou biblioteca nativa de runtime (.NET 10 / SQLite)
de\UIAutomationProvider.resources.dll,publish/win-x64/de/UIAutomationProvider.resources.dll,{app}/de/UIAutomationProvider.resources.dll,SIM,DEPENDÊNCIA,NÃO (Substituído),NÃO (Removido),Assembly gerenciado ou biblioteca nativa de runtime (.NET 10 / SQLite)
de\UIAutomationTypes.resources.dll,publish/win-x64/de/UIAutomationTypes.resources.dll,{app}/de/UIAutomationTypes.resources.dll,SIM,DEPENDÊNCIA,NÃO (Substituído),NÃO (Removido),Assembly gerenciado ou biblioteca nativa de runtime (.NET 10 / SQLite)
de\WindowsBase.resources.dll,publish/win-x64/de/WindowsBase.resources.dll,{app}/de/WindowsBase.resources.dll,SIM,DEPENDÊNCIA,NÃO (Substituído),NÃO (Removido),Assembly gerenciado ou biblioteca nativa de runtime (.NET 10 / SQLite)
Docs\ATUALIZADOR_VERSAO.md,publish/win-x64/Docs/ATUALIZADOR_VERSAO.md,{app}/Docs/ATUALIZADOR_VERSAO.md,NÃO,DOCUMENTAÇÃO,NÃO (Substituído),NÃO (Removido),"Documento, termos ou script de suporte"
Docs\AUDITORIA_CONFORMIDADE_LISTA_MESTRE_2026-06-15.md,publish/win-x64/Docs/AUDITORIA_CONFORMIDADE_LISTA_MESTRE_2026-06-15.md,{app}/Docs/AUDITORIA_CONFORMIDADE_LISTA_MESTRE_2026-06-15.md,NÃO,DOCUMENTAÇÃO,NÃO (Substituído),NÃO (Removido),"Documento, termos ou script de suporte"
Docs\AUDITORIA_ENTERPRISE_TOTAL_2026-06-15.md,publish/win-x64/Docs/AUDITORIA_ENTERPRISE_TOTAL_2026-06-15.md,{app}/Docs/AUDITORIA_ENTERPRISE_TOTAL_2026-06-15.md,NÃO,DOCUMENTAÇÃO,NÃO (Substituído),NÃO (Removido),"Documento, termos ou script de suporte"
Docs\BACKUP_E_RESTAURACAO.md,publish/win-x64/Docs/BACKUP_E_RESTAURACAO.md,{app}/Docs/BACKUP_E_RESTAURACAO.md,NÃO,DOCUMENTAÇÃO,NÃO (Substituído),NÃO (Removido),"Documento, termos ou script de suporte"
Docs\CHANGELOG.md,publish/win-x64/Docs/CHANGELOG.md,{app}/Docs/CHANGELOG.md,NÃO,DOCUMENTAÇÃO,NÃO (Substituído),NÃO (Removido),"Documento, termos ou script de suporte"
Docs\CHECKLIST_FINAL_QUALIDADE_2026-06-11.md,publish/win-x64/Docs/CHECKLIST_FINAL_QUALIDADE_2026-06-11.md,{app}/Docs/CHECKLIST_FINAL_QUALIDADE_2026-06-11.md,NÃO,DOCUMENTAÇÃO,NÃO (Substituído),NÃO (Removido),"Documento, termos ou script de suporte"
Docs\DESIGN_SYSTEM.md,publish/win-x64/Docs/DESIGN_SYSTEM.md,{app}/Docs/DESIGN_SYSTEM.md,NÃO,DOCUMENTAÇÃO,NÃO (Substituído),NÃO (Removido),"Documento, termos ou script de suporte"
Docs\ESTRATEGIA_ROLLBACK.md,publish/win-x64/Docs/ESTRATEGIA_ROLLBACK.md,{app}/Docs/ESTRATEGIA_ROLLBACK.md,NÃO,DOCUMENTAÇÃO,NÃO (Substituído),NÃO (Removido),"Documento, termos ou script de suporte"
Docs\ESTUDO_FISCAL_NFE_NFCE.md,publish/win-x64/Docs/ESTUDO_FISCAL_NFE_NFCE.md,{app}/Docs/ESTUDO_FISCAL_NFE_NFCE.md,NÃO,DOCUMENTAÇÃO,NÃO (Substituído),NÃO (Removido),"Documento, termos ou script de suporte"
Docs\FORMULARIO_FEEDBACK_PILOTO.md,publish/win-x64/Docs/FORMULARIO_FEEDBACK_PILOTO.md,{app}/Docs/FORMULARIO_FEEDBACK_PILOTO.md,NÃO,DOCUMENTAÇÃO,NÃO (Substituído),NÃO (Removido),"Documento, termos ou script de suporte"
Docs\GUIA_ADMINISTRADOR.md,publish/win-x64/Docs/GUIA_ADMINISTRADOR.md,{app}/Docs/GUIA_ADMINISTRADOR.md,NÃO,DOCUMENTAÇÃO,NÃO (Substituído),NÃO (Removido),"Documento, termos ou script de suporte"
Docs\GUIA_BACKUP.md,publish/win-x64/Docs/GUIA_BACKUP.md,{app}/Docs/GUIA_BACKUP.md,NÃO,DOCUMENTAÇÃO,NÃO (Substituído),NÃO (Removido),"Documento, termos ou script de suporte"
Docs\GUIA_RAPIDO.md,publish/win-x64/Docs/GUIA_RAPIDO.md,{app}/Docs/GUIA_RAPIDO.md,NÃO,DOCUMENTAÇÃO,NÃO (Substituído),NÃO (Removido),"Documento, termos ou script de suporte"
Docs\GUIA_TESTES.md,publish/win-x64/Docs/GUIA_TESTES.md,{app}/Docs/GUIA_TESTES.md,NÃO,DOCUMENTAÇÃO,NÃO (Substituído),NÃO (Removido),"Documento, termos ou script de suporte"
Docs\IMPRESSAO_QA.md,publish/win-x64/Docs/IMPRESSAO_QA.md,{app}/Docs/IMPRESSAO_QA.md,NÃO,DOCUMENTAÇÃO,NÃO (Substituído),NÃO (Removido),"Documento, termos ou script de suporte"
Docs\LGPD_CHECKLIST.md,publish/win-x64/Docs/LGPD_CHECKLIST.md,{app}/Docs/LGPD_CHECKLIST.md,NÃO,DOCUMENTAÇÃO,NÃO (Substituído),NÃO (Removido),"Documento, termos ou script de suporte"
Docs\LICENCIAMENTO.md,publish/win-x64/Docs/LICENCIAMENTO.md,{app}/Docs/LICENCIAMENTO.md,NÃO,DOCUMENTAÇÃO,NÃO (Substituído),NÃO (Removido),"Documento, termos ou script de suporte"
Docs\MANUAL_USUARIO.md,publish/win-x64/Docs/MANUAL_USUARIO.md,{app}/Docs/MANUAL_USUARIO.md,NÃO,DOCUMENTAÇÃO,NÃO (Substituído),NÃO (Removido),"Documento, termos ou script de suporte"
Docs\PLANO_PILOTO_7_DIAS.md,publish/win-x64/Docs/PLANO_PILOTO_7_DIAS.md,{app}/Docs/PLANO_PILOTO_7_DIAS.md,NÃO,DOCUMENTAÇÃO,NÃO (Substituído),NÃO (Removido),"Documento, termos ou script de suporte"
Docs\POLITICA_PRIVACIDADE_RASCUNHO.md,publish/win-x64/Docs/POLITICA_PRIVACIDADE_RASCUNHO.md,{app}/Docs/POLITICA_PRIVACIDADE_RASCUNHO.md,NÃO,DOCUMENTAÇÃO,NÃO (Substituído),NÃO (Removido),"Documento, termos ou script de suporte"
Docs\PROCESSO_RELEASE.md,publish/win-x64/Docs/PROCESSO_RELEASE.md,{app}/Docs/PROCESSO_RELEASE.md,NÃO,DOCUMENTAÇÃO,NÃO (Substituído),NÃO (Removido),"Documento, termos ou script de suporte"
Docs\RELATORIO_AUDITORIA_GERAL_PRIMOAUTOELETRICA.md,publish/win-x64/Docs/RELATORIO_AUDITORIA_GERAL_PRIMOAUTOELETRICA.md,{app}/Docs/RELATORIO_AUDITORIA_GERAL_PRIMOAUTOELETRICA.md,NÃO,DOCUMENTAÇÃO,NÃO (Substituído),NÃO (Removido),"Documento, termos ou script de suporte"
Docs\RELATORIO_IMPORTAR_NFE_PAGINA.md,publish/win-x64/Docs/RELATORIO_IMPORTAR_NFE_PAGINA.md,{app}/Docs/RELATORIO_IMPORTAR_NFE_PAGINA.md,NÃO,DOCUMENTAÇÃO,NÃO (Substituído),NÃO (Removido),"Documento, termos ou script de suporte"
Docs\RELATORIO_MELHORIA_VISUAL_TEMA_ESCURO.md,publish/win-x64/Docs/RELATORIO_MELHORIA_VISUAL_TEMA_ESCURO.md,{app}/Docs/RELATORIO_MELHORIA_VISUAL_TEMA_ESCURO.md,NÃO,DOCUMENTAÇÃO,NÃO (Substituído),NÃO (Removido),"Documento, termos ou script de suporte"
Docs\ROADMAP_PRODUTO_VENDAVEL.md,publish/win-x64/Docs/ROADMAP_PRODUTO_VENDAVEL.md,{app}/Docs/ROADMAP_PRODUTO_VENDAVEL.md,NÃO,DOCUMENTAÇÃO,NÃO (Substituído),NÃO (Removido),"Documento, termos ou script de suporte"
Docs\ROTEIRO_QA_MANUAL_FINAL_PRIMOAUTOELETRICA.md,publish/win-x64/Docs/ROTEIRO_QA_MANUAL_FINAL_PRIMOAUTOELETRICA.md,{app}/Docs/ROTEIRO_QA_MANUAL_FINAL_PRIMOAUTOELETRICA.md,NÃO,DOCUMENTAÇÃO,NÃO (Substituído),NÃO (Removido),"Documento, termos ou script de suporte"
Docs\TERMOS_USO_RASCUNHO.md,publish/win-x64/Docs/TERMOS_USO_RASCUNHO.md,{app}/Docs/TERMOS_USO_RASCUNHO.md,NÃO,DOCUMENTAÇÃO,NÃO (Substituído),NÃO (Removido),"Documento, termos ou script de suporte"
Docs\TESTE_SQLSERVER_REDE.md,publish/win-x64/Docs/TESTE_SQLSERVER_REDE.md,{app}/Docs/TESTE_SQLSERVER_REDE.md,NÃO,DOCUMENTAÇÃO,NÃO (Substituído),NÃO (Removido),"Documento, termos ou script de suporte"
Docs\ImportacoesCatalogo\RELATORIO_IMPORTACAO_CATALOGO_20260915_065636.md,publish/win-x64/Docs/ImportacoesCatalogo/RELATORIO_IMPORTACAO_CATALOGO_20260915_065636.md,{app}/Docs/ImportacoesCatalogo/RELATORIO_IMPORTACAO_CATALOGO_20260915_065636.md,NÃO,DOCUMENTAÇÃO,NÃO (Substituído),NÃO (Removido),"Documento, termos ou script de suporte"
Docs\ImportacoesCatalogo\RELATORIO_IMPORTACAO_CATALOGO_20260915_193924.md,publish/win-x64/Docs/ImportacoesCatalogo/RELATORIO_IMPORTACAO_CATALOGO_20260915_193924.md,{app}/Docs/ImportacoesCatalogo/RELATORIO_IMPORTACAO_CATALOGO_20260915_193924.md,NÃO,DOCUMENTAÇÃO,NÃO (Substituído),NÃO (Removido),"Documento, termos ou script de suporte"
Docs\ImportacoesCatalogo\RELATORIO_IMPORTACAO_CATALOGO_20260915_193927.md,publish/win-x64/Docs/ImportacoesCatalogo/RELATORIO_IMPORTACAO_CATALOGO_20260915_193927.md,{app}/Docs/ImportacoesCatalogo/RELATORIO_IMPORTACAO_CATALOGO_20260915_193927.md,NÃO,DOCUMENTAÇÃO,NÃO (Substituído),NÃO (Removido),"Documento, termos ou script de suporte"
Docs\ImportacoesCatalogo\RELATORIO_IMPORTACAO_CATALOGO_20260915_194136.md,publish/win-x64/Docs/ImportacoesCatalogo/RELATORIO_IMPORTACAO_CATALOGO_20260915_194136.md,{app}/Docs/ImportacoesCatalogo/RELATORIO_IMPORTACAO_CATALOGO_20260915_194136.md,NÃO,DOCUMENTAÇÃO,NÃO (Substituído),NÃO (Removido),"Documento, termos ou script de suporte"
Docs\ImportacoesCatalogo\RELATORIO_IMPORTACAO_CATALOGO_20260915_194137.md,publish/win-x64/Docs/ImportacoesCatalogo/RELATORIO_IMPORTACAO_CATALOGO_20260915_194137.md,{app}/Docs/ImportacoesCatalogo/RELATORIO_IMPORTACAO_CATALOGO_20260915_194137.md,NÃO,DOCUMENTAÇÃO,NÃO (Substituído),NÃO (Removido),"Documento, termos ou script de suporte"
Docs\ImportacoesCatalogo\RELATORIO_IMPORTACAO_CATALOGO_20260915_194139.md,publish/win-x64/Docs/ImportacoesCatalogo/RELATORIO_IMPORTACAO_CATALOGO_20260915_194139.md,{app}/Docs/ImportacoesCatalogo/RELATORIO_IMPORTACAO_CATALOGO_20260915_194139.md,NÃO,DOCUMENTAÇÃO,NÃO (Substituído),NÃO (Removido),"Documento, termos ou script de suporte"
Docs\ImportacoesCatalogo\RELATORIO_IMPORTACAO_CATALOGO_20260915_194142.md,publish/win-x64/Docs/ImportacoesCatalogo/RELATORIO_IMPORTACAO_CATALOGO_20260915_194142.md,{app}/Docs/ImportacoesCatalogo/RELATORIO_IMPORTACAO_CATALOGO_20260915_194142.md,NÃO,DOCUMENTAÇÃO,NÃO (Substituído),NÃO (Removido),"Documento, termos ou script de suporte"
Docs\ImportacoesCatalogo\RELATORIO_IMPORTACAO_CATALOGO_20260915_194143.md,publish/win-x64/Docs/ImportacoesCatalogo/RELATORIO_IMPORTACAO_CATALOGO_20260915_194143.md,{app}/Docs/ImportacoesCatalogo/RELATORIO_IMPORTACAO_CATALOGO_20260915_194143.md,NÃO,DOCUMENTAÇÃO,NÃO (Substituído),NÃO (Removido),"Documento, termos ou script de suporte"
Docs\ImportacoesCatalogo\RELATORIO_IMPORTACAO_CATALOGO_20260915_200620.md,publish/win-x64/Docs/ImportacoesCatalogo/RELATORIO_IMPORTACAO_CATALOGO_20260915_200620.md,{app}/Docs/ImportacoesCatalogo/RELATORIO_IMPORTACAO_CATALOGO_20260915_200620.md,NÃO,DOCUMENTAÇÃO,NÃO (Substituído),NÃO (Removido),"Documento, termos ou script de suporte"
Docs\ImportacoesCatalogo\RELATORIO_IMPORTACAO_CATALOGO_20260915_202112.md,publish/win-x64/Docs/ImportacoesCatalogo/RELATORIO_IMPORTACAO_CATALOGO_20260915_202112.md,{app}/Docs/ImportacoesCatalogo/RELATORIO_IMPORTACAO_CATALOGO_20260915_202112.md,NÃO,DOCUMENTAÇÃO,NÃO (Substituído),NÃO (Removido),"Documento, termos ou script de suporte"
Docs\ImportacoesCatalogo\RELATORIO_IMPORTACAO_CATALOGO_20260915_202332.md,publish/win-x64/Docs/ImportacoesCatalogo/RELATORIO_IMPORTACAO_CATALOGO_20260915_202332.md,{app}/Docs/ImportacoesCatalogo/RELATORIO_IMPORTACAO_CATALOGO_20260915_202332.md,NÃO,DOCUMENTAÇÃO,NÃO (Substituído),NÃO (Removido),"Documento, termos ou script de suporte"
Docs\ImportacoesCatalogo\RELATORIO_IMPORTACAO_CATALOGO_20260915_203356.md,publish/win-x64/Docs/ImportacoesCatalogo/RELATORIO_IMPORTACAO_CATALOGO_20260915_203356.md,{app}/Docs/ImportacoesCatalogo/RELATORIO_IMPORTACAO_CATALOGO_20260915_203356.md,NÃO,DOCUMENTAÇÃO,NÃO (Substituído),NÃO (Removido),"Documento, termos ou script de suporte"
Docs\ImportacoesCatalogo\RELATORIO_IMPORTACAO_CATALOGO_20260916_064407.md,publish/win-x64/Docs/ImportacoesCatalogo/RELATORIO_IMPORTACAO_CATALOGO_20260916_064407.md,{app}/Docs/ImportacoesCatalogo/RELATORIO_IMPORTACAO_CATALOGO_20260916_064407.md,NÃO,DOCUMENTAÇÃO,NÃO (Substituído),NÃO (Removido),"Documento, termos ou script de suporte"
Docs\ImportacoesCatalogo\RELATORIO_IMPORTACAO_CATALOGO_20260916_071316.md,publish/win-x64/Docs/ImportacoesCatalogo/RELATORIO_IMPORTACAO_CATALOGO_20260916_071316.md,{app}/Docs/ImportacoesCatalogo/RELATORIO_IMPORTACAO_CATALOGO_20260916_071316.md,NÃO,DOCUMENTAÇÃO,NÃO (Substituído),NÃO (Removido),"Documento, termos ou script de suporte"
Docs\ManualTecnico\01_ESTRUTURA_PROJETO.md,publish/win-x64/Docs/ManualTecnico/01_ESTRUTURA_PROJETO.md,{app}/Docs/ManualTecnico/01_ESTRUTURA_PROJETO.md,NÃO,DOCUMENTAÇÃO,NÃO (Substituído),NÃO (Removido),"Documento, termos ou script de suporte"
Docs\ManualTecnico\02_BANCO_DADOS_SERVICOS.md,publish/win-x64/Docs/ManualTecnico/02_BANCO_DADOS_SERVICOS.md,{app}/Docs/ManualTecnico/02_BANCO_DADOS_SERVICOS.md,NÃO,DOCUMENTAÇÃO,NÃO (Substituído),NÃO (Removido),"Documento, termos ou script de suporte"
Docs\ManualTecnico\03_TESTES_PACOTE_RELEASE.md,publish/win-x64/Docs/ManualTecnico/03_TESTES_PACOTE_RELEASE.md,{app}/Docs/ManualTecnico/03_TESTES_PACOTE_RELEASE.md,NÃO,DOCUMENTAÇÃO,NÃO (Substituído),NÃO (Removido),"Documento, termos ou script de suporte"
Docs\ManualTecnico\README.md,publish/win-x64/Docs/ManualTecnico/README.md,{app}/Docs/ManualTecnico/README.md,NÃO,DOCUMENTAÇÃO,NÃO (Substituído),NÃO (Removido),"Documento, termos ou script de suporte"
Docs\ManualUsuario\01_INSTALACAO_E_PRIMEIRO_ACESSO.md,publish/win-x64/Docs/ManualUsuario/01_INSTALACAO_E_PRIMEIRO_ACESSO.md,{app}/Docs/ManualUsuario/01_INSTALACAO_E_PRIMEIRO_ACESSO.md,NÃO,DOCUMENTAÇÃO,NÃO (Substituído),NÃO (Removido),"Documento, termos ou script de suporte"
Docs\ManualUsuario\02_CADASTROS_CLIENTE_VEICULO_FUNCIONARIO.md,publish/win-x64/Docs/ManualUsuario/02_CADASTROS_CLIENTE_VEICULO_FUNCIONARIO.md,{app}/Docs/ManualUsuario/02_CADASTROS_CLIENTE_VEICULO_FUNCIONARIO.md,NÃO,DOCUMENTAÇÃO,NÃO (Substituído),NÃO (Removido),"Documento, termos ou script de suporte"
Docs\ManualUsuario\03_ORCAMENTOS_OS_PDV_CAIXA.md,publish/win-x64/Docs/ManualUsuario/03_ORCAMENTOS_OS_PDV_CAIXA.md,{app}/Docs/ManualUsuario/03_ORCAMENTOS_OS_PDV_CAIXA.md,NÃO,DOCUMENTAÇÃO,NÃO (Substituído),NÃO (Removido),"Documento, termos ou script de suporte"
Docs\ManualUsuario\04_NFE_BACKUP_RESTAURACAO_PERMISSOES.md,publish/win-x64/Docs/ManualUsuario/04_NFE_BACKUP_RESTAURACAO_PERMISSOES.md,{app}/Docs/ManualUsuario/04_NFE_BACKUP_RESTAURACAO_PERMISSOES.md,NÃO,DOCUMENTAÇÃO,NÃO (Substituído),NÃO (Removido),"Documento, termos ou script de suporte"
Docs\ManualUsuario\README.md,publish/win-x64/Docs/ManualUsuario/README.md,{app}/Docs/ManualUsuario/README.md,NÃO,DOCUMENTAÇÃO,NÃO (Substituído),NÃO (Removido),"Documento, termos ou script de suporte"
en\PrimoAutoEletrica.resources.dll,publish/win-x64/en/PrimoAutoEletrica.resources.dll,{app}/en/PrimoAutoEletrica.resources.dll,SIM,DEPENDÊNCIA,NÃO (Substituído),NÃO (Removido),Assembly gerenciado ou biblioteca nativa de runtime (.NET 10 / SQLite)
es\Microsoft.Data.SqlClient.resources.dll,publish/win-x64/es/Microsoft.Data.SqlClient.resources.dll,{app}/es/Microsoft.Data.SqlClient.resources.dll,SIM,DEPENDÊNCIA,NÃO (Substituído),NÃO (Removido),Assembly gerenciado ou biblioteca nativa de runtime (.NET 10 / SQLite)
es\PresentationCore.resources.dll,publish/win-x64/es/PresentationCore.resources.dll,{app}/es/PresentationCore.resources.dll,SIM,DEPENDÊNCIA,NÃO (Substituído),NÃO (Removido),Assembly gerenciado ou biblioteca nativa de runtime (.NET 10 / SQLite)
es\PresentationFramework.resources.dll,publish/win-x64/es/PresentationFramework.resources.dll,{app}/es/PresentationFramework.resources.dll,SIM,DEPENDÊNCIA,NÃO (Substituído),NÃO (Removido),Assembly gerenciado ou biblioteca nativa de runtime (.NET 10 / SQLite)
es\PresentationUI.resources.dll,publish/win-x64/es/PresentationUI.resources.dll,{app}/es/PresentationUI.resources.dll,SIM,DEPENDÊNCIA,NÃO (Substituído),NÃO (Removido),Assembly gerenciado ou biblioteca nativa de runtime (.NET 10 / SQLite)
es\PrimoAutoEletrica.resources.dll,publish/win-x64/es/PrimoAutoEletrica.resources.dll,{app}/es/PrimoAutoEletrica.resources.dll,SIM,DEPENDÊNCIA,NÃO (Substituído),NÃO (Removido),Assembly gerenciado ou biblioteca nativa de runtime (.NET 10 / SQLite)
es\ReachFramework.resources.dll,publish/win-x64/es/ReachFramework.resources.dll,{app}/es/ReachFramework.resources.dll,SIM,DEPENDÊNCIA,NÃO (Substituído),NÃO (Removido),Assembly gerenciado ou biblioteca nativa de runtime (.NET 10 / SQLite)
es\System.Windows.Controls.Ribbon.resources.dll,publish/win-x64/es/System.Windows.Controls.Ribbon.resources.dll,{app}/es/System.Windows.Controls.Ribbon.resources.dll,SIM,DEPENDÊNCIA,NÃO (Substituído),NÃO (Removido),Assembly gerenciado ou biblioteca nativa de runtime (.NET 10 / SQLite)
es\System.Windows.Input.Manipulations.resources.dll,publish/win-x64/es/System.Windows.Input.Manipulations.resources.dll,{app}/es/System.Windows.Input.Manipulations.resources.dll,SIM,DEPENDÊNCIA,NÃO (Substituído),NÃO (Removido),Assembly gerenciado ou biblioteca nativa de runtime (.NET 10 / SQLite)
es\System.Xaml.resources.dll,publish/win-x64/es/System.Xaml.resources.dll,{app}/es/System.Xaml.resources.dll,SIM,DEPENDÊNCIA,NÃO (Substituído),NÃO (Removido),Assembly gerenciado ou biblioteca nativa de runtime (.NET 10 / SQLite)
es\UIAutomationClient.resources.dll,publish/win-x64/es/UIAutomationClient.resources.dll,{app}/es/UIAutomationClient.resources.dll,SIM,DEPENDÊNCIA,NÃO (Substituído),NÃO (Removido),Assembly gerenciado ou biblioteca nativa de runtime (.NET 10 / SQLite)
es\UIAutomationClientSideProviders.resources.dll,publish/win-x64/es/UIAutomationClientSideProviders.resources.dll,{app}/es/UIAutomationClientSideProviders.resources.dll,SIM,DEPENDÊNCIA,NÃO (Substituído),NÃO (Removido),Assembly gerenciado ou biblioteca nativa de runtime (.NET 10 / SQLite)
es\UIAutomationProvider.resources.dll,publish/win-x64/es/UIAutomationProvider.resources.dll,{app}/es/UIAutomationProvider.resources.dll,SIM,DEPENDÊNCIA,NÃO (Substituído),NÃO (Removido),Assembly gerenciado ou biblioteca nativa de runtime (.NET 10 / SQLite)
es\UIAutomationTypes.resources.dll,publish/win-x64/es/UIAutomationTypes.resources.dll,{app}/es/UIAutomationTypes.resources.dll,SIM,DEPENDÊNCIA,NÃO (Substituído),NÃO (Removido),Assembly gerenciado ou biblioteca nativa de runtime (.NET 10 / SQLite)
es\WindowsBase.resources.dll,publish/win-x64/es/WindowsBase.resources.dll,{app}/es/WindowsBase.resources.dll,SIM,DEPENDÊNCIA,NÃO (Substituído),NÃO (Removido),Assembly gerenciado ou biblioteca nativa de runtime (.NET 10 / SQLite)
fr\Microsoft.Data.SqlClient.resources.dll,publish/win-x64/fr/Microsoft.Data.SqlClient.resources.dll,{app}/fr/Microsoft.Data.SqlClient.resources.dll,SIM,DEPENDÊNCIA,NÃO (Substituído),NÃO (Removido),Assembly gerenciado ou biblioteca nativa de runtime (.NET 10 / SQLite)
fr\PresentationCore.resources.dll,publish/win-x64/fr/PresentationCore.resources.dll,{app}/fr/PresentationCore.resources.dll,SIM,DEPENDÊNCIA,NÃO (Substituído),NÃO (Removido),Assembly gerenciado ou biblioteca nativa de runtime (.NET 10 / SQLite)
fr\PresentationFramework.resources.dll,publish/win-x64/fr/PresentationFramework.resources.dll,{app}/fr/PresentationFramework.resources.dll,SIM,DEPENDÊNCIA,NÃO (Substituído),NÃO (Removido),Assembly gerenciado ou biblioteca nativa de runtime (.NET 10 / SQLite)
fr\PresentationUI.resources.dll,publish/win-x64/fr/PresentationUI.resources.dll,{app}/fr/PresentationUI.resources.dll,SIM,DEPENDÊNCIA,NÃO (Substituído),NÃO (Removido),Assembly gerenciado ou biblioteca nativa de runtime (.NET 10 / SQLite)
fr\ReachFramework.resources.dll,publish/win-x64/fr/ReachFramework.resources.dll,{app}/fr/ReachFramework.resources.dll,SIM,DEPENDÊNCIA,NÃO (Substituído),NÃO (Removido),Assembly gerenciado ou biblioteca nativa de runtime (.NET 10 / SQLite)
fr\System.Windows.Controls.Ribbon.resources.dll,publish/win-x64/fr/System.Windows.Controls.Ribbon.resources.dll,{app}/fr/System.Windows.Controls.Ribbon.resources.dll,SIM,DEPENDÊNCIA,NÃO (Substituído),NÃO (Removido),Assembly gerenciado ou biblioteca nativa de runtime (.NET 10 / SQLite)
fr\System.Windows.Input.Manipulations.resources.dll,publish/win-x64/fr/System.Windows.Input.Manipulations.resources.dll,{app}/fr/System.Windows.Input.Manipulations.resources.dll,SIM,DEPENDÊNCIA,NÃO (Substituído),NÃO (Removido),Assembly gerenciado ou biblioteca nativa de runtime (.NET 10 / SQLite)
fr\System.Xaml.resources.dll,publish/win-x64/fr/System.Xaml.resources.dll,{app}/fr/System.Xaml.resources.dll,SIM,DEPENDÊNCIA,NÃO (Substituído),NÃO (Removido),Assembly gerenciado ou biblioteca nativa de runtime (.NET 10 / SQLite)
fr\UIAutomationClient.resources.dll,publish/win-x64/fr/UIAutomationClient.resources.dll,{app}/fr/UIAutomationClient.resources.dll,SIM,DEPENDÊNCIA,NÃO (Substituído),NÃO (Removido),Assembly gerenciado ou biblioteca nativa de runtime (.NET 10 / SQLite)
fr\UIAutomationClientSideProviders.resources.dll,publish/win-x64/fr/UIAutomationClientSideProviders.resources.dll,{app}/fr/UIAutomationClientSideProviders.resources.dll,SIM,DEPENDÊNCIA,NÃO (Substituído),NÃO (Removido),Assembly gerenciado ou biblioteca nativa de runtime (.NET 10 / SQLite)
fr\UIAutomationProvider.resources.dll,publish/win-x64/fr/UIAutomationProvider.resources.dll,{app}/fr/UIAutomationProvider.resources.dll,SIM,DEPENDÊNCIA,NÃO (Substituído),NÃO (Removido),Assembly gerenciado ou biblioteca nativa de runtime (.NET 10 / SQLite)
fr\UIAutomationTypes.resources.dll,publish/win-x64/fr/UIAutomationTypes.resources.dll,{app}/fr/UIAutomationTypes.resources.dll,SIM,DEPENDÊNCIA,NÃO (Substituído),NÃO (Removido),Assembly gerenciado ou biblioteca nativa de runtime (.NET 10 / SQLite)
fr\WindowsBase.resources.dll,publish/win-x64/fr/WindowsBase.resources.dll,{app}/fr/WindowsBase.resources.dll,SIM,DEPENDÊNCIA,NÃO (Substituído),NÃO (Removido),Assembly gerenciado ou biblioteca nativa de runtime (.NET 10 / SQLite)
it\Microsoft.Data.SqlClient.resources.dll,publish/win-x64/it/Microsoft.Data.SqlClient.resources.dll,{app}/it/Microsoft.Data.SqlClient.resources.dll,SIM,DEPENDÊNCIA,NÃO (Substituído),NÃO (Removido),Assembly gerenciado ou biblioteca nativa de runtime (.NET 10 / SQLite)
it\PresentationCore.resources.dll,publish/win-x64/it/PresentationCore.resources.dll,{app}/it/PresentationCore.resources.dll,SIM,DEPENDÊNCIA,NÃO (Substituído),NÃO (Removido),Assembly gerenciado ou biblioteca nativa de runtime (.NET 10 / SQLite)
it\PresentationFramework.resources.dll,publish/win-x64/it/PresentationFramework.resources.dll,{app}/it/PresentationFramework.resources.dll,SIM,DEPENDÊNCIA,NÃO (Substituído),NÃO (Removido),Assembly gerenciado ou biblioteca nativa de runtime (.NET 10 / SQLite)
it\PresentationUI.resources.dll,publish/win-x64/it/PresentationUI.resources.dll,{app}/it/PresentationUI.resources.dll,SIM,DEPENDÊNCIA,NÃO (Substituído),NÃO (Removido),Assembly gerenciado ou biblioteca nativa de runtime (.NET 10 / SQLite)
it\ReachFramework.resources.dll,publish/win-x64/it/ReachFramework.resources.dll,{app}/it/ReachFramework.resources.dll,SIM,DEPENDÊNCIA,NÃO (Substituído),NÃO (Removido),Assembly gerenciado ou biblioteca nativa de runtime (.NET 10 / SQLite)
it\System.Windows.Controls.Ribbon.resources.dll,publish/win-x64/it/System.Windows.Controls.Ribbon.resources.dll,{app}/it/System.Windows.Controls.Ribbon.resources.dll,SIM,DEPENDÊNCIA,NÃO (Substituído),NÃO (Removido),Assembly gerenciado ou biblioteca nativa de runtime (.NET 10 / SQLite)
it\System.Windows.Input.Manipulations.resources.dll,publish/win-x64/it/System.Windows.Input.Manipulations.resources.dll,{app}/it/System.Windows.Input.Manipulations.resources.dll,SIM,DEPENDÊNCIA,NÃO (Substituído),NÃO (Removido),Assembly gerenciado ou biblioteca nativa de runtime (.NET 10 / SQLite)
it\System.Xaml.resources.dll,publish/win-x64/it/System.Xaml.resources.dll,{app}/it/System.Xaml.resources.dll,SIM,DEPENDÊNCIA,NÃO (Substituído),NÃO (Removido),Assembly gerenciado ou biblioteca nativa de runtime (.NET 10 / SQLite)
it\UIAutomationClient.resources.dll,publish/win-x64/it/UIAutomationClient.resources.dll,{app}/it/UIAutomationClient.resources.dll,SIM,DEPENDÊNCIA,NÃO (Substituído),NÃO (Removido),Assembly gerenciado ou biblioteca nativa de runtime (.NET 10 / SQLite)
it\UIAutomationClientSideProviders.resources.dll,publish/win-x64/it/UIAutomationClientSideProviders.resources.dll,{app}/it/UIAutomationClientSideProviders.resources.dll,SIM,DEPENDÊNCIA,NÃO (Substituído),NÃO (Removido),Assembly gerenciado ou biblioteca nativa de runtime (.NET 10 / SQLite)
it\UIAutomationProvider.resources.dll,publish/win-x64/it/UIAutomationProvider.resources.dll,{app}/it/UIAutomationProvider.resources.dll,SIM,DEPENDÊNCIA,NÃO (Substituído),NÃO (Removido),Assembly gerenciado ou biblioteca nativa de runtime (.NET 10 / SQLite)
it\UIAutomationTypes.resources.dll,publish/win-x64/it/UIAutomationTypes.resources.dll,{app}/it/UIAutomationTypes.resources.dll,SIM,DEPENDÊNCIA,NÃO (Substituído),NÃO (Removido),Assembly gerenciado ou biblioteca nativa de runtime (.NET 10 / SQLite)
it\WindowsBase.resources.dll,publish/win-x64/it/WindowsBase.resources.dll,{app}/it/WindowsBase.resources.dll,SIM,DEPENDÊNCIA,NÃO (Substituído),NÃO (Removido),Assembly gerenciado ou biblioteca nativa de runtime (.NET 10 / SQLite)
ja\Microsoft.Data.SqlClient.resources.dll,publish/win-x64/ja/Microsoft.Data.SqlClient.resources.dll,{app}/ja/Microsoft.Data.SqlClient.resources.dll,SIM,DEPENDÊNCIA,NÃO (Substituído),NÃO (Removido),Assembly gerenciado ou biblioteca nativa de runtime (.NET 10 / SQLite)
ja\PresentationCore.resources.dll,publish/win-x64/ja/PresentationCore.resources.dll,{app}/ja/PresentationCore.resources.dll,SIM,DEPENDÊNCIA,NÃO (Substituído),NÃO (Removido),Assembly gerenciado ou biblioteca nativa de runtime (.NET 10 / SQLite)
ja\PresentationFramework.resources.dll,publish/win-x64/ja/PresentationFramework.resources.dll,{app}/ja/PresentationFramework.resources.dll,SIM,DEPENDÊNCIA,NÃO (Substituído),NÃO (Removido),Assembly gerenciado ou biblioteca nativa de runtime (.NET 10 / SQLite)
ja\PresentationUI.resources.dll,publish/win-x64/ja/PresentationUI.resources.dll,{app}/ja/PresentationUI.resources.dll,SIM,DEPENDÊNCIA,NÃO (Substituído),NÃO (Removido),Assembly gerenciado ou biblioteca nativa de runtime (.NET 10 / SQLite)
ja\ReachFramework.resources.dll,publish/win-x64/ja/ReachFramework.resources.dll,{app}/ja/ReachFramework.resources.dll,SIM,DEPENDÊNCIA,NÃO (Substituído),NÃO (Removido),Assembly gerenciado ou biblioteca nativa de runtime (.NET 10 / SQLite)
ja\System.Windows.Controls.Ribbon.resources.dll,publish/win-x64/ja/System.Windows.Controls.Ribbon.resources.dll,{app}/ja/System.Windows.Controls.Ribbon.resources.dll,SIM,DEPENDÊNCIA,NÃO (Substituído),NÃO (Removido),Assembly gerenciado ou biblioteca nativa de runtime (.NET 10 / SQLite)
ja\System.Windows.Input.Manipulations.resources.dll,publish/win-x64/ja/System.Windows.Input.Manipulations.resources.dll,{app}/ja/System.Windows.Input.Manipulations.resources.dll,SIM,DEPENDÊNCIA,NÃO (Substituído),NÃO (Removido),Assembly gerenciado ou biblioteca nativa de runtime (.NET 10 / SQLite)
ja\System.Xaml.resources.dll,publish/win-x64/ja/System.Xaml.resources.dll,{app}/ja/System.Xaml.resources.dll,SIM,DEPENDÊNCIA,NÃO (Substituído),NÃO (Removido),Assembly gerenciado ou biblioteca nativa de runtime (.NET 10 / SQLite)
ja\UIAutomationClient.resources.dll,publish/win-x64/ja/UIAutomationClient.resources.dll,{app}/ja/UIAutomationClient.resources.dll,SIM,DEPENDÊNCIA,NÃO (Substituído),NÃO (Removido),Assembly gerenciado ou biblioteca nativa de runtime (.NET 10 / SQLite)
ja\UIAutomationClientSideProviders.resources.dll,publish/win-x64/ja/UIAutomationClientSideProviders.resources.dll,{app}/ja/UIAutomationClientSideProviders.resources.dll,SIM,DEPENDÊNCIA,NÃO (Substituído),NÃO (Removido),Assembly gerenciado ou biblioteca nativa de runtime (.NET 10 / SQLite)
ja\UIAutomationProvider.resources.dll,publish/win-x64/ja/UIAutomationProvider.resources.dll,{app}/ja/UIAutomationProvider.resources.dll,SIM,DEPENDÊNCIA,NÃO (Substituído),NÃO (Removido),Assembly gerenciado ou biblioteca nativa de runtime (.NET 10 / SQLite)
ja\UIAutomationTypes.resources.dll,publish/win-x64/ja/UIAutomationTypes.resources.dll,{app}/ja/UIAutomationTypes.resources.dll,SIM,DEPENDÊNCIA,NÃO (Substituído),NÃO (Removido),Assembly gerenciado ou biblioteca nativa de runtime (.NET 10 / SQLite)
ja\WindowsBase.resources.dll,publish/win-x64/ja/WindowsBase.resources.dll,{app}/ja/WindowsBase.resources.dll,SIM,DEPENDÊNCIA,NÃO (Substituído),NÃO (Removido),Assembly gerenciado ou biblioteca nativa de runtime (.NET 10 / SQLite)
ko\Microsoft.Data.SqlClient.resources.dll,publish/win-x64/ko/Microsoft.Data.SqlClient.resources.dll,{app}/ko/Microsoft.Data.SqlClient.resources.dll,SIM,DEPENDÊNCIA,NÃO (Substituído),NÃO (Removido),Assembly gerenciado ou biblioteca nativa de runtime (.NET 10 / SQLite)
ko\PresentationCore.resources.dll,publish/win-x64/ko/PresentationCore.resources.dll,{app}/ko/PresentationCore.resources.dll,SIM,DEPENDÊNCIA,NÃO (Substituído),NÃO (Removido),Assembly gerenciado ou biblioteca nativa de runtime (.NET 10 / SQLite)
ko\PresentationFramework.resources.dll,publish/win-x64/ko/PresentationFramework.resources.dll,{app}/ko/PresentationFramework.resources.dll,SIM,DEPENDÊNCIA,NÃO (Substituído),NÃO (Removido),Assembly gerenciado ou biblioteca nativa de runtime (.NET 10 / SQLite)
ko\PresentationUI.resources.dll,publish/win-x64/ko/PresentationUI.resources.dll,{app}/ko/PresentationUI.resources.dll,SIM,DEPENDÊNCIA,NÃO (Substituído),NÃO (Removido),Assembly gerenciado ou biblioteca nativa de runtime (.NET 10 / SQLite)
ko\ReachFramework.resources.dll,publish/win-x64/ko/ReachFramework.resources.dll,{app}/ko/ReachFramework.resources.dll,SIM,DEPENDÊNCIA,NÃO (Substituído),NÃO (Removido),Assembly gerenciado ou biblioteca nativa de runtime (.NET 10 / SQLite)
ko\System.Windows.Controls.Ribbon.resources.dll,publish/win-x64/ko/System.Windows.Controls.Ribbon.resources.dll,{app}/ko/System.Windows.Controls.Ribbon.resources.dll,SIM,DEPENDÊNCIA,NÃO (Substituído),NÃO (Removido),Assembly gerenciado ou biblioteca nativa de runtime (.NET 10 / SQLite)
ko\System.Windows.Input.Manipulations.resources.dll,publish/win-x64/ko/System.Windows.Input.Manipulations.resources.dll,{app}/ko/System.Windows.Input.Manipulations.resources.dll,SIM,DEPENDÊNCIA,NÃO (Substituído),NÃO (Removido),Assembly gerenciado ou biblioteca nativa de runtime (.NET 10 / SQLite)
ko\System.Xaml.resources.dll,publish/win-x64/ko/System.Xaml.resources.dll,{app}/ko/System.Xaml.resources.dll,SIM,DEPENDÊNCIA,NÃO (Substituído),NÃO (Removido),Assembly gerenciado ou biblioteca nativa de runtime (.NET 10 / SQLite)
ko\UIAutomationClient.resources.dll,publish/win-x64/ko/UIAutomationClient.resources.dll,{app}/ko/UIAutomationClient.resources.dll,SIM,DEPENDÊNCIA,NÃO (Substituído),NÃO (Removido),Assembly gerenciado ou biblioteca nativa de runtime (.NET 10 / SQLite)
ko\UIAutomationClientSideProviders.resources.dll,publish/win-x64/ko/UIAutomationClientSideProviders.resources.dll,{app}/ko/UIAutomationClientSideProviders.resources.dll,SIM,DEPENDÊNCIA,NÃO (Substituído),NÃO (Removido),Assembly gerenciado ou biblioteca nativa de runtime (.NET 10 / SQLite)
ko\UIAutomationProvider.resources.dll,publish/win-x64/ko/UIAutomationProvider.resources.dll,{app}/ko/UIAutomationProvider.resources.dll,SIM,DEPENDÊNCIA,NÃO (Substituído),NÃO (Removido),Assembly gerenciado ou biblioteca nativa de runtime (.NET 10 / SQLite)
ko\UIAutomationTypes.resources.dll,publish/win-x64/ko/UIAutomationTypes.resources.dll,{app}/ko/UIAutomationTypes.resources.dll,SIM,DEPENDÊNCIA,NÃO (Substituído),NÃO (Removido),Assembly gerenciado ou biblioteca nativa de runtime (.NET 10 / SQLite)
ko\WindowsBase.resources.dll,publish/win-x64/ko/WindowsBase.resources.dll,{app}/ko/WindowsBase.resources.dll,SIM,DEPENDÊNCIA,NÃO (Substituído),NÃO (Removido),Assembly gerenciado ou biblioteca nativa de runtime (.NET 10 / SQLite)
pl\PresentationCore.resources.dll,publish/win-x64/pl/PresentationCore.resources.dll,{app}/pl/PresentationCore.resources.dll,SIM,DEPENDÊNCIA,NÃO (Substituído),NÃO (Removido),Assembly gerenciado ou biblioteca nativa de runtime (.NET 10 / SQLite)
pl\PresentationFramework.resources.dll,publish/win-x64/pl/PresentationFramework.resources.dll,{app}/pl/PresentationFramework.resources.dll,SIM,DEPENDÊNCIA,NÃO (Substituído),NÃO (Removido),Assembly gerenciado ou biblioteca nativa de runtime (.NET 10 / SQLite)
pl\PresentationUI.resources.dll,publish/win-x64/pl/PresentationUI.resources.dll,{app}/pl/PresentationUI.resources.dll,SIM,DEPENDÊNCIA,NÃO (Substituído),NÃO (Removido),Assembly gerenciado ou biblioteca nativa de runtime (.NET 10 / SQLite)
pl\ReachFramework.resources.dll,publish/win-x64/pl/ReachFramework.resources.dll,{app}/pl/ReachFramework.resources.dll,SIM,DEPENDÊNCIA,NÃO (Substituído),NÃO (Removido),Assembly gerenciado ou biblioteca nativa de runtime (.NET 10 / SQLite)
pl\System.Windows.Controls.Ribbon.resources.dll,publish/win-x64/pl/System.Windows.Controls.Ribbon.resources.dll,{app}/pl/System.Windows.Controls.Ribbon.resources.dll,SIM,DEPENDÊNCIA,NÃO (Substituído),NÃO (Removido),Assembly gerenciado ou biblioteca nativa de runtime (.NET 10 / SQLite)
pl\System.Windows.Input.Manipulations.resources.dll,publish/win-x64/pl/System.Windows.Input.Manipulations.resources.dll,{app}/pl/System.Windows.Input.Manipulations.resources.dll,SIM,DEPENDÊNCIA,NÃO (Substituído),NÃO (Removido),Assembly gerenciado ou biblioteca nativa de runtime (.NET 10 / SQLite)
pl\System.Xaml.resources.dll,publish/win-x64/pl/System.Xaml.resources.dll,{app}/pl/System.Xaml.resources.dll,SIM,DEPENDÊNCIA,NÃO (Substituído),NÃO (Removido),Assembly gerenciado ou biblioteca nativa de runtime (.NET 10 / SQLite)
pl\UIAutomationClient.resources.dll,publish/win-x64/pl/UIAutomationClient.resources.dll,{app}/pl/UIAutomationClient.resources.dll,SIM,DEPENDÊNCIA,NÃO (Substituído),NÃO (Removido),Assembly gerenciado ou biblioteca nativa de runtime (.NET 10 / SQLite)
pl\UIAutomationClientSideProviders.resources.dll,publish/win-x64/pl/UIAutomationClientSideProviders.resources.dll,{app}/pl/UIAutomationClientSideProviders.resources.dll,SIM,DEPENDÊNCIA,NÃO (Substituído),NÃO (Removido),Assembly gerenciado ou biblioteca nativa de runtime (.NET 10 / SQLite)
pl\UIAutomationProvider.resources.dll,publish/win-x64/pl/UIAutomationProvider.resources.dll,{app}/pl/UIAutomationProvider.resources.dll,SIM,DEPENDÊNCIA,NÃO (Substituído),NÃO (Removido),Assembly gerenciado ou biblioteca nativa de runtime (.NET 10 / SQLite)
pl\UIAutomationTypes.resources.dll,publish/win-x64/pl/UIAutomationTypes.resources.dll,{app}/pl/UIAutomationTypes.resources.dll,SIM,DEPENDÊNCIA,NÃO (Substituído),NÃO (Removido),Assembly gerenciado ou biblioteca nativa de runtime (.NET 10 / SQLite)
pl\WindowsBase.resources.dll,publish/win-x64/pl/WindowsBase.resources.dll,{app}/pl/WindowsBase.resources.dll,SIM,DEPENDÊNCIA,NÃO (Substituído),NÃO (Removido),Assembly gerenciado ou biblioteca nativa de runtime (.NET 10 / SQLite)
pt-BR\Microsoft.Data.SqlClient.resources.dll,publish/win-x64/pt-BR/Microsoft.Data.SqlClient.resources.dll,{app}/pt-BR/Microsoft.Data.SqlClient.resources.dll,SIM,DEPENDÊNCIA,NÃO (Substituído),NÃO (Removido),Assembly gerenciado ou biblioteca nativa de runtime (.NET 10 / SQLite)
pt-BR\PresentationCore.resources.dll,publish/win-x64/pt-BR/PresentationCore.resources.dll,{app}/pt-BR/PresentationCore.resources.dll,SIM,DEPENDÊNCIA,NÃO (Substituído),NÃO (Removido),Assembly gerenciado ou biblioteca nativa de runtime (.NET 10 / SQLite)
pt-BR\PresentationFramework.resources.dll,publish/win-x64/pt-BR/PresentationFramework.resources.dll,{app}/pt-BR/PresentationFramework.resources.dll,SIM,DEPENDÊNCIA,NÃO (Substituído),NÃO (Removido),Assembly gerenciado ou biblioteca nativa de runtime (.NET 10 / SQLite)
pt-BR\PresentationUI.resources.dll,publish/win-x64/pt-BR/PresentationUI.resources.dll,{app}/pt-BR/PresentationUI.resources.dll,SIM,DEPENDÊNCIA,NÃO (Substituído),NÃO (Removido),Assembly gerenciado ou biblioteca nativa de runtime (.NET 10 / SQLite)
pt-BR\ReachFramework.resources.dll,publish/win-x64/pt-BR/ReachFramework.resources.dll,{app}/pt-BR/ReachFramework.resources.dll,SIM,DEPENDÊNCIA,NÃO (Substituído),NÃO (Removido),Assembly gerenciado ou biblioteca nativa de runtime (.NET 10 / SQLite)
pt-BR\System.Windows.Controls.Ribbon.resources.dll,publish/win-x64/pt-BR/System.Windows.Controls.Ribbon.resources.dll,{app}/pt-BR/System.Windows.Controls.Ribbon.resources.dll,SIM,DEPENDÊNCIA,NÃO (Substituído),NÃO (Removido),Assembly gerenciado ou biblioteca nativa de runtime (.NET 10 / SQLite)
pt-BR\System.Windows.Input.Manipulations.resources.dll,publish/win-x64/pt-BR/System.Windows.Input.Manipulations.resources.dll,{app}/pt-BR/System.Windows.Input.Manipulations.resources.dll,SIM,DEPENDÊNCIA,NÃO (Substituído),NÃO (Removido),Assembly gerenciado ou biblioteca nativa de runtime (.NET 10 / SQLite)
pt-BR\System.Xaml.resources.dll,publish/win-x64/pt-BR/System.Xaml.resources.dll,{app}/pt-BR/System.Xaml.resources.dll,SIM,DEPENDÊNCIA,NÃO (Substituído),NÃO (Removido),Assembly gerenciado ou biblioteca nativa de runtime (.NET 10 / SQLite)
pt-BR\UIAutomationClient.resources.dll,publish/win-x64/pt-BR/UIAutomationClient.resources.dll,{app}/pt-BR/UIAutomationClient.resources.dll,SIM,DEPENDÊNCIA,NÃO (Substituído),NÃO (Removido),Assembly gerenciado ou biblioteca nativa de runtime (.NET 10 / SQLite)
pt-BR\UIAutomationClientSideProviders.resources.dll,publish/win-x64/pt-BR/UIAutomationClientSideProviders.resources.dll,{app}/pt-BR/UIAutomationClientSideProviders.resources.dll,SIM,DEPENDÊNCIA,NÃO (Substituído),NÃO (Removido),Assembly gerenciado ou biblioteca nativa de runtime (.NET 10 / SQLite)
pt-BR\UIAutomationProvider.resources.dll,publish/win-x64/pt-BR/UIAutomationProvider.resources.dll,{app}/pt-BR/UIAutomationProvider.resources.dll,SIM,DEPENDÊNCIA,NÃO (Substituído),NÃO (Removido),Assembly gerenciado ou biblioteca nativa de runtime (.NET 10 / SQLite)
pt-BR\UIAutomationTypes.resources.dll,publish/win-x64/pt-BR/UIAutomationTypes.resources.dll,{app}/pt-BR/UIAutomationTypes.resources.dll,SIM,DEPENDÊNCIA,NÃO (Substituído),NÃO (Removido),Assembly gerenciado ou biblioteca nativa de runtime (.NET 10 / SQLite)
pt-BR\WindowsBase.resources.dll,publish/win-x64/pt-BR/WindowsBase.resources.dll,{app}/pt-BR/WindowsBase.resources.dll,SIM,DEPENDÊNCIA,NÃO (Substituído),NÃO (Removido),Assembly gerenciado ou biblioteca nativa de runtime (.NET 10 / SQLite)
ru\Microsoft.Data.SqlClient.resources.dll,publish/win-x64/ru/Microsoft.Data.SqlClient.resources.dll,{app}/ru/Microsoft.Data.SqlClient.resources.dll,SIM,DEPENDÊNCIA,NÃO (Substituído),NÃO (Removido),Assembly gerenciado ou biblioteca nativa de runtime (.NET 10 / SQLite)
ru\PresentationCore.resources.dll,publish/win-x64/ru/PresentationCore.resources.dll,{app}/ru/PresentationCore.resources.dll,SIM,DEPENDÊNCIA,NÃO (Substituído),NÃO (Removido),Assembly gerenciado ou biblioteca nativa de runtime (.NET 10 / SQLite)
ru\PresentationFramework.resources.dll,publish/win-x64/ru/PresentationFramework.resources.dll,{app}/ru/PresentationFramework.resources.dll,SIM,DEPENDÊNCIA,NÃO (Substituído),NÃO (Removido),Assembly gerenciado ou biblioteca nativa de runtime (.NET 10 / SQLite)
ru\PresentationUI.resources.dll,publish/win-x64/ru/PresentationUI.resources.dll,{app}/ru/PresentationUI.resources.dll,SIM,DEPENDÊNCIA,NÃO (Substituído),NÃO (Removido),Assembly gerenciado ou biblioteca nativa de runtime (.NET 10 / SQLite)
ru\ReachFramework.resources.dll,publish/win-x64/ru/ReachFramework.resources.dll,{app}/ru/ReachFramework.resources.dll,SIM,DEPENDÊNCIA,NÃO (Substituído),NÃO (Removido),Assembly gerenciado ou biblioteca nativa de runtime (.NET 10 / SQLite)
ru\System.Windows.Controls.Ribbon.resources.dll,publish/win-x64/ru/System.Windows.Controls.Ribbon.resources.dll,{app}/ru/System.Windows.Controls.Ribbon.resources.dll,SIM,DEPENDÊNCIA,NÃO (Substituído),NÃO (Removido),Assembly gerenciado ou biblioteca nativa de runtime (.NET 10 / SQLite)
ru\System.Windows.Input.Manipulations.resources.dll,publish/win-x64/ru/System.Windows.Input.Manipulations.resources.dll,{app}/ru/System.Windows.Input.Manipulations.resources.dll,SIM,DEPENDÊNCIA,NÃO (Substituído),NÃO (Removido),Assembly gerenciado ou biblioteca nativa de runtime (.NET 10 / SQLite)
ru\System.Xaml.resources.dll,publish/win-x64/ru/System.Xaml.resources.dll,{app}/ru/System.Xaml.resources.dll,SIM,DEPENDÊNCIA,NÃO (Substituído),NÃO (Removido),Assembly gerenciado ou biblioteca nativa de runtime (.NET 10 / SQLite)
ru\UIAutomationClient.resources.dll,publish/win-x64/ru/UIAutomationClient.resources.dll,{app}/ru/UIAutomationClient.resources.dll,SIM,DEPENDÊNCIA,NÃO (Substituído),NÃO (Removido),Assembly gerenciado ou biblioteca nativa de runtime (.NET 10 / SQLite)
ru\UIAutomationClientSideProviders.resources.dll,publish/win-x64/ru/UIAutomationClientSideProviders.resources.dll,{app}/ru/UIAutomationClientSideProviders.resources.dll,SIM,DEPENDÊNCIA,NÃO (Substituído),NÃO (Removido),Assembly gerenciado ou biblioteca nativa de runtime (.NET 10 / SQLite)
ru\UIAutomationProvider.resources.dll,publish/win-x64/ru/UIAutomationProvider.resources.dll,{app}/ru/UIAutomationProvider.resources.dll,SIM,DEPENDÊNCIA,NÃO (Substituído),NÃO (Removido),Assembly gerenciado ou biblioteca nativa de runtime (.NET 10 / SQLite)
ru\UIAutomationTypes.resources.dll,publish/win-x64/ru/UIAutomationTypes.resources.dll,{app}/ru/UIAutomationTypes.resources.dll,SIM,DEPENDÊNCIA,NÃO (Substituído),NÃO (Removido),Assembly gerenciado ou biblioteca nativa de runtime (.NET 10 / SQLite)
ru\WindowsBase.resources.dll,publish/win-x64/ru/WindowsBase.resources.dll,{app}/ru/WindowsBase.resources.dll,SIM,DEPENDÊNCIA,NÃO (Substituído),NÃO (Removido),Assembly gerenciado ou biblioteca nativa de runtime (.NET 10 / SQLite)
Services\DatabaseProviders\SqlServerSchema.sql,publish/win-x64/Services/DatabaseProviders/SqlServerSchema.sql,{app}/Services/DatabaseProviders/SqlServerSchema.sql,NÃO,DOCUMENTAÇÃO,NÃO (Substituído),NÃO (Removido),"Documento, termos ou script de suporte"
tr\PresentationCore.resources.dll,publish/win-x64/tr/PresentationCore.resources.dll,{app}/tr/PresentationCore.resources.dll,SIM,DEPENDÊNCIA,NÃO (Substituído),NÃO (Removido),Assembly gerenciado ou biblioteca nativa de runtime (.NET 10 / SQLite)
tr\PresentationFramework.resources.dll,publish/win-x64/tr/PresentationFramework.resources.dll,{app}/tr/PresentationFramework.resources.dll,SIM,DEPENDÊNCIA,NÃO (Substituído),NÃO (Removido),Assembly gerenciado ou biblioteca nativa de runtime (.NET 10 / SQLite)
tr\PresentationUI.resources.dll,publish/win-x64/tr/PresentationUI.resources.dll,{app}/tr/PresentationUI.resources.dll,SIM,DEPENDÊNCIA,NÃO (Substituído),NÃO (Removido),Assembly gerenciado ou biblioteca nativa de runtime (.NET 10 / SQLite)
tr\ReachFramework.resources.dll,publish/win-x64/tr/ReachFramework.resources.dll,{app}/tr/ReachFramework.resources.dll,SIM,DEPENDÊNCIA,NÃO (Substituído),NÃO (Removido),Assembly gerenciado ou biblioteca nativa de runtime (.NET 10 / SQLite)
tr\System.Windows.Controls.Ribbon.resources.dll,publish/win-x64/tr/System.Windows.Controls.Ribbon.resources.dll,{app}/tr/System.Windows.Controls.Ribbon.resources.dll,SIM,DEPENDÊNCIA,NÃO (Substituído),NÃO (Removido),Assembly gerenciado ou biblioteca nativa de runtime (.NET 10 / SQLite)
tr\System.Windows.Input.Manipulations.resources.dll,publish/win-x64/tr/System.Windows.Input.Manipulations.resources.dll,{app}/tr/System.Windows.Input.Manipulations.resources.dll,SIM,DEPENDÊNCIA,NÃO (Substituído),NÃO (Removido),Assembly gerenciado ou biblioteca nativa de runtime (.NET 10 / SQLite)
tr\System.Xaml.resources.dll,publish/win-x64/tr/System.Xaml.resources.dll,{app}/tr/System.Xaml.resources.dll,SIM,DEPENDÊNCIA,NÃO (Substituído),NÃO (Removido),Assembly gerenciado ou biblioteca nativa de runtime (.NET 10 / SQLite)
tr\UIAutomationClient.resources.dll,publish/win-x64/tr/UIAutomationClient.resources.dll,{app}/tr/UIAutomationClient.resources.dll,SIM,DEPENDÊNCIA,NÃO (Substituído),NÃO (Removido),Assembly gerenciado ou biblioteca nativa de runtime (.NET 10 / SQLite)
tr\UIAutomationClientSideProviders.resources.dll,publish/win-x64/tr/UIAutomationClientSideProviders.resources.dll,{app}/tr/UIAutomationClientSideProviders.resources.dll,SIM,DEPENDÊNCIA,NÃO (Substituído),NÃO (Removido),Assembly gerenciado ou biblioteca nativa de runtime (.NET 10 / SQLite)
tr\UIAutomationProvider.resources.dll,publish/win-x64/tr/UIAutomationProvider.resources.dll,{app}/tr/UIAutomationProvider.resources.dll,SIM,DEPENDÊNCIA,NÃO (Substituído),NÃO (Removido),Assembly gerenciado ou biblioteca nativa de runtime (.NET 10 / SQLite)
tr\UIAutomationTypes.resources.dll,publish/win-x64/tr/UIAutomationTypes.resources.dll,{app}/tr/UIAutomationTypes.resources.dll,SIM,DEPENDÊNCIA,NÃO (Substituído),NÃO (Removido),Assembly gerenciado ou biblioteca nativa de runtime (.NET 10 / SQLite)
tr\WindowsBase.resources.dll,publish/win-x64/tr/WindowsBase.resources.dll,{app}/tr/WindowsBase.resources.dll,SIM,DEPENDÊNCIA,NÃO (Substituído),NÃO (Removido),Assembly gerenciado ou biblioteca nativa de runtime (.NET 10 / SQLite)
zh-Hans\Microsoft.Data.SqlClient.resources.dll,publish/win-x64/zh-Hans/Microsoft.Data.SqlClient.resources.dll,{app}/zh-Hans/Microsoft.Data.SqlClient.resources.dll,SIM,DEPENDÊNCIA,NÃO (Substituído),NÃO (Removido),Assembly gerenciado ou biblioteca nativa de runtime (.NET 10 / SQLite)
zh-Hans\PresentationCore.resources.dll,publish/win-x64/zh-Hans/PresentationCore.resources.dll,{app}/zh-Hans/PresentationCore.resources.dll,SIM,DEPENDÊNCIA,NÃO (Substituído),NÃO (Removido),Assembly gerenciado ou biblioteca nativa de runtime (.NET 10 / SQLite)
zh-Hans\PresentationFramework.resources.dll,publish/win-x64/zh-Hans/PresentationFramework.resources.dll,{app}/zh-Hans/PresentationFramework.resources.dll,SIM,DEPENDÊNCIA,NÃO (Substituído),NÃO (Removido),Assembly gerenciado ou biblioteca nativa de runtime (.NET 10 / SQLite)
zh-Hans\PresentationUI.resources.dll,publish/win-x64/zh-Hans/PresentationUI.resources.dll,{app}/zh-Hans/PresentationUI.resources.dll,SIM,DEPENDÊNCIA,NÃO (Substituído),NÃO (Removido),Assembly gerenciado ou biblioteca nativa de runtime (.NET 10 / SQLite)
zh-Hans\ReachFramework.resources.dll,publish/win-x64/zh-Hans/ReachFramework.resources.dll,{app}/zh-Hans/ReachFramework.resources.dll,SIM,DEPENDÊNCIA,NÃO (Substituído),NÃO (Removido),Assembly gerenciado ou biblioteca nativa de runtime (.NET 10 / SQLite)
zh-Hans\System.Windows.Controls.Ribbon.resources.dll,publish/win-x64/zh-Hans/System.Windows.Controls.Ribbon.resources.dll,{app}/zh-Hans/System.Windows.Controls.Ribbon.resources.dll,SIM,DEPENDÊNCIA,NÃO (Substituído),NÃO (Removido),Assembly gerenciado ou biblioteca nativa de runtime (.NET 10 / SQLite)
zh-Hans\System.Windows.Input.Manipulations.resources.dll,publish/win-x64/zh-Hans/System.Windows.Input.Manipulations.resources.dll,{app}/zh-Hans/System.Windows.Input.Manipulations.resources.dll,SIM,DEPENDÊNCIA,NÃO (Substituído),NÃO (Removido),Assembly gerenciado ou biblioteca nativa de runtime (.NET 10 / SQLite)
zh-Hans\System.Xaml.resources.dll,publish/win-x64/zh-Hans/System.Xaml.resources.dll,{app}/zh-Hans/System.Xaml.resources.dll,SIM,DEPENDÊNCIA,NÃO (Substituído),NÃO (Removido),Assembly gerenciado ou biblioteca nativa de runtime (.NET 10 / SQLite)
zh-Hans\UIAutomationClient.resources.dll,publish/win-x64/zh-Hans/UIAutomationClient.resources.dll,{app}/zh-Hans/UIAutomationClient.resources.dll,SIM,DEPENDÊNCIA,NÃO (Substituído),NÃO (Removido),Assembly gerenciado ou biblioteca nativa de runtime (.NET 10 / SQLite)
zh-Hans\UIAutomationClientSideProviders.resources.dll,publish/win-x64/zh-Hans/UIAutomationClientSideProviders.resources.dll,{app}/zh-Hans/UIAutomationClientSideProviders.resources.dll,SIM,DEPENDÊNCIA,NÃO (Substituído),NÃO (Removido),Assembly gerenciado ou biblioteca nativa de runtime (.NET 10 / SQLite)
zh-Hans\UIAutomationProvider.resources.dll,publish/win-x64/zh-Hans/UIAutomationProvider.resources.dll,{app}/zh-Hans/UIAutomationProvider.resources.dll,SIM,DEPENDÊNCIA,NÃO (Substituído),NÃO (Removido),Assembly gerenciado ou biblioteca nativa de runtime (.NET 10 / SQLite)
zh-Hans\UIAutomationTypes.resources.dll,publish/win-x64/zh-Hans/UIAutomationTypes.resources.dll,{app}/zh-Hans/UIAutomationTypes.resources.dll,SIM,DEPENDÊNCIA,NÃO (Substituído),NÃO (Removido),Assembly gerenciado ou biblioteca nativa de runtime (.NET 10 / SQLite)
zh-Hans\WindowsBase.resources.dll,publish/win-x64/zh-Hans/WindowsBase.resources.dll,{app}/zh-Hans/WindowsBase.resources.dll,SIM,DEPENDÊNCIA,NÃO (Substituído),NÃO (Removido),Assembly gerenciado ou biblioteca nativa de runtime (.NET 10 / SQLite)
zh-Hant\Microsoft.Data.SqlClient.resources.dll,publish/win-x64/zh-Hant/Microsoft.Data.SqlClient.resources.dll,{app}/zh-Hant/Microsoft.Data.SqlClient.resources.dll,SIM,DEPENDÊNCIA,NÃO (Substituído),NÃO (Removido),Assembly gerenciado ou biblioteca nativa de runtime (.NET 10 / SQLite)
zh-Hant\PresentationCore.resources.dll,publish/win-x64/zh-Hant/PresentationCore.resources.dll,{app}/zh-Hant/PresentationCore.resources.dll,SIM,DEPENDÊNCIA,NÃO (Substituído),NÃO (Removido),Assembly gerenciado ou biblioteca nativa de runtime (.NET 10 / SQLite)
zh-Hant\PresentationFramework.resources.dll,publish/win-x64/zh-Hant/PresentationFramework.resources.dll,{app}/zh-Hant/PresentationFramework.resources.dll,SIM,DEPENDÊNCIA,NÃO (Substituído),NÃO (Removido),Assembly gerenciado ou biblioteca nativa de runtime (.NET 10 / SQLite)
zh-Hant\PresentationUI.resources.dll,publish/win-x64/zh-Hant/PresentationUI.resources.dll,{app}/zh-Hant/PresentationUI.resources.dll,SIM,DEPENDÊNCIA,NÃO (Substituído),NÃO (Removido),Assembly gerenciado ou biblioteca nativa de runtime (.NET 10 / SQLite)
zh-Hant\ReachFramework.resources.dll,publish/win-x64/zh-Hant/ReachFramework.resources.dll,{app}/zh-Hant/ReachFramework.resources.dll,SIM,DEPENDÊNCIA,NÃO (Substituído),NÃO (Removido),Assembly gerenciado ou biblioteca nativa de runtime (.NET 10 / SQLite)
zh-Hant\System.Windows.Controls.Ribbon.resources.dll,publish/win-x64/zh-Hant/System.Windows.Controls.Ribbon.resources.dll,{app}/zh-Hant/System.Windows.Controls.Ribbon.resources.dll,SIM,DEPENDÊNCIA,NÃO (Substituído),NÃO (Removido),Assembly gerenciado ou biblioteca nativa de runtime (.NET 10 / SQLite)
zh-Hant\System.Windows.Input.Manipulations.resources.dll,publish/win-x64/zh-Hant/System.Windows.Input.Manipulations.resources.dll,{app}/zh-Hant/System.Windows.Input.Manipulations.resources.dll,SIM,DEPENDÊNCIA,NÃO (Substituído),NÃO (Removido),Assembly gerenciado ou biblioteca nativa de runtime (.NET 10 / SQLite)
zh-Hant\System.Xaml.resources.dll,publish/win-x64/zh-Hant/System.Xaml.resources.dll,{app}/zh-Hant/System.Xaml.resources.dll,SIM,DEPENDÊNCIA,NÃO (Substituído),NÃO (Removido),Assembly gerenciado ou biblioteca nativa de runtime (.NET 10 / SQLite)
zh-Hant\UIAutomationClient.resources.dll,publish/win-x64/zh-Hant/UIAutomationClient.resources.dll,{app}/zh-Hant/UIAutomationClient.resources.dll,SIM,DEPENDÊNCIA,NÃO (Substituído),NÃO (Removido),Assembly gerenciado ou biblioteca nativa de runtime (.NET 10 / SQLite)
zh-Hant\UIAutomationClientSideProviders.resources.dll,publish/win-x64/zh-Hant/UIAutomationClientSideProviders.resources.dll,{app}/zh-Hant/UIAutomationClientSideProviders.resources.dll,SIM,DEPENDÊNCIA,NÃO (Substituído),NÃO (Removido),Assembly gerenciado ou biblioteca nativa de runtime (.NET 10 / SQLite)
zh-Hant\UIAutomationProvider.resources.dll,publish/win-x64/zh-Hant/UIAutomationProvider.resources.dll,{app}/zh-Hant/UIAutomationProvider.resources.dll,SIM,DEPENDÊNCIA,NÃO (Substituído),NÃO (Removido),Assembly gerenciado ou biblioteca nativa de runtime (.NET 10 / SQLite)
zh-Hant\UIAutomationTypes.resources.dll,publish/win-x64/zh-Hant/UIAutomationTypes.resources.dll,{app}/zh-Hant/UIAutomationTypes.resources.dll,SIM,DEPENDÊNCIA,NÃO (Substituído),NÃO (Removido),Assembly gerenciado ou biblioteca nativa de runtime (.NET 10 / SQLite)
zh-Hant\WindowsBase.resources.dll,publish/win-x64/zh-Hant/WindowsBase.resources.dll,{app}/zh-Hant/WindowsBase.resources.dll,SIM,DEPENDÊNCIA,NÃO (Substituído),NÃO (Removido),Assembly gerenciado ou biblioteca nativa de runtime (.NET 10 / SQLite)
primoauto_operacional.db,Inicializado em runtime,%LOCALAPPDATA%/PrimoAutoEletrica/primoauto_operacional.db,SIM,BANCO,SIM (Intocável no Update),SIM (Preservado no Uninstall),Banco operacional da oficina. Fora da pasta {app}.
Backups/*.db,Rotinas de backup manual/automático,%LOCALAPPDATA%/PrimoAutoEletrica/Backups/,SIM,BACKUP,SIM (Preservado integralmente),SIM (Preservado integralmente),Cópias de segurança timestamped do banco.
Logs/*.txt,Runtime LoggerService,%LOCALAPPDATA%/PrimoAutoEletrica/Logs/,SIM,LOG,SIM (Preservado),SIM (Preservado),Arquivos de log diários de operação.
