"Kind","File","Line","Text"
"decimal","PrimoAutoEletrica\Converters\AgendamentoConverters.cs","169","if (value is decimal decimalValue)"
"decimal","PrimoAutoEletrica\Converters\AgendamentoConverters.cs","178","if (decimal.TryParse(value as string, NumberStyles.Currency, CultureInfo.GetCultureInfo(""pt-BR""), out decimal result))"
"double","PrimoAutoEletrica\Converters\AgendamentoConverters.cs","266","if (value is double doubleValue)"
"double","PrimoAutoEletrica\Converters\AgendamentoConverters.cs","275","if (value is double doubleValue)"
"double","PrimoAutoEletrica\Converters\AgendamentoConverters.cs","287","if (value is double doubleValue && parameter is string paramString && double.TryParse(paramString, out double multiplier))"
"double","PrimoAutoEletrica\Converters\AgendamentoConverters.cs","296","if (value is double doubleValue && parameter is string paramString && double.TryParse(paramString, out double multiplier))"
"REAL_sql","PrimoAutoEletrica\Data\Repositories\ImportacaoRepository.cs","47","ValorTotal REAL NOT NULL DEFAULT 0,"
"Preco|Valor|Total|Custo|Desconto|Comissao|Saldo|Receber|Pagar","PrimoAutoEletrica\Data\Repositories\ImportacaoRepository.cs","47","ValorTotal REAL NOT NULL DEFAULT 0,"
"REAL_sql","PrimoAutoEletrica\Data\Repositories\ImportacaoRepository.cs","48","ValorProdutos REAL NOT NULL DEFAULT 0,"
"Preco|Valor|Total|Custo|Desconto|Comissao|Saldo|Receber|Pagar","PrimoAutoEletrica\Data\Repositories\ImportacaoRepository.cs","48","ValorProdutos REAL NOT NULL DEFAULT 0,"
"REAL_sql","PrimoAutoEletrica\Data\Repositories\ImportacaoRepository.cs","70","Quantidade REAL NOT NULL DEFAULT 0,"
"REAL_sql","PrimoAutoEletrica\Data\Repositories\ImportacaoRepository.cs","71","ValorUnitario REAL NOT NULL DEFAULT 0,"
"Preco|Valor|Total|Custo|Desconto|Comissao|Saldo|Receber|Pagar","PrimoAutoEletrica\Data\Repositories\ImportacaoRepository.cs","71","ValorUnitario REAL NOT NULL DEFAULT 0,"
"REAL_sql","PrimoAutoEletrica\Data\Repositories\ImportacaoRepository.cs","72","ValorTotal REAL NOT NULL DEFAULT 0,"
"Preco|Valor|Total|Custo|Desconto|Comissao|Saldo|Receber|Pagar","PrimoAutoEletrica\Data\Repositories\ImportacaoRepository.cs","72","ValorTotal REAL NOT NULL DEFAULT 0,"
"REAL_sql","PrimoAutoEletrica\Data\Repositories\ImportacaoRepository.cs","80","MargemAplicada REAL NOT NULL DEFAULT 0,"
"Preco|Valor|Total|Custo|Desconto|Comissao|Saldo|Receber|Pagar","PrimoAutoEletrica\Data\Repositories\ImportacaoRepository.cs","80","MargemAplicada REAL NOT NULL DEFAULT 0,"
"REAL_sql","PrimoAutoEletrica\Data\Repositories\ImportacaoRepository.cs","81","PrecoVendaSugerido REAL NOT NULL DEFAULT 0,"
"Preco|Valor|Total|Custo|Desconto|Comissao|Saldo|Receber|Pagar","PrimoAutoEletrica\Data\Repositories\ImportacaoRepository.cs","81","PrecoVendaSugerido REAL NOT NULL DEFAULT 0,"
"REAL_sql","PrimoAutoEletrica\Data\Repositories\ImportacaoRepository.cs","104","ValorTotal REAL NOT NULL DEFAULT 0,"
"Preco|Valor|Total|Custo|Desconto|Comissao|Saldo|Receber|Pagar","PrimoAutoEletrica\Data\Repositories\ImportacaoRepository.cs","104","ValorTotal REAL NOT NULL DEFAULT 0,"
"Preco|Valor|Total|Custo|Desconto|Comissao|Saldo|Receber|Pagar","PrimoAutoEletrica\Data\Repositories\ImportacaoRepository.cs","132","TotalItens INTEGER NOT NULL DEFAULT 0,"
"REAL_sql","PrimoAutoEletrica\Data\Repositories\ImportacaoRepository.cs","150","EnsureColumnExists(connection, ""ImportacoesItens"", ""MargemAplicada"", ""ALTER TABLE ImportacoesItens ADD COLUMN MargemAplicada REAL NOT NULL DEFAULT 0;"");"
"Preco|Valor|Total|Custo|Desconto|Comissao|Saldo|Receber|Pagar","PrimoAutoEletrica\Data\Repositories\ImportacaoRepository.cs","150","EnsureColumnExists(connection, ""ImportacoesItens"", ""MargemAplicada"", ""ALTER TABLE ImportacoesItens ADD COLUMN MargemAplicada REAL NOT NULL DEFAULT 0;"");"
"REAL_sql","PrimoAutoEletrica\Data\Repositories\ImportacaoRepository.cs","151","EnsureColumnExists(connection, ""ImportacoesItens"", ""PrecoVendaSugerido"", ""ALTER TABLE ImportacoesItens ADD COLUMN PrecoVendaSugerido REAL NOT NULL DEFAULT 0;"");"
"Preco|Valor|Total|Custo|Desconto|Comissao|Saldo|Receber|Pagar","PrimoAutoEletrica\Data\Repositories\ImportacaoRepository.cs","151","EnsureColumnExists(connection, ""ImportacoesItens"", ""PrecoVendaSugerido"", ""ALTER TABLE ImportacoesItens ADD COLUMN PrecoVendaSugerido REAL NOT NULL DEFAULT 0;"");"
"Preco|Valor|Total|Custo|Desconto|Comissao|Saldo|Receber|Pagar","PrimoAutoEletrica\Data\Repositories\ImportacaoRepository.cs","180","ValorTotal = @ValorTotal,"
"Preco|Valor|Total|Custo|Desconto|Comissao|Saldo|Receber|Pagar","PrimoAutoEletrica\Data\Repositories\ImportacaoRepository.cs","181","ValorProdutos = @ValorProdutos,"
"Preco|Valor|Total|Custo|Desconto|Comissao|Saldo|Receber|Pagar","PrimoAutoEletrica\Data\Repositories\ImportacaoRepository.cs","196","(Id, ChaveAcesso, Numero, Serie, DataEmissao, DataEntrada, ValorTotal, ValorProdutos,"
"Preco|Valor|Total|Custo|Desconto|Comissao|Saldo|Receber|Pagar","PrimoAutoEletrica\Data\Repositories\ImportacaoRepository.cs","199","(@Id, @ChaveAcesso, @Numero, @Serie, @DataEmissao, @DataEntrada, @ValorTotal, @ValorProdutos,"
"Preco|Valor|Total|Custo|Desconto|Comissao|Saldo|Receber|Pagar","PrimoAutoEletrica\Data\Repositories\ImportacaoRepository.cs","204","(Id, ChaveAcesso, Numero, Serie, DataEmissao, DataEntrada, ValorTotal, ValorProdutos,"
"Preco|Valor|Total|Custo|Desconto|Comissao|Saldo|Receber|Pagar","PrimoAutoEletrica\Data\Repositories\ImportacaoRepository.cs","207","(@Id, @ChaveAcesso, @Numero, @Serie, @DataEmissao, @DataEntrada, @ValorTotal, @ValorProdutos,"
"Preco|Valor|Total|Custo|Desconto|Comissao|Saldo|Receber|Pagar","PrimoAutoEletrica\Data\Repositories\ImportacaoRepository.cs","217","command.Parameters.AddWithValue(""@ValorTotal"", nota.ValorTotal);"
"Preco|Valor|Total|Custo|Desconto|Comissao|Saldo|Receber|Pagar","PrimoAutoEletrica\Data\Repositories\ImportacaoRepository.cs","218","command.Parameters.AddWithValue(""@ValorProdutos"", nota.ValorProdutos);"
"Preco|Valor|Total|Custo|Desconto|Comissao|Saldo|Receber|Pagar","PrimoAutoEletrica\Data\Repositories\ImportacaoRepository.cs","244","(Id, ImportacaoId, Codigo, Nome, NCM, CFOP, Quantidade, ValorUnitario, ValorTotal,"
"Preco|Valor|Total|Custo|Desconto|Comissao|Saldo|Receber|Pagar","PrimoAutoEletrica\Data\Repositories\ImportacaoRepository.cs","246","AcaoPlanejada, CategoriaSugerida, MargemAplicada, PrecoVendaSugerido,"
"Preco|Valor|Total|Custo|Desconto|Comissao|Saldo|Receber|Pagar","PrimoAutoEletrica\Data\Repositories\ImportacaoRepository.cs","250","(@Id, @ImportacaoId, @Codigo, @Nome, @NCM, @CFOP, @Quantidade, @ValorUnitario, @ValorTotal,"
"Preco|Valor|Total|Custo|Desconto|Comissao|Saldo|Receber|Pagar","PrimoAutoEletrica\Data\Repositories\ImportacaoRepository.cs","252","@AcaoPlanejada, @CategoriaSugerida, @MargemAplicada, @PrecoVendaSugerido,"
"Preco|Valor|Total|Custo|Desconto|Comissao|Saldo|Receber|Pagar","PrimoAutoEletrica\Data\Repositories\ImportacaoRepository.cs","264","itemCommand.Parameters.AddWithValue(""@ValorUnitario"", produto.ValorUnitario);"
"Preco|Valor|Total|Custo|Desconto|Comissao|Saldo|Receber|Pagar","PrimoAutoEletrica\Data\Repositories\ImportacaoRepository.cs","265","itemCommand.Parameters.AddWithValue(""@ValorTotal"", produto.ValorTotal);"
"Preco|Valor|Total|Custo|Desconto|Comissao|Saldo|Receber|Pagar","PrimoAutoEletrica\Data\Repositories\ImportacaoRepository.cs","273","itemCommand.Parameters.AddWithValue(""@MargemAplicada"", produto.MargemAplicada);"
"Preco|Valor|Total|Custo|Desconto|Comissao|Saldo|Receber|Pagar","PrimoAutoEletrica\Data\Repositories\ImportacaoRepository.cs","274","itemCommand.Parameters.AddWithValue(""@PrecoVendaSugerido"", produto.PrecoVendaSugerido);"
"Preco|Valor|Total|Custo|Desconto|Comissao|Saldo|Receber|Pagar","PrimoAutoEletrica\Data\Repositories\ImportacaoRepository.cs","302","SELECT {TopClause(connection, ""@Limite"")} n.Id, n.ChaveAcesso, n.Numero, n.Serie, n.DataEmissao, n.DataEntrada, n.ValorTotal, n.ValorProdutos,"
"Preco|Valor|Total|Custo|Desconto|Comissao|Saldo|Receber|Pagar","PrimoAutoEletrica\Data\Repositories\ImportacaoRepository.cs","327","ValorTotal = ReadDecimal(reader, 6),"
"Preco|Valor|Total|Custo|Desconto|Comissao|Saldo|Receber|Pagar","PrimoAutoEletrica\Data\Repositories\ImportacaoRepository.cs","328","ValorProdutos = ReadDecimal(reader, 7),"
"Preco|Valor|Total|Custo|Desconto|Comissao|Saldo|Receber|Pagar","PrimoAutoEletrica\Data\Repositories\ImportacaoRepository.cs","360","SELECT Id, ChaveAcesso, Numero, Serie, DataEmissao, DataEntrada, ValorTotal, ValorProdutos,"
"Preco|Valor|Total|Custo|Desconto|Comissao|Saldo|Receber|Pagar","PrimoAutoEletrica\Data\Repositories\ImportacaoRepository.cs","381","ValorTotal = ReadDecimal(reader, 6),"
"Preco|Valor|Total|Custo|Desconto|Comissao|Saldo|Receber|Pagar","PrimoAutoEletrica\Data\Repositories\ImportacaoRepository.cs","382","ValorProdutos = ReadDecimal(reader, 7),"
"Preco|Valor|Total|Custo|Desconto|Comissao|Saldo|Receber|Pagar","PrimoAutoEletrica\Data\Repositories\ImportacaoRepository.cs","419","SELECT Codigo, Nome, NCM, CFOP, Quantidade, ValorUnitario, ValorTotal,"
"Preco|Valor|Total|Custo|Desconto|Comissao|Saldo|Receber|Pagar","PrimoAutoEletrica\Data\Repositories\ImportacaoRepository.cs","421","SelecionadoParaImportacao, AcaoPlanejada, CategoriaSugerida, MargemAplicada,"
"Preco|Valor|Total|Custo|Desconto|Comissao|Saldo|Receber|Pagar","PrimoAutoEletrica\Data\Repositories\ImportacaoRepository.cs","422","PrecoVendaSugerido, ProdutoVinculadoReferencia, CodigoBarras, ObservacaoConferencia,"
"Preco|Valor|Total|Custo|Desconto|Comissao|Saldo|Receber|Pagar","PrimoAutoEletrica\Data\Repositories\ImportacaoRepository.cs","441","ValorUnitario = ReadDecimal(reader, 5),"
"Preco|Valor|Total|Custo|Desconto|Comissao|Saldo|Receber|Pagar","PrimoAutoEletrica\Data\Repositories\ImportacaoRepository.cs","442","ValorTotal = ReadDecimal(reader, 6),"
"Preco|Valor|Total|Custo|Desconto|Comissao|Saldo|Receber|Pagar","PrimoAutoEletrica\Data\Repositories\ImportacaoRepository.cs","450","MargemAplicada = ReadDecimal(reader, 14),"
"Preco|Valor|Total|Custo|Desconto|Comissao|Saldo|Receber|Pagar","PrimoAutoEletrica\Data\Repositories\ImportacaoRepository.cs","451","PrecoVendaSugerido = ReadDecimal(reader, 15),"
"Preco|Valor|Total|Custo|Desconto|Comissao|Saldo|Receber|Pagar","PrimoAutoEletrica\Data\Repositories\ImportacaoRepository.cs","534","ValorTotal,"
"Preco|Valor|Total|Custo|Desconto|Comissao|Saldo|Receber|Pagar","PrimoAutoEletrica\Data\Repositories\ImportacaoRepository.cs","553","n.ValorTotal,"
"Preco|Valor|Total|Custo|Desconto|Comissao|Saldo|Receber|Pagar","PrimoAutoEletrica\Data\Repositories\ImportacaoRepository.cs","618","TotalItens = itens.Count"
"Preco|Valor|Total|Custo|Desconto|Comissao|Saldo|Receber|Pagar","PrimoAutoEletrica\Data\Repositories\ImportacaoRepository.cs","867","PrecoCompra,"
"Preco|Valor|Total|Custo|Desconto|Comissao|Saldo|Receber|Pagar","PrimoAutoEletrica\Data\Repositories\ImportacaoRepository.cs","868","PrecoVenda,"
"Preco|Valor|Total|Custo|Desconto|Comissao|Saldo|Receber|Pagar","PrimoAutoEletrica\Data\Repositories\ImportacaoRepository.cs","869","MargemLucro,"
"Preco|Valor|Total|Custo|Desconto|Comissao|Saldo|Receber|Pagar","PrimoAutoEletrica\Data\Repositories\ImportacaoRepository.cs","870","ValorTotalEstoque,"
"Preco|Valor|Total|Custo|Desconto|Comissao|Saldo|Receber|Pagar","PrimoAutoEletrica\Data\Repositories\ImportacaoRepository.cs","893","PrecoCompra = ReadDecimal(reader, 3),"
"Preco|Valor|Total|Custo|Desconto|Comissao|Saldo|Receber|Pagar","PrimoAutoEletrica\Data\Repositories\ImportacaoRepository.cs","894","PrecoVenda = ReadDecimal(reader, 4),"
"Preco|Valor|Total|Custo|Desconto|Comissao|Saldo|Receber|Pagar","PrimoAutoEletrica\Data\Repositories\ImportacaoRepository.cs","895","MargemLucro = ReadDecimal(reader, 5),"
"Preco|Valor|Total|Custo|Desconto|Comissao|Saldo|Receber|Pagar","PrimoAutoEletrica\Data\Repositories\ImportacaoRepository.cs","896","ValorTotalEstoque = ReadDecimal(reader, 6),"
"Preco|Valor|Total|Custo|Desconto|Comissao|Saldo|Receber|Pagar","PrimoAutoEletrica\Data\Repositories\ImportacaoRepository.cs","918","PrecoCompra = @PrecoCompra,"
"Preco|Valor|Total|Custo|Desconto|Comissao|Saldo|Receber|Pagar","PrimoAutoEletrica\Data\Repositories\ImportacaoRepository.cs","919","PrecoVenda = @PrecoVenda,"
"Preco|Valor|Total|Custo|Desconto|Comissao|Saldo|Receber|Pagar","PrimoAutoEletrica\Data\Repositories\ImportacaoRepository.cs","920","MargemLucro = @MargemLucro,"
"Preco|Valor|Total|Custo|Desconto|Comissao|Saldo|Receber|Pagar","PrimoAutoEletrica\Data\Repositories\ImportacaoRepository.cs","921","ValorTotalEstoque = @ValorTotalEstoque,"
"Preco|Valor|Total|Custo|Desconto|Comissao|Saldo|Receber|Pagar","PrimoAutoEletrica\Data\Repositories\ImportacaoRepository.cs","934","command.Parameters.AddWithValue(""@PrecoCompra"", snapshot.PrecoCompra);"
"Preco|Valor|Total|Custo|Desconto|Comissao|Saldo|Receber|Pagar","PrimoAutoEletrica\Data\Repositories\ImportacaoRepository.cs","935","command.Parameters.AddWithValue(""@PrecoVenda"", snapshot.PrecoVenda);"
"Preco|Valor|Total|Custo|Desconto|Comissao|Saldo|Receber|Pagar","PrimoAutoEletrica\Data\Repositories\ImportacaoRepository.cs","936","command.Parameters.AddWithValue(""@MargemLucro"", snapshot.MargemLucro);"
"Preco|Valor|Total|Custo|Desconto|Comissao|Saldo|Receber|Pagar","PrimoAutoEletrica\Data\Repositories\ImportacaoRepository.cs","937","command.Parameters.AddWithValue(""@ValorTotalEstoque"", snapshot.ValorTotalEstoque);"
"Preco|Valor|Total|Custo|Desconto|Comissao|Saldo|Receber|Pagar","PrimoAutoEletrica\Data\Repositories\ImportacaoRepository.cs","971","TotalVendas,"
"Preco|Valor|Total|Custo|Desconto|Comissao|Saldo|Receber|Pagar","PrimoAutoEletrica\Data\Repositories\ImportacaoRepository.cs","992","TotalVendas = ReadInt(reader, 6),"
"Preco|Valor|Total|Custo|Desconto|Comissao|Saldo|Receber|Pagar","PrimoAutoEletrica\Data\Repositories\ImportacaoRepository.cs","1027","if (produto.TotalVendas > 0 || produto.DataUltimaVenda.HasValue)"
"Preco|Valor|Total|Custo|Desconto|Comissao|Saldo|Receber|Pagar","PrimoAutoEletrica\Data\Repositories\ImportacaoRepository.cs","1175","TotalItens,"
"Preco|Valor|Total|Custo|Desconto|Comissao|Saldo|Receber|Pagar","PrimoAutoEletrica\Data\Repositories\ImportacaoRepository.cs","1195","@TotalItens,"
"Preco|Valor|Total|Custo|Desconto|Comissao|Saldo|Receber|Pagar","PrimoAutoEletrica\Data\Repositories\ImportacaoRepository.cs","1213","command.Parameters.AddWithValue(""@TotalItens"", resultado.TotalItens);"
"decimal","PrimoAutoEletrica\Data\Repositories\ImportacaoRepository.cs","1300","private static int ConverterQuantidade(decimal quantidade)"
"decimal","PrimoAutoEletrica\Data\Repositories\ImportacaoRepository.cs","1304",": decimal.ToInt32(decimal.Round(quantidade, 0, MidpointRounding.AwayFromZero));"
"Preco|Valor|Total|Custo|Desconto|Comissao|Saldo|Receber|Pagar","PrimoAutoEletrica\Data\Repositories\ImportacaoRepository.cs","1307","private static string TextoOuPadrao(string? valor)"
"Preco|Valor|Total|Custo|Desconto|Comissao|Saldo|Receber|Pagar","PrimoAutoEletrica\Data\Repositories\ImportacaoRepository.cs","1309","return string.IsNullOrWhiteSpace(valor) ? ""-"" : valor.Trim();"
"Preco|Valor|Total|Custo|Desconto|Comissao|Saldo|Receber|Pagar","PrimoAutoEletrica\Data\Repositories\ImportacaoRepository.cs","1312","private static object ToDbNullableString(string? valor)"
"Preco|Valor|Total|Custo|Desconto|Comissao|Saldo|Receber|Pagar","PrimoAutoEletrica\Data\Repositories\ImportacaoRepository.cs","1314","return string.IsNullOrWhiteSpace(valor) ? DBNull.Value : valor.Trim();"
"Preco|Valor|Total|Custo|Desconto|Comissao|Saldo|Receber|Pagar","PrimoAutoEletrica\Data\Repositories\ImportacaoRepository.cs","1317","private static object ToDbNullableDate(DateTime? valor)"
"Preco|Valor|Total|Custo|Desconto|Comissao|Saldo|Receber|Pagar","PrimoAutoEletrica\Data\Repositories\ImportacaoRepository.cs","1319","return valor.HasValue"
"Preco|Valor|Total|Custo|Desconto|Comissao|Saldo|Receber|Pagar","PrimoAutoEletrica\Data\Repositories\ImportacaoRepository.cs","1320","? valor.Value.ToString(""yyyy-MM-dd HH:mm:ss"", CultureInfo.InvariantCulture)"
"decimal","PrimoAutoEletrica\Data\Repositories\ImportacaoRepository.cs","1363","private static decimal ReadDecimal(DbDataReader reader, int index)"
"decimal","PrimoAutoEletrica\Data\Repositories\ImportacaoRepository.cs","1451","public decimal Quantidade { get; init; }"
"Preco|Valor|Total|Custo|Desconto|Comissao|Saldo|Receber|Pagar","PrimoAutoEletrica\Data\Repositories\ImportacaoRepository.cs","1466","public int TotalVendas { get; init; }"
"Preco|Valor|Total|Custo|Desconto|Comissao|Saldo|Receber|Pagar","PrimoAutoEletrica\Helpers\CadastroValidationHelper.cs","16","public static string NormalizarDocumento(string? valor)"
"Preco|Valor|Total|Custo|Desconto|Comissao|Saldo|Receber|Pagar","PrimoAutoEletrica\Helpers\CadastroValidationHelper.cs","18","return SomenteDigitos(valor);"
"Preco|Valor|Total|Custo|Desconto|Comissao|Saldo|Receber|Pagar","PrimoAutoEletrica\Helpers\CadastroValidationHelper.cs","21","public static string NormalizarTelefone(string? valor)"
"Preco|Valor|Total|Custo|Desconto|Comissao|Saldo|Receber|Pagar","PrimoAutoEletrica\Helpers\CadastroValidationHelper.cs","23","var digitos = SomenteDigitos(valor);"
"Preco|Valor|Total|Custo|Desconto|Comissao|Saldo|Receber|Pagar","PrimoAutoEletrica\Helpers\CadastroValidationHelper.cs","34","public static string NormalizarEmail(string? valor)"
"Preco|Valor|Total|Custo|Desconto|Comissao|Saldo|Receber|Pagar","PrimoAutoEletrica\Helpers\CadastroValidationHelper.cs","36","return string.IsNullOrWhiteSpace(valor)"
"Preco|Valor|Total|Custo|Desconto|Comissao|Saldo|Receber|Pagar","PrimoAutoEletrica\Helpers\CadastroValidationHelper.cs","38",": valor.Trim().ToLowerInvariant();"
"Preco|Valor|Total|Custo|Desconto|Comissao|Saldo|Receber|Pagar","PrimoAutoEletrica\Helpers\CadastroValidationHelper.cs","41","public static string NormalizarPlaca(string? valor)"
"Preco|Valor|Total|Custo|Desconto|Comissao|Saldo|Receber|Pagar","PrimoAutoEletrica\Helpers\CadastroValidationHelper.cs","43","return new string((valor ?? string.Empty)"
"Preco|Valor|Total|Custo|Desconto|Comissao|Saldo|Receber|Pagar","PrimoAutoEletrica\Helpers\CadastroValidationHelper.cs","49","public static string NormalizarTextoComparacao(string? valor)"
"Preco|Valor|Total|Custo|Desconto|Comissao|Saldo|Receber|Pagar","PrimoAutoEletrica\Helpers\CadastroValidationHelper.cs","51","if (string.IsNullOrWhiteSpace(valor))"
"Preco|Valor|Total|Custo|Desconto|Comissao|Saldo|Receber|Pagar","PrimoAutoEletrica\Helpers\CadastroValidationHelper.cs","56","var decomposed = valor.Trim().Normalize(NormalizationForm.FormD);"
"decimal","PrimoAutoEletrica\Helpers\CadastroValidationHelper.cs","192","public static string? ValidarDecimal(decimal valor, string descricao, bool permitirZero = true, bool permitirNegativo = false)"
"Preco|Valor|Total|Custo|Desconto|Comissao|Saldo|Receber|Pagar","PrimoAutoEletrica\Helpers\CadastroValidationHelper.cs","192","public static string? ValidarDecimal(decimal valor, string descricao, bool permitirZero = true, bool permitirNegativo = false)"
"Preco|Valor|Total|Custo|Desconto|Comissao|Saldo|Receber|Pagar","PrimoAutoEletrica\Helpers\CadastroValidationHelper.cs","194","if (!permitirNegativo && valor < 0)"
"Preco|Valor|Total|Custo|Desconto|Comissao|Saldo|Receber|Pagar","PrimoAutoEletrica\Helpers\CadastroValidationHelper.cs","199","if (!permitirZero && valor <= 0)"
"Preco|Valor|Total|Custo|Desconto|Comissao|Saldo|Receber|Pagar","PrimoAutoEletrica\Helpers\CadastroValidationHelper.cs","207","public static string? ValidarInteiro(int valor, string descricao, bool permitirZero = true, bool permitirNegativo = false)"
"Preco|Valor|Total|Custo|Desconto|Comissao|Saldo|Receber|Pagar","PrimoAutoEletrica\Helpers\CadastroValidationHelper.cs","209","if (!permitirNegativo && valor < 0)"
"Preco|Valor|Total|Custo|Desconto|Comissao|Saldo|Receber|Pagar","PrimoAutoEletrica\Helpers\CadastroValidationHelper.cs","214","if (!permitirZero && valor <= 0)"
"Preco|Valor|Total|Custo|Desconto|Comissao|Saldo|Receber|Pagar","PrimoAutoEletrica\Helpers\CadastroValidationHelper.cs","274","public static string FormatarDocumento(string? valor)"
"Preco|Valor|Total|Custo|Desconto|Comissao|Saldo|Receber|Pagar","PrimoAutoEletrica\Helpers\CadastroValidationHelper.cs","276","var digitos = NormalizarDocumento(valor);"
"Preco|Valor|Total|Custo|Desconto|Comissao|Saldo|Receber|Pagar","PrimoAutoEletrica\Helpers\CadastroValidationHelper.cs","287","public static string FormatarTelefone(string? valor)"
"Preco|Valor|Total|Custo|Desconto|Comissao|Saldo|Receber|Pagar","PrimoAutoEletrica\Helpers\CadastroValidationHelper.cs","289","var digitos = NormalizarTelefone(valor);"
"Preco|Valor|Total|Custo|Desconto|Comissao|Saldo|Receber|Pagar","PrimoAutoEletrica\Helpers\CadastroValidationHelper.cs","318","private static string SomenteDigitos(string? valor)"
"Preco|Valor|Total|Custo|Desconto|Comissao|Saldo|Receber|Pagar","PrimoAutoEletrica\Helpers\CadastroValidationHelper.cs","320","return new string((valor ?? string.Empty).Where(char.IsDigit).ToArray());"
"Preco|Valor|Total|Custo|Desconto|Comissao|Saldo|Receber|Pagar","PrimoAutoEletrica\Helpers\CadastroValidationHelper.cs","323","private static bool TodosCaracteresIguais(string valor)"
"Preco|Valor|Total|Custo|Desconto|Comissao|Saldo|Receber|Pagar","PrimoAutoEletrica\Helpers\CadastroValidationHelper.cs","325","return valor.All(caractere => caractere == valor[0]);"
"Preco|Valor|Total|Custo|Desconto|Comissao|Saldo|Receber|Pagar","PrimoAutoEletrica\Helpers\ComercialValidationHelper.cs","7","public static string NormalizarTexto(string? valor, string fallback = """")"
"Preco|Valor|Total|Custo|Desconto|Comissao|Saldo|Receber|Pagar","PrimoAutoEletrica\Helpers\ComercialValidationHelper.cs","9","return string.IsNullOrWhiteSpace(valor) ? fallback : valor.Trim();"
"Preco|Valor|Total|Custo|Desconto|Comissao|Saldo|Receber|Pagar","PrimoAutoEletrica\Helpers\ComercialValidationHelper.cs","12","public static void GarantirTextoObrigatorio(string? valor, string descricao)"
"Preco|Valor|Total|Custo|Desconto|Comissao|Saldo|Receber|Pagar","PrimoAutoEletrica\Helpers\ComercialValidationHelper.cs","14","if (string.IsNullOrWhiteSpace(valor))"
"decimal","PrimoAutoEletrica\Helpers\ComercialValidationHelper.cs","20","public static void GarantirValorMaiorQueZero(decimal valor, string descricao)"
"Preco|Valor|Total|Custo|Desconto|Comissao|Saldo|Receber|Pagar","PrimoAutoEletrica\Helpers\ComercialValidationHelper.cs","20","public static void GarantirValorMaiorQueZero(decimal valor, string descricao)"
"Preco|Valor|Total|Custo|Desconto|Comissao|Saldo|Receber|Pagar","PrimoAutoEletrica\Helpers\ComercialValidationHelper.cs","22","if (valor <= 0)"
"decimal","PrimoAutoEletrica\Helpers\ComercialValidationHelper.cs","28","public static void GarantirValorMaiorOuIgualZero(decimal valor, string descricao)"
"Preco|Valor|Total|Custo|Desconto|Comissao|Saldo|Receber|Pagar","PrimoAutoEletrica\Helpers\ComercialValidationHelper.cs","28","public static void GarantirValorMaiorOuIgualZero(decimal valor, string descricao)"
"Preco|Valor|Total|Custo|Desconto|Comissao|Saldo|Receber|Pagar","PrimoAutoEletrica\Helpers\ComercialValidationHelper.cs","30","if (valor < 0)"
"decimal","PrimoAutoEletrica\Helpers\ComercialValidationHelper.cs","44","public static void GarantirQuantidadePositiva(decimal quantidade, string descricao)"
"decimal","PrimoAutoEletrica\Helpers\ComercialValidationHelper.cs","52","public static void GarantirDescontoValido(decimal desconto, decimal baseCalculo, string descricao)"
"Preco|Valor|Total|Custo|Desconto|Comissao|Saldo|Receber|Pagar","PrimoAutoEletrica\Helpers\ComercialValidationHelper.cs","52","public static void GarantirDescontoValido(decimal desconto, decimal baseCalculo, string descricao)"
"Preco|Valor|Total|Custo|Desconto|Comissao|Saldo|Receber|Pagar","PrimoAutoEletrica\Helpers\ComercialValidationHelper.cs","54","GarantirValorMaiorOuIgualZero(desconto, descricao);"
"Preco|Valor|Total|Custo|Desconto|Comissao|Saldo|Receber|Pagar","PrimoAutoEletrica\Helpers\ComercialValidationHelper.cs","57","if (desconto > baseCalculo)"
"decimal","PrimoAutoEletrica\Helpers\ComercialValidationHelper.cs","76","public static decimal CalcularSubtotal(decimal quantidade, decimal valorUnitario, decimal desconto)"
"Preco|Valor|Total|Custo|Desconto|Comissao|Saldo|Receber|Pagar","PrimoAutoEletrica\Helpers\ComercialValidationHelper.cs","76","public static decimal CalcularSubtotal(decimal quantidade, decimal valorUnitario, decimal desconto)"
"Preco|Valor|Total|Custo|Desconto|Comissao|Saldo|Receber|Pagar","PrimoAutoEletrica\Helpers\ComercialValidationHelper.cs","79","GarantirValorMaiorOuIgualZero(valorUnitario, ""o valor unitario"");"
"Preco|Valor|Total|Custo|Desconto|Comissao|Saldo|Receber|Pagar","PrimoAutoEletrica\Helpers\ComercialValidationHelper.cs","81","var valorBruto = quantidade * valorUnitario;"
"Preco|Valor|Total|Custo|Desconto|Comissao|Saldo|Receber|Pagar","PrimoAutoEletrica\Helpers\ComercialValidationHelper.cs","82","GarantirDescontoValido(desconto, valorBruto, ""O desconto"");"
"Preco|Valor|Total|Custo|Desconto|Comissao|Saldo|Receber|Pagar","PrimoAutoEletrica\Helpers\ComercialValidationHelper.cs","83","return valorBruto - desconto;"
"Preco|Valor|Total|Custo|Desconto|Comissao|Saldo|Receber|Pagar","PrimoAutoEletrica\Helpers\LocalizationHelper.cs","126","public string Total => GetString(""Total"");"
"Preco|Valor|Total|Custo|Desconto|Comissao|Saldo|Receber|Pagar","PrimoAutoEletrica\Helpers\LocalizationHelper.cs","127","public string Subtotal => GetString(""Subtotal"");"
"Preco|Valor|Total|Custo|Desconto|Comissao|Saldo|Receber|Pagar","PrimoAutoEletrica\Helpers\SqlIdentifierGuard.cs","48","public int TotalItems { get; init; }"
"double","PrimoAutoEletrica\Helpers\SqlIdentifierGuard.cs","49","public int TotalPages => PageSize <= 0 ? 0 : (int)Math.Ceiling(TotalItems / (double)PageSize);"
"Preco|Valor|Total|Custo|Desconto|Comissao|Saldo|Receber|Pagar","PrimoAutoEletrica\Helpers\SqlIdentifierGuard.cs","49","public int TotalPages => PageSize <= 0 ? 0 : (int)Math.Ceiling(TotalItems / (double)PageSize);"
"Preco|Valor|Total|Custo|Desconto|Comissao|Saldo|Receber|Pagar","PrimoAutoEletrica\Helpers\SqlIdentifierGuard.cs","64","TotalItems = list.Count"
"Preco|Valor|Total|Custo|Desconto|Comissao|Saldo|Receber|Pagar","PrimoAutoEletrica\Helpers\ValidationMessages.cs","13","public static string NaoPodeSerMaiorQueBase(string descricao) => $""{descricao} nao pode ser maior que o valor base."";"
"decimal","PrimoAutoEletrica\Models\Agendamento.cs","31","public decimal ClienteTotalGasto { get; set; }"
"decimal","PrimoAutoEletrica\Models\Agendamento.cs","59","public decimal ValorEstimado { get; set; }"
"Preco|Valor|Total|Custo|Desconto|Comissao|Saldo|Receber|Pagar","PrimoAutoEletrica\Models\Agendamento.cs","59","public decimal ValorEstimado { get; set; }"
"decimal","PrimoAutoEletrica\Models\Agendamento.cs","60","public decimal ValorReal { get; set; }"
"Preco|Valor|Total|Custo|Desconto|Comissao|Saldo|Receber|Pagar","PrimoAutoEletrica\Models\Agendamento.cs","60","public decimal ValorReal { get; set; }"
"decimal","PrimoAutoEletrica\Models\Agendamento.cs","61","public decimal ValorPago { get; set; }"
"Preco|Valor|Total|Custo|Desconto|Comissao|Saldo|Receber|Pagar","PrimoAutoEletrica\Models\Agendamento.cs","61","public decimal ValorPago { get; set; }"
"decimal","PrimoAutoEletrica\Models\Agendamento.cs","76","public decimal ValorProdutos { get; set; }"
"Preco|Valor|Total|Custo|Desconto|Comissao|Saldo|Receber|Pagar","PrimoAutoEletrica\Models\Agendamento.cs","76","public decimal ValorProdutos { get; set; }"
"decimal","PrimoAutoEletrica\Models\Agendamento.cs","80","public decimal ValorServicos { get; set; }"
"Preco|Valor|Total|Custo|Desconto|Comissao|Saldo|Receber|Pagar","PrimoAutoEletrica\Models\Agendamento.cs","80","public decimal ValorServicos { get; set; }"
"decimal","PrimoAutoEletrica\Models\Agendamento.cs","124","public decimal PrecoUnitario { get; set; }"
"Preco|Valor|Total|Custo|Desconto|Comissao|Saldo|Receber|Pagar","PrimoAutoEletrica\Models\Agendamento.cs","124","public decimal PrecoUnitario { get; set; }"
"decimal","PrimoAutoEletrica\Models\Agendamento.cs","125","public decimal PrecoTotal { get; set; }"
"Preco|Valor|Total|Custo|Desconto|Comissao|Saldo|Receber|Pagar","PrimoAutoEletrica\Models\Agendamento.cs","125","public decimal PrecoTotal { get; set; }"
"decimal","PrimoAutoEletrica\Models\Agendamento.cs","135","public decimal Valor { get; set; }"
"Preco|Valor|Total|Custo|Desconto|Comissao|Saldo|Receber|Pagar","PrimoAutoEletrica\Models\Agendamento.cs","135","public decimal Valor { get; set; }"
"Preco|Valor|Total|Custo|Desconto|Comissao|Saldo|Receber|Pagar","PrimoAutoEletrica\Models\Agendamento.cs","176","public object Valor"
"decimal","PrimoAutoEletrica\Models\Agendamento.cs","205","public decimal Produtividade { get; set; }"
"decimal","PrimoAutoEletrica\Models\Agendamento.cs","207","public decimal Avaliacao { get; set; }"
"decimal","PrimoAutoEletrica\Models\Agendamento.cs","237","public decimal TotalGasto { get; set; }"
"Preco|Valor|Total|Custo|Desconto|Comissao|Saldo|Receber|Pagar","PrimoAutoEletrica\Models\Agendamento.cs","237","public decimal TotalGasto { get; set; }"
"decimal","PrimoAutoEletrica\Models\Agendamento.cs","263","public decimal Valor { get; set; }"
"Preco|Valor|Total|Custo|Desconto|Comissao|Saldo|Receber|Pagar","PrimoAutoEletrica\Models\Agendamento.cs","263","public decimal Valor { get; set; }"
"Preco|Valor|Total|Custo|Desconto|Comissao|Saldo|Receber|Pagar","PrimoAutoEletrica\Models\AutoEletricaTecnica.cs","9","public string Valor { get; set; } = string.Empty;"
"Preco|Valor|Total|Custo|Desconto|Comissao|Saldo|Receber|Pagar","PrimoAutoEletrica\Models\AutoEletricaTecnica.cs","32","public List<string> ValoresEsperados { get; set; } = new();"
"Preco|Valor|Total|Custo|Desconto|Comissao|Saldo|Receber|Pagar","PrimoAutoEletrica\Models\AutoEletricaTecnica.cs","48","public List<string> ValoresReferencia { get; set; } = new();"
"decimal","PrimoAutoEletrica\Models\AutoEletricaTecnica.cs","59","public decimal ValorTotal { get; set; }"
"Preco|Valor|Total|Custo|Desconto|Comissao|Saldo|Receber|Pagar","PrimoAutoEletrica\Models\AutoEletricaTecnica.cs","59","public decimal ValorTotal { get; set; }"
"decimal","PrimoAutoEletrica\Models\AutoEletricaTecnica.cs","75","public decimal ValorPadrao { get; set; }"
"Preco|Valor|Total|Custo|Desconto|Comissao|Saldo|Receber|Pagar","PrimoAutoEletrica\Models\AutoEletricaTecnica.cs","75","public decimal ValorPadrao { get; set; }"
"decimal","PrimoAutoEletrica\Models\AutoEletricaTecnica.cs","88","public decimal ValorMaoObra { get; set; }"
"Preco|Valor|Total|Custo|Desconto|Comissao|Saldo|Receber|Pagar","PrimoAutoEletrica\Models\AutoEletricaTecnica.cs","88","public decimal ValorMaoObra { get; set; }"
"double","PrimoAutoEletrica\Models\BackupSettings.cs","77","public double CompressionRatio { get; set; }"
"decimal","PrimoAutoEletrica\Models\CaixaOperacional.cs","14","public decimal ValorAbertura { get; set; }"
"Preco|Valor|Total|Custo|Desconto|Comissao|Saldo|Receber|Pagar","PrimoAutoEletrica\Models\CaixaOperacional.cs","14","public decimal ValorAbertura { get; set; }"
"decimal","PrimoAutoEletrica\Models\CaixaOperacional.cs","15","public decimal ValorEsperado { get; set; }"
"Preco|Valor|Total|Custo|Desconto|Comissao|Saldo|Receber|Pagar","PrimoAutoEletrica\Models\CaixaOperacional.cs","15","public decimal ValorEsperado { get; set; }"
"decimal","PrimoAutoEletrica\Models\CaixaOperacional.cs","16","public decimal? ValorInformadoFechamento { get; set; }"
"Preco|Valor|Total|Custo|Desconto|Comissao|Saldo|Receber|Pagar","PrimoAutoEletrica\Models\CaixaOperacional.cs","16","public decimal? ValorInformadoFechamento { get; set; }"
"decimal","PrimoAutoEletrica\Models\CaixaOperacional.cs","17","public decimal TotalVendas { get; set; }"
"Preco|Valor|Total|Custo|Desconto|Comissao|Saldo|Receber|Pagar","PrimoAutoEletrica\Models\CaixaOperacional.cs","17","public decimal TotalVendas { get; set; }"
"decimal","PrimoAutoEletrica\Models\CaixaOperacional.cs","18","public decimal TotalSangrias { get; set; }"
"Preco|Valor|Total|Custo|Desconto|Comissao|Saldo|Receber|Pagar","PrimoAutoEletrica\Models\CaixaOperacional.cs","18","public decimal TotalSangrias { get; set; }"
"decimal","PrimoAutoEletrica\Models\CaixaOperacional.cs","19","public decimal TotalSuprimentos { get; set; }"
"Preco|Valor|Total|Custo|Desconto|Comissao|Saldo|Receber|Pagar","PrimoAutoEletrica\Models\CaixaOperacional.cs","19","public decimal TotalSuprimentos { get; set; }"
"decimal","PrimoAutoEletrica\Models\CaixaOperacional.cs","26","public decimal DiferencaFechamento =>"
"Preco|Valor|Total|Custo|Desconto|Comissao|Saldo|Receber|Pagar","PrimoAutoEletrica\Models\CaixaOperacional.cs","27","ValorInformadoFechamento.HasValue"
"Preco|Valor|Total|Custo|Desconto|Comissao|Saldo|Receber|Pagar","PrimoAutoEletrica\Models\CaixaOperacional.cs","28","? ValorInformadoFechamento.Value - ValorEsperado"
"decimal","PrimoAutoEletrica\Models\CaixaOperacional.cs","40","public decimal ValorMovimento { get; set; }"
"Preco|Valor|Total|Custo|Desconto|Comissao|Saldo|Receber|Pagar","PrimoAutoEletrica\Models\CaixaOperacional.cs","40","public decimal ValorMovimento { get; set; }"
"decimal","PrimoAutoEletrica\Models\CaixaOperacional.cs","41","public decimal ValorInicial { get; set; }"
"Preco|Valor|Total|Custo|Desconto|Comissao|Saldo|Receber|Pagar","PrimoAutoEletrica\Models\CaixaOperacional.cs","41","public decimal ValorInicial { get; set; }"
"decimal","PrimoAutoEletrica\Models\CaixaOperacional.cs","42","public decimal ValorFinal { get; set; }"
"Preco|Valor|Total|Custo|Desconto|Comissao|Saldo|Receber|Pagar","PrimoAutoEletrica\Models\CaixaOperacional.cs","42","public decimal ValorFinal { get; set; }"
"decimal","PrimoAutoEletrica\Models\CaixaOperacional.cs","43","public decimal Sangrias { get; set; }"
"decimal","PrimoAutoEletrica\Models\CaixaOperacional.cs","44","public decimal Suprimentos { get; set; }"
"decimal","PrimoAutoEletrica\Models\CaixaOperacional.cs","45","public decimal Diferenca { get; set; }"
"Preco|Valor|Total|Custo|Desconto|Comissao|Saldo|Receber|Pagar","PrimoAutoEletrica\Models\CatalogoImportacao.cs","14","public int TotalLidos { get; set; }"
"Preco|Valor|Total|Custo|Desconto|Comissao|Saldo|Receber|Pagar","PrimoAutoEletrica\Models\CatalogoImportacao.cs","15","public int TotalImportados { get; set; }"
"Preco|Valor|Total|Custo|Desconto|Comissao|Saldo|Receber|Pagar","PrimoAutoEletrica\Models\CatalogoImportacao.cs","16","public int TotalDuplicados { get; set; }"
"Preco|Valor|Total|Custo|Desconto|Comissao|Saldo|Receber|Pagar","PrimoAutoEletrica\Models\CatalogoImportacao.cs","17","public int TotalComErro { get; set; }"
"Preco|Valor|Total|Custo|Desconto|Comissao|Saldo|Receber|Pagar","PrimoAutoEletrica\Models\CatalogoImportacaoPreview.cs","11","public int TotalItens { get; set; }"
"Preco|Valor|Total|Custo|Desconto|Comissao|Saldo|Receber|Pagar","PrimoAutoEletrica\Models\CatalogoImportacaoPreview.cs","12","public int TotalDuplicadosProvaveis { get; set; }"
"Preco|Valor|Total|Custo|Desconto|Comissao|Saldo|Receber|Pagar","PrimoAutoEletrica\Models\CatalogoImportacaoPreview.cs","13","public int TotalJaExistentes { get; set; }"
"Preco|Valor|Total|Custo|Desconto|Comissao|Saldo|Receber|Pagar","PrimoAutoEletrica\Models\CatalogoImportacaoPreview.cs","14","public int TotalIncompletos { get; set; }"
"Preco|Valor|Total|Custo|Desconto|Comissao|Saldo|Receber|Pagar","PrimoAutoEletrica\Models\CatalogoImportacaoPreview.cs","15","public int TotalComErro { get; set; }"
"Preco|Valor|Total|Custo|Desconto|Comissao|Saldo|Receber|Pagar","PrimoAutoEletrica\Models\CatalogoImportacaoPreview.cs","16","public int TotalValidos { get; set; }"
"Preco|Valor|Total|Custo|Desconto|Comissao|Saldo|Receber|Pagar","PrimoAutoEletrica\Models\CatalogoImportacaoPreview.cs","17","public int TotalSemNomeReal { get; set; }"
"Preco|Valor|Total|Custo|Desconto|Comissao|Saldo|Receber|Pagar","PrimoAutoEletrica\Models\CatalogoImportacaoPreview.cs","18","public int TotalSemDescricao { get; set; }"
"Preco|Valor|Total|Custo|Desconto|Comissao|Saldo|Receber|Pagar","PrimoAutoEletrica\Models\CatalogoPecaResumo.cs","5","public int TotalItens { get; set; }"
"decimal","PrimoAutoEletrica\Models\Cliente.cs","36","public decimal TotalGasto { get; set; }"
"Preco|Valor|Total|Custo|Desconto|Comissao|Saldo|Receber|Pagar","PrimoAutoEletrica\Models\Cliente.cs","36","public decimal TotalGasto { get; set; }"
"Preco|Valor|Total|Custo|Desconto|Comissao|Saldo|Receber|Pagar","PrimoAutoEletrica\Models\Cliente.cs","37","public int TotalServicos { get; set; }"
"double","PrimoAutoEletrica\Models\Filial.cs","80","public double? Latitude { get; set; }"
"double","PrimoAutoEletrica\Models\Filial.cs","85","public double? Longitude { get; set; }"
"decimal","PrimoAutoEletrica\Models\Fornecedor.cs","37","public decimal PedidoMinimo { get; set; } = 0;"
"decimal","PrimoAutoEletrica\Models\Fornecedor.cs","51","public decimal TotalCompras { get; set; } = 0;"
"Preco|Valor|Total|Custo|Desconto|Comissao|Saldo|Receber|Pagar","PrimoAutoEletrica\Models\Fornecedor.cs","51","public decimal TotalCompras { get; set; } = 0;"
"decimal","PrimoAutoEletrica\Models\Funcionario.cs","18","public decimal Salario { get; set; }"
"decimal","PrimoAutoEletrica\Models\HistoricoServico.cs","13","public decimal Valor { get; set; }"
"Preco|Valor|Total|Custo|Desconto|Comissao|Saldo|Receber|Pagar","PrimoAutoEletrica\Models\HistoricoServico.cs","13","public decimal Valor { get; set; }"
"Preco|Valor|Total|Custo|Desconto|Comissao|Saldo|Receber|Pagar","PrimoAutoEletrica\Models\ImportacaoRollbackResult.cs","13","public int TotalItens { get; set; }"
"decimal","PrimoAutoEletrica\Models\ItemVenda.cs","12","public decimal PrecoUnitario { get; set; }"
"Preco|Valor|Total|Custo|Desconto|Comissao|Saldo|Receber|Pagar","PrimoAutoEletrica\Models\ItemVenda.cs","12","public decimal PrecoUnitario { get; set; }"
"decimal","PrimoAutoEletrica\Models\ItemVenda.cs","13","public decimal CustoUnitario { get; set; }"
"Preco|Valor|Total|Custo|Desconto|Comissao|Saldo|Receber|Pagar","PrimoAutoEletrica\Models\ItemVenda.cs","13","public decimal CustoUnitario { get; set; }"
"decimal","PrimoAutoEletrica\Models\ItemVenda.cs","14","public decimal Desconto { get; set; }"
"Preco|Valor|Total|Custo|Desconto|Comissao|Saldo|Receber|Pagar","PrimoAutoEletrica\Models\ItemVenda.cs","14","public decimal Desconto { get; set; }"
"decimal","PrimoAutoEletrica\Models\ItemVenda.cs","19","public decimal Subtotal => (PrecoUnitario * Quantidade) - Desconto;"
"Preco|Valor|Total|Custo|Desconto|Comissao|Saldo|Receber|Pagar","PrimoAutoEletrica\Models\ItemVenda.cs","19","public decimal Subtotal => (PrecoUnitario * Quantidade) - Desconto;"
"decimal","PrimoAutoEletrica\Models\NotaFiscalImportada.cs","14","public decimal ValorTotal { get; set; }"
"Preco|Valor|Total|Custo|Desconto|Comissao|Saldo|Receber|Pagar","PrimoAutoEletrica\Models\NotaFiscalImportada.cs","14","public decimal ValorTotal { get; set; }"
"decimal","PrimoAutoEletrica\Models\NotaFiscalImportada.cs","15","public decimal ValorProdutos { get; set; }"
"Preco|Valor|Total|Custo|Desconto|Comissao|Saldo|Receber|Pagar","PrimoAutoEletrica\Models\NotaFiscalImportada.cs","15","public decimal ValorProdutos { get; set; }"
"decimal","PrimoAutoEletrica\Models\OficinaProfissional.cs","23","public decimal TotalEstimado => Cards.Sum(card => card.ValorEstimado);"
"Preco|Valor|Total|Custo|Desconto|Comissao|Saldo|Receber|Pagar","PrimoAutoEletrica\Models\OficinaProfissional.cs","23","public decimal TotalEstimado => Cards.Sum(card => card.ValorEstimado);"
"Preco|Valor|Total|Custo|Desconto|Comissao|Saldo|Receber|Pagar","PrimoAutoEletrica\Models\OficinaProfissional.cs","24","public string TotalEstimadoFormatado => TotalEstimado.ToString(""C"");"
"decimal","PrimoAutoEletrica\Models\OficinaProfissional.cs","43","public decimal ValorEstimado { get; set; }"
"Preco|Valor|Total|Custo|Desconto|Comissao|Saldo|Receber|Pagar","PrimoAutoEletrica\Models\OficinaProfissional.cs","43","public decimal ValorEstimado { get; set; }"
"Preco|Valor|Total|Custo|Desconto|Comissao|Saldo|Receber|Pagar","PrimoAutoEletrica\Models\OficinaProfissional.cs","44","public string ValorEstimadoFormatado => ValorEstimado.ToString(""C"");"
"decimal","PrimoAutoEletrica\Models\OficinaProfissional.cs","55","public decimal? Valor { get; set; }"
"Preco|Valor|Total|Custo|Desconto|Comissao|Saldo|Receber|Pagar","PrimoAutoEletrica\Models\OficinaProfissional.cs","55","public decimal? Valor { get; set; }"
"Preco|Valor|Total|Custo|Desconto|Comissao|Saldo|Receber|Pagar","PrimoAutoEletrica\Models\OficinaProfissional.cs","57","public string ValorResumo => Valor.HasValue ? Valor.Value.ToString(""C"") : string.Empty;"
"decimal","PrimoAutoEletrica\Models\Orcamento.cs","24","public decimal Subtotal { get; set; }"
"Preco|Valor|Total|Custo|Desconto|Comissao|Saldo|Receber|Pagar","PrimoAutoEletrica\Models\Orcamento.cs","24","public decimal Subtotal { get; set; }"
"decimal","PrimoAutoEletrica\Models\Orcamento.cs","25","public decimal Desconto { get; set; }"
"Preco|Valor|Total|Custo|Desconto|Comissao|Saldo|Receber|Pagar","PrimoAutoEletrica\Models\Orcamento.cs","25","public decimal Desconto { get; set; }"
"Preco|Valor|Total|Custo|Desconto|Comissao|Saldo|Receber|Pagar","PrimoAutoEletrica\Models\Orcamento.cs","26","public string DescontoTipo { get; set; } = ""Valor"";"
"decimal","PrimoAutoEletrica\Models\Orcamento.cs","27","public decimal DescontoPercentual { get; set; }"
"Preco|Valor|Total|Custo|Desconto|Comissao|Saldo|Receber|Pagar","PrimoAutoEletrica\Models\Orcamento.cs","27","public decimal DescontoPercentual { get; set; }"
"decimal","PrimoAutoEletrica\Models\Orcamento.cs","28","public decimal Acrescimo { get; set; }"
"decimal","PrimoAutoEletrica\Models\Orcamento.cs","29","public decimal Total { get; set; }"
"Preco|Valor|Total|Custo|Desconto|Comissao|Saldo|Receber|Pagar","PrimoAutoEletrica\Models\Orcamento.cs","29","public decimal Total { get; set; }"
"decimal","PrimoAutoEletrica\Models\Orcamento.cs","30","public decimal MargemLucro { get; set; }"
"Preco|Valor|Total|Custo|Desconto|Comissao|Saldo|Receber|Pagar","PrimoAutoEletrica\Models\Orcamento.cs","30","public decimal MargemLucro { get; set; }"
"decimal","PrimoAutoEletrica\Models\Orcamento.cs","31","public decimal LucroEstimado { get; set; }"
"Preco|Valor|Total|Custo|Desconto|Comissao|Saldo|Receber|Pagar","PrimoAutoEletrica\Models\Orcamento.cs","31","public decimal LucroEstimado { get; set; }"
"decimal","PrimoAutoEletrica\Models\Orcamento.cs","32","public decimal ComissaoVendedor { get; set; }"
"Preco|Valor|Total|Custo|Desconto|Comissao|Saldo|Receber|Pagar","PrimoAutoEletrica\Models\Orcamento.cs","32","public decimal ComissaoVendedor { get; set; }"
"decimal","PrimoAutoEletrica\Models\Orcamento.cs","33","public decimal ImpostosEstimados { get; set; }"
"decimal","PrimoAutoEletrica\Models\OrcamentoItem.cs","19","public decimal PrecoUnitario { get; set; }"
"Preco|Valor|Total|Custo|Desconto|Comissao|Saldo|Receber|Pagar","PrimoAutoEletrica\Models\OrcamentoItem.cs","19","public decimal PrecoUnitario { get; set; }"
"decimal","PrimoAutoEletrica\Models\OrcamentoItem.cs","20","public decimal PrecoCusto { get; set; }"
"Preco|Valor|Total|Custo|Desconto|Comissao|Saldo|Receber|Pagar","PrimoAutoEletrica\Models\OrcamentoItem.cs","20","public decimal PrecoCusto { get; set; }"
"decimal","PrimoAutoEletrica\Models\OrcamentoItem.cs","21","public decimal Desconto { get; set; }"
"Preco|Valor|Total|Custo|Desconto|Comissao|Saldo|Receber|Pagar","PrimoAutoEletrica\Models\OrcamentoItem.cs","21","public decimal Desconto { get; set; }"
"decimal","PrimoAutoEletrica\Models\OrcamentoItem.cs","22","public decimal Subtotal { get; set; }"
"Preco|Valor|Total|Custo|Desconto|Comissao|Saldo|Receber|Pagar","PrimoAutoEletrica\Models\OrcamentoItem.cs","22","public decimal Subtotal { get; set; }"
"decimal","PrimoAutoEletrica\Models\OrcamentoItem.cs","23","public decimal LucroEstimado { get; set; }"
"Preco|Valor|Total|Custo|Desconto|Comissao|Saldo|Receber|Pagar","PrimoAutoEletrica\Models\OrcamentoItem.cs","23","public decimal LucroEstimado { get; set; }"
"decimal","PrimoAutoEletrica\Models\OrcamentoItem.cs","24","public decimal MargemLucro { get; set; }"
"Preco|Valor|Total|Custo|Desconto|Comissao|Saldo|Receber|Pagar","PrimoAutoEletrica\Models\OrcamentoItem.cs","24","public decimal MargemLucro { get; set; }"
"decimal","PrimoAutoEletrica\Models\OrdemServico.cs","53","public decimal ValorMaoObra { get; set; }"
"Preco|Valor|Total|Custo|Desconto|Comissao|Saldo|Receber|Pagar","PrimoAutoEletrica\Models\OrdemServico.cs","53","public decimal ValorMaoObra { get; set; }"
"decimal","PrimoAutoEletrica\Models\OrdemServico.cs","54","public decimal Desconto { get; set; }"
"Preco|Valor|Total|Custo|Desconto|Comissao|Saldo|Receber|Pagar","PrimoAutoEletrica\Models\OrdemServico.cs","54","public decimal Desconto { get; set; }"
"decimal","PrimoAutoEletrica\Models\OrdemServicoItem.cs","13","public decimal Quantidade { get; set; } = 1;"
"decimal","PrimoAutoEletrica\Models\OrdemServicoItem.cs","14","public decimal ValorUnitario { get; set; }"
"Preco|Valor|Total|Custo|Desconto|Comissao|Saldo|Receber|Pagar","PrimoAutoEletrica\Models\OrdemServicoItem.cs","14","public decimal ValorUnitario { get; set; }"
"decimal","PrimoAutoEletrica\Models\OrdemServicoItem.cs","15","public decimal CustoUnitario { get; set; }"
"Preco|Valor|Total|Custo|Desconto|Comissao|Saldo|Receber|Pagar","PrimoAutoEletrica\Models\OrdemServicoItem.cs","15","public decimal CustoUnitario { get; set; }"
"decimal","PrimoAutoEletrica\Models\OrdemServicoItem.cs","20","public decimal Total => Quantidade * ValorUnitario;"
"Preco|Valor|Total|Custo|Desconto|Comissao|Saldo|Receber|Pagar","PrimoAutoEletrica\Models\OrdemServicoItem.cs","20","public decimal Total => Quantidade * ValorUnitario;"
"decimal","PrimoAutoEletrica\Models\OrdemServicoItem.cs","21","public decimal CustoTotal => Quantidade * CustoUnitario;"
"Preco|Valor|Total|Custo|Desconto|Comissao|Saldo|Receber|Pagar","PrimoAutoEletrica\Models\OrdemServicoItem.cs","21","public decimal CustoTotal => Quantidade * CustoUnitario;"
"decimal","PrimoAutoEletrica\Models\PagamentoCliente.cs","8","public decimal Valor { get; set; }"
"Preco|Valor|Total|Custo|Desconto|Comissao|Saldo|Receber|Pagar","PrimoAutoEletrica\Models\PagamentoCliente.cs","8","public decimal Valor { get; set; }"
"decimal","PrimoAutoEletrica\Models\Primox360Models.cs","17","public decimal ReceitaOsTotal { get; init; }"
"decimal","PrimoAutoEletrica\Models\Primox360Models.cs","18","public decimal ReceitaVendasTotal { get; init; }"
"decimal","PrimoAutoEletrica\Models\Primox360Models.cs","19","public decimal ReceitaTotal => ReceitaOsTotal + ReceitaVendasTotal;"
"decimal","PrimoAutoEletrica\Models\Primox360Models.cs","20","public decimal ReceitaOs12Meses { get; init; }"
"decimal","PrimoAutoEletrica\Models\Primox360Models.cs","21","public decimal ReceitaVendas12Meses { get; init; }"
"decimal","PrimoAutoEletrica\Models\Primox360Models.cs","22","public decimal Receita12Meses => ReceitaOs12Meses + ReceitaVendas12Meses;"
"decimal","PrimoAutoEletrica\Models\Primox360Models.cs","23","public decimal? TicketMedioOs { get; init; }"
"decimal","PrimoAutoEletrica\Models\Primox360Models.cs","27","public decimal ValorPerdidoOrcamentos { get; init; }"
"Preco|Valor|Total|Custo|Desconto|Comissao|Saldo|Receber|Pagar","PrimoAutoEletrica\Models\Primox360Models.cs","27","public decimal ValorPerdidoOrcamentos { get; init; }"
"decimal","PrimoAutoEletrica\Models\Primox360Models.cs","30","public decimal? TotalGastoCadastro { get; init; }"
"Preco|Valor|Total|Custo|Desconto|Comissao|Saldo|Receber|Pagar","PrimoAutoEletrica\Models\Primox360Models.cs","30","public decimal? TotalGastoCadastro { get; init; }"
"decimal","PrimoAutoEletrica\Models\Primox360Models.cs","32","public decimal DividaVinculadaPorId { get; init; }"
"decimal","PrimoAutoEletrica\Models\Primox360Models.cs","60","public decimal ReceitaAcumuladaPorVeiculoId { get; init; }"
"decimal","PrimoAutoEletrica\Models\Primox360Models.cs","84","public decimal TotalItens { get; init; }"
"Preco|Valor|Total|Custo|Desconto|Comissao|Saldo|Receber|Pagar","PrimoAutoEletrica\Models\Primox360Models.cs","84","public decimal TotalItens { get; init; }"
"decimal","PrimoAutoEletrica\Models\Primox360Models.cs","97","public decimal Valor { get; init; }"
"Preco|Valor|Total|Custo|Desconto|Comissao|Saldo|Receber|Pagar","PrimoAutoEletrica\Models\Primox360Models.cs","97","public decimal Valor { get; init; }"
"decimal","PrimoAutoEletrica\Models\Primox360Models.cs","116","public decimal Custo { get; init; }"
"Preco|Valor|Total|Custo|Desconto|Comissao|Saldo|Receber|Pagar","PrimoAutoEletrica\Models\Primox360Models.cs","116","public decimal Custo { get; init; }"
"decimal","PrimoAutoEletrica\Models\Primox360Models.cs","117","public decimal Preco { get; init; }"
"Preco|Valor|Total|Custo|Desconto|Comissao|Saldo|Receber|Pagar","PrimoAutoEletrica\Models\Primox360Models.cs","117","public decimal Preco { get; init; }"
"decimal","PrimoAutoEletrica\Models\Primox360Models.cs","118","public decimal MargemPercentual { get; init; }"
"Preco|Valor|Total|Custo|Desconto|Comissao|Saldo|Receber|Pagar","PrimoAutoEletrica\Models\Primox360Models.cs","118","public decimal MargemPercentual { get; init; }"
"decimal","PrimoAutoEletrica\Models\Primox360Models.cs","120","public decimal QuantidadeUsadaEmOs { get; init; }"
"decimal","PrimoAutoEletrica\Models\Primox360Models.cs","121","public decimal ValorUsadoEmOs { get; init; }"
"Preco|Valor|Total|Custo|Desconto|Comissao|Saldo|Receber|Pagar","PrimoAutoEletrica\Models\Primox360Models.cs","121","public decimal ValorUsadoEmOs { get; init; }"
"decimal","PrimoAutoEletrica\Models\Produto.cs","33","public decimal PrecoCompra { get; set; }"
"Preco|Valor|Total|Custo|Desconto|Comissao|Saldo|Receber|Pagar","PrimoAutoEletrica\Models\Produto.cs","33","public decimal PrecoCompra { get; set; }"
"decimal","PrimoAutoEletrica\Models\Produto.cs","34","public decimal PrecoVenda { get; set; }"
"Preco|Valor|Total|Custo|Desconto|Comissao|Saldo|Receber|Pagar","PrimoAutoEletrica\Models\Produto.cs","34","public decimal PrecoVenda { get; set; }"
"decimal","PrimoAutoEletrica\Models\Produto.cs","35","public decimal MargemLucro { get; set; }"
"Preco|Valor|Total|Custo|Desconto|Comissao|Saldo|Receber|Pagar","PrimoAutoEletrica\Models\Produto.cs","35","public decimal MargemLucro { get; set; }"
"decimal","PrimoAutoEletrica\Models\Produto.cs","36","public decimal ValorTotalEstoque { get; set; }"
"Preco|Valor|Total|Custo|Desconto|Comissao|Saldo|Receber|Pagar","PrimoAutoEletrica\Models\Produto.cs","36","public decimal ValorTotalEstoque { get; set; }"
"Preco|Valor|Total|Custo|Desconto|Comissao|Saldo|Receber|Pagar","PrimoAutoEletrica\Models\Produto.cs","71","public int TotalVendas { get; set; }"
"decimal","PrimoAutoEletrica\Models\Produto.cs","72","public decimal TotalFaturado { get; set; }"
"Preco|Valor|Total|Custo|Desconto|Comissao|Saldo|Receber|Pagar","PrimoAutoEletrica\Models\Produto.cs","72","public decimal TotalFaturado { get; set; }"
"decimal","PrimoAutoEletrica\Models\Produto.cs","83","public decimal ParticipacaoEstoquePercentual { get; set; }"
"decimal","PrimoAutoEletrica\Models\Produto.cs","87","public decimal ReceitaEstimadaTotal { get; set; }"
"decimal","PrimoAutoEletrica\Models\ProdutoFornecedor.cs","14","public decimal PrecoUltimaCompra { get; set; }"
"Preco|Valor|Total|Custo|Desconto|Comissao|Saldo|Receber|Pagar","PrimoAutoEletrica\Models\ProdutoFornecedor.cs","14","public decimal PrecoUltimaCompra { get; set; }"
"decimal","PrimoAutoEletrica\Models\ProdutoFornecedor.cs","15","public decimal QuantidadeUltimaCompra { get; set; }"
"decimal","PrimoAutoEletrica\Models\ProdutoFornecedor.cs","18","public decimal ValorCompras { get; set; }"
"Preco|Valor|Total|Custo|Desconto|Comissao|Saldo|Receber|Pagar","PrimoAutoEletrica\Models\ProdutoFornecedor.cs","18","public decimal ValorCompras { get; set; }"
"decimal","PrimoAutoEletrica\Models\ProdutoImportacaoSnapshot.cs","16","public decimal PrecoCompra { get; set; }"
"Preco|Valor|Total|Custo|Desconto|Comissao|Saldo|Receber|Pagar","PrimoAutoEletrica\Models\ProdutoImportacaoSnapshot.cs","16","public decimal PrecoCompra { get; set; }"
"decimal","PrimoAutoEletrica\Models\ProdutoImportacaoSnapshot.cs","17","public decimal PrecoVenda { get; set; }"
"Preco|Valor|Total|Custo|Desconto|Comissao|Saldo|Receber|Pagar","PrimoAutoEletrica\Models\ProdutoImportacaoSnapshot.cs","17","public decimal PrecoVenda { get; set; }"
"decimal","PrimoAutoEletrica\Models\ProdutoImportacaoSnapshot.cs","18","public decimal MargemLucro { get; set; }"
"Preco|Valor|Total|Custo|Desconto|Comissao|Saldo|Receber|Pagar","PrimoAutoEletrica\Models\ProdutoImportacaoSnapshot.cs","18","public decimal MargemLucro { get; set; }"
"decimal","PrimoAutoEletrica\Models\ProdutoImportacaoSnapshot.cs","19","public decimal ValorTotalEstoque { get; set; }"
"Preco|Valor|Total|Custo|Desconto|Comissao|Saldo|Receber|Pagar","PrimoAutoEletrica\Models\ProdutoImportacaoSnapshot.cs","19","public decimal ValorTotalEstoque { get; set; }"
"Preco|Valor|Total|Custo|Desconto|Comissao|Saldo|Receber|Pagar","PrimoAutoEletrica\Models\ProdutoImportacaoSnapshot.cs","34","PrecoCompra = produto.PrecoCompra,"
"Preco|Valor|Total|Custo|Desconto|Comissao|Saldo|Receber|Pagar","PrimoAutoEletrica\Models\ProdutoImportacaoSnapshot.cs","35","PrecoVenda = produto.PrecoVenda,"
"Preco|Valor|Total|Custo|Desconto|Comissao|Saldo|Receber|Pagar","PrimoAutoEletrica\Models\ProdutoImportacaoSnapshot.cs","36","MargemLucro = produto.MargemLucro,"
"Preco|Valor|Total|Custo|Desconto|Comissao|Saldo|Receber|Pagar","PrimoAutoEletrica\Models\ProdutoImportacaoSnapshot.cs","37","ValorTotalEstoque = produto.ValorTotalEstoque,"
"Preco|Valor|Total|Custo|Desconto|Comissao|Saldo|Receber|Pagar","PrimoAutoEletrica\Models\ProdutoImportacaoSnapshot.cs","79","&& DecimalIgual(PrecoCompra, outro.PrecoCompra)"
"Preco|Valor|Total|Custo|Desconto|Comissao|Saldo|Receber|Pagar","PrimoAutoEletrica\Models\ProdutoImportacaoSnapshot.cs","80","&& DecimalIgual(PrecoVenda, outro.PrecoVenda)"
"Preco|Valor|Total|Custo|Desconto|Comissao|Saldo|Receber|Pagar","PrimoAutoEletrica\Models\ProdutoImportacaoSnapshot.cs","81","&& DecimalIgual(MargemLucro, outro.MargemLucro)"
"Preco|Valor|Total|Custo|Desconto|Comissao|Saldo|Receber|Pagar","PrimoAutoEletrica\Models\ProdutoImportacaoSnapshot.cs","82","&& DecimalIgual(ValorTotalEstoque, outro.ValorTotalEstoque)"
"decimal","PrimoAutoEletrica\Models\ProdutoImportacaoSnapshot.cs","96","private static bool DecimalIgual(decimal esquerdo, decimal direito)"
"Preco|Valor|Total|Custo|Desconto|Comissao|Saldo|Receber|Pagar","PrimoAutoEletrica\Models\ProdutoImportacaoSnapshot.cs","113","return Math.Abs((esquerdo.Value - direito.Value).TotalSeconds) <= 2;"
"decimal","PrimoAutoEletrica\Models\ProdutoImportado.cs","15","private decimal _quantidade;"
"decimal","PrimoAutoEletrica\Models\ProdutoImportado.cs","16","private decimal _valorUnitario;"
"decimal","PrimoAutoEletrica\Models\ProdutoImportado.cs","17","private decimal _valorTotal;"
"decimal","PrimoAutoEletrica\Models\ProdutoImportado.cs","25","private decimal _margemAplicada = 200m;"
"decimal","PrimoAutoEletrica\Models\ProdutoImportado.cs","26","private decimal _precoVendaSugerido;"
"decimal","PrimoAutoEletrica\Models\ProdutoImportado.cs","64","public decimal Quantidade"
"decimal","PrimoAutoEletrica\Models\ProdutoImportado.cs","70","public decimal ValorUnitario"
"Preco|Valor|Total|Custo|Desconto|Comissao|Saldo|Receber|Pagar","PrimoAutoEletrica\Models\ProdutoImportado.cs","70","public decimal ValorUnitario"
"decimal","PrimoAutoEletrica\Models\ProdutoImportado.cs","76","public decimal ValorTotal"
"Preco|Valor|Total|Custo|Desconto|Comissao|Saldo|Receber|Pagar","PrimoAutoEletrica\Models\ProdutoImportado.cs","76","public decimal ValorTotal"
"decimal","PrimoAutoEletrica\Models\ProdutoImportado.cs","162","public decimal MargemAplicada"
"Preco|Valor|Total|Custo|Desconto|Comissao|Saldo|Receber|Pagar","PrimoAutoEletrica\Models\ProdutoImportado.cs","162","public decimal MargemAplicada"
"decimal","PrimoAutoEletrica\Models\ProdutoImportado.cs","174","public decimal PrecoVendaSugerido"
"Preco|Valor|Total|Custo|Desconto|Comissao|Saldo|Receber|Pagar","PrimoAutoEletrica\Models\ProdutoImportado.cs","174","public decimal PrecoVendaSugerido"
"Preco|Valor|Total|Custo|Desconto|Comissao|Saldo|Receber|Pagar","PrimoAutoEletrica\Models\ProdutoImportado.cs","243","if (ValorUnitario <= 0)"
"Preco|Valor|Total|Custo|Desconto|Comissao|Saldo|Receber|Pagar","PrimoAutoEletrica\Models\ProdutoImportado.cs","245","PrecoVendaSugerido = 0;"
"Preco|Valor|Total|Custo|Desconto|Comissao|Saldo|Receber|Pagar","PrimoAutoEletrica\Models\ProdutoImportado.cs","249","var fator = 1m + (MargemAplicada / 100m);"
"Preco|Valor|Total|Custo|Desconto|Comissao|Saldo|Receber|Pagar","PrimoAutoEletrica\Models\ProdutoImportado.cs","250","PrecoVendaSugerido = Math.Round(ValorUnitario * fator, 2, MidpointRounding.AwayFromZero);"
"decimal","PrimoAutoEletrica\Models\Relatorio.cs","17","public decimal ValorTotal { get; set; }"
"Preco|Valor|Total|Custo|Desconto|Comissao|Saldo|Receber|Pagar","PrimoAutoEletrica\Models\Relatorio.cs","17","public decimal ValorTotal { get; set; }"
"Preco|Valor|Total|Custo|Desconto|Comissao|Saldo|Receber|Pagar","PrimoAutoEletrica\Models\Relatorio.cs","18","public int TotalRegistros { get; set; }"
"Preco|Valor|Total|Custo|Desconto|Comissao|Saldo|Receber|Pagar","PrimoAutoEletrica\Models\Relatorio.cs","27","public string Tipo { get; set; } = string.Empty; // Receita, Despesa, Lucro"
"decimal","PrimoAutoEletrica\Models\Relatorio.cs","30","public decimal Valor { get; set; }"
"Preco|Valor|Total|Custo|Desconto|Comissao|Saldo|Receber|Pagar","PrimoAutoEletrica\Models\Relatorio.cs","30","public decimal Valor { get; set; }"
"decimal","PrimoAutoEletrica\Models\Relatorio.cs","39","public decimal ReceitasConfirmadas { get; set; }"
"decimal","PrimoAutoEletrica\Models\Relatorio.cs","40","public decimal DespesasConfirmadas { get; set; }"
"decimal","PrimoAutoEletrica\Models\Relatorio.cs","41","public decimal ContasReceberPendentes { get; set; }"
"decimal","PrimoAutoEletrica\Models\Relatorio.cs","42","public decimal ContasPagarPendentes { get; set; }"
"decimal","PrimoAutoEletrica\Models\Relatorio.cs","43","public decimal InadimplenciaEmAberto { get; set; }"
"decimal","PrimoAutoEletrica\Models\Relatorio.cs","44","public decimal ResultadoOperacional => ReceitasConfirmadas - DespesasConfirmadas;"
"decimal","PrimoAutoEletrica\Models\Relatorio.cs","45","public decimal ResultadoProjetado => ResultadoOperacional + ContasReceberPendentes - ContasPagarPendentes;"
"decimal","PrimoAutoEletrica\Models\Relatorio.cs","52","public decimal FaturamentoPeriodo { get; set; }"
"decimal","PrimoAutoEletrica\Models\Relatorio.cs","53","public decimal LucroOrdensServico { get; set; }"
"Preco|Valor|Total|Custo|Desconto|Comissao|Saldo|Receber|Pagar","PrimoAutoEletrica\Models\Relatorio.cs","53","public decimal LucroOrdensServico { get; set; }"
"decimal","PrimoAutoEletrica\Models\Relatorio.cs","54","public decimal LucroProdutos { get; set; }"
"Preco|Valor|Total|Custo|Desconto|Comissao|Saldo|Receber|Pagar","PrimoAutoEletrica\Models\Relatorio.cs","54","public decimal LucroProdutos { get; set; }"
"decimal","PrimoAutoEletrica\Models\Relatorio.cs","55","public decimal LucroServicos { get; set; }"
"Preco|Valor|Total|Custo|Desconto|Comissao|Saldo|Receber|Pagar","PrimoAutoEletrica\Models\Relatorio.cs","55","public decimal LucroServicos { get; set; }"
"decimal","PrimoAutoEletrica\Models\Relatorio.cs","56","public decimal DespesasFixas { get; set; }"
"decimal","PrimoAutoEletrica\Models\Relatorio.cs","57","public decimal DespesasVariaveis { get; set; }"
"decimal","PrimoAutoEletrica\Models\Relatorio.cs","58","public decimal RecebimentosPorForma { get; set; }"
"decimal","PrimoAutoEletrica\Models\Relatorio.cs","59","public decimal SaldoCaixaOperadores { get; set; }"
"Preco|Valor|Total|Custo|Desconto|Comissao|Saldo|Receber|Pagar","PrimoAutoEletrica\Models\Relatorio.cs","59","public decimal SaldoCaixaOperadores { get; set; }"
"decimal","PrimoAutoEletrica\Models\Relatorio.cs","60","public decimal Inadimplencia { get; set; }"
"decimal","PrimoAutoEletrica\Models\Relatorio.cs","61","public decimal ResultadoGeral => FaturamentoPeriodo - DespesasFixas - DespesasVariaveis;"
"Preco|Valor|Total|Custo|Desconto|Comissao|Saldo|Receber|Pagar","PrimoAutoEletrica\Models\Relatorio.cs","64","public class LucroFinanceiroItem"
"decimal","PrimoAutoEletrica\Models\Relatorio.cs","69","public decimal Quantidade { get; set; }"
"decimal","PrimoAutoEletrica\Models\Relatorio.cs","70","public decimal Receita { get; set; }"
"decimal","PrimoAutoEletrica\Models\Relatorio.cs","71","public decimal Custo { get; set; }"
"Preco|Valor|Total|Custo|Desconto|Comissao|Saldo|Receber|Pagar","PrimoAutoEletrica\Models\Relatorio.cs","71","public decimal Custo { get; set; }"
"decimal","PrimoAutoEletrica\Models\Relatorio.cs","72","public decimal LucroBruto { get; set; }"
"Preco|Valor|Total|Custo|Desconto|Comissao|Saldo|Receber|Pagar","PrimoAutoEletrica\Models\Relatorio.cs","72","public decimal LucroBruto { get; set; }"
"decimal","PrimoAutoEletrica\Models\Relatorio.cs","73","public decimal MargemPercentual { get; set; }"
"Preco|Valor|Total|Custo|Desconto|Comissao|Saldo|Receber|Pagar","PrimoAutoEletrica\Models\Relatorio.cs","73","public decimal MargemPercentual { get; set; }"
"decimal","PrimoAutoEletrica\Models\Relatorio.cs","81","public decimal Valor { get; set; }"
"Preco|Valor|Total|Custo|Desconto|Comissao|Saldo|Receber|Pagar","PrimoAutoEletrica\Models\Relatorio.cs","81","public decimal Valor { get; set; }"
"decimal","PrimoAutoEletrica\Models\Relatorio.cs","83","public decimal Percentual { get; set; }"
"decimal","PrimoAutoEletrica\Models\Relatorio.cs","90","public decimal Valor { get; set; }"
"Preco|Valor|Total|Custo|Desconto|Comissao|Saldo|Receber|Pagar","PrimoAutoEletrica\Models\Relatorio.cs","90","public decimal Valor { get; set; }"
"decimal","PrimoAutoEletrica\Models\Relatorio.cs","92","public decimal Percentual { get; set; }"
"decimal","PrimoAutoEletrica\Models\Relatorio.cs","98","public decimal Entradas { get; set; }"
"decimal","PrimoAutoEletrica\Models\Relatorio.cs","99","public decimal Saidas { get; set; }"
"decimal","PrimoAutoEletrica\Models\Relatorio.cs","100","public decimal Saldo { get; set; }"
"Preco|Valor|Total|Custo|Desconto|Comissao|Saldo|Receber|Pagar","PrimoAutoEletrica\Models\Relatorio.cs","100","public decimal Saldo { get; set; }"
"decimal","PrimoAutoEletrica\Models\Relatorio.cs","101","public decimal TotalVendas { get; set; }"
"Preco|Valor|Total|Custo|Desconto|Comissao|Saldo|Receber|Pagar","PrimoAutoEletrica\Models\Relatorio.cs","101","public decimal TotalVendas { get; set; }"
"decimal","PrimoAutoEletrica\Models\Relatorio.cs","104","public decimal TicketMedio => QuantidadeVendas > 0 ? TotalVendas / QuantidadeVendas : 0m;"
"Preco|Valor|Total|Custo|Desconto|Comissao|Saldo|Receber|Pagar","PrimoAutoEletrica\Models\Relatorio.cs","104","public decimal TicketMedio => QuantidadeVendas > 0 ? TotalVendas / QuantidadeVendas : 0m;"
"decimal","PrimoAutoEletrica\Models\Relatorio.cs","111","public decimal Receitas { get; set; }"
"decimal","PrimoAutoEletrica\Models\Relatorio.cs","112","public decimal Despesas { get; set; }"
"decimal","PrimoAutoEletrica\Models\Relatorio.cs","113","public decimal Resultado => Receitas - Despesas;"
"decimal","PrimoAutoEletrica\Models\Relatorio.cs","124","public decimal ValorTotal { get; set; }"
"Preco|Valor|Total|Custo|Desconto|Comissao|Saldo|Receber|Pagar","PrimoAutoEletrica\Models\Relatorio.cs","124","public decimal ValorTotal { get; set; }"
"decimal","PrimoAutoEletrica\Models\Relatorio.cs","125","public decimal Desconto { get; set; }"
"Preco|Valor|Total|Custo|Desconto|Comissao|Saldo|Receber|Pagar","PrimoAutoEletrica\Models\Relatorio.cs","125","public decimal Desconto { get; set; }"
"decimal","PrimoAutoEletrica\Models\Relatorio.cs","126","public decimal Lucro { get; set; }"
"Preco|Valor|Total|Custo|Desconto|Comissao|Saldo|Receber|Pagar","PrimoAutoEletrica\Models\Relatorio.cs","126","public decimal Lucro { get; set; }"
"decimal","PrimoAutoEletrica\Models\Relatorio.cs","138","public decimal ReceitaTotal { get; set; }"
"decimal","PrimoAutoEletrica\Models\Relatorio.cs","139","public decimal CustoTotal { get; set; }"
"Preco|Valor|Total|Custo|Desconto|Comissao|Saldo|Receber|Pagar","PrimoAutoEletrica\Models\Relatorio.cs","139","public decimal CustoTotal { get; set; }"
"decimal","PrimoAutoEletrica\Models\Relatorio.cs","140","public decimal LucroBruto { get; set; }"
"Preco|Valor|Total|Custo|Desconto|Comissao|Saldo|Receber|Pagar","PrimoAutoEletrica\Models\Relatorio.cs","140","public decimal LucroBruto { get; set; }"
"decimal","PrimoAutoEletrica\Models\Relatorio.cs","141","public decimal MargemPercentual { get; set; }"
"Preco|Valor|Total|Custo|Desconto|Comissao|Saldo|Receber|Pagar","PrimoAutoEletrica\Models\Relatorio.cs","141","public decimal MargemPercentual { get; set; }"
"decimal","PrimoAutoEletrica\Models\Relatorio.cs","151","public decimal Faturamento { get; set; }"
"decimal","PrimoAutoEletrica\Models\Relatorio.cs","152","public decimal TicketMedio { get; set; }"
"decimal","PrimoAutoEletrica\Models\Relatorio.cs","160","public decimal Valor { get; set; }"
"Preco|Valor|Total|Custo|Desconto|Comissao|Saldo|Receber|Pagar","PrimoAutoEletrica\Models\Relatorio.cs","160","public decimal Valor { get; set; }"
"decimal","PrimoAutoEletrica\Models\Relatorio.cs","180","public decimal TotalVendas { get; set; }"
"Preco|Valor|Total|Custo|Desconto|Comissao|Saldo|Receber|Pagar","PrimoAutoEletrica\Models\Relatorio.cs","180","public decimal TotalVendas { get; set; }"
"decimal","PrimoAutoEletrica\Models\Relatorio.cs","181","public decimal EntradasFinanceiras { get; set; }"
"decimal","PrimoAutoEletrica\Models\Relatorio.cs","182","public decimal Diferenca => TotalVendas - EntradasFinanceiras;"
"Preco|Valor|Total|Custo|Desconto|Comissao|Saldo|Receber|Pagar","PrimoAutoEletrica\Models\Relatorio.cs","182","public decimal Diferenca => TotalVendas - EntradasFinanceiras;"
"decimal","PrimoAutoEletrica\Models\Relatorio.cs","201","public decimal ValorTotal { get; set; }"
"Preco|Valor|Total|Custo|Desconto|Comissao|Saldo|Receber|Pagar","PrimoAutoEletrica\Models\Relatorio.cs","201","public decimal ValorTotal { get; set; }"
"decimal","PrimoAutoEletrica\Models\Relatorio.cs","202","public decimal LucroBruto { get; set; }"
"Preco|Valor|Total|Custo|Desconto|Comissao|Saldo|Receber|Pagar","PrimoAutoEletrica\Models\Relatorio.cs","202","public decimal LucroBruto { get; set; }"
"Preco|Valor|Total|Custo|Desconto|Comissao|Saldo|Receber|Pagar","PrimoAutoEletrica\Models\Relatorio.cs","203","public int TotalItens { get; set; }"
"Preco|Valor|Total|Custo|Desconto|Comissao|Saldo|Receber|Pagar","PrimoAutoEletrica\Models\Relatorio.cs","212","public int TotalOrdens => OrdensAbertas + OrdensFinalizadas;"
"decimal","PrimoAutoEletrica\Models\Relatorio.cs","213","public decimal ValorTotal { get; set; }"
"Preco|Valor|Total|Custo|Desconto|Comissao|Saldo|Receber|Pagar","PrimoAutoEletrica\Models\Relatorio.cs","213","public decimal ValorTotal { get; set; }"
"decimal","PrimoAutoEletrica\Models\Relatorio.cs","214","public decimal LucroBruto { get; set; }"
"Preco|Valor|Total|Custo|Desconto|Comissao|Saldo|Receber|Pagar","PrimoAutoEletrica\Models\Relatorio.cs","214","public decimal LucroBruto { get; set; }"
"decimal","PrimoAutoEletrica\Models\Relatorio.cs","216","public decimal TicketMedio => TotalOrdens > 0 ? ValorTotal / TotalOrdens : 0m;"
"Preco|Valor|Total|Custo|Desconto|Comissao|Saldo|Receber|Pagar","PrimoAutoEletrica\Models\Relatorio.cs","216","public decimal TicketMedio => TotalOrdens > 0 ? ValorTotal / TotalOrdens : 0m;"
"decimal","PrimoAutoEletrica\Models\Relatorio.cs","223","public decimal Quantidade { get; set; }"
"decimal","PrimoAutoEletrica\Models\Relatorio.cs","224","public decimal ReceitaTotal { get; set; }"
"decimal","PrimoAutoEletrica\Models\Relatorio.cs","225","public decimal CustoTotal { get; set; }"
"Preco|Valor|Total|Custo|Desconto|Comissao|Saldo|Receber|Pagar","PrimoAutoEletrica\Models\Relatorio.cs","225","public decimal CustoTotal { get; set; }"
"decimal","PrimoAutoEletrica\Models\Relatorio.cs","226","public decimal LucroBruto => ReceitaTotal - CustoTotal;"
"Preco|Valor|Total|Custo|Desconto|Comissao|Saldo|Receber|Pagar","PrimoAutoEletrica\Models\Relatorio.cs","226","public decimal LucroBruto => ReceitaTotal - CustoTotal;"
"decimal","PrimoAutoEletrica\Models\Relatorio.cs","227","public decimal MargemPercentual => ReceitaTotal > 0 ? LucroBruto / ReceitaTotal * 100m : 0m;"
"Preco|Valor|Total|Custo|Desconto|Comissao|Saldo|Receber|Pagar","PrimoAutoEletrica\Models\Relatorio.cs","227","public decimal MargemPercentual => ReceitaTotal > 0 ? LucroBruto / ReceitaTotal * 100m : 0m;"
"decimal","PrimoAutoEletrica\Models\Relatorio.cs","241","public decimal ValorUnitario { get; set; }"
"Preco|Valor|Total|Custo|Desconto|Comissao|Saldo|Receber|Pagar","PrimoAutoEletrica\Models\Relatorio.cs","241","public decimal ValorUnitario { get; set; }"
"decimal","PrimoAutoEletrica\Models\Relatorio.cs","242","public decimal ValorTotal { get; set; }"
"Preco|Valor|Total|Custo|Desconto|Comissao|Saldo|Receber|Pagar","PrimoAutoEletrica\Models\Relatorio.cs","242","public decimal ValorTotal { get; set; }"
"Preco|Valor|Total|Custo|Desconto|Comissao|Saldo|Receber|Pagar","PrimoAutoEletrica\Models\Relatorio.cs","243","public string CurvaAbc { get; set; } = ""Sem valor"";"
"decimal","PrimoAutoEletrica\Models\Relatorio.cs","244","public decimal ParticipacaoEstoquePercentual { get; set; }"
"decimal","PrimoAutoEletrica\Models\Relatorio.cs","245","public decimal ParticipacaoAcumuladaPercentual { get; set; }"
"decimal","PrimoAutoEletrica\Models\Relatorio.cs","258","public decimal TotalCompras { get; set; }"
"Preco|Valor|Total|Custo|Desconto|Comissao|Saldo|Receber|Pagar","PrimoAutoEletrica\Models\Relatorio.cs","258","public decimal TotalCompras { get; set; }"
"decimal","PrimoAutoEletrica\Models\Relatorio.cs","260","public decimal TicketMedio { get; set; }"
"decimal","PrimoAutoEletrica\Models\Relatorio.cs","262","public decimal LimiteCredito { get; set; }"
"decimal","PrimoAutoEletrica\Models\Relatorio.cs","263","public decimal Inadimplencia { get; set; }"
"decimal","PrimoAutoEletrica\Models\Relatorio.cs","276","public decimal ValorTotal { get; set; }"
"Preco|Valor|Total|Custo|Desconto|Comissao|Saldo|Receber|Pagar","PrimoAutoEletrica\Models\Relatorio.cs","276","public decimal ValorTotal { get; set; }"
"decimal","PrimoAutoEletrica\Models\Relatorio.cs","288","public decimal ValorInicial { get; set; }"
"Preco|Valor|Total|Custo|Desconto|Comissao|Saldo|Receber|Pagar","PrimoAutoEletrica\Models\Relatorio.cs","288","public decimal ValorInicial { get; set; }"
"decimal","PrimoAutoEletrica\Models\Relatorio.cs","289","public decimal ValorFinal { get; set; }"
"Preco|Valor|Total|Custo|Desconto|Comissao|Saldo|Receber|Pagar","PrimoAutoEletrica\Models\Relatorio.cs","289","public decimal ValorFinal { get; set; }"
"decimal","PrimoAutoEletrica\Models\Relatorio.cs","290","public decimal Sangrias { get; set; }"
"decimal","PrimoAutoEletrica\Models\Relatorio.cs","291","public decimal Suprimentos { get; set; }"
"decimal","PrimoAutoEletrica\Models\Relatorio.cs","292","public decimal Diferenca { get; set; }"
"Preco|Valor|Total|Custo|Desconto|Comissao|Saldo|Receber|Pagar","PrimoAutoEletrica\Models\Relatorio.cs","300","public string Tipo { get; set; } = string.Empty; // Vendas, Faturamento, Lucro"
"decimal","PrimoAutoEletrica\Models\Relatorio.cs","302","public decimal MetaValor { get; set; }"
"decimal","PrimoAutoEletrica\Models\Relatorio.cs","303","public decimal ValorAtual { get; set; }"
"Preco|Valor|Total|Custo|Desconto|Comissao|Saldo|Receber|Pagar","PrimoAutoEletrica\Models\Relatorio.cs","303","public decimal ValorAtual { get; set; }"
"decimal","PrimoAutoEletrica\Models\Relatorio.cs","304","public decimal PercentualAtingido { get; set; }"
"Preco|Valor|Total|Custo|Desconto|Comissao|Saldo|Receber|Pagar","PrimoAutoEletrica\Models\Relatorio.cs","336","public string ValorAnterior { get; set; } = string.Empty;"
"Preco|Valor|Total|Custo|Desconto|Comissao|Saldo|Receber|Pagar","PrimoAutoEletrica\Models\Relatorio.cs","337","public string ValorNovo { get; set; } = string.Empty;"
"decimal","PrimoAutoEletrica\Models\Relatorio.cs","349","public decimal? Valor { get; set; }"
"Preco|Valor|Total|Custo|Desconto|Comissao|Saldo|Receber|Pagar","PrimoAutoEletrica\Models\Relatorio.cs","349","public decimal? Valor { get; set; }"
"decimal","PrimoAutoEletrica\Models\Relatorio.cs","358","public decimal ValorAtual { get; set; }"
"Preco|Valor|Total|Custo|Desconto|Comissao|Saldo|Receber|Pagar","PrimoAutoEletrica\Models\Relatorio.cs","358","public decimal ValorAtual { get; set; }"
"decimal","PrimoAutoEletrica\Models\Relatorio.cs","359","public decimal ValorAnterior { get; set; }"
"Preco|Valor|Total|Custo|Desconto|Comissao|Saldo|Receber|Pagar","PrimoAutoEletrica\Models\Relatorio.cs","359","public decimal ValorAnterior { get; set; }"
"decimal","PrimoAutoEletrica\Models\Relatorio.cs","360","public decimal Variacao { get; set; }"
"decimal","PrimoAutoEletrica\Models\Relatorio.cs","361","public decimal PercentualVariacao { get; set; }"
"Preco|Valor|Total|Custo|Desconto|Comissao|Saldo|Receber|Pagar","PrimoAutoEletrica\Models\Relatorio.cs","382","public int TotalItens { get; set; }"
"Preco|Valor|Total|Custo|Desconto|Comissao|Saldo|Receber|Pagar","PrimoAutoEletrica\Models\Relatorio.cs","383","public int TotalPaginas { get; set; }"
"Preco|Valor|Total|Custo|Desconto|Comissao|Saldo|Receber|Pagar","PrimoAutoEletrica\Models\Relatorio.cs","385","public bool TemProximaPagina => PaginaAtual < TotalPaginas;"
"decimal","PrimoAutoEletrica\Models\ServicoCliente.cs","11","public decimal Valor { get; set; }"
"Preco|Valor|Total|Custo|Desconto|Comissao|Saldo|Receber|Pagar","PrimoAutoEletrica\Models\ServicoCliente.cs","11","public decimal Valor { get; set; }"
"decimal","PrimoAutoEletrica\Models\Venda.cs","12","public decimal Total { get; set; }"
"Preco|Valor|Total|Custo|Desconto|Comissao|Saldo|Receber|Pagar","PrimoAutoEletrica\Models\Venda.cs","12","public decimal Total { get; set; }"
"decimal","PrimoAutoEletrica\Models\Venda.cs","14","public decimal Desconto { get; set; }"
"Preco|Valor|Total|Custo|Desconto|Comissao|Saldo|Receber|Pagar","PrimoAutoEletrica\Models\Venda.cs","14","public decimal Desconto { get; set; }"
"Preco|Valor|Total|Custo|Desconto|Comissao|Saldo|Receber|Pagar","PrimoAutoEletrica\Repositories\ClienteRepository.cs","35","TotalGasto,"
"Preco|Valor|Total|Custo|Desconto|Comissao|Saldo|Receber|Pagar","PrimoAutoEletrica\Repositories\ClienteRepository.cs","36","TotalServicos,"
"Preco|Valor|Total|Custo|Desconto|Comissao|Saldo|Receber|Pagar","PrimoAutoEletrica\Repositories\ClienteRepository.cs","211","@TotalGasto,"
"Preco|Valor|Total|Custo|Desconto|Comissao|Saldo|Receber|Pagar","PrimoAutoEletrica\Repositories\ClienteRepository.cs","212","@TotalServicos,"
"Preco|Valor|Total|Custo|Desconto|Comissao|Saldo|Receber|Pagar","PrimoAutoEletrica\Repositories\ClienteRepository.cs","281","TotalGasto = @TotalGasto,"
"Preco|Valor|Total|Custo|Desconto|Comissao|Saldo|Receber|Pagar","PrimoAutoEletrica\Repositories\ClienteRepository.cs","282","TotalServicos = @TotalServicos,"
"Preco|Valor|Total|Custo|Desconto|Comissao|Saldo|Receber|Pagar","PrimoAutoEletrica\Repositories\ClienteRepository.cs","760","TotalGasto = ReadDecimal(reader, 17),"
"Preco|Valor|Total|Custo|Desconto|Comissao|Saldo|Receber|Pagar","PrimoAutoEletrica\Repositories\ClienteRepository.cs","761","TotalServicos = ReadInt(reader, 18),"
"Preco|Valor|Total|Custo|Desconto|Comissao|Saldo|Receber|Pagar","PrimoAutoEletrica\Repositories\ClienteRepository.cs","846","command.Parameters.AddWithValue(""@TotalGasto"", cliente.TotalGasto);"
"Preco|Valor|Total|Custo|Desconto|Comissao|Saldo|Receber|Pagar","PrimoAutoEletrica\Repositories\ClienteRepository.cs","847","command.Parameters.AddWithValue(""@TotalServicos"", cliente.TotalServicos);"
"decimal","PrimoAutoEletrica\Repositories\ClienteRepository.cs","1165","decimal totalGasto = 0;"
"Preco|Valor|Total|Custo|Desconto|Comissao|Saldo|Receber|Pagar","PrimoAutoEletrica\Repositories\ClienteRepository.cs","1165","decimal totalGasto = 0;"
"Preco|Valor|Total|Custo|Desconto|Comissao|Saldo|Receber|Pagar","PrimoAutoEletrica\Repositories\ClienteRepository.cs","1166","var totalServicos = 0;"
"Preco|Valor|Total|Custo|Desconto|Comissao|Saldo|Receber|Pagar","PrimoAutoEletrica\Repositories\ClienteRepository.cs","1175","COALESCE(SUM(Resumo.ValorItens - COALESCE(Resumo.Desconto, 0)), 0) AS TotalGasto,"
"Preco|Valor|Total|Custo|Desconto|Comissao|Saldo|Receber|Pagar","PrimoAutoEletrica\Repositories\ClienteRepository.cs","1176","COUNT(*) AS TotalServicos,"
"Preco|Valor|Total|Custo|Desconto|Comissao|Saldo|Receber|Pagar","PrimoAutoEletrica\Repositories\ClienteRepository.cs","1182","os.Desconto,"
"Preco|Valor|Total|Custo|Desconto|Comissao|Saldo|Receber|Pagar","PrimoAutoEletrica\Repositories\ClienteRepository.cs","1184","COALESCE(SUM(itens.Quantidade * itens.ValorUnitario), 0) AS ValorItens"
"Preco|Valor|Total|Custo|Desconto|Comissao|Saldo|Receber|Pagar","PrimoAutoEletrica\Repositories\ClienteRepository.cs","1190","GROUP BY os.Id, os.Desconto, os.DataEntrega, os.DataConclusao, os.DataAbertura"
"Preco|Valor|Total|Custo|Desconto|Comissao|Saldo|Receber|Pagar","PrimoAutoEletrica\Repositories\ClienteRepository.cs","1197","SELECT SUM(Quantidade * ValorUnitario)"
"Preco|Valor|Total|Custo|Desconto|Comissao|Saldo|Receber|Pagar","PrimoAutoEletrica\Repositories\ClienteRepository.cs","1202",") - COALESCE(os.Desconto, 0)"
"Preco|Valor|Total|Custo|Desconto|Comissao|Saldo|Receber|Pagar","PrimoAutoEletrica\Repositories\ClienteRepository.cs","1203","), 0) AS TotalGasto,"
"Preco|Valor|Total|Custo|Desconto|Comissao|Saldo|Receber|Pagar","PrimoAutoEletrica\Repositories\ClienteRepository.cs","1204","COUNT(*) AS TotalServicos,"
"Preco|Valor|Total|Custo|Desconto|Comissao|Saldo|Receber|Pagar","PrimoAutoEletrica\Repositories\ClienteRepository.cs","1215","totalGasto = ReadDecimal(reader, 0);"
"Preco|Valor|Total|Custo|Desconto|Comissao|Saldo|Receber|Pagar","PrimoAutoEletrica\Repositories\ClienteRepository.cs","1216","totalServicos = ReadInt(reader, 1);"
"Preco|Valor|Total|Custo|Desconto|Comissao|Saldo|Receber|Pagar","PrimoAutoEletrica\Repositories\ClienteRepository.cs","1226","TotalGasto = @TotalGasto,"
"Preco|Valor|Total|Custo|Desconto|Comissao|Saldo|Receber|Pagar","PrimoAutoEletrica\Repositories\ClienteRepository.cs","1227","TotalServicos = @TotalServicos,"
"Preco|Valor|Total|Custo|Desconto|Comissao|Saldo|Receber|Pagar","PrimoAutoEletrica\Repositories\ClienteRepository.cs","1233","updateCommand.Parameters.AddWithValue(""@TotalGasto"", totalGasto);"
"Preco|Valor|Total|Custo|Desconto|Comissao|Saldo|Receber|Pagar","PrimoAutoEletrica\Repositories\ClienteRepository.cs","1234","updateCommand.Parameters.AddWithValue(""@TotalServicos"", totalServicos);"
"Preco|Valor|Total|Custo|Desconto|Comissao|Saldo|Receber|Pagar","PrimoAutoEletrica\Repositories\ClienteRepository.cs","1235","updateCommand.Parameters.AddWithValue(""@PontosFidelidade"", Math.Max(0, (int)Math.Floor(totalGasto / 10m)));"
"Preco|Valor|Total|Custo|Desconto|Comissao|Saldo|Receber|Pagar","PrimoAutoEletrica\Repositories\ClienteRepository.cs","1244","var valor = tipoPessoa?.Trim() ?? string.Empty;"
"Preco|Valor|Total|Custo|Desconto|Comissao|Saldo|Receber|Pagar","PrimoAutoEletrica\Repositories\ClienteRepository.cs","1245","if (valor.Equals(""Juridica"", StringComparison.OrdinalIgnoreCase) ||"
"Preco|Valor|Total|Custo|Desconto|Comissao|Saldo|Receber|Pagar","PrimoAutoEletrica\Repositories\ClienteRepository.cs","1246","valor.Equals(""Pessoa juridica"", StringComparison.OrdinalIgnoreCase) ||"
"Preco|Valor|Total|Custo|Desconto|Comissao|Saldo|Receber|Pagar","PrimoAutoEletrica\Repositories\ClienteRepository.cs","1247","valor.Equals(""PJ"", StringComparison.OrdinalIgnoreCase))"
"Preco|Valor|Total|Custo|Desconto|Comissao|Saldo|Receber|Pagar","PrimoAutoEletrica\Repositories\ClienteRepository.cs","1252","if (valor.Equals(""Fisica"", StringComparison.OrdinalIgnoreCase) ||"
"Preco|Valor|Total|Custo|Desconto|Comissao|Saldo|Receber|Pagar","PrimoAutoEletrica\Repositories\ClienteRepository.cs","1253","valor.Equals(""Pessoa fisica"", StringComparison.OrdinalIgnoreCase) ||"
"Preco|Valor|Total|Custo|Desconto|Comissao|Saldo|Receber|Pagar","PrimoAutoEletrica\Repositories\ClienteRepository.cs","1254","valor.Equals(""PF"", StringComparison.OrdinalIgnoreCase))"
"decimal","PrimoAutoEletrica\Repositories\ClienteRepository.cs","1288","private static decimal ReadDecimal(DbDataReader reader, int index)"
"Preco|Valor|Total|Custo|Desconto|Comissao|Saldo|Receber|Pagar","PrimoAutoEletrica\Repositories\ClienteRepository.cs","1350","valorAnterior: anterior,"
"Preco|Valor|Total|Custo|Desconto|Comissao|Saldo|Receber|Pagar","PrimoAutoEletrica\Repositories\ClienteRepository.cs","1351","valorNovo: novo);"
"Preco|Valor|Total|Custo|Desconto|Comissao|Saldo|Receber|Pagar","PrimoAutoEletrica\Repositories\FornecedorRepository.cs","45","TotalCompras"";"
"Preco|Valor|Total|Custo|Desconto|Comissao|Saldo|Receber|Pagar","PrimoAutoEletrica\Repositories\FornecedorRepository.cs","95","return ObterUnico(""Id = @Valor"", id);"
"Preco|Valor|Total|Custo|Desconto|Comissao|Saldo|Receber|Pagar","PrimoAutoEletrica\Repositories\FornecedorRepository.cs","138","return ObterUnico(""NomeFantasia = @Valor"", nomeFantasia.Trim());"
"Preco|Valor|Total|Custo|Desconto|Comissao|Saldo|Receber|Pagar","PrimoAutoEletrica\Repositories\FornecedorRepository.cs","197","@TotalCompras"
"Preco|Valor|Total|Custo|Desconto|Comissao|Saldo|Receber|Pagar","PrimoAutoEletrica\Repositories\FornecedorRepository.cs","266","TotalCompras = @TotalCompras,"
"Preco|Valor|Total|Custo|Desconto|Comissao|Saldo|Receber|Pagar","PrimoAutoEletrica\Repositories\FornecedorRepository.cs","360","AddGuidParameter(command, connection, ""@Valor"", guidValue);"
"Preco|Valor|Total|Custo|Desconto|Comissao|Saldo|Receber|Pagar","PrimoAutoEletrica\Repositories\FornecedorRepository.cs","364","command.Parameters.AddWithValue(""@Valor"", value);"
"Preco|Valor|Total|Custo|Desconto|Comissao|Saldo|Receber|Pagar","PrimoAutoEletrica\Repositories\FornecedorRepository.cs","537","command.Parameters.AddWithValue(""@TotalCompras"", fornecedor.TotalCompras);"
"Preco|Valor|Total|Custo|Desconto|Comissao|Saldo|Receber|Pagar","PrimoAutoEletrica\Repositories\FornecedorRepository.cs","573","TotalCompras = ReadDecimal(reader, 29)"
"decimal","PrimoAutoEletrica\Repositories\FornecedorRepository.cs","762","private static decimal ReadDecimal(DbDataReader reader, int index)"
"Preco|Valor|Total|Custo|Desconto|Comissao|Saldo|Receber|Pagar","PrimoAutoEletrica\Repositories\FornecedorRepository.cs","821","valorAnterior: anterior,"
"Preco|Valor|Total|Custo|Desconto|Comissao|Saldo|Receber|Pagar","PrimoAutoEletrica\Repositories\FornecedorRepository.cs","822","valorNovo: novo);"
"decimal","PrimoAutoEletrica\Repositories\FuncionarioRepository.cs","515","private static decimal ReadDecimal(DbDataReader reader, int index)"
"Preco|Valor|Total|Custo|Desconto|Comissao|Saldo|Receber|Pagar","PrimoAutoEletrica\Repositories\OrdemServicoRepository.cs","59","ValorMaoObra,"
"Preco|Valor|Total|Custo|Desconto|Comissao|Saldo|Receber|Pagar","PrimoAutoEletrica\Repositories\OrdemServicoRepository.cs","60","Desconto,"
"Preco|Valor|Total|Custo|Desconto|Comissao|Saldo|Receber|Pagar","PrimoAutoEletrica\Repositories\OrdemServicoRepository.cs","70","ValorUnitario,"
"Preco|Valor|Total|Custo|Desconto|Comissao|Saldo|Receber|Pagar","PrimoAutoEletrica\Repositories\OrdemServicoRepository.cs","71","CustoUnitario,"
"decimal","PrimoAutoEletrica\Repositories\OrdemServicoRepository.cs","89","decimal PrecoCompra,"
"Preco|Valor|Total|Custo|Desconto|Comissao|Saldo|Receber|Pagar","PrimoAutoEletrica\Repositories\OrdemServicoRepository.cs","89","decimal PrecoCompra,"
"Preco|Valor|Total|Custo|Desconto|Comissao|Saldo|Receber|Pagar","PrimoAutoEletrica\Repositories\OrdemServicoRepository.cs","410","ValorMaoObra,"
"Preco|Valor|Total|Custo|Desconto|Comissao|Saldo|Receber|Pagar","PrimoAutoEletrica\Repositories\OrdemServicoRepository.cs","411","Desconto,"
"Preco|Valor|Total|Custo|Desconto|Comissao|Saldo|Receber|Pagar","PrimoAutoEletrica\Repositories\OrdemServicoRepository.cs","455","@ValorMaoObra,"
"Preco|Valor|Total|Custo|Desconto|Comissao|Saldo|Receber|Pagar","PrimoAutoEletrica\Repositories\OrdemServicoRepository.cs","456","@Desconto,"
"Preco|Valor|Total|Custo|Desconto|Comissao|Saldo|Receber|Pagar","PrimoAutoEletrica\Repositories\OrdemServicoRepository.cs","504","ValorMaoObra = @ValorMaoObra,"
"Preco|Valor|Total|Custo|Desconto|Comissao|Saldo|Receber|Pagar","PrimoAutoEletrica\Repositories\OrdemServicoRepository.cs","505","Desconto = @Desconto,"
"Preco|Valor|Total|Custo|Desconto|Comissao|Saldo|Receber|Pagar","PrimoAutoEletrica\Repositories\OrdemServicoRepository.cs","567","ComercialValidationHelper.GarantirValorMaiorOuIgualZero(item.ValorUnitario, $""o valor unitario do item '{item.Descricao}'"");"
"Preco|Valor|Total|Custo|Desconto|Comissao|Saldo|Receber|Pagar","PrimoAutoEletrica\Repositories\OrdemServicoRepository.cs","568","ComercialValidationHelper.GarantirValorMaiorOuIgualZero(item.CustoUnitario, $""o custo do item '{item.Descricao}'"");"
"Preco|Valor|Total|Custo|Desconto|Comissao|Saldo|Receber|Pagar","PrimoAutoEletrica\Repositories\OrdemServicoRepository.cs","571","var subtotalItens = ordem.Itens.Sum(i => i.Total);"
"Preco|Valor|Total|Custo|Desconto|Comissao|Saldo|Receber|Pagar","PrimoAutoEletrica\Repositories\OrdemServicoRepository.cs","572","ordem.ValorMaoObra = ordem.Itens"
"Preco|Valor|Total|Custo|Desconto|Comissao|Saldo|Receber|Pagar","PrimoAutoEletrica\Repositories\OrdemServicoRepository.cs","574",".Sum(i => i.Total);"
"Preco|Valor|Total|Custo|Desconto|Comissao|Saldo|Receber|Pagar","PrimoAutoEletrica\Repositories\OrdemServicoRepository.cs","575","ComercialValidationHelper.GarantirDescontoValido(ordem.Desconto, subtotalItens, ""O desconto da ordem de servico"");"
"Preco|Valor|Total|Custo|Desconto|Comissao|Saldo|Receber|Pagar","PrimoAutoEletrica\Repositories\OrdemServicoRepository.cs","684","command.Parameters.AddWithValue(""@ValorMaoObra"", ordem.ValorMaoObra);"
"Preco|Valor|Total|Custo|Desconto|Comissao|Saldo|Receber|Pagar","PrimoAutoEletrica\Repositories\OrdemServicoRepository.cs","685","command.Parameters.AddWithValue(""@Desconto"", ordem.Desconto);"
"Preco|Valor|Total|Custo|Desconto|Comissao|Saldo|Receber|Pagar","PrimoAutoEletrica\Repositories\OrdemServicoRepository.cs","697","command.Parameters.AddWithValue(""@ValorUnitario"", item.ValorUnitario);"
"Preco|Valor|Total|Custo|Desconto|Comissao|Saldo|Receber|Pagar","PrimoAutoEletrica\Repositories\OrdemServicoRepository.cs","698","command.Parameters.AddWithValue(""@CustoUnitario"", item.CustoUnitario);"
"Preco|Valor|Total|Custo|Desconto|Comissao|Saldo|Receber|Pagar","PrimoAutoEletrica\Repositories\OrdemServicoRepository.cs","770","ValorUnitario = @ValorUnitario,"
"Preco|Valor|Total|Custo|Desconto|Comissao|Saldo|Receber|Pagar","PrimoAutoEletrica\Repositories\OrdemServicoRepository.cs","771","CustoUnitario = @CustoUnitario,"
"Preco|Valor|Total|Custo|Desconto|Comissao|Saldo|Receber|Pagar","PrimoAutoEletrica\Repositories\OrdemServicoRepository.cs","794","ValorUnitario,"
"Preco|Valor|Total|Custo|Desconto|Comissao|Saldo|Receber|Pagar","PrimoAutoEletrica\Repositories\OrdemServicoRepository.cs","795","CustoUnitario,"
"Preco|Valor|Total|Custo|Desconto|Comissao|Saldo|Receber|Pagar","PrimoAutoEletrica\Repositories\OrdemServicoRepository.cs","808","@ValorUnitario,"
"Preco|Valor|Total|Custo|Desconto|Comissao|Saldo|Receber|Pagar","PrimoAutoEletrica\Repositories\OrdemServicoRepository.cs","809","@CustoUnitario,"
"Preco|Valor|Total|Custo|Desconto|Comissao|Saldo|Receber|Pagar","PrimoAutoEletrica\Repositories\OrdemServicoRepository.cs","897","precoCompra,"
"Preco|Valor|Total|Custo|Desconto|Comissao|Saldo|Receber|Pagar","PrimoAutoEletrica\Repositories\OrdemServicoRepository.cs","917","ValorTotalEstoque = (QuantidadeEstoque - @Quantidade) * PrecoCompra,"
"Preco|Valor|Total|Custo|Desconto|Comissao|Saldo|Receber|Pagar","PrimoAutoEletrica\Repositories\OrdemServicoRepository.cs","948","precoCompra,"
"Preco|Valor|Total|Custo|Desconto|Comissao|Saldo|Receber|Pagar","PrimoAutoEletrica\Repositories\OrdemServicoRepository.cs","974","var (codigoProduto, nomeProduto, precoCompra, estoqueAtual, reservasAtivas) = ObterEstoqueResumo(connection, transaction, item.ProdutoId!.Value, item.Descricao)"
"Preco|Valor|Total|Custo|Desconto|Comissao|Saldo|Receber|Pagar","PrimoAutoEletrica\Repositories\OrdemServicoRepository.cs","982","ValorTotalEstoque = (QuantidadeEstoque + @Quantidade) * PrecoCompra,"
"Preco|Valor|Total|Custo|Desconto|Comissao|Saldo|Receber|Pagar","PrimoAutoEletrica\Repositories\OrdemServicoRepository.cs","995","precoCompra,"
"decimal","PrimoAutoEletrica\Repositories\OrdemServicoRepository.cs","1013","decimal totalGasto = 0;"
"Preco|Valor|Total|Custo|Desconto|Comissao|Saldo|Receber|Pagar","PrimoAutoEletrica\Repositories\OrdemServicoRepository.cs","1013","decimal totalGasto = 0;"
"Preco|Valor|Total|Custo|Desconto|Comissao|Saldo|Receber|Pagar","PrimoAutoEletrica\Repositories\OrdemServicoRepository.cs","1014","var totalServicos = 0;"
"Preco|Valor|Total|Custo|Desconto|Comissao|Saldo|Receber|Pagar","PrimoAutoEletrica\Repositories\OrdemServicoRepository.cs","1023","COALESCE(SUM(Resumo.ValorItens - COALESCE(Resumo.Desconto, 0)), 0) AS TotalGasto,"
"Preco|Valor|Total|Custo|Desconto|Comissao|Saldo|Receber|Pagar","PrimoAutoEletrica\Repositories\OrdemServicoRepository.cs","1024","COUNT(*) AS TotalServicos,"
"Preco|Valor|Total|Custo|Desconto|Comissao|Saldo|Receber|Pagar","PrimoAutoEletrica\Repositories\OrdemServicoRepository.cs","1030","os.Desconto,"
"Preco|Valor|Total|Custo|Desconto|Comissao|Saldo|Receber|Pagar","PrimoAutoEletrica\Repositories\OrdemServicoRepository.cs","1032","COALESCE(SUM(itens.Quantidade * itens.ValorUnitario), 0) AS ValorItens"
"Preco|Valor|Total|Custo|Desconto|Comissao|Saldo|Receber|Pagar","PrimoAutoEletrica\Repositories\OrdemServicoRepository.cs","1038","GROUP BY os.Id, os.Desconto, os.DataEntrega, os.DataConclusao, os.DataAbertura"
"Preco|Valor|Total|Custo|Desconto|Comissao|Saldo|Receber|Pagar","PrimoAutoEletrica\Repositories\OrdemServicoRepository.cs","1045","SELECT SUM(Quantidade * ValorUnitario)"
"Preco|Valor|Total|Custo|Desconto|Comissao|Saldo|Receber|Pagar","PrimoAutoEletrica\Repositories\OrdemServicoRepository.cs","1050",") - COALESCE(os.Desconto, 0)"
"Preco|Valor|Total|Custo|Desconto|Comissao|Saldo|Receber|Pagar","PrimoAutoEletrica\Repositories\OrdemServicoRepository.cs","1051","), 0) AS TotalGasto,"
"Preco|Valor|Total|Custo|Desconto|Comissao|Saldo|Receber|Pagar","PrimoAutoEletrica\Repositories\OrdemServicoRepository.cs","1052","COUNT(*) AS TotalServicos,"
"Preco|Valor|Total|Custo|Desconto|Comissao|Saldo|Receber|Pagar","PrimoAutoEletrica\Repositories\OrdemServicoRepository.cs","1063","totalGasto = ReadDecimal(reader, 0);"
"Preco|Valor|Total|Custo|Desconto|Comissao|Saldo|Receber|Pagar","PrimoAutoEletrica\Repositories\OrdemServicoRepository.cs","1064","totalServicos = ReadInt32(reader, 1);"
"Preco|Valor|Total|Custo|Desconto|Comissao|Saldo|Receber|Pagar","PrimoAutoEletrica\Repositories\OrdemServicoRepository.cs","1074","TotalGasto = @TotalGasto,"
"Preco|Valor|Total|Custo|Desconto|Comissao|Saldo|Receber|Pagar","PrimoAutoEletrica\Repositories\OrdemServicoRepository.cs","1075","TotalServicos = @TotalServicos,"
"Preco|Valor|Total|Custo|Desconto|Comissao|Saldo|Receber|Pagar","PrimoAutoEletrica\Repositories\OrdemServicoRepository.cs","1080","updateCommand.Parameters.AddWithValue(""@TotalGasto"", totalGasto);"
"Preco|Valor|Total|Custo|Desconto|Comissao|Saldo|Receber|Pagar","PrimoAutoEletrica\Repositories\OrdemServicoRepository.cs","1081","updateCommand.Parameters.AddWithValue(""@TotalServicos"", totalServicos);"
"Preco|Valor|Total|Custo|Desconto|Comissao|Saldo|Receber|Pagar","PrimoAutoEletrica\Repositories\OrdemServicoRepository.cs","1082","updateCommand.Parameters.AddWithValue(""@PontosFidelidade"", Math.Max(0, (int)Math.Floor(totalGasto / 10m)));"
"Preco|Valor|Total|Custo|Desconto|Comissao|Saldo|Receber|Pagar","PrimoAutoEletrica\Repositories\OrdemServicoRepository.cs","1197","ValorMaoObra = ReadDecimal(reader, 39),"
"Preco|Valor|Total|Custo|Desconto|Comissao|Saldo|Receber|Pagar","PrimoAutoEletrica\Repositories\OrdemServicoRepository.cs","1198","Desconto = ReadDecimal(reader, 40),"
"Preco|Valor|Total|Custo|Desconto|Comissao|Saldo|Receber|Pagar","PrimoAutoEletrica\Repositories\OrdemServicoRepository.cs","1243","ValorUnitario = ReadDecimal(reader, 6),"
"Preco|Valor|Total|Custo|Desconto|Comissao|Saldo|Receber|Pagar","PrimoAutoEletrica\Repositories\OrdemServicoRepository.cs","1244","CustoUnitario = ReadDecimal(reader, 7),"
"decimal","PrimoAutoEletrica\Repositories\OrdemServicoRepository.cs","1323","if (decimal.Truncate(item.Quantidade) != item.Quantidade)"
"decimal","PrimoAutoEletrica\Repositories\OrdemServicoRepository.cs","1329","return decimal.ToInt32(item.Quantidade);"
"decimal","PrimoAutoEletrica\Repositories\OrdemServicoRepository.cs","1357","private static (string Codigo, string Nome, decimal PrecoCompra, int EstoqueAtual, int ReservadoNoAgendamento, int ReservasAtivas) ObterEstoqueAtual("
"Preco|Valor|Total|Custo|Desconto|Comissao|Saldo|Receber|Pagar","PrimoAutoEletrica\Repositories\OrdemServicoRepository.cs","1357","private static (string Codigo, string Nome, decimal PrecoCompra, int EstoqueAtual, int ReservadoNoAgendamento, int ReservasAtivas) ObterEstoqueAtual("
"Preco|Valor|Total|Custo|Desconto|Comissao|Saldo|Receber|Pagar","PrimoAutoEletrica\Repositories\OrdemServicoRepository.cs","1370","COALESCE(PrecoCompra, 0),"
"decimal","PrimoAutoEletrica\Repositories\OrdemServicoRepository.cs","1411","private static (string Codigo, string Nome, decimal PrecoCompra, int EstoqueAtual, int ReservasAtivas) ObterEstoqueResumo("
"Preco|Valor|Total|Custo|Desconto|Comissao|Saldo|Receber|Pagar","PrimoAutoEletrica\Repositories\OrdemServicoRepository.cs","1411","private static (string Codigo, string Nome, decimal PrecoCompra, int EstoqueAtual, int ReservasAtivas) ObterEstoqueResumo("
"Preco|Valor|Total|Custo|Desconto|Comissao|Saldo|Receber|Pagar","PrimoAutoEletrica\Repositories\OrdemServicoRepository.cs","1424","COALESCE(PrecoCompra, 0),"
"Preco|Valor|Total|Custo|Desconto|Comissao|Saldo|Receber|Pagar","PrimoAutoEletrica\Repositories\OrdemServicoRepository.cs","1469","valorAnterior: EstoqueOperationalService.CriarSnapshot(auditoria.Codigo, auditoria.Nome, auditoria.PrecoCompra, auditoria.EstoqueAnterior, auditoria.ReservadoAn"
"Preco|Valor|Total|Custo|Desconto|Comissao|Saldo|Receber|Pagar","PrimoAutoEletrica\Repositories\OrdemServicoRepository.cs","1470","valorNovo: EstoqueOperationalService.CriarSnapshot(auditoria.Codigo, auditoria.Nome, auditoria.PrecoCompra, auditoria.EstoqueNovo, auditoria.ReservadoNovo),"
"decimal","PrimoAutoEletrica\Repositories\OrdemServicoRepository.cs","1578","private static decimal ReadDecimal(DbDataReader reader, int index)"
"Preco|Valor|Total|Custo|Desconto|Comissao|Saldo|Receber|Pagar","PrimoAutoEletrica\Repositories\ProdutoRepository.cs","35","PrecoCompra,"
"Preco|Valor|Total|Custo|Desconto|Comissao|Saldo|Receber|Pagar","PrimoAutoEletrica\Repositories\ProdutoRepository.cs","36","PrecoVenda,"
"Preco|Valor|Total|Custo|Desconto|Comissao|Saldo|Receber|Pagar","PrimoAutoEletrica\Repositories\ProdutoRepository.cs","37","MargemLucro,"
"Preco|Valor|Total|Custo|Desconto|Comissao|Saldo|Receber|Pagar","PrimoAutoEletrica\Repositories\ProdutoRepository.cs","38","ValorTotalEstoque,"
"Preco|Valor|Total|Custo|Desconto|Comissao|Saldo|Receber|Pagar","PrimoAutoEletrica\Repositories\ProdutoRepository.cs","61","TotalVendas,"
"Preco|Valor|Total|Custo|Desconto|Comissao|Saldo|Receber|Pagar","PrimoAutoEletrica\Repositories\ProdutoRepository.cs","62","TotalFaturado,"
"Preco|Valor|Total|Custo|Desconto|Comissao|Saldo|Receber|Pagar","PrimoAutoEletrica\Repositories\ProdutoRepository.cs","139","produto.ValorTotalEstoque = produto.QuantidadeEstoque * produto.PrecoCompra;"
"Preco|Valor|Total|Custo|Desconto|Comissao|Saldo|Receber|Pagar","PrimoAutoEletrica\Repositories\ProdutoRepository.cs","172","@PrecoCompra,"
"Preco|Valor|Total|Custo|Desconto|Comissao|Saldo|Receber|Pagar","PrimoAutoEletrica\Repositories\ProdutoRepository.cs","173","@PrecoVenda,"
"Preco|Valor|Total|Custo|Desconto|Comissao|Saldo|Receber|Pagar","PrimoAutoEletrica\Repositories\ProdutoRepository.cs","174","@MargemLucro,"
"Preco|Valor|Total|Custo|Desconto|Comissao|Saldo|Receber|Pagar","PrimoAutoEletrica\Repositories\ProdutoRepository.cs","175","@ValorTotalEstoque,"
"Preco|Valor|Total|Custo|Desconto|Comissao|Saldo|Receber|Pagar","PrimoAutoEletrica\Repositories\ProdutoRepository.cs","198","@TotalVendas,"
"Preco|Valor|Total|Custo|Desconto|Comissao|Saldo|Receber|Pagar","PrimoAutoEletrica\Repositories\ProdutoRepository.cs","199","@TotalFaturado,"
"Preco|Valor|Total|Custo|Desconto|Comissao|Saldo|Receber|Pagar","PrimoAutoEletrica\Repositories\ProdutoRepository.cs","220","produto.ValorTotalEstoque = produto.QuantidadeEstoque * produto.PrecoCompra;"
"Preco|Valor|Total|Custo|Desconto|Comissao|Saldo|Receber|Pagar","PrimoAutoEletrica\Repositories\ProdutoRepository.cs","248","PrecoCompra = @PrecoCompra,"
"Preco|Valor|Total|Custo|Desconto|Comissao|Saldo|Receber|Pagar","PrimoAutoEletrica\Repositories\ProdutoRepository.cs","249","PrecoVenda = @PrecoVenda,"
"Preco|Valor|Total|Custo|Desconto|Comissao|Saldo|Receber|Pagar","PrimoAutoEletrica\Repositories\ProdutoRepository.cs","250","MargemLucro = @MargemLucro,"
"Preco|Valor|Total|Custo|Desconto|Comissao|Saldo|Receber|Pagar","PrimoAutoEletrica\Repositories\ProdutoRepository.cs","251","ValorTotalEstoque = @ValorTotalEstoque,"
"Preco|Valor|Total|Custo|Desconto|Comissao|Saldo|Receber|Pagar","PrimoAutoEletrica\Repositories\ProdutoRepository.cs","273","TotalVendas = @TotalVendas,"
"Preco|Valor|Total|Custo|Desconto|Comissao|Saldo|Receber|Pagar","PrimoAutoEletrica\Repositories\ProdutoRepository.cs","274","TotalFaturado = @TotalFaturado,"
"decimal","PrimoAutoEletrica\Repositories\ProdutoRepository.cs","341","PrecoCompra = decimal.TryParse(partes[4], out var precoCompra) ? precoCompra : 0,"
"Preco|Valor|Total|Custo|Desconto|Comissao|Saldo|Receber|Pagar","PrimoAutoEletrica\Repositories\ProdutoRepository.cs","341","PrecoCompra = decimal.TryParse(partes[4], out var precoCompra) ? precoCompra : 0,"
"decimal","PrimoAutoEletrica\Repositories\ProdutoRepository.cs","342","PrecoVenda = decimal.TryParse(partes[5], out var precoVenda) ? precoVenda : 0,"
"Preco|Valor|Total|Custo|Desconto|Comissao|Saldo|Receber|Pagar","PrimoAutoEletrica\Repositories\ProdutoRepository.cs","342","PrecoVenda = decimal.TryParse(partes[5], out var precoVenda) ? precoVenda : 0,"
"Preco|Valor|Total|Custo|Desconto|Comissao|Saldo|Receber|Pagar","PrimoAutoEletrica\Repositories\ProdutoRepository.cs","350","if (produto.PrecoVenda > 0)"
"Preco|Valor|Total|Custo|Desconto|Comissao|Saldo|Receber|Pagar","PrimoAutoEletrica\Repositories\ProdutoRepository.cs","352","produto.MargemLucro = ((produto.PrecoVenda - produto.PrecoCompra) / produto.PrecoVenda) * 100;"
"decimal","PrimoAutoEletrica\Repositories\ProdutoRepository.cs","376","var auditorias = new List<(Guid ProdutoId, string Codigo, string Nome, decimal PrecoCompra, int EstoqueAnterior, int EstoqueNovo, int ReservadoAnterior, int Res"
"Preco|Valor|Total|Custo|Desconto|Comissao|Saldo|Receber|Pagar","PrimoAutoEletrica\Repositories\ProdutoRepository.cs","376","var auditorias = new List<(Guid ProdutoId, string Codigo, string Nome, decimal PrecoCompra, int EstoqueAnterior, int EstoqueNovo, int ReservadoAnterior, int Res"
"Preco|Valor|Total|Custo|Desconto|Comissao|Saldo|Receber|Pagar","PrimoAutoEletrica\Repositories\ProdutoRepository.cs","386","var (codigoProduto, nomeProduto, precoCompra, estoqueAtual, reservadoNoAgendamento, reservasAtivas) = ObterEstoqueAtual(connection, transaction, agendamentoId, "
"Preco|Valor|Total|Custo|Desconto|Comissao|Saldo|Receber|Pagar","PrimoAutoEletrica\Repositories\ProdutoRepository.cs","400","ValorTotalEstoque = (QuantidadeEstoque - @Quantidade) * PrecoCompra,"
"Preco|Valor|Total|Custo|Desconto|Comissao|Saldo|Receber|Pagar","PrimoAutoEletrica\Repositories\ProdutoRepository.cs","431","precoCompra,"
"Preco|Valor|Total|Custo|Desconto|Comissao|Saldo|Receber|Pagar","PrimoAutoEletrica\Repositories\ProdutoRepository.cs","449","valorAnterior: EstoqueOperationalService.CriarSnapshot(auditoria.Codigo, auditoria.Nome, auditoria.PrecoCompra, auditoria.EstoqueAnterior, auditoria.ReservadoAn"
"Preco|Valor|Total|Custo|Desconto|Comissao|Saldo|Receber|Pagar","PrimoAutoEletrica\Repositories\ProdutoRepository.cs","450","valorNovo: EstoqueOperationalService.CriarSnapshot(auditoria.Codigo, auditoria.Nome, auditoria.PrecoCompra, auditoria.EstoqueNovo, auditoria.ReservadoNovo),"
"Preco|Valor|Total|Custo|Desconto|Comissao|Saldo|Receber|Pagar","PrimoAutoEletrica\Repositories\ProdutoRepository.cs","459","$""Produtos: {produtosValidos.Count}; Quantidade total: {produtosValidos.Sum(p => p.Quantidade)}"");"
"decimal","PrimoAutoEletrica\Repositories\ProdutoRepository.cs","469","private static (string Codigo, string Nome, decimal PrecoCompra, int EstoqueAtual, int ReservadoNoAgendamento, int ReservasAtivas) ObterEstoqueAtual("
"Preco|Valor|Total|Custo|Desconto|Comissao|Saldo|Receber|Pagar","PrimoAutoEletrica\Repositories\ProdutoRepository.cs","469","private static (string Codigo, string Nome, decimal PrecoCompra, int EstoqueAtual, int ReservadoNoAgendamento, int ReservasAtivas) ObterEstoqueAtual("
"Preco|Valor|Total|Custo|Desconto|Comissao|Saldo|Receber|Pagar","PrimoAutoEletrica\Repositories\ProdutoRepository.cs","482","COALESCE(PrecoCompra, 0),"
"Preco|Valor|Total|Custo|Desconto|Comissao|Saldo|Receber|Pagar","PrimoAutoEletrica\Repositories\ProdutoRepository.cs","541","PrecoCompra = ReadDecimal(reader, 18),"
"Preco|Valor|Total|Custo|Desconto|Comissao|Saldo|Receber|Pagar","PrimoAutoEletrica\Repositories\ProdutoRepository.cs","542","PrecoVenda = ReadDecimal(reader, 19),"
"Preco|Valor|Total|Custo|Desconto|Comissao|Saldo|Receber|Pagar","PrimoAutoEletrica\Repositories\ProdutoRepository.cs","543","MargemLucro = ReadDecimal(reader, 20),"
"Preco|Valor|Total|Custo|Desconto|Comissao|Saldo|Receber|Pagar","PrimoAutoEletrica\Repositories\ProdutoRepository.cs","544","ValorTotalEstoque = ReadDecimal(reader, 21),"
"Preco|Valor|Total|Custo|Desconto|Comissao|Saldo|Receber|Pagar","PrimoAutoEletrica\Repositories\ProdutoRepository.cs","567","TotalVendas = ReadInt(reader, 44),"
"Preco|Valor|Total|Custo|Desconto|Comissao|Saldo|Receber|Pagar","PrimoAutoEletrica\Repositories\ProdutoRepository.cs","568","TotalFaturado = ReadDecimal(reader, 45),"
"Preco|Valor|Total|Custo|Desconto|Comissao|Saldo|Receber|Pagar","PrimoAutoEletrica\Repositories\ProdutoRepository.cs","596","if (produto.PrecoCompra < 0 || produto.PrecoVenda < 0)"
"Preco|Valor|Total|Custo|Desconto|Comissao|Saldo|Receber|Pagar","PrimoAutoEletrica\Repositories\ProdutoRepository.cs","598","throw new InvalidOperationException(""Os precos do produto nao podem ser negativos."");"
"Preco|Valor|Total|Custo|Desconto|Comissao|Saldo|Receber|Pagar","PrimoAutoEletrica\Repositories\ProdutoRepository.cs","768","command.Parameters.AddWithValue(""@PrecoCompra"", produto.PrecoCompra);"
"Preco|Valor|Total|Custo|Desconto|Comissao|Saldo|Receber|Pagar","PrimoAutoEletrica\Repositories\ProdutoRepository.cs","769","command.Parameters.AddWithValue(""@PrecoVenda"", produto.PrecoVenda);"
"Preco|Valor|Total|Custo|Desconto|Comissao|Saldo|Receber|Pagar","PrimoAutoEletrica\Repositories\ProdutoRepository.cs","770","command.Parameters.AddWithValue(""@MargemLucro"", produto.MargemLucro);"
"Preco|Valor|Total|Custo|Desconto|Comissao|Saldo|Receber|Pagar","PrimoAutoEletrica\Repositories\ProdutoRepository.cs","771","command.Parameters.AddWithValue(""@ValorTotalEstoque"", produto.ValorTotalEstoque);"
"Preco|Valor|Total|Custo|Desconto|Comissao|Saldo|Receber|Pagar","PrimoAutoEletrica\Repositories\ProdutoRepository.cs","794","command.Parameters.AddWithValue(""@TotalVendas"", produto.TotalVendas);"
"Preco|Valor|Total|Custo|Desconto|Comissao|Saldo|Receber|Pagar","PrimoAutoEletrica\Repositories\ProdutoRepository.cs","795","command.Parameters.AddWithValue(""@TotalFaturado"", produto.TotalFaturado);"
"decimal","PrimoAutoEletrica\Repositories\ProdutoRepository.cs","825","private static decimal ReadDecimal(DbDataReader reader, int index)"
"Preco|Valor|Total|Custo|Desconto|Comissao|Saldo|Receber|Pagar","PrimoAutoEletrica\Repositories\ProdutoRepository.cs","874",": $""Codigo={produto.Codigo}; Nome={produto.Nome}; Fornecedor={produto.Fornecedor}; Estoque={produto.QuantidadeEstoque}; PrecoCompra={produto.PrecoCompra:C}; Pre"
"Preco|Valor|Total|Custo|Desconto|Comissao|Saldo|Receber|Pagar","PrimoAutoEletrica\Repositories\ProdutoRepository.cs","877","private static string NormalizarDocumento(string? valor)"
"Preco|Valor|Total|Custo|Desconto|Comissao|Saldo|Receber|Pagar","PrimoAutoEletrica\Repositories\ProdutoRepository.cs","879","if (string.IsNullOrWhiteSpace(valor))"
"Preco|Valor|Total|Custo|Desconto|Comissao|Saldo|Receber|Pagar","PrimoAutoEletrica\Repositories\ProdutoRepository.cs","884","return valor.Trim()"
"Preco|Valor|Total|Custo|Desconto|Comissao|Saldo|Receber|Pagar","PrimoAutoEletrica\Repositories\ProdutoRepository.cs","899","valorAnterior: anterior,"
"Preco|Valor|Total|Custo|Desconto|Comissao|Saldo|Receber|Pagar","PrimoAutoEletrica\Repositories\ProdutoRepository.cs","900","valorNovo: novo);"
"Preco|Valor|Total|Custo|Desconto|Comissao|Saldo|Receber|Pagar","PrimoAutoEletrica\Repositories\VendaRepository.cs","33","Total,"
"Preco|Valor|Total|Custo|Desconto|Comissao|Saldo|Receber|Pagar","PrimoAutoEletrica\Repositories\VendaRepository.cs","35","Desconto,"
"Preco|Valor|Total|Custo|Desconto|Comissao|Saldo|Receber|Pagar","PrimoAutoEletrica\Repositories\VendaRepository.cs","50","@Total,"
"Preco|Valor|Total|Custo|Desconto|Comissao|Saldo|Receber|Pagar","PrimoAutoEletrica\Repositories\VendaRepository.cs","52","@Desconto,"
"Preco|Valor|Total|Custo|Desconto|Comissao|Saldo|Receber|Pagar","PrimoAutoEletrica\Repositories\VendaRepository.cs","66","insertVenda.Parameters.AddWithValue(""@Total"", venda.Total);"
"Preco|Valor|Total|Custo|Desconto|Comissao|Saldo|Receber|Pagar","PrimoAutoEletrica\Repositories\VendaRepository.cs","68","insertVenda.Parameters.AddWithValue(""@Desconto"", venda.Desconto);"
"Preco|Valor|Total|Custo|Desconto|Comissao|Saldo|Receber|Pagar","PrimoAutoEletrica\Repositories\VendaRepository.cs","97","PrecoUnitario,"
"Preco|Valor|Total|Custo|Desconto|Comissao|Saldo|Receber|Pagar","PrimoAutoEletrica\Repositories\VendaRepository.cs","98","CustoUnitario,"
"Preco|Valor|Total|Custo|Desconto|Comissao|Saldo|Receber|Pagar","PrimoAutoEletrica\Repositories\VendaRepository.cs","99","Desconto,"
"Preco|Valor|Total|Custo|Desconto|Comissao|Saldo|Receber|Pagar","PrimoAutoEletrica\Repositories\VendaRepository.cs","100","Subtotal"
"Preco|Valor|Total|Custo|Desconto|Comissao|Saldo|Receber|Pagar","PrimoAutoEletrica\Repositories\VendaRepository.cs","111","@PrecoUnitario,"
"Preco|Valor|Total|Custo|Desconto|Comissao|Saldo|Receber|Pagar","PrimoAutoEletrica\Repositories\VendaRepository.cs","112","@CustoUnitario,"
"Preco|Valor|Total|Custo|Desconto|Comissao|Saldo|Receber|Pagar","PrimoAutoEletrica\Repositories\VendaRepository.cs","113","@Desconto,"
"Preco|Valor|Total|Custo|Desconto|Comissao|Saldo|Receber|Pagar","PrimoAutoEletrica\Repositories\VendaRepository.cs","114","@Subtotal"
"Preco|Valor|Total|Custo|Desconto|Comissao|Saldo|Receber|Pagar","PrimoAutoEletrica\Repositories\VendaRepository.cs","124","command.Parameters.AddWithValue(""@PrecoUnitario"", item.PrecoUnitario);"
"Preco|Valor|Total|Custo|Desconto|Comissao|Saldo|Receber|Pagar","PrimoAutoEletrica\Repositories\VendaRepository.cs","125","command.Parameters.AddWithValue(""@CustoUnitario"", item.CustoUnitario);"
"Preco|Valor|Total|Custo|Desconto|Comissao|Saldo|Receber|Pagar","PrimoAutoEletrica\Repositories\VendaRepository.cs","126","command.Parameters.AddWithValue(""@Desconto"", item.Desconto);"
"Preco|Valor|Total|Custo|Desconto|Comissao|Saldo|Receber|Pagar","PrimoAutoEletrica\Repositories\VendaRepository.cs","127","command.Parameters.AddWithValue(""@Subtotal"", item.Subtotal);"
"Preco|Valor|Total|Custo|Desconto|Comissao|Saldo|Receber|Pagar","PrimoAutoEletrica\Repositories\VendaRepository.cs","149","PrecoUnitario,"
"Preco|Valor|Total|Custo|Desconto|Comissao|Saldo|Receber|Pagar","PrimoAutoEletrica\Repositories\VendaRepository.cs","150","CustoUnitario,"
"Preco|Valor|Total|Custo|Desconto|Comissao|Saldo|Receber|Pagar","PrimoAutoEletrica\Repositories\VendaRepository.cs","151","Desconto"
"Preco|Valor|Total|Custo|Desconto|Comissao|Saldo|Receber|Pagar","PrimoAutoEletrica\Repositories\VendaRepository.cs","174","PrecoCompra = ReadDecimal(readerLocal, 6)"
"Preco|Valor|Total|Custo|Desconto|Comissao|Saldo|Receber|Pagar","PrimoAutoEletrica\Repositories\VendaRepository.cs","178","PrecoUnitario = ReadDecimal(readerLocal, 5),"
"Preco|Valor|Total|Custo|Desconto|Comissao|Saldo|Receber|Pagar","PrimoAutoEletrica\Repositories\VendaRepository.cs","179","CustoUnitario = ReadDecimal(readerLocal, 6),"
"Preco|Valor|Total|Custo|Desconto|Comissao|Saldo|Receber|Pagar","PrimoAutoEletrica\Repositories\VendaRepository.cs","180","Desconto = ReadDecimal(readerLocal, 7)"
"Preco|Valor|Total|Custo|Desconto|Comissao|Saldo|Receber|Pagar","PrimoAutoEletrica\Repositories\VendaRepository.cs","194","PrecoUnitario,"
"Preco|Valor|Total|Custo|Desconto|Comissao|Saldo|Receber|Pagar","PrimoAutoEletrica\Repositories\VendaRepository.cs","195","CustoUnitario,"
"Preco|Valor|Total|Custo|Desconto|Comissao|Saldo|Receber|Pagar","PrimoAutoEletrica\Repositories\VendaRepository.cs","196","Desconto"
"Preco|Valor|Total|Custo|Desconto|Comissao|Saldo|Receber|Pagar","PrimoAutoEletrica\Repositories\VendaRepository.cs","221","PrecoCompra = ReadDecimal(reader, 6)"
"Preco|Valor|Total|Custo|Desconto|Comissao|Saldo|Receber|Pagar","PrimoAutoEletrica\Repositories\VendaRepository.cs","225","PrecoUnitario = ReadDecimal(reader, 5),"
"Preco|Valor|Total|Custo|Desconto|Comissao|Saldo|Receber|Pagar","PrimoAutoEletrica\Repositories\VendaRepository.cs","226","CustoUnitario = ReadDecimal(reader, 6),"
"Preco|Valor|Total|Custo|Desconto|Comissao|Saldo|Receber|Pagar","PrimoAutoEletrica\Repositories\VendaRepository.cs","227","Desconto = ReadDecimal(reader, 7)"
"Preco|Valor|Total|Custo|Desconto|Comissao|Saldo|Receber|Pagar","PrimoAutoEletrica\Repositories\VendaRepository.cs","247","Total,"
"Preco|Valor|Total|Custo|Desconto|Comissao|Saldo|Receber|Pagar","PrimoAutoEletrica\Repositories\VendaRepository.cs","249","Desconto,"
"Preco|Valor|Total|Custo|Desconto|Comissao|Saldo|Receber|Pagar","PrimoAutoEletrica\Repositories\VendaRepository.cs","278","Total = ReadDecimal(readerLocal, 4),"
"Preco|Valor|Total|Custo|Desconto|Comissao|Saldo|Receber|Pagar","PrimoAutoEletrica\Repositories\VendaRepository.cs","280","Desconto = ReadDecimal(readerLocal, 6),"
"Preco|Valor|Total|Custo|Desconto|Comissao|Saldo|Receber|Pagar","PrimoAutoEletrica\Repositories\VendaRepository.cs","298","Total,"
"Preco|Valor|Total|Custo|Desconto|Comissao|Saldo|Receber|Pagar","PrimoAutoEletrica\Repositories\VendaRepository.cs","300","Desconto,"
"Preco|Valor|Total|Custo|Desconto|Comissao|Saldo|Receber|Pagar","PrimoAutoEletrica\Repositories\VendaRepository.cs","330","Total = ReadDecimal(reader, 4),"
"Preco|Valor|Total|Custo|Desconto|Comissao|Saldo|Receber|Pagar","PrimoAutoEletrica\Repositories\VendaRepository.cs","332","Desconto = ReadDecimal(reader, 6),"
"Preco|Valor|Total|Custo|Desconto|Comissao|Saldo|Receber|Pagar","PrimoAutoEletrica\Repositories\VendaRepository.cs","356","Total,"
"Preco|Valor|Total|Custo|Desconto|Comissao|Saldo|Receber|Pagar","PrimoAutoEletrica\Repositories\VendaRepository.cs","358","Desconto,"
"Preco|Valor|Total|Custo|Desconto|Comissao|Saldo|Receber|Pagar","PrimoAutoEletrica\Repositories\VendaRepository.cs","389","Total = ReadDecimal(reader, 4),"
"Preco|Valor|Total|Custo|Desconto|Comissao|Saldo|Receber|Pagar","PrimoAutoEletrica\Repositories\VendaRepository.cs","391","Desconto = ReadDecimal(reader, 6),"
"Preco|Valor|Total|Custo|Desconto|Comissao|Saldo|Receber|Pagar","PrimoAutoEletrica\Repositories\VendaRepository.cs","423","Total,"
"Preco|Valor|Total|Custo|Desconto|Comissao|Saldo|Receber|Pagar","PrimoAutoEletrica\Repositories\VendaRepository.cs","425","Desconto,"
"Preco|Valor|Total|Custo|Desconto|Comissao|Saldo|Receber|Pagar","PrimoAutoEletrica\Repositories\VendaRepository.cs","443","Total,"
"Preco|Valor|Total|Custo|Desconto|Comissao|Saldo|Receber|Pagar","PrimoAutoEletrica\Repositories\VendaRepository.cs","445","Desconto,"
"Preco|Valor|Total|Custo|Desconto|Comissao|Saldo|Receber|Pagar","PrimoAutoEletrica\Repositories\VendaRepository.cs","483","Total = ReadDecimal(reader, 4),"
"Preco|Valor|Total|Custo|Desconto|Comissao|Saldo|Receber|Pagar","PrimoAutoEletrica\Repositories\VendaRepository.cs","485","Desconto = ReadDecimal(reader, 6),"
"decimal","PrimoAutoEletrica\Repositories\VendaRepository.cs","530","private static decimal ReadDecimal(DbDataReader reader, int ordinal)"
"Preco|Valor|Total|Custo|Desconto|Comissao|Saldo|Receber|Pagar","PrimoAutoEletrica\Services\Catalogo\CatalogoCsvExcelImporterService.cs","156","var precoReferencia = FirstNonEmpty(row, ""precoreferencia"", ""preco"", ""valor"");"
"Preco|Valor|Total|Custo|Desconto|Comissao|Saldo|Receber|Pagar","PrimoAutoEletrica\Services\Catalogo\CatalogoCsvExcelImporterService.cs","158","if (!string.IsNullOrWhiteSpace(precoReferencia))"
"Preco|Valor|Total|Custo|Desconto|Comissao|Saldo|Receber|Pagar","PrimoAutoEletrica\Services\Catalogo\CatalogoCsvExcelImporterService.cs","161","? $""Preco referencia: {precoReferencia}"""
"Preco|Valor|Total|Custo|Desconto|Comissao|Saldo|Receber|Pagar","PrimoAutoEletrica\Services\Catalogo\CatalogoCsvExcelImporterService.cs","162",": $""{observacoes} | Preco referencia: {precoReferencia}"";"
"double","PrimoAutoEletrica\Services\Catalogo\CatalogoImportacaoQualidade.cs","9","public const double LimiarAlertaSemNomeReal = 0.30;"
"double","PrimoAutoEletrica\Services\Catalogo\CatalogoImportacaoQualidade.cs","10","public const double LimiarBloqueioRecomendado = 0.60;"
"Preco|Valor|Total|Custo|Desconto|Comissao|Saldo|Receber|Pagar","PrimoAutoEletrica\Services\Catalogo\CatalogoImportacaoQualidade.cs","23","preview.TotalSemDescricao = candidatos.Count(item => string.IsNullOrWhiteSpace(item.Descricao));"
"Preco|Valor|Total|Custo|Desconto|Comissao|Saldo|Receber|Pagar","PrimoAutoEletrica\Services\Catalogo\CatalogoImportacaoQualidade.cs","24","preview.TotalSemNomeReal = candidatos.Count(item =>"
"double","PrimoAutoEletrica\Services\Catalogo\CatalogoImportacaoQualidade.cs","34","var ratioSemNome = preview.TotalSemNomeReal / (double)candidatos.Count;"
"Preco|Valor|Total|Custo|Desconto|Comissao|Saldo|Receber|Pagar","PrimoAutoEletrica\Services\Catalogo\CatalogoImportacaoQualidade.cs","34","var ratioSemNome = preview.TotalSemNomeReal / (double)candidatos.Count;"
"double","PrimoAutoEletrica\Services\Catalogo\CatalogoImportacaoQualidade.cs","35","var ratioSemDescricao = preview.TotalSemDescricao / (double)candidatos.Count;"
"Preco|Valor|Total|Custo|Desconto|Comissao|Saldo|Receber|Pagar","PrimoAutoEletrica\Services\Catalogo\CatalogoImportacaoQualidade.cs","35","var ratioSemDescricao = preview.TotalSemDescricao / (double)candidatos.Count;"
"Preco|Valor|Total|Custo|Desconto|Comissao|Saldo|Receber|Pagar","PrimoAutoEletrica\Services\Catalogo\CatalogoImportacaoQualidade.cs","41","if (preview.TotalSemNomeReal == 0 && preview.TotalSemDescricao <= candidatos.Count * 0.5)"
"Preco|Valor|Total|Custo|Desconto|Comissao|Saldo|Receber|Pagar","PrimoAutoEletrica\Services\Catalogo\CatalogoImportacaoQualidade.cs","50","$""Atencao: {preview.TotalSemNomeReal} de {candidatos.Count} itens ainda usam nome generico (ex.: Produto + codigo) "" +"
"Preco|Valor|Total|Custo|Desconto|Comissao|Saldo|Receber|Pagar","PrimoAutoEletrica\Services\Catalogo\CatalogoImportacaoQualidade.cs","51","$""e {preview.TotalSemDescricao} estao sem descricao. Recomendado revisar ou usar CSV/Excel do fornecedor antes de importar em massa."";"
"Preco|Valor|Total|Custo|Desconto|Comissao|Saldo|Receber|Pagar","PrimoAutoEletrica\Services\Catalogo\CatalogoImportacaoQualidade.cs","56","$""Atencao: {preview.TotalSemNomeReal} item(ns) com nome generico e {preview.TotalSemDescricao} sem descricao. "" +"
"Preco|Valor|Total|Custo|Desconto|Comissao|Saldo|Receber|Pagar","PrimoAutoEletrica\Services\Catalogo\CatalogoImportacaoService.cs","85","preview.TotalItens = preview.Itens.Count;"
"Preco|Valor|Total|Custo|Desconto|Comissao|Saldo|Receber|Pagar","PrimoAutoEletrica\Services\Catalogo\CatalogoImportacaoService.cs","86","preview.TotalDuplicadosProvaveis = preview.Itens.Count(item => item.DuplicadoProvavel);"
"Preco|Valor|Total|Custo|Desconto|Comissao|Saldo|Receber|Pagar","PrimoAutoEletrica\Services\Catalogo\CatalogoImportacaoService.cs","87","preview.TotalJaExistentes = preview.Itens.Count(item => string.Equals(item.StatusRevisao, ""Ja existente"", StringComparison.OrdinalIgnoreCase));"
"Preco|Valor|Total|Custo|Desconto|Comissao|Saldo|Receber|Pagar","PrimoAutoEletrica\Services\Catalogo\CatalogoImportacaoService.cs","88","preview.TotalIncompletos = preview.Itens.Count(item => string.Equals(item.StatusRevisao, ""Incompleto"", StringComparison.OrdinalIgnoreCase));"
"Preco|Valor|Total|Custo|Desconto|Comissao|Saldo|Receber|Pagar","PrimoAutoEletrica\Services\Catalogo\CatalogoImportacaoService.cs","89","preview.TotalComErro = preview.Erros.Count;"
"Preco|Valor|Total|Custo|Desconto|Comissao|Saldo|Receber|Pagar","PrimoAutoEletrica\Services\Catalogo\CatalogoImportacaoService.cs","90","preview.TotalValidos = preview.Itens.Count(item =>"
"Preco|Valor|Total|Custo|Desconto|Comissao|Saldo|Receber|Pagar","PrimoAutoEletrica\Services\Catalogo\CatalogoImportacaoService.cs","115","TotalLidos = preview.TotalItens,"
"Preco|Valor|Total|Custo|Desconto|Comissao|Saldo|Receber|Pagar","PrimoAutoEletrica\Services\Catalogo\CatalogoImportacaoService.cs","120","_logger.LogInfo($""Confirmando importacao de catalogo '{importacao.ArquivoNome}' com {preview.TotalItens} item(ns)."");"
"Preco|Valor|Total|Custo|Desconto|Comissao|Saldo|Receber|Pagar","PrimoAutoEletrica\Services\Catalogo\CatalogoImportacaoService.cs","160","importacao.TotalImportados = importados.Count;"
"Preco|Valor|Total|Custo|Desconto|Comissao|Saldo|Receber|Pagar","PrimoAutoEletrica\Services\Catalogo\CatalogoImportacaoService.cs","161","importacao.TotalDuplicados = duplicados.Count + preview.TotalJaExistentes;"
"Preco|Valor|Total|Custo|Desconto|Comissao|Saldo|Receber|Pagar","PrimoAutoEletrica\Services\Catalogo\CatalogoImportacaoService.cs","162","importacao.TotalComErro = erros.Count;"
"Preco|Valor|Total|Custo|Desconto|Comissao|Saldo|Receber|Pagar","PrimoAutoEletrica\Services\Catalogo\CatalogoImportacaoService.cs","163","importacao.Resumo = $""Lidos={importacao.TotalLidos}; Importados={importacao.TotalImportados}; Duplicados={importacao.TotalDuplicados}; Erros={importacao.TotalCo"
"Preco|Valor|Total|Custo|Desconto|Comissao|Saldo|Receber|Pagar","PrimoAutoEletrica\Services\Catalogo\CatalogoImportacaoService.cs","192","TotalLidos,"
"Preco|Valor|Total|Custo|Desconto|Comissao|Saldo|Receber|Pagar","PrimoAutoEletrica\Services\Catalogo\CatalogoImportacaoService.cs","193","TotalImportados,"
"Preco|Valor|Total|Custo|Desconto|Comissao|Saldo|Receber|Pagar","PrimoAutoEletrica\Services\Catalogo\CatalogoImportacaoService.cs","194","TotalDuplicados,"
"Preco|Valor|Total|Custo|Desconto|Comissao|Saldo|Receber|Pagar","PrimoAutoEletrica\Services\Catalogo\CatalogoImportacaoService.cs","195","TotalComErro,"
"Preco|Valor|Total|Custo|Desconto|Comissao|Saldo|Receber|Pagar","PrimoAutoEletrica\Services\Catalogo\CatalogoImportacaoService.cs","218","TotalLidos = reader.IsDBNull(7) ? 0 : reader.GetInt32(7),"
"Preco|Valor|Total|Custo|Desconto|Comissao|Saldo|Receber|Pagar","PrimoAutoEletrica\Services\Catalogo\CatalogoImportacaoService.cs","219","TotalImportados = reader.IsDBNull(8) ? 0 : reader.GetInt32(8),"
"Preco|Valor|Total|Custo|Desconto|Comissao|Saldo|Receber|Pagar","PrimoAutoEletrica\Services\Catalogo\CatalogoImportacaoService.cs","220","TotalDuplicados = reader.IsDBNull(9) ? 0 : reader.GetInt32(9),"
"Preco|Valor|Total|Custo|Desconto|Comissao|Saldo|Receber|Pagar","PrimoAutoEletrica\Services\Catalogo\CatalogoImportacaoService.cs","221","TotalComErro = reader.IsDBNull(10) ? 0 : reader.GetInt32(10),"
"Preco|Valor|Total|Custo|Desconto|Comissao|Saldo|Receber|Pagar","PrimoAutoEletrica\Services\Catalogo\CatalogoImportacaoService.cs","415","TotalLidos,"
"Preco|Valor|Total|Custo|Desconto|Comissao|Saldo|Receber|Pagar","PrimoAutoEletrica\Services\Catalogo\CatalogoImportacaoService.cs","416","TotalImportados,"
"Preco|Valor|Total|Custo|Desconto|Comissao|Saldo|Receber|Pagar","PrimoAutoEletrica\Services\Catalogo\CatalogoImportacaoService.cs","417","TotalDuplicados,"
"Preco|Valor|Total|Custo|Desconto|Comissao|Saldo|Receber|Pagar","PrimoAutoEletrica\Services\Catalogo\CatalogoImportacaoService.cs","418","TotalComErro,"
"Preco|Valor|Total|Custo|Desconto|Comissao|Saldo|Receber|Pagar","PrimoAutoEletrica\Services\Catalogo\CatalogoImportacaoService.cs","433","@TotalLidos,"
"Preco|Valor|Total|Custo|Desconto|Comissao|Saldo|Receber|Pagar","PrimoAutoEletrica\Services\Catalogo\CatalogoImportacaoService.cs","434","@TotalImportados,"
"Preco|Valor|Total|Custo|Desconto|Comissao|Saldo|Receber|Pagar","PrimoAutoEletrica\Services\Catalogo\CatalogoImportacaoService.cs","435","@TotalDuplicados,"
"Preco|Valor|Total|Custo|Desconto|Comissao|Saldo|Receber|Pagar","PrimoAutoEletrica\Services\Catalogo\CatalogoImportacaoService.cs","436","@TotalComErro,"
"Preco|Valor|Total|Custo|Desconto|Comissao|Saldo|Receber|Pagar","PrimoAutoEletrica\Services\Catalogo\CatalogoImportacaoService.cs","449","insertImportacao.Parameters.AddWithValue(""@TotalLidos"", importacao.TotalLidos);"
"Preco|Valor|Total|Custo|Desconto|Comissao|Saldo|Receber|Pagar","PrimoAutoEletrica\Services\Catalogo\CatalogoImportacaoService.cs","450","insertImportacao.Parameters.AddWithValue(""@TotalImportados"", importacao.TotalImportados);"
"Preco|Valor|Total|Custo|Desconto|Comissao|Saldo|Receber|Pagar","PrimoAutoEletrica\Services\Catalogo\CatalogoImportacaoService.cs","451","insertImportacao.Parameters.AddWithValue(""@TotalDuplicados"", importacao.TotalDuplicados);"
"Preco|Valor|Total|Custo|Desconto|Comissao|Saldo|Receber|Pagar","PrimoAutoEletrica\Services\Catalogo\CatalogoImportacaoService.cs","452","insertImportacao.Parameters.AddWithValue(""@TotalComErro"", importacao.TotalComErro);"
"Preco|Valor|Total|Custo|Desconto|Comissao|Saldo|Receber|Pagar","PrimoAutoEletrica\Services\Catalogo\CatalogoImportacaoService.cs","529","builder.AppendLine($""- Total lidos: `{importacao.TotalLidos}`"");"
"Preco|Valor|Total|Custo|Desconto|Comissao|Saldo|Receber|Pagar","PrimoAutoEletrica\Services\Catalogo\CatalogoImportacaoService.cs","530","builder.AppendLine($""- Total importados: `{importacao.TotalImportados}`"");"
"Preco|Valor|Total|Custo|Desconto|Comissao|Saldo|Receber|Pagar","PrimoAutoEletrica\Services\Catalogo\CatalogoImportacaoService.cs","531","builder.AppendLine($""- Total duplicados: `{importacao.TotalDuplicados}`"");"
"Preco|Valor|Total|Custo|Desconto|Comissao|Saldo|Receber|Pagar","PrimoAutoEletrica\Services\Catalogo\CatalogoImportacaoService.cs","532","builder.AppendLine($""- Total erros: `{importacao.TotalComErro}`"");"
"Preco|Valor|Total|Custo|Desconto|Comissao|Saldo|Receber|Pagar","PrimoAutoEletrica\Services\Catalogo\CatalogoParaProdutoService.cs","127","PrecoCompra = 0,"
"Preco|Valor|Total|Custo|Desconto|Comissao|Saldo|Receber|Pagar","PrimoAutoEletrica\Services\Catalogo\CatalogoParaProdutoService.cs","128","PrecoVenda = 0,"
"Preco|Valor|Total|Custo|Desconto|Comissao|Saldo|Receber|Pagar","PrimoAutoEletrica\Services\Catalogo\CatalogoPdfExtractorService.cs","27","""HTTPS"", ""HTTP"", ""WWW"", ""PAGE"", ""PAGINA"", ""INDEX"", ""INDICE"", ""TOTAL"", ""GERAL"","
"double","PrimoAutoEletrica\Services\Catalogo\CatalogoPdfExtractorService.cs","167","private static Dictionary<string, (double Y, double X)> LocalizarCodigosComPosicao("
"double","PrimoAutoEletrica\Services\Catalogo\CatalogoPdfExtractorService.cs","172","var mapa = new Dictionary<string, (double Y, double X)>(StringComparer.OrdinalIgnoreCase);"
"double","PrimoAutoEletrica\Services\Catalogo\CatalogoPdfExtractorService.cs","277","IReadOnlyDictionary<string, (double Y, double X)> codigosComPosicao,"
"double","PrimoAutoEletrica\Services\Catalogo\CatalogoPdfExtractorService.cs","306","double? yCodigo = null;"
"double","PrimoAutoEletrica\Services\Catalogo\CatalogoPdfExtractorService.cs","307","double? xCodigo = null;"
"double","PrimoAutoEletrica\Services\Catalogo\CatalogoPdfImageExtractor.cs","18","double CentroY,"
"double","PrimoAutoEletrica\Services\Catalogo\CatalogoPdfImageExtractor.cs","19","double CentroX,"
"double","PrimoAutoEletrica\Services\Catalogo\CatalogoPdfImageExtractor.cs","23","double BoxBottom,"
"double","PrimoAutoEletrica\Services\Catalogo\CatalogoPdfImageExtractor.cs","24","double BoxTop);"
"double","PrimoAutoEletrica\Services\Catalogo\CatalogoPdfImageExtractor.cs","84","double? codigoCentroY,"
"double","PrimoAutoEletrica\Services\Catalogo\CatalogoPdfImageExtractor.cs","85","double? codigoCentroX = null)"
"Preco|Valor|Total|Custo|Desconto|Comissao|Saldo|Receber|Pagar","PrimoAutoEletrica\Services\Catalogo\CatalogoPecasService.cs","474","TotalItens = itens.Count,"
"Preco|Valor|Total|Custo|Desconto|Comissao|Saldo|Receber|Pagar","PrimoAutoEletrica\Services\DatabaseProviders\DatabaseProviderFactory.cs","105","logger.LogInfo($""Provider SQL Server criado com sucesso. Conexão testada com latência: {testResult.Latency?.TotalMilliseconds:F0}ms."");"
"Preco|Valor|Total|Custo|Desconto|Comissao|Saldo|Receber|Pagar","PrimoAutoEletrica\Services\DatabaseProviders\SQLiteDatabaseProvider.cs","67","_logger.LogInfo($""Teste de conexao SQLite bem-sucedido em {latency.TotalMilliseconds:F0}ms. Versao: {version}"");"
"Preco|Valor|Total|Custo|Desconto|Comissao|Saldo|Receber|Pagar","PrimoAutoEletrica\Services\DatabaseProviders\SQLiteDatabaseProvider.cs","77","_logger.LogError($""Falha no teste de conexao SQLite em {latency.TotalMilliseconds:F0}ms."", ex);"
"Preco|Valor|Total|Custo|Desconto|Comissao|Saldo|Receber|Pagar","PrimoAutoEletrica\Services\DatabaseProviders\SqlServerDatabaseProvider.cs","100","_logger.LogInfo($""Teste de conexao SQL Server bem-sucedido em {latency.TotalMilliseconds:F0}ms. Servidor: {ServerName}, Banco: {DatabaseName}. Versao: {version}"
"Preco|Valor|Total|Custo|Desconto|Comissao|Saldo|Receber|Pagar","PrimoAutoEletrica\Services\DatabaseProviders\SqlServerDatabaseProvider.cs","111","_logger.LogError($""Falha no teste de conexao SQL Server em {latency.TotalMilliseconds:F0}ms. Servidor: {ServerName}, Banco: {DatabaseName}. Erro: {errorMessage}"
"Preco|Valor|Total|Custo|Desconto|Comissao|Saldo|Receber|Pagar","PrimoAutoEletrica\Services\DatabaseProviders\SqlServerDatabaseProvider.cs","118","_logger.LogError($""Falha inesperada no teste de conexao SQL Server em {latency.TotalMilliseconds:F0}ms. Servidor: {ServerName}, Banco: {DatabaseName}."", ex);"
"decimal","PrimoAutoEletrica\Services\DatabaseProviders\SqlServerSchema.sql","79","Salario DECIMAL(18,2) NOT NULL,"
"Preco|Valor|Total|Custo|Desconto|Comissao|Saldo|Receber|Pagar","PrimoAutoEletrica\Services\DatabaseProviders\SqlServerSchema.sql","110","Valor NVARCHAR(MAX) NOT NULL,"
"decimal","PrimoAutoEletrica\Services\DatabaseProviders\SqlServerSchema.sql","142","TotalGasto DECIMAL(18,2) NOT NULL DEFAULT 0,"
"Preco|Valor|Total|Custo|Desconto|Comissao|Saldo|Receber|Pagar","PrimoAutoEletrica\Services\DatabaseProviders\SqlServerSchema.sql","142","TotalGasto DECIMAL(18,2) NOT NULL DEFAULT 0,"
"Preco|Valor|Total|Custo|Desconto|Comissao|Saldo|Receber|Pagar","PrimoAutoEletrica\Services\DatabaseProviders\SqlServerSchema.sql","143","TotalServicos INT NOT NULL DEFAULT 0,"
"decimal","PrimoAutoEletrica\Services\DatabaseProviders\SqlServerSchema.sql","189","PrecoCompra DECIMAL(18,2) NOT NULL DEFAULT 0,"
"Preco|Valor|Total|Custo|Desconto|Comissao|Saldo|Receber|Pagar","PrimoAutoEletrica\Services\DatabaseProviders\SqlServerSchema.sql","189","PrecoCompra DECIMAL(18,2) NOT NULL DEFAULT 0,"
"decimal","PrimoAutoEletrica\Services\DatabaseProviders\SqlServerSchema.sql","190","MargemLucro DECIMAL(18,2) NOT NULL DEFAULT 0,"
"Preco|Valor|Total|Custo|Desconto|Comissao|Saldo|Receber|Pagar","PrimoAutoEletrica\Services\DatabaseProviders\SqlServerSchema.sql","190","MargemLucro DECIMAL(18,2) NOT NULL DEFAULT 0,"
"decimal","PrimoAutoEletrica\Services\DatabaseProviders\SqlServerSchema.sql","191","ValorTotalEstoque DECIMAL(18,2) NOT NULL DEFAULT 0,"
"Preco|Valor|Total|Custo|Desconto|Comissao|Saldo|Receber|Pagar","PrimoAutoEletrica\Services\DatabaseProviders\SqlServerSchema.sql","191","ValorTotalEstoque DECIMAL(18,2) NOT NULL DEFAULT 0,"
"decimal","PrimoAutoEletrica\Services\DatabaseProviders\SqlServerSchema.sql","213","PrecoCusto DECIMAL(18,2),"
"Preco|Valor|Total|Custo|Desconto|Comissao|Saldo|Receber|Pagar","PrimoAutoEletrica\Services\DatabaseProviders\SqlServerSchema.sql","213","PrecoCusto DECIMAL(18,2),"
"decimal","PrimoAutoEletrica\Services\DatabaseProviders\SqlServerSchema.sql","214","PrecoVenda DECIMAL(18,2) NOT NULL,"
"Preco|Valor|Total|Custo|Desconto|Comissao|Saldo|Receber|Pagar","PrimoAutoEletrica\Services\DatabaseProviders\SqlServerSchema.sql","214","PrecoVenda DECIMAL(18,2) NOT NULL,"
"Preco|Valor|Total|Custo|Desconto|Comissao|Saldo|Receber|Pagar","PrimoAutoEletrica\Services\DatabaseProviders\SqlServerSchema.sql","218","TotalVendas INT NOT NULL DEFAULT 0,"
"decimal","PrimoAutoEletrica\Services\DatabaseProviders\SqlServerSchema.sql","219","TotalFaturado DECIMAL(18,2) NOT NULL DEFAULT 0,"
"Preco|Valor|Total|Custo|Desconto|Comissao|Saldo|Receber|Pagar","PrimoAutoEletrica\Services\DatabaseProviders\SqlServerSchema.sql","219","TotalFaturado DECIMAL(18,2) NOT NULL DEFAULT 0,"
"decimal","PrimoAutoEletrica\Services\DatabaseProviders\SqlServerSchema.sql","262","PedidoMinimo DECIMAL(18,2) NOT NULL DEFAULT 0,"
"decimal","PrimoAutoEletrica\Services\DatabaseProviders\SqlServerSchema.sql","268","TotalCompras DECIMAL(18,2) NOT NULL DEFAULT 0,"
"Preco|Valor|Total|Custo|Desconto|Comissao|Saldo|Receber|Pagar","PrimoAutoEletrica\Services\DatabaseProviders\SqlServerSchema.sql","268","TotalCompras DECIMAL(18,2) NOT NULL DEFAULT 0,"
"decimal","PrimoAutoEletrica\Services\DatabaseProviders\SqlServerSchema.sql","312","PrecoUltimaCompra DECIMAL(18,2) NOT NULL DEFAULT 0,"
"Preco|Valor|Total|Custo|Desconto|Comissao|Saldo|Receber|Pagar","PrimoAutoEletrica\Services\DatabaseProviders\SqlServerSchema.sql","312","PrecoUltimaCompra DECIMAL(18,2) NOT NULL DEFAULT 0,"
"decimal","PrimoAutoEletrica\Services\DatabaseProviders\SqlServerSchema.sql","313","QuantidadeUltimaCompra DECIMAL(18,3) NOT NULL DEFAULT 0,"
"decimal","PrimoAutoEletrica\Services\DatabaseProviders\SqlServerSchema.sql","316","ValorCompras DECIMAL(18,2) NOT NULL DEFAULT 0,"
"Preco|Valor|Total|Custo|Desconto|Comissao|Saldo|Receber|Pagar","PrimoAutoEletrica\Services\DatabaseProviders\SqlServerSchema.sql","316","ValorCompras DECIMAL(18,2) NOT NULL DEFAULT 0,"
"decimal","PrimoAutoEletrica\Services\DatabaseProviders\SqlServerSchema.sql","347","ValorTotal DECIMAL(18,2) NOT NULL DEFAULT 0,"
"Preco|Valor|Total|Custo|Desconto|Comissao|Saldo|Receber|Pagar","PrimoAutoEletrica\Services\DatabaseProviders\SqlServerSchema.sql","347","ValorTotal DECIMAL(18,2) NOT NULL DEFAULT 0,"
"decimal","PrimoAutoEletrica\Services\DatabaseProviders\SqlServerSchema.sql","348","ValorProdutos DECIMAL(18,2) NOT NULL DEFAULT 0,"
"Preco|Valor|Total|Custo|Desconto|Comissao|Saldo|Receber|Pagar","PrimoAutoEletrica\Services\DatabaseProviders\SqlServerSchema.sql","348","ValorProdutos DECIMAL(18,2) NOT NULL DEFAULT 0,"
"decimal","PrimoAutoEletrica\Services\DatabaseProviders\SqlServerSchema.sql","376","Quantidade DECIMAL(18,4) NOT NULL DEFAULT 0,"
"decimal","PrimoAutoEletrica\Services\DatabaseProviders\SqlServerSchema.sql","377","ValorUnitario DECIMAL(18,4) NOT NULL DEFAULT 0,"
"Preco|Valor|Total|Custo|Desconto|Comissao|Saldo|Receber|Pagar","PrimoAutoEletrica\Services\DatabaseProviders\SqlServerSchema.sql","377","ValorUnitario DECIMAL(18,4) NOT NULL DEFAULT 0,"
"decimal","PrimoAutoEletrica\Services\DatabaseProviders\SqlServerSchema.sql","378","ValorTotal DECIMAL(18,2) NOT NULL DEFAULT 0,"
"Preco|Valor|Total|Custo|Desconto|Comissao|Saldo|Receber|Pagar","PrimoAutoEletrica\Services\DatabaseProviders\SqlServerSchema.sql","378","ValorTotal DECIMAL(18,2) NOT NULL DEFAULT 0,"
"decimal","PrimoAutoEletrica\Services\DatabaseProviders\SqlServerSchema.sql","386","MargemAplicada DECIMAL(18,4) NOT NULL DEFAULT 0,"
"Preco|Valor|Total|Custo|Desconto|Comissao|Saldo|Receber|Pagar","PrimoAutoEletrica\Services\DatabaseProviders\SqlServerSchema.sql","386","MargemAplicada DECIMAL(18,4) NOT NULL DEFAULT 0,"
"decimal","PrimoAutoEletrica\Services\DatabaseProviders\SqlServerSchema.sql","387","PrecoVendaSugerido DECIMAL(18,4) NOT NULL DEFAULT 0,"
"Preco|Valor|Total|Custo|Desconto|Comissao|Saldo|Receber|Pagar","PrimoAutoEletrica\Services\DatabaseProviders\SqlServerSchema.sql","387","PrecoVendaSugerido DECIMAL(18,4) NOT NULL DEFAULT 0,"
"decimal","PrimoAutoEletrica\Services\DatabaseProviders\SqlServerSchema.sql","413","ValorTotal DECIMAL(18,2) NOT NULL DEFAULT 0,"
"Preco|Valor|Total|Custo|Desconto|Comissao|Saldo|Receber|Pagar","PrimoAutoEletrica\Services\DatabaseProviders\SqlServerSchema.sql","413","ValorTotal DECIMAL(18,2) NOT NULL DEFAULT 0,"
"Preco|Valor|Total|Custo|Desconto|Comissao|Saldo|Receber|Pagar","PrimoAutoEletrica\Services\DatabaseProviders\SqlServerSchema.sql","438","TotalItens INT NOT NULL DEFAULT 0,"
"decimal","PrimoAutoEletrica\Services\DatabaseProviders\SqlServerSchema.sql","459","Total DECIMAL(18,2) NOT NULL DEFAULT 0,"
"Preco|Valor|Total|Custo|Desconto|Comissao|Saldo|Receber|Pagar","PrimoAutoEletrica\Services\DatabaseProviders\SqlServerSchema.sql","459","Total DECIMAL(18,2) NOT NULL DEFAULT 0,"
"decimal","PrimoAutoEletrica\Services\DatabaseProviders\SqlServerSchema.sql","461","ValorTotal DECIMAL(18,2) NOT NULL DEFAULT 0,"
"Preco|Valor|Total|Custo|Desconto|Comissao|Saldo|Receber|Pagar","PrimoAutoEletrica\Services\DatabaseProviders\SqlServerSchema.sql","461","ValorTotal DECIMAL(18,2) NOT NULL DEFAULT 0,"
"decimal","PrimoAutoEletrica\Services\DatabaseProviders\SqlServerSchema.sql","462","Desconto DECIMAL(18,2) NOT NULL DEFAULT 0,"
"Preco|Valor|Total|Custo|Desconto|Comissao|Saldo|Receber|Pagar","PrimoAutoEletrica\Services\DatabaseProviders\SqlServerSchema.sql","462","Desconto DECIMAL(18,2) NOT NULL DEFAULT 0,"
"decimal","PrimoAutoEletrica\Services\DatabaseProviders\SqlServerSchema.sql","464","QuantidadeItens DECIMAL(18,2) NOT NULL DEFAULT 0,"
"decimal","PrimoAutoEletrica\Services\DatabaseProviders\SqlServerSchema.sql","497","PrecoUnitario DECIMAL(18,2) NOT NULL DEFAULT 0,"
"Preco|Valor|Total|Custo|Desconto|Comissao|Saldo|Receber|Pagar","PrimoAutoEletrica\Services\DatabaseProviders\SqlServerSchema.sql","497","PrecoUnitario DECIMAL(18,2) NOT NULL DEFAULT 0,"
"decimal","PrimoAutoEletrica\Services\DatabaseProviders\SqlServerSchema.sql","498","CustoUnitario DECIMAL(18,2) NOT NULL DEFAULT 0,"
"Preco|Valor|Total|Custo|Desconto|Comissao|Saldo|Receber|Pagar","PrimoAutoEletrica\Services\DatabaseProviders\SqlServerSchema.sql","498","CustoUnitario DECIMAL(18,2) NOT NULL DEFAULT 0,"
"decimal","PrimoAutoEletrica\Services\DatabaseProviders\SqlServerSchema.sql","499","Desconto DECIMAL(18,2) NOT NULL DEFAULT 0,"
"Preco|Valor|Total|Custo|Desconto|Comissao|Saldo|Receber|Pagar","PrimoAutoEletrica\Services\DatabaseProviders\SqlServerSchema.sql","499","Desconto DECIMAL(18,2) NOT NULL DEFAULT 0,"
"decimal","PrimoAutoEletrica\Services\DatabaseProviders\SqlServerSchema.sql","500","Subtotal DECIMAL(18,2) NOT NULL DEFAULT 0,"
"Preco|Valor|Total|Custo|Desconto|Comissao|Saldo|Receber|Pagar","PrimoAutoEletrica\Services\DatabaseProviders\SqlServerSchema.sql","500","Subtotal DECIMAL(18,2) NOT NULL DEFAULT 0,"
"decimal","PrimoAutoEletrica\Services\DatabaseProviders\SqlServerSchema.sql","501","ValorTotal DECIMAL(18,2) NOT NULL DEFAULT 0,"
"Preco|Valor|Total|Custo|Desconto|Comissao|Saldo|Receber|Pagar","PrimoAutoEletrica\Services\DatabaseProviders\SqlServerSchema.sql","501","ValorTotal DECIMAL(18,2) NOT NULL DEFAULT 0,"
"decimal","PrimoAutoEletrica\Services\DatabaseProviders\SqlServerSchema.sql","536","ClienteTotalGasto DECIMAL(18,2) NOT NULL DEFAULT 0,"
"decimal","PrimoAutoEletrica\Services\DatabaseProviders\SqlServerSchema.sql","556","ValorEstimado DECIMAL(18,2) NOT NULL DEFAULT 0,"
"Preco|Valor|Total|Custo|Desconto|Comissao|Saldo|Receber|Pagar","PrimoAutoEletrica\Services\DatabaseProviders\SqlServerSchema.sql","556","ValorEstimado DECIMAL(18,2) NOT NULL DEFAULT 0,"
"decimal","PrimoAutoEletrica\Services\DatabaseProviders\SqlServerSchema.sql","557","ValorReal DECIMAL(18,2) NOT NULL DEFAULT 0,"
"Preco|Valor|Total|Custo|Desconto|Comissao|Saldo|Receber|Pagar","PrimoAutoEletrica\Services\DatabaseProviders\SqlServerSchema.sql","557","ValorReal DECIMAL(18,2) NOT NULL DEFAULT 0,"
"decimal","PrimoAutoEletrica\Services\DatabaseProviders\SqlServerSchema.sql","558","ValorPago DECIMAL(18,2) NOT NULL DEFAULT 0,"
"Preco|Valor|Total|Custo|Desconto|Comissao|Saldo|Receber|Pagar","PrimoAutoEletrica\Services\DatabaseProviders\SqlServerSchema.sql","558","ValorPago DECIMAL(18,2) NOT NULL DEFAULT 0,"
"decimal","PrimoAutoEletrica\Services\DatabaseProviders\SqlServerSchema.sql","568","ValorProdutos DECIMAL(18,2) NOT NULL DEFAULT 0,"
"Preco|Valor|Total|Custo|Desconto|Comissao|Saldo|Receber|Pagar","PrimoAutoEletrica\Services\DatabaseProviders\SqlServerSchema.sql","568","ValorProdutos DECIMAL(18,2) NOT NULL DEFAULT 0,"
"decimal","PrimoAutoEletrica\Services\DatabaseProviders\SqlServerSchema.sql","569","ValorServicos DECIMAL(18,2) NOT NULL DEFAULT 0,"
"Preco|Valor|Total|Custo|Desconto|Comissao|Saldo|Receber|Pagar","PrimoAutoEletrica\Services\DatabaseProviders\SqlServerSchema.sql","569","ValorServicos DECIMAL(18,2) NOT NULL DEFAULT 0,"
"decimal","PrimoAutoEletrica\Services\DatabaseProviders\SqlServerSchema.sql","606","PrecoUnitario DECIMAL(18,2) NOT NULL DEFAULT 0,"
"Preco|Valor|Total|Custo|Desconto|Comissao|Saldo|Receber|Pagar","PrimoAutoEletrica\Services\DatabaseProviders\SqlServerSchema.sql","606","PrecoUnitario DECIMAL(18,2) NOT NULL DEFAULT 0,"
"decimal","PrimoAutoEletrica\Services\DatabaseProviders\SqlServerSchema.sql","607","PrecoTotal DECIMAL(18,2) NOT NULL DEFAULT 0,"
"Preco|Valor|Total|Custo|Desconto|Comissao|Saldo|Receber|Pagar","PrimoAutoEletrica\Services\DatabaseProviders\SqlServerSchema.sql","607","PrecoTotal DECIMAL(18,2) NOT NULL DEFAULT 0,"
"decimal","PrimoAutoEletrica\Services\DatabaseProviders\SqlServerSchema.sql","624","Valor DECIMAL(18,2) NOT NULL DEFAULT 0,"
"Preco|Valor|Total|Custo|Desconto|Comissao|Saldo|Receber|Pagar","PrimoAutoEletrica\Services\DatabaseProviders\SqlServerSchema.sql","624","Valor DECIMAL(18,2) NOT NULL DEFAULT 0,"
"decimal","PrimoAutoEletrica\Services\DatabaseProviders\SqlServerSchema.sql","689","Valor DECIMAL(18,2) NOT NULL,"
"Preco|Valor|Total|Custo|Desconto|Comissao|Saldo|Receber|Pagar","PrimoAutoEletrica\Services\DatabaseProviders\SqlServerSchema.sql","689","Valor DECIMAL(18,2) NOT NULL,"
"decimal","PrimoAutoEletrica\Services\DatabaseProviders\SqlServerSchema.sql","712","Valor DECIMAL(18,2) NOT NULL,"
"Preco|Valor|Total|Custo|Desconto|Comissao|Saldo|Receber|Pagar","PrimoAutoEletrica\Services\DatabaseProviders\SqlServerSchema.sql","712","Valor DECIMAL(18,2) NOT NULL,"
"decimal","PrimoAutoEletrica\Services\DatabaseProviders\SqlServerSchema.sql","735","Valor DECIMAL(18,2) NOT NULL,"
"Preco|Valor|Total|Custo|Desconto|Comissao|Saldo|Receber|Pagar","PrimoAutoEletrica\Services\DatabaseProviders\SqlServerSchema.sql","735","Valor DECIMAL(18,2) NOT NULL,"
"decimal","PrimoAutoEletrica\Services\DatabaseProviders\SqlServerSchema.sql","762","ValorAbertura DECIMAL(18,2) NOT NULL DEFAULT 0,"
"Preco|Valor|Total|Custo|Desconto|Comissao|Saldo|Receber|Pagar","PrimoAutoEletrica\Services\DatabaseProviders\SqlServerSchema.sql","762","ValorAbertura DECIMAL(18,2) NOT NULL DEFAULT 0,"
"decimal","PrimoAutoEletrica\Services\DatabaseProviders\SqlServerSchema.sql","763","ValorEsperado DECIMAL(18,2) NOT NULL DEFAULT 0,"
"Preco|Valor|Total|Custo|Desconto|Comissao|Saldo|Receber|Pagar","PrimoAutoEletrica\Services\DatabaseProviders\SqlServerSchema.sql","763","ValorEsperado DECIMAL(18,2) NOT NULL DEFAULT 0,"
"decimal","PrimoAutoEletrica\Services\DatabaseProviders\SqlServerSchema.sql","764","ValorInformadoFechamento DECIMAL(18,2),"
"Preco|Valor|Total|Custo|Desconto|Comissao|Saldo|Receber|Pagar","PrimoAutoEletrica\Services\DatabaseProviders\SqlServerSchema.sql","764","ValorInformadoFechamento DECIMAL(18,2),"
"decimal","PrimoAutoEletrica\Services\DatabaseProviders\SqlServerSchema.sql","765","TotalVendas DECIMAL(18,2) NOT NULL DEFAULT 0,"
"Preco|Valor|Total|Custo|Desconto|Comissao|Saldo|Receber|Pagar","PrimoAutoEletrica\Services\DatabaseProviders\SqlServerSchema.sql","765","TotalVendas DECIMAL(18,2) NOT NULL DEFAULT 0,"
"decimal","PrimoAutoEletrica\Services\DatabaseProviders\SqlServerSchema.sql","766","TotalSangrias DECIMAL(18,2) NOT NULL DEFAULT 0,"
"Preco|Valor|Total|Custo|Desconto|Comissao|Saldo|Receber|Pagar","PrimoAutoEletrica\Services\DatabaseProviders\SqlServerSchema.sql","766","TotalSangrias DECIMAL(18,2) NOT NULL DEFAULT 0,"
"decimal","PrimoAutoEletrica\Services\DatabaseProviders\SqlServerSchema.sql","767","TotalSuprimentos DECIMAL(18,2) NOT NULL DEFAULT 0,"
"Preco|Valor|Total|Custo|Desconto|Comissao|Saldo|Receber|Pagar","PrimoAutoEletrica\Services\DatabaseProviders\SqlServerSchema.sql","767","TotalSuprimentos DECIMAL(18,2) NOT NULL DEFAULT 0,"
"decimal","PrimoAutoEletrica\Services\DatabaseProviders\SqlServerSchema.sql","792","ValorMovimento DECIMAL(18,2) NOT NULL DEFAULT 0,"
"Preco|Valor|Total|Custo|Desconto|Comissao|Saldo|Receber|Pagar","PrimoAutoEletrica\Services\DatabaseProviders\SqlServerSchema.sql","792","ValorMovimento DECIMAL(18,2) NOT NULL DEFAULT 0,"
"decimal","PrimoAutoEletrica\Services\DatabaseProviders\SqlServerSchema.sql","793","ValorInicial DECIMAL(18,2) NOT NULL DEFAULT 0,"
"Preco|Valor|Total|Custo|Desconto|Comissao|Saldo|Receber|Pagar","PrimoAutoEletrica\Services\DatabaseProviders\SqlServerSchema.sql","793","ValorInicial DECIMAL(18,2) NOT NULL DEFAULT 0,"
"decimal","PrimoAutoEletrica\Services\DatabaseProviders\SqlServerSchema.sql","794","ValorFinal DECIMAL(18,2) NOT NULL DEFAULT 0,"
"Preco|Valor|Total|Custo|Desconto|Comissao|Saldo|Receber|Pagar","PrimoAutoEletrica\Services\DatabaseProviders\SqlServerSchema.sql","794","ValorFinal DECIMAL(18,2) NOT NULL DEFAULT 0,"
"decimal","PrimoAutoEletrica\Services\DatabaseProviders\SqlServerSchema.sql","795","Sangrias DECIMAL(18,2) NOT NULL DEFAULT 0,"
"decimal","PrimoAutoEletrica\Services\DatabaseProviders\SqlServerSchema.sql","796","Suprimentos DECIMAL(18,2) NOT NULL DEFAULT 0,"
"decimal","PrimoAutoEletrica\Services\DatabaseProviders\SqlServerSchema.sql","797","Diferenca DECIMAL(18,2) NOT NULL DEFAULT 0,"
"decimal","PrimoAutoEletrica\Services\DatabaseProviders\SqlServerSchema.sql","814","ValorMeta DECIMAL(18,2) NOT NULL,"
"Preco|Valor|Total|Custo|Desconto|Comissao|Saldo|Receber|Pagar","PrimoAutoEletrica\Services\DatabaseProviders\SqlServerSchema.sql","814","ValorMeta DECIMAL(18,2) NOT NULL,"
"decimal","PrimoAutoEletrica\Services\DatabaseProviders\SqlServerSchema.sql","815","ValorAtual DECIMAL(18,2) NOT NULL DEFAULT 0,"
"Preco|Valor|Total|Custo|Desconto|Comissao|Saldo|Receber|Pagar","PrimoAutoEletrica\Services\DatabaseProviders\SqlServerSchema.sql","815","ValorAtual DECIMAL(18,2) NOT NULL DEFAULT 0,"
"decimal","PrimoAutoEletrica\Services\DatabaseProviders\SqlServerSchema.sql","835","ValorTotal DECIMAL(18,2),"
"Preco|Valor|Total|Custo|Desconto|Comissao|Saldo|Receber|Pagar","PrimoAutoEletrica\Services\DatabaseProviders\SqlServerSchema.sql","835","ValorTotal DECIMAL(18,2),"
"Preco|Valor|Total|Custo|Desconto|Comissao|Saldo|Receber|Pagar","PrimoAutoEletrica\Services\DatabaseProviders\SqlServerSchema.sql","836","TotalRegistros INT,"
"Preco|Valor|Total|Custo|Desconto|Comissao|Saldo|Receber|Pagar","PrimoAutoEletrica\Services\DatabaseProviders\SqlServerSchema.sql","854","ValorAnterior NVARCHAR(MAX),"
"Preco|Valor|Total|Custo|Desconto|Comissao|Saldo|Receber|Pagar","PrimoAutoEletrica\Services\DatabaseProviders\SqlServerSchema.sql","855","ValorNovo NVARCHAR(MAX),"
"decimal","PrimoAutoEletrica\Services\DatabaseProviders\SqlServerSchema.sql","869","MetaValor DECIMAL(18,2) NOT NULL,"
"decimal","PrimoAutoEletrica\Services\DatabaseProviders\SqlServerSchema.sql","870","ValorAtual DECIMAL(18,2),"
"Preco|Valor|Total|Custo|Desconto|Comissao|Saldo|Receber|Pagar","PrimoAutoEletrica\Services\DatabaseProviders\SqlServerSchema.sql","870","ValorAtual DECIMAL(18,2),"
"decimal","PrimoAutoEletrica\Services\DatabaseProviders\SqlServerSchema.sql","871","PercentualAtingido DECIMAL(18,2),"
"decimal","PrimoAutoEletrica\Services\DatabaseProviders\SqlServerSchema.sql","905","Valor DECIMAL(18,2),"
"Preco|Valor|Total|Custo|Desconto|Comissao|Saldo|Receber|Pagar","PrimoAutoEletrica\Services\DatabaseProviders\SqlServerSchema.sql","905","Valor DECIMAL(18,2),"
"decimal","PrimoAutoEletrica\Services\DatabaseProviders\SqlServerSchema.sql","1014","ValorMaoObra DECIMAL(18,2) NOT NULL DEFAULT 0,"
"Preco|Valor|Total|Custo|Desconto|Comissao|Saldo|Receber|Pagar","PrimoAutoEletrica\Services\DatabaseProviders\SqlServerSchema.sql","1014","ValorMaoObra DECIMAL(18,2) NOT NULL DEFAULT 0,"
"decimal","PrimoAutoEletrica\Services\DatabaseProviders\SqlServerSchema.sql","1015","Desconto DECIMAL(18,2) NOT NULL DEFAULT 0,"
"Preco|Valor|Total|Custo|Desconto|Comissao|Saldo|Receber|Pagar","PrimoAutoEletrica\Services\DatabaseProviders\SqlServerSchema.sql","1015","Desconto DECIMAL(18,2) NOT NULL DEFAULT 0,"
"decimal","PrimoAutoEletrica\Services\DatabaseProviders\SqlServerSchema.sql","1041","Quantidade DECIMAL(18,2) NOT NULL DEFAULT 1,"
"decimal","PrimoAutoEletrica\Services\DatabaseProviders\SqlServerSchema.sql","1042","ValorUnitario DECIMAL(18,2) NOT NULL DEFAULT 0,"
"Preco|Valor|Total|Custo|Desconto|Comissao|Saldo|Receber|Pagar","PrimoAutoEletrica\Services\DatabaseProviders\SqlServerSchema.sql","1042","ValorUnitario DECIMAL(18,2) NOT NULL DEFAULT 0,"
"decimal","PrimoAutoEletrica\Services\DatabaseProviders\SqlServerSchema.sql","1043","CustoUnitario DECIMAL(18,2) NOT NULL DEFAULT 0,"
"Preco|Valor|Total|Custo|Desconto|Comissao|Saldo|Receber|Pagar","PrimoAutoEletrica\Services\DatabaseProviders\SqlServerSchema.sql","1043","CustoUnitario DECIMAL(18,2) NOT NULL DEFAULT 0,"
"decimal","PrimoAutoEletrica\Services\DatabaseProviders\SqlServerSchema.sql","1073","Subtotal DECIMAL(18,2) NOT NULL DEFAULT 0,"
"Preco|Valor|Total|Custo|Desconto|Comissao|Saldo|Receber|Pagar","PrimoAutoEletrica\Services\DatabaseProviders\SqlServerSchema.sql","1073","Subtotal DECIMAL(18,2) NOT NULL DEFAULT 0,"
"decimal","PrimoAutoEletrica\Services\DatabaseProviders\SqlServerSchema.sql","1074","Desconto DECIMAL(18,2) NOT NULL DEFAULT 0,"
"Preco|Valor|Total|Custo|Desconto|Comissao|Saldo|Receber|Pagar","PrimoAutoEletrica\Services\DatabaseProviders\SqlServerSchema.sql","1074","Desconto DECIMAL(18,2) NOT NULL DEFAULT 0,"
"Preco|Valor|Total|Custo|Desconto|Comissao|Saldo|Receber|Pagar","PrimoAutoEletrica\Services\DatabaseProviders\SqlServerSchema.sql","1075","DescontoTipo NVARCHAR(20) NOT NULL DEFAULT 'Valor',"
"decimal","PrimoAutoEletrica\Services\DatabaseProviders\SqlServerSchema.sql","1076","DescontoPercentual DECIMAL(18,2) NOT NULL DEFAULT 0,"
"Preco|Valor|Total|Custo|Desconto|Comissao|Saldo|Receber|Pagar","PrimoAutoEletrica\Services\DatabaseProviders\SqlServerSchema.sql","1076","DescontoPercentual DECIMAL(18,2) NOT NULL DEFAULT 0,"
"decimal","PrimoAutoEletrica\Services\DatabaseProviders\SqlServerSchema.sql","1077","Acrescimo DECIMAL(18,2) NOT NULL DEFAULT 0,"
"decimal","PrimoAutoEletrica\Services\DatabaseProviders\SqlServerSchema.sql","1078","Total DECIMAL(18,2) NOT NULL DEFAULT 0,"
"Preco|Valor|Total|Custo|Desconto|Comissao|Saldo|Receber|Pagar","PrimoAutoEletrica\Services\DatabaseProviders\SqlServerSchema.sql","1078","Total DECIMAL(18,2) NOT NULL DEFAULT 0,"
"decimal","PrimoAutoEletrica\Services\DatabaseProviders\SqlServerSchema.sql","1079","MargemLucro DECIMAL(18,2) NOT NULL DEFAULT 0,"
"Preco|Valor|Total|Custo|Desconto|Comissao|Saldo|Receber|Pagar","PrimoAutoEletrica\Services\DatabaseProviders\SqlServerSchema.sql","1079","MargemLucro DECIMAL(18,2) NOT NULL DEFAULT 0,"
"decimal","PrimoAutoEletrica\Services\DatabaseProviders\SqlServerSchema.sql","1080","LucroEstimado DECIMAL(18,2) NOT NULL DEFAULT 0,"
"Preco|Valor|Total|Custo|Desconto|Comissao|Saldo|Receber|Pagar","PrimoAutoEletrica\Services\DatabaseProviders\SqlServerSchema.sql","1080","LucroEstimado DECIMAL(18,2) NOT NULL DEFAULT 0,"
"decimal","PrimoAutoEletrica\Services\DatabaseProviders\SqlServerSchema.sql","1081","ComissaoVendedor DECIMAL(18,2) NOT NULL DEFAULT 0,"
"Preco|Valor|Total|Custo|Desconto|Comissao|Saldo|Receber|Pagar","PrimoAutoEletrica\Services\DatabaseProviders\SqlServerSchema.sql","1081","ComissaoVendedor DECIMAL(18,2) NOT NULL DEFAULT 0,"
"decimal","PrimoAutoEletrica\Services\DatabaseProviders\SqlServerSchema.sql","1082","ImpostosEstimados DECIMAL(18,2) NOT NULL DEFAULT 0,"
"decimal","PrimoAutoEletrica\Services\DatabaseProviders\SqlServerSchema.sql","1112","PrecoUnitario DECIMAL(18,2) NOT NULL DEFAULT 0,"
"Preco|Valor|Total|Custo|Desconto|Comissao|Saldo|Receber|Pagar","PrimoAutoEletrica\Services\DatabaseProviders\SqlServerSchema.sql","1112","PrecoUnitario DECIMAL(18,2) NOT NULL DEFAULT 0,"
"decimal","PrimoAutoEletrica\Services\DatabaseProviders\SqlServerSchema.sql","1113","PrecoCusto DECIMAL(18,2) NOT NULL DEFAULT 0,"
"Preco|Valor|Total|Custo|Desconto|Comissao|Saldo|Receber|Pagar","PrimoAutoEletrica\Services\DatabaseProviders\SqlServerSchema.sql","1113","PrecoCusto DECIMAL(18,2) NOT NULL DEFAULT 0,"
"decimal","PrimoAutoEletrica\Services\DatabaseProviders\SqlServerSchema.sql","1114","Desconto DECIMAL(18,2) NOT NULL DEFAULT 0,"
"Preco|Valor|Total|Custo|Desconto|Comissao|Saldo|Receber|Pagar","PrimoAutoEletrica\Services\DatabaseProviders\SqlServerSchema.sql","1114","Desconto DECIMAL(18,2) NOT NULL DEFAULT 0,"
"decimal","PrimoAutoEletrica\Services\DatabaseProviders\SqlServerSchema.sql","1115","Subtotal DECIMAL(18,2) NOT NULL DEFAULT 0,"
"Preco|Valor|Total|Custo|Desconto|Comissao|Saldo|Receber|Pagar","PrimoAutoEletrica\Services\DatabaseProviders\SqlServerSchema.sql","1115","Subtotal DECIMAL(18,2) NOT NULL DEFAULT 0,"
"decimal","PrimoAutoEletrica\Services\DatabaseProviders\SqlServerSchema.sql","1116","LucroEstimado DECIMAL(18,2) NOT NULL DEFAULT 0,"
"Preco|Valor|Total|Custo|Desconto|Comissao|Saldo|Receber|Pagar","PrimoAutoEletrica\Services\DatabaseProviders\SqlServerSchema.sql","1116","LucroEstimado DECIMAL(18,2) NOT NULL DEFAULT 0,"
"decimal","PrimoAutoEletrica\Services\DatabaseProviders\SqlServerSchema.sql","1117","MargemLucro DECIMAL(18,2) NOT NULL DEFAULT 0,"
"Preco|Valor|Total|Custo|Desconto|Comissao|Saldo|Receber|Pagar","PrimoAutoEletrica\Services\DatabaseProviders\SqlServerSchema.sql","1117","MargemLucro DECIMAL(18,2) NOT NULL DEFAULT 0,"
"Preco|Valor|Total|Custo|Desconto|Comissao|Saldo|Receber|Pagar","PrimoAutoEletrica\Services\DatabaseProviders\SqlServerSchema.sql","1158","ValorAnterior NVARCHAR(MAX),"
"Preco|Valor|Total|Custo|Desconto|Comissao|Saldo|Receber|Pagar","PrimoAutoEletrica\Services\DatabaseProviders\SqlServerSchema.sql","1159","ValorNovo NVARCHAR(MAX),"
"Preco|Valor|Total|Custo|Desconto|Comissao|Saldo|Receber|Pagar","PrimoAutoEletrica\Services\Fiscal\Focus\FocusNfeHttpClient.cs","231","[""valor_unitario_comercial""] = item.ValorUnitario,"
"Preco|Valor|Total|Custo|Desconto|Comissao|Saldo|Receber|Pagar","PrimoAutoEletrica\Services\Fiscal\Focus\FocusNfeHttpClient.cs","232","[""valor_unitario_tributavel""] = item.ValorUnitario,"
"Preco|Valor|Total|Custo|Desconto|Comissao|Saldo|Receber|Pagar","PrimoAutoEletrica\Services\Fiscal\Focus\FocusNfeHttpClient.cs","235","[""valor_bruto""] = item.ValorTotal,"
"Preco|Valor|Total|Custo|Desconto|Comissao|Saldo|Receber|Pagar","PrimoAutoEletrica\Services\Fiscal\Focus\FocusNfeHttpClient.cs","309","[""valor_pagamento""] = document.ValorTotal"
"double","PrimoAutoEletrica\Services\Fiscal\DanfeInformationalPdfGenerator.cs","37","double y = 40;"
"Preco|Valor|Total|Custo|Desconto|Comissao|Saldo|Receber|Pagar","PrimoAutoEletrica\Services\Fiscal\FiscalApplicationService.cs","103","Total = normalized.Total,"
"Preco|Valor|Total|Custo|Desconto|Comissao|Saldo|Receber|Pagar","PrimoAutoEletrica\Services\Fiscal\FiscalApplicationService.cs","497","Total = request.Total,"
"decimal","PrimoAutoEletrica\Services\Fiscal\FiscalContracts.cs","21","public decimal Total { get; init; }"
"Preco|Valor|Total|Custo|Desconto|Comissao|Saldo|Receber|Pagar","PrimoAutoEletrica\Services\Fiscal\FiscalContracts.cs","21","public decimal Total { get; init; }"
"decimal","PrimoAutoEletrica\Services\Fiscal\FiscalContracts.cs","31","public decimal Quantidade { get; init; }"
"decimal","PrimoAutoEletrica\Services\Fiscal\FiscalContracts.cs","32","public decimal ValorUnitario { get; init; }"
"Preco|Valor|Total|Custo|Desconto|Comissao|Saldo|Receber|Pagar","PrimoAutoEletrica\Services\Fiscal\FiscalContracts.cs","32","public decimal ValorUnitario { get; init; }"
"Preco|Valor|Total|Custo|Desconto|Comissao|Saldo|Receber|Pagar","PrimoAutoEletrica\Services\Fiscal\FiscalDocumentValidator.cs","151","if (item.ValorUnitario < 0)"
"Preco|Valor|Total|Custo|Desconto|Comissao|Saldo|Receber|Pagar","PrimoAutoEletrica\Services\Fiscal\FiscalDocumentValidator.cs","153","result.Add(""FISCAL-ITEM-PRECO"", $""{prefix}: preco unitario invalido."", $""Item[{item.NumeroItem}].ValorUnitario"");"
"Preco|Valor|Total|Custo|Desconto|Comissao|Saldo|Receber|Pagar","PrimoAutoEletrica\Services\Fiscal\FiscalDocumentValidator.cs","170","var somaItens = document.Itens.Sum(i => i.ValorTotal);"
"Preco|Valor|Total|Custo|Desconto|Comissao|Saldo|Receber|Pagar","PrimoAutoEletrica\Services\Fiscal\FiscalDocumentValidator.cs","171","if (Math.Abs(somaItens - document.ValorProdutos) > 0.01m)"
"Preco|Valor|Total|Custo|Desconto|Comissao|Saldo|Receber|Pagar","PrimoAutoEletrica\Services\Fiscal\FiscalDocumentValidator.cs","173","result.Add(""FISCAL-TOTAL-ITEMS"", ""Soma dos itens diverge do total de produtos."");"
"Preco|Valor|Total|Custo|Desconto|Comissao|Saldo|Receber|Pagar","PrimoAutoEletrica\Services\Fiscal\FiscalDocumentValidator.cs","176","var esperado = document.ValorProdutos - document.ValorDesconto;"
"Preco|Valor|Total|Custo|Desconto|Comissao|Saldo|Receber|Pagar","PrimoAutoEletrica\Services\Fiscal\FiscalDocumentValidator.cs","179","result.Add(""FISCAL-TOTAL-NEG"", ""Total da NF-e nao pode ser negativo."");"
"Preco|Valor|Total|Custo|Desconto|Comissao|Saldo|Receber|Pagar","PrimoAutoEletrica\Services\Fiscal\FiscalDocumentValidator.cs","182","if (Math.Abs(esperado - document.ValorTotal) > 0.01m)"
"Preco|Valor|Total|Custo|Desconto|Comissao|Saldo|Receber|Pagar","PrimoAutoEletrica\Services\Fiscal\FiscalDocumentValidator.cs","184","result.Add(""FISCAL-TOTAL-MISMATCH"", ""Total da NF-e inconsistente (produtos - desconto)."");"
"decimal","PrimoAutoEletrica\Services\Fiscal\FiscalEmpresaModels.cs","27","public static decimal RoundMoney(decimal value)"
"decimal","PrimoAutoEletrica\Services\Fiscal\FiscalEmpresaModels.cs","30","public static decimal LineTotal(decimal quantidade, decimal valorUnitario, decimal desconto = 0m)"
"Preco|Valor|Total|Custo|Desconto|Comissao|Saldo|Receber|Pagar","PrimoAutoEletrica\Services\Fiscal\FiscalEmpresaModels.cs","30","public static decimal LineTotal(decimal quantidade, decimal valorUnitario, decimal desconto = 0m)"
"Preco|Valor|Total|Custo|Desconto|Comissao|Saldo|Receber|Pagar","PrimoAutoEletrica\Services\Fiscal\FiscalEmpresaModels.cs","31","=> RoundMoney((quantidade * valorUnitario) - desconto);"
"decimal","PrimoAutoEletrica\Services\Fiscal\FiscalEmpresaModels.cs","33","public static (decimal Produtos, decimal Descontos, decimal Frete, decimal Seguro, decimal Despesas, decimal Total)"
"Preco|Valor|Total|Custo|Desconto|Comissao|Saldo|Receber|Pagar","PrimoAutoEletrica\Services\Fiscal\FiscalEmpresaModels.cs","33","public static (decimal Produtos, decimal Descontos, decimal Frete, decimal Seguro, decimal Despesas, decimal Total)"
"decimal","PrimoAutoEletrica\Services\Fiscal\FiscalEmpresaModels.cs","35","decimal produtos,"
"decimal","PrimoAutoEletrica\Services\Fiscal\FiscalEmpresaModels.cs","36","decimal descontos = 0m,"
"Preco|Valor|Total|Custo|Desconto|Comissao|Saldo|Receber|Pagar","PrimoAutoEletrica\Services\Fiscal\FiscalEmpresaModels.cs","36","decimal descontos = 0m,"
"decimal","PrimoAutoEletrica\Services\Fiscal\FiscalEmpresaModels.cs","37","decimal frete = 0m,"
"decimal","PrimoAutoEletrica\Services\Fiscal\FiscalEmpresaModels.cs","38","decimal seguro = 0m,"
"decimal","PrimoAutoEletrica\Services\Fiscal\FiscalEmpresaModels.cs","39","decimal despesas = 0m)"
"Preco|Valor|Total|Custo|Desconto|Comissao|Saldo|Receber|Pagar","PrimoAutoEletrica\Services\Fiscal\FiscalEmpresaModels.cs","42","var d = RoundMoney(descontos);"
"Preco|Valor|Total|Custo|Desconto|Comissao|Saldo|Receber|Pagar","PrimoAutoEletrica\Services\Fiscal\FiscalEmpresaModels.cs","46","var total = RoundMoney(p - d + f + s + e);"
"Preco|Valor|Total|Custo|Desconto|Comissao|Saldo|Receber|Pagar","PrimoAutoEletrica\Services\Fiscal\FiscalEmpresaModels.cs","47","return (p, d, f, s, e, total);"
"decimal","PrimoAutoEletrica\Services\Fiscal\FiscalNfceNfseModels.cs","21","public decimal ValorTotal { get; set; }"
"Preco|Valor|Total|Custo|Desconto|Comissao|Saldo|Receber|Pagar","PrimoAutoEletrica\Services\Fiscal\FiscalNfceNfseModels.cs","21","public decimal ValorTotal { get; set; }"
"decimal","PrimoAutoEletrica\Services\Fiscal\FiscalNfceNfseModels.cs","38","public decimal ValorServicos { get; set; }"
"Preco|Valor|Total|Custo|Desconto|Comissao|Saldo|Receber|Pagar","PrimoAutoEletrica\Services\Fiscal\FiscalNfceNfseModels.cs","38","public decimal ValorServicos { get; set; }"
"decimal","PrimoAutoEletrica\Services\Fiscal\FiscalNfceNfseModels.cs","39","public decimal? AliquotaIss { get; set; }"
"decimal","PrimoAutoEletrica\Services\Fiscal\FiscalNFeModels.cs","63","public decimal ValorProdutos { get; init; }"
"Preco|Valor|Total|Custo|Desconto|Comissao|Saldo|Receber|Pagar","PrimoAutoEletrica\Services\Fiscal\FiscalNFeModels.cs","63","public decimal ValorProdutos { get; init; }"
"decimal","PrimoAutoEletrica\Services\Fiscal\FiscalNFeModels.cs","64","public decimal ValorDesconto { get; init; }"
"Preco|Valor|Total|Custo|Desconto|Comissao|Saldo|Receber|Pagar","PrimoAutoEletrica\Services\Fiscal\FiscalNFeModels.cs","64","public decimal ValorDesconto { get; init; }"
"decimal","PrimoAutoEletrica\Services\Fiscal\FiscalNFeModels.cs","65","public decimal ValorTotal { get; init; }"
"Preco|Valor|Total|Custo|Desconto|Comissao|Saldo|Receber|Pagar","PrimoAutoEletrica\Services\Fiscal\FiscalNFeModels.cs","65","public decimal ValorTotal { get; init; }"
"decimal","PrimoAutoEletrica\Services\Fiscal\FiscalNFeModels.cs","92","public decimal Quantidade { get; init; }"
"decimal","PrimoAutoEletrica\Services\Fiscal\FiscalNFeModels.cs","93","public decimal ValorUnitario { get; init; }"
"Preco|Valor|Total|Custo|Desconto|Comissao|Saldo|Receber|Pagar","PrimoAutoEletrica\Services\Fiscal\FiscalNFeModels.cs","93","public decimal ValorUnitario { get; init; }"
"decimal","PrimoAutoEletrica\Services\Fiscal\FiscalNFeModels.cs","94","public decimal ValorTotal { get; init; }"
"Preco|Valor|Total|Custo|Desconto|Comissao|Saldo|Receber|Pagar","PrimoAutoEletrica\Services\Fiscal\FiscalNFeModels.cs","94","public decimal ValorTotal { get; init; }"
"Preco|Valor|Total|Custo|Desconto|Comissao|Saldo|Receber|Pagar","PrimoAutoEletrica\Services\Fiscal\FiscalNFePreviewBuilder.cs","61","$""Unit {i.ValorUnitario.ToString(""C"", culture)} | Total {i.ValorTotal.ToString(""C"", culture)} | "" +"
"Preco|Valor|Total|Custo|Desconto|Comissao|Saldo|Receber|Pagar","PrimoAutoEletrica\Services\Fiscal\FiscalNFePreviewBuilder.cs","66","$""Produtos: {document.ValorProdutos.ToString(""C"", culture)}\n"" +"
"Preco|Valor|Total|Custo|Desconto|Comissao|Saldo|Receber|Pagar","PrimoAutoEletrica\Services\Fiscal\FiscalNFePreviewBuilder.cs","67","$""Descontos: {document.ValorDesconto.ToString(""C"", culture)}\n"" +"
"Preco|Valor|Total|Custo|Desconto|Comissao|Saldo|Receber|Pagar","PrimoAutoEletrica\Services\Fiscal\FiscalNFePreviewBuilder.cs","68","$""Total: {document.ValorTotal.ToString(""C"", culture)}"";"
"Preco|Valor|Total|Custo|Desconto|Comissao|Saldo|Receber|Pagar","PrimoAutoEletrica\Services\Fiscal\NFeEmissaoService.cs","51","Total = request.Total,"
"decimal","PrimoAutoEletrica\Services\Fiscal\VendaFiscalNFeMapper.cs","30","decimal valorProdutos = 0m;"
"Preco|Valor|Total|Custo|Desconto|Comissao|Saldo|Receber|Pagar","PrimoAutoEletrica\Services\Fiscal\VendaFiscalNFeMapper.cs","30","decimal valorProdutos = 0m;"
"Preco|Valor|Total|Custo|Desconto|Comissao|Saldo|Receber|Pagar","PrimoAutoEletrica\Services\Fiscal\VendaFiscalNFeMapper.cs","61","var valorItem = linha.Subtotal;"
"Preco|Valor|Total|Custo|Desconto|Comissao|Saldo|Receber|Pagar","PrimoAutoEletrica\Services\Fiscal\VendaFiscalNFeMapper.cs","62","valorProdutos += valorItem;"
"Preco|Valor|Total|Custo|Desconto|Comissao|Saldo|Receber|Pagar","PrimoAutoEletrica\Services\Fiscal\VendaFiscalNFeMapper.cs","74","ValorUnitario = linha.PrecoUnitario,"
"Preco|Valor|Total|Custo|Desconto|Comissao|Saldo|Receber|Pagar","PrimoAutoEletrica\Services\Fiscal\VendaFiscalNFeMapper.cs","75","ValorTotal = valorItem,"
"Preco|Valor|Total|Custo|Desconto|Comissao|Saldo|Receber|Pagar","PrimoAutoEletrica\Services\Fiscal\VendaFiscalNFeMapper.cs","85","var desconto = venda.Desconto;"
"Preco|Valor|Total|Custo|Desconto|Comissao|Saldo|Receber|Pagar","PrimoAutoEletrica\Services\Fiscal\VendaFiscalNFeMapper.cs","86","var total = valorProdutos - desconto;"
"Preco|Valor|Total|Custo|Desconto|Comissao|Saldo|Receber|Pagar","PrimoAutoEletrica\Services\Fiscal\VendaFiscalNFeMapper.cs","109","ValorProdutos = valorProdutos,"
"Preco|Valor|Total|Custo|Desconto|Comissao|Saldo|Receber|Pagar","PrimoAutoEletrica\Services\Fiscal\VendaFiscalNFeMapper.cs","110","ValorDesconto = desconto,"
"Preco|Valor|Total|Custo|Desconto|Comissao|Saldo|Receber|Pagar","PrimoAutoEletrica\Services\Fiscal\VendaFiscalNFeMapper.cs","111","ValorTotal = total,"
"Preco|Valor|Total|Custo|Desconto|Comissao|Saldo|Receber|Pagar","PrimoAutoEletrica\Services\Fiscal\VendaFiscalNFeMapper.cs","130","Total = document.ValorTotal,"
"Preco|Valor|Total|Custo|Desconto|Comissao|Saldo|Receber|Pagar","PrimoAutoEletrica\Services\Fiscal\VendaFiscalNFeMapper.cs","138","ValorUnitario = i.ValorUnitario"
"double","PrimoAutoEletrica\Services\AccessibilityService.cs","106","public static void ApplyLargeFontSize(Application app, double multiplier = 1.2)"
"double","PrimoAutoEletrica\Services\AccessibilityService.cs","113","if (app.Resources[""DefaultFontSize""] is double)"
"double","PrimoAutoEletrica\Services\AccessibilityService.cs","115","app.Resources[""DefaultFontSize""] = (double)app.Resources[""DefaultFontSize""] * multiplier;"
"double","PrimoAutoEletrica\Services\AccessibilityService.cs","119","if (app.Resources[""HeaderFontSize""] is double)"
"double","PrimoAutoEletrica\Services\AccessibilityService.cs","121","app.Resources[""HeaderFontSize""] = (double)app.Resources[""HeaderFontSize""] * multiplier;"
"double","PrimoAutoEletrica\Services\AccessibilityService.cs","209","private static double CalculateColorContrast(System.Windows.Media.Color color1, System.Windows.Media.Color color2)"
"double","PrimoAutoEletrica\Services\AccessibilityService.cs","220","private static double GetRelativeLuminance(System.Windows.Media.Color color)"
"REAL_sql","PrimoAutoEletrica\Services\AgendamentoDatabaseService.cs","62","ClienteTotalGasto REAL,"
"REAL_sql","PrimoAutoEletrica\Services\AgendamentoDatabaseService.cs","82","ValorEstimado REAL,"
"Preco|Valor|Total|Custo|Desconto|Comissao|Saldo|Receber|Pagar","PrimoAutoEletrica\Services\AgendamentoDatabaseService.cs","82","ValorEstimado REAL,"
"REAL_sql","PrimoAutoEletrica\Services\AgendamentoDatabaseService.cs","83","ValorReal REAL,"
"Preco|Valor|Total|Custo|Desconto|Comissao|Saldo|Receber|Pagar","PrimoAutoEletrica\Services\AgendamentoDatabaseService.cs","83","ValorReal REAL,"
"REAL_sql","PrimoAutoEletrica\Services\AgendamentoDatabaseService.cs","84","ValorPago REAL,"
"Preco|Valor|Total|Custo|Desconto|Comissao|Saldo|Receber|Pagar","PrimoAutoEletrica\Services\AgendamentoDatabaseService.cs","84","ValorPago REAL,"
"REAL_sql","PrimoAutoEletrica\Services\AgendamentoDatabaseService.cs","94","ValorProdutos REAL,"
"Preco|Valor|Total|Custo|Desconto|Comissao|Saldo|Receber|Pagar","PrimoAutoEletrica\Services\AgendamentoDatabaseService.cs","94","ValorProdutos REAL,"
"REAL_sql","PrimoAutoEletrica\Services\AgendamentoDatabaseService.cs","95","ValorServicos REAL,"
"Preco|Valor|Total|Custo|Desconto|Comissao|Saldo|Receber|Pagar","PrimoAutoEletrica\Services\AgendamentoDatabaseService.cs","95","ValorServicos REAL,"
"REAL_sql","PrimoAutoEletrica\Services\AgendamentoDatabaseService.cs","127","PrecoUnitario REAL,"
"Preco|Valor|Total|Custo|Desconto|Comissao|Saldo|Receber|Pagar","PrimoAutoEletrica\Services\AgendamentoDatabaseService.cs","127","PrecoUnitario REAL,"
"REAL_sql","PrimoAutoEletrica\Services\AgendamentoDatabaseService.cs","128","PrecoTotal REAL,"
"Preco|Valor|Total|Custo|Desconto|Comissao|Saldo|Receber|Pagar","PrimoAutoEletrica\Services\AgendamentoDatabaseService.cs","128","PrecoTotal REAL,"
"REAL_sql","PrimoAutoEletrica\Services\AgendamentoDatabaseService.cs","142","Valor REAL,"
"Preco|Valor|Total|Custo|Desconto|Comissao|Saldo|Receber|Pagar","PrimoAutoEletrica\Services\AgendamentoDatabaseService.cs","142","Valor REAL,"
"Preco|Valor|Total|Custo|Desconto|Comissao|Saldo|Receber|Pagar","PrimoAutoEletrica\Services\AgendamentoDatabaseService.cs","209","ValorEstimado, ValorReal, ValorPago, FormaPagamento, Pago, DataPagamento, CheckIn, CheckOut,"
"Preco|Valor|Total|Custo|Desconto|Comissao|Saldo|Receber|Pagar","PrimoAutoEletrica\Services\AgendamentoDatabaseService.cs","210","CheckInObservacoes, CheckOutObservacoes, CheckInFotos, CheckOutFotos, ValorProdutos, ValorServicos,"
"Preco|Valor|Total|Custo|Desconto|Comissao|Saldo|Receber|Pagar","PrimoAutoEletrica\Services\AgendamentoDatabaseService.cs","223","@ValorEstimado, @ValorReal, @ValorPago, @FormaPagamento, @Pago, @DataPagamento, @CheckIn, @CheckOut,"
"Preco|Valor|Total|Custo|Desconto|Comissao|Saldo|Receber|Pagar","PrimoAutoEletrica\Services\AgendamentoDatabaseService.cs","224","@CheckInObservacoes, @CheckOutObservacoes, @CheckInFotos, @CheckOutFotos, @ValorProdutos, @ValorServicos,"
"Preco|Valor|Total|Custo|Desconto|Comissao|Saldo|Receber|Pagar","PrimoAutoEletrica\Services\AgendamentoDatabaseService.cs","270","command.Parameters.AddWithValue(""@ValorEstimado"", agendamento.ValorEstimado);"
"Preco|Valor|Total|Custo|Desconto|Comissao|Saldo|Receber|Pagar","PrimoAutoEletrica\Services\AgendamentoDatabaseService.cs","271","command.Parameters.AddWithValue(""@ValorReal"", agendamento.ValorReal);"
"Preco|Valor|Total|Custo|Desconto|Comissao|Saldo|Receber|Pagar","PrimoAutoEletrica\Services\AgendamentoDatabaseService.cs","272","command.Parameters.AddWithValue(""@ValorPago"", agendamento.ValorPago);"
"Preco|Valor|Total|Custo|Desconto|Comissao|Saldo|Receber|Pagar","PrimoAutoEletrica\Services\AgendamentoDatabaseService.cs","282","command.Parameters.AddWithValue(""@ValorProdutos"", agendamento.ValorProdutos);"
"Preco|Valor|Total|Custo|Desconto|Comissao|Saldo|Receber|Pagar","PrimoAutoEletrica\Services\AgendamentoDatabaseService.cs","283","command.Parameters.AddWithValue(""@ValorServicos"", agendamento.ValorServicos);"
"Preco|Valor|Total|Custo|Desconto|Comissao|Saldo|Receber|Pagar","PrimoAutoEletrica\Services\AgendamentoDatabaseService.cs","337","Quantidade, PrecoUnitario, PrecoTotal, Reservado, DataReserva"
"Preco|Valor|Total|Custo|Desconto|Comissao|Saldo|Receber|Pagar","PrimoAutoEletrica\Services\AgendamentoDatabaseService.cs","341","@Quantidade, @PrecoUnitario, @PrecoTotal, @Reservado, @DataReserva"
"Preco|Valor|Total|Custo|Desconto|Comissao|Saldo|Receber|Pagar","PrimoAutoEletrica\Services\AgendamentoDatabaseService.cs","350","command.Parameters.AddWithValue(""@PrecoUnitario"", produto.PrecoUnitario);"
"Preco|Valor|Total|Custo|Desconto|Comissao|Saldo|Receber|Pagar","PrimoAutoEletrica\Services\AgendamentoDatabaseService.cs","351","command.Parameters.AddWithValue(""@PrecoTotal"", produto.PrecoTotal);"
"Preco|Valor|Total|Custo|Desconto|Comissao|Saldo|Receber|Pagar","PrimoAutoEletrica\Services\AgendamentoDatabaseService.cs","366","Id, AgendamentoId, Nome, Categoria, Valor, TempoEstimado,"
"Preco|Valor|Total|Custo|Desconto|Comissao|Saldo|Receber|Pagar","PrimoAutoEletrica\Services\AgendamentoDatabaseService.cs","370","@Id, @AgendamentoId, @Nome, @Categoria, @Valor, @TempoEstimado,"
"Preco|Valor|Total|Custo|Desconto|Comissao|Saldo|Receber|Pagar","PrimoAutoEletrica\Services\AgendamentoDatabaseService.cs","378","command.Parameters.AddWithValue(""@Valor"", servico.Valor);"
"Preco|Valor|Total|Custo|Desconto|Comissao|Saldo|Receber|Pagar","PrimoAutoEletrica\Services\AgendamentoDatabaseService.cs","624","PrecoUnitario,"
"Preco|Valor|Total|Custo|Desconto|Comissao|Saldo|Receber|Pagar","PrimoAutoEletrica\Services\AgendamentoDatabaseService.cs","625","PrecoTotal,"
"Preco|Valor|Total|Custo|Desconto|Comissao|Saldo|Receber|Pagar","PrimoAutoEletrica\Services\AgendamentoDatabaseService.cs","642","PrecoUnitario = ReadDecimal(reader, 5),"
"Preco|Valor|Total|Custo|Desconto|Comissao|Saldo|Receber|Pagar","PrimoAutoEletrica\Services\AgendamentoDatabaseService.cs","643","PrecoTotal = ReadDecimal(reader, 6),"
"Preco|Valor|Total|Custo|Desconto|Comissao|Saldo|Receber|Pagar","PrimoAutoEletrica\Services\AgendamentoDatabaseService.cs","662","Valor,"
"Preco|Valor|Total|Custo|Desconto|Comissao|Saldo|Receber|Pagar","PrimoAutoEletrica\Services\AgendamentoDatabaseService.cs","683","Valor = ReadDecimal(reader, 3),"
"Preco|Valor|Total|Custo|Desconto|Comissao|Saldo|Receber|Pagar","PrimoAutoEletrica\Services\AgendamentoDatabaseService.cs","888","ValorEstimado = @ValorEstimado,"
"Preco|Valor|Total|Custo|Desconto|Comissao|Saldo|Receber|Pagar","PrimoAutoEletrica\Services\AgendamentoDatabaseService.cs","889","ValorReal = @ValorReal,"
"Preco|Valor|Total|Custo|Desconto|Comissao|Saldo|Receber|Pagar","PrimoAutoEletrica\Services\AgendamentoDatabaseService.cs","890","ValorPago = @ValorPago,"
"Preco|Valor|Total|Custo|Desconto|Comissao|Saldo|Receber|Pagar","PrimoAutoEletrica\Services\AgendamentoDatabaseService.cs","900","ValorProdutos = @ValorProdutos,"
"Preco|Valor|Total|Custo|Desconto|Comissao|Saldo|Receber|Pagar","PrimoAutoEletrica\Services\AgendamentoDatabaseService.cs","901","ValorServicos = @ValorServicos,"
"Preco|Valor|Total|Custo|Desconto|Comissao|Saldo|Receber|Pagar","PrimoAutoEletrica\Services\AgendamentoDatabaseService.cs","931","command.Parameters.AddWithValue(""@ValorEstimado"", agendamento.ValorEstimado);"
"Preco|Valor|Total|Custo|Desconto|Comissao|Saldo|Receber|Pagar","PrimoAutoEletrica\Services\AgendamentoDatabaseService.cs","932","command.Parameters.AddWithValue(""@ValorReal"", agendamento.ValorReal);"
"Preco|Valor|Total|Custo|Desconto|Comissao|Saldo|Receber|Pagar","PrimoAutoEletrica\Services\AgendamentoDatabaseService.cs","933","command.Parameters.AddWithValue(""@ValorPago"", agendamento.ValorPago);"
"Preco|Valor|Total|Custo|Desconto|Comissao|Saldo|Receber|Pagar","PrimoAutoEletrica\Services\AgendamentoDatabaseService.cs","943","command.Parameters.AddWithValue(""@ValorProdutos"", agendamento.ValorProdutos);"
"Preco|Valor|Total|Custo|Desconto|Comissao|Saldo|Receber|Pagar","PrimoAutoEletrica\Services\AgendamentoDatabaseService.cs","944","command.Parameters.AddWithValue(""@ValorServicos"", agendamento.ValorServicos);"
"Preco|Valor|Total|Custo|Desconto|Comissao|Saldo|Receber|Pagar","PrimoAutoEletrica\Services\AgendamentoDatabaseService.cs","1077","ValorUnitario = servico.Valor,"
"Preco|Valor|Total|Custo|Desconto|Comissao|Saldo|Receber|Pagar","PrimoAutoEletrica\Services\AgendamentoDatabaseService.cs","1078","CustoUnitario = 0m,"
"Preco|Valor|Total|Custo|Desconto|Comissao|Saldo|Receber|Pagar","PrimoAutoEletrica\Services\AgendamentoDatabaseService.cs","1095","ValorUnitario = produto.PrecoUnitario,"
"Preco|Valor|Total|Custo|Desconto|Comissao|Saldo|Receber|Pagar","PrimoAutoEletrica\Services\AgendamentoDatabaseService.cs","1096","CustoUnitario = ObterCustoUnitarioProduto(produto.ProdutoId),"
"Preco|Valor|Total|Custo|Desconto|Comissao|Saldo|Receber|Pagar","PrimoAutoEletrica\Services\AgendamentoDatabaseService.cs","1114","ValorUnitario = DeterminarValorServicoFallback(agendamento),"
"Preco|Valor|Total|Custo|Desconto|Comissao|Saldo|Receber|Pagar","PrimoAutoEletrica\Services\AgendamentoDatabaseService.cs","1115","CustoUnitario = 0m,"
"Preco|Valor|Total|Custo|Desconto|Comissao|Saldo|Receber|Pagar","PrimoAutoEletrica\Services\AgendamentoDatabaseService.cs","1211",".Where(s => !string.IsNullOrWhiteSpace(s.Nome) || s.Valor > 0)"
"Preco|Valor|Total|Custo|Desconto|Comissao|Saldo|Receber|Pagar","PrimoAutoEletrica\Services\AgendamentoDatabaseService.cs","1216",".Where(s => !string.IsNullOrWhiteSpace(s.Nome) || s.Valor > 0)"
"Preco|Valor|Total|Custo|Desconto|Comissao|Saldo|Receber|Pagar","PrimoAutoEletrica\Services\AgendamentoDatabaseService.cs","1226","agendamento.ValorServicos <= 0 &&"
"Preco|Valor|Total|Custo|Desconto|Comissao|Saldo|Receber|Pagar","PrimoAutoEletrica\Services\AgendamentoDatabaseService.cs","1227","agendamento.ValorEstimado <= 0 &&"
"Preco|Valor|Total|Custo|Desconto|Comissao|Saldo|Receber|Pagar","PrimoAutoEletrica\Services\AgendamentoDatabaseService.cs","1228","agendamento.ValorReal <= 0)"
"Preco|Valor|Total|Custo|Desconto|Comissao|Saldo|Receber|Pagar","PrimoAutoEletrica\Services\AgendamentoDatabaseService.cs","1240","Valor = DeterminarValorServicoFallback(agendamento),"
"decimal","PrimoAutoEletrica\Services\AgendamentoDatabaseService.cs","1266","private static decimal DeterminarValorServicoFallback(Agendamento agendamento)"
"Preco|Valor|Total|Custo|Desconto|Comissao|Saldo|Receber|Pagar","PrimoAutoEletrica\Services\AgendamentoDatabaseService.cs","1268","if (agendamento.ValorServicos > 0)"
"Preco|Valor|Total|Custo|Desconto|Comissao|Saldo|Receber|Pagar","PrimoAutoEletrica\Services\AgendamentoDatabaseService.cs","1270","return agendamento.ValorServicos;"
"Preco|Valor|Total|Custo|Desconto|Comissao|Saldo|Receber|Pagar","PrimoAutoEletrica\Services\AgendamentoDatabaseService.cs","1273","var totalBase = agendamento.ValorReal > 0 ? agendamento.ValorReal : agendamento.ValorEstimado;"
"Preco|Valor|Total|Custo|Desconto|Comissao|Saldo|Receber|Pagar","PrimoAutoEletrica\Services\AgendamentoDatabaseService.cs","1274","if (totalBase <= 0)"
"Preco|Valor|Total|Custo|Desconto|Comissao|Saldo|Receber|Pagar","PrimoAutoEletrica\Services\AgendamentoDatabaseService.cs","1279","return Math.Max(0m, totalBase - agendamento.ValorProdutos);"
"decimal","PrimoAutoEletrica\Services\AgendamentoDatabaseService.cs","1282","private static decimal ObterCustoUnitarioProduto(Guid produtoId)"
"Preco|Valor|Total|Custo|Desconto|Comissao|Saldo|Receber|Pagar","PrimoAutoEletrica\Services\AgendamentoDatabaseService.cs","1285","return produto?.PrecoCompra ?? 0m;"
"Preco|Valor|Total|Custo|Desconto|Comissao|Saldo|Receber|Pagar","PrimoAutoEletrica\Services\AgendamentoDatabaseService.cs","1408","ValorEstimado = ReadDecimal(reader, 40),"
"Preco|Valor|Total|Custo|Desconto|Comissao|Saldo|Receber|Pagar","PrimoAutoEletrica\Services\AgendamentoDatabaseService.cs","1409","ValorReal = ReadDecimal(reader, 41),"
"Preco|Valor|Total|Custo|Desconto|Comissao|Saldo|Receber|Pagar","PrimoAutoEletrica\Services\AgendamentoDatabaseService.cs","1410","ValorPago = ReadDecimal(reader, 42),"
"Preco|Valor|Total|Custo|Desconto|Comissao|Saldo|Receber|Pagar","PrimoAutoEletrica\Services\AgendamentoDatabaseService.cs","1420","ValorProdutos = ReadDecimal(reader, 52),"
"Preco|Valor|Total|Custo|Desconto|Comissao|Saldo|Receber|Pagar","PrimoAutoEletrica\Services\AgendamentoDatabaseService.cs","1421","ValorServicos = ReadDecimal(reader, 53),"
"decimal","PrimoAutoEletrica\Services\AgendamentoDatabaseService.cs","1444","private static decimal ReadDecimal(DbDataReader reader, int index)"
"Preco|Valor|Total|Custo|Desconto|Comissao|Saldo|Receber|Pagar","PrimoAutoEletrica\Services\AgendamentoReportService.cs","30","TotalAgendamentos = agendamentos.Count,"
"Preco|Valor|Total|Custo|Desconto|Comissao|Saldo|Receber|Pagar","PrimoAutoEletrica\Services\AgendamentoReportService.cs","34","ValorTotalEstimado = agendamentos.Sum(a => a.ValorEstimado),"
"Preco|Valor|Total|Custo|Desconto|Comissao|Saldo|Receber|Pagar","PrimoAutoEletrica\Services\AgendamentoReportService.cs","35","ValorTotalRealizado = agendamentos.Where(a => a.Status == ""Finalizado"" || a.Status == ""Entregue"").Sum(a => a.ValorReal),"
"Preco|Valor|Total|Custo|Desconto|Comissao|Saldo|Receber|Pagar","PrimoAutoEletrica\Services\AgendamentoReportService.cs","49","TotalAgendamentos = agendamentos.Count,"
"Preco|Valor|Total|Custo|Desconto|Comissao|Saldo|Receber|Pagar","PrimoAutoEletrica\Services\AgendamentoReportService.cs","53","ValorTotalEstimado = agendamentos.Sum(a => a.ValorEstimado),"
"Preco|Valor|Total|Custo|Desconto|Comissao|Saldo|Receber|Pagar","PrimoAutoEletrica\Services\AgendamentoReportService.cs","54","ValorTotalRealizado = agendamentos.Where(a => a.Status == ""Finalizado"" || a.Status == ""Entregue"").Sum(a => a.ValorReal),"
"Preco|Valor|Total|Custo|Desconto|Comissao|Saldo|Receber|Pagar","PrimoAutoEletrica\Services\AgendamentoReportService.cs","70","TotalAgendamentos = agendamentos.Count,"
"Preco|Valor|Total|Custo|Desconto|Comissao|Saldo|Receber|Pagar","PrimoAutoEletrica\Services\AgendamentoReportService.cs","74","ValorTotalEstimado = agendamentos.Sum(a => a.ValorEstimado),"
"Preco|Valor|Total|Custo|Desconto|Comissao|Saldo|Receber|Pagar","PrimoAutoEletrica\Services\AgendamentoReportService.cs","75","ValorTotalRealizado = agendamentos.Where(a => a.Status == ""Finalizado"" || a.Status == ""Entregue"").Sum(a => a.ValorReal),"
"Preco|Valor|Total|Custo|Desconto|Comissao|Saldo|Receber|Pagar","PrimoAutoEletrica\Services\AgendamentoReportService.cs","90","TotalAgendamentos = agendamentos.Count,"
"Preco|Valor|Total|Custo|Desconto|Comissao|Saldo|Receber|Pagar","PrimoAutoEletrica\Services\AgendamentoReportService.cs","94","ValorTotalEstimado = agendamentos.Sum(a => a.ValorEstimado),"
"Preco|Valor|Total|Custo|Desconto|Comissao|Saldo|Receber|Pagar","PrimoAutoEletrica\Services\AgendamentoReportService.cs","95","ValorTotalRealizado = agendamentos.Where(a => a.Status == ""Finalizado"" || a.Status == ""Entregue"").Sum(a => a.ValorReal),"
"Preco|Valor|Total|Custo|Desconto|Comissao|Saldo|Receber|Pagar","PrimoAutoEletrica\Services\AgendamentoReportService.cs","110","TotalAgendamentos = agendamentos.Count,"
"Preco|Valor|Total|Custo|Desconto|Comissao|Saldo|Receber|Pagar","PrimoAutoEletrica\Services\AgendamentoReportService.cs","114","ValorTotalEstimado = agendamentos.Sum(a => a.ValorEstimado),"
"Preco|Valor|Total|Custo|Desconto|Comissao|Saldo|Receber|Pagar","PrimoAutoEletrica\Services\AgendamentoReportService.cs","115","ValorTotalRealizado = agendamentos.Where(a => a.Status == ""Finalizado"" || a.Status == ""Entregue"").Sum(a => a.ValorReal),"
"Preco|Valor|Total|Custo|Desconto|Comissao|Saldo|Receber|Pagar","PrimoAutoEletrica\Services\AgendamentoReportService.cs","130","TotalAgendamentos = agendamentos.Count,"
"Preco|Valor|Total|Custo|Desconto|Comissao|Saldo|Receber|Pagar","PrimoAutoEletrica\Services\AgendamentoReportService.cs","134","ValorTotalEstimado = agendamentos.Sum(a => a.ValorEstimado),"
"Preco|Valor|Total|Custo|Desconto|Comissao|Saldo|Receber|Pagar","PrimoAutoEletrica\Services\AgendamentoReportService.cs","135","ValorTotalRealizado = agendamentos.Where(a => a.Status == ""Finalizado"" || a.Status == ""Entregue"").Sum(a => a.ValorReal),"
"Preco|Valor|Total|Custo|Desconto|Comissao|Saldo|Receber|Pagar","PrimoAutoEletrica\Services\AgendamentoReportService.cs","149","TotalAgendamentos = g.Count(),"
"Preco|Valor|Total|Custo|Desconto|Comissao|Saldo|Receber|Pagar","PrimoAutoEletrica\Services\AgendamentoReportService.cs","151","ValorTotal = g.Sum(a => a.ValorReal > 0 ? a.ValorReal : a.ValorEstimado),"
"Preco|Valor|Total|Custo|Desconto|Comissao|Saldo|Receber|Pagar","PrimoAutoEletrica\Services\AgendamentoReportService.cs","153",".Select(a => (a.HoraTermino!.Value - a.HoraInicio!.Value).TotalHours)"
"Preco|Valor|Total|Custo|Desconto|Comissao|Saldo|Receber|Pagar","PrimoAutoEletrica\Services\AgendamentoReportService.cs","164","TotalAgendamentos = agendamentos.Count,"
"Preco|Valor|Total|Custo|Desconto|Comissao|Saldo|Receber|Pagar","PrimoAutoEletrica\Services\AgendamentoReportService.cs","168","ValorTotalEstimado = agendamentos.Sum(a => a.ValorEstimado),"
"Preco|Valor|Total|Custo|Desconto|Comissao|Saldo|Receber|Pagar","PrimoAutoEletrica\Services\AgendamentoReportService.cs","169","ValorTotalRealizado = agendamentos.Where(a => a.Status == ""Finalizado"" || a.Status == ""Entregue"").Sum(a => a.ValorReal),"
"Preco|Valor|Total|Custo|Desconto|Comissao|Saldo|Receber|Pagar","PrimoAutoEletrica\Services\AgendamentoReportService.cs","185","csv.AppendLine($""Total de Agendamentos;{reportData.TotalAgendamentos}"");"
"Preco|Valor|Total|Custo|Desconto|Comissao|Saldo|Receber|Pagar","PrimoAutoEletrica\Services\AgendamentoReportService.cs","189","csv.AppendLine($""Valor Total Estimado;{reportData.ValorTotalEstimado:F2}"");"
"Preco|Valor|Total|Custo|Desconto|Comissao|Saldo|Receber|Pagar","PrimoAutoEletrica\Services\AgendamentoReportService.cs","190","csv.AppendLine($""Valor Total Realizado;{reportData.ValorTotalRealizado:F2}"");"
"Preco|Valor|Total|Custo|Desconto|Comissao|Saldo|Receber|Pagar","PrimoAutoEletrica\Services\AgendamentoReportService.cs","193","csv.AppendLine(""Número;Cliente;Veículo;Placa;Serviço;Técnico;Data;Horário;Status;Prioridade;Valor Estimado;Valor Realizado"");"
"Preco|Valor|Total|Custo|Desconto|Comissao|Saldo|Receber|Pagar","PrimoAutoEletrica\Services\AgendamentoReportService.cs","200","$""{agendamento.ValorEstimado:F2};{agendamento.ValorReal:F2}"");"
"Preco|Valor|Total|Custo|Desconto|Comissao|Saldo|Receber|Pagar","PrimoAutoEletrica\Services\AgendamentoReportService.cs","244","html.AppendLine(""<div class='summary-item'><strong>Total de Agendamentos:</strong> "" + reportData.TotalAgendamentos + ""</div>"");"
"Preco|Valor|Total|Custo|Desconto|Comissao|Saldo|Receber|Pagar","PrimoAutoEletrica\Services\AgendamentoReportService.cs","248","html.AppendLine(""<div class='summary-item'><strong>Valor Total Estimado:</strong> R$ "" + reportData.ValorTotalEstimado.ToString(""F2"") + ""</div>"");"
"Preco|Valor|Total|Custo|Desconto|Comissao|Saldo|Receber|Pagar","PrimoAutoEletrica\Services\AgendamentoReportService.cs","249","html.AppendLine(""<div class='summary-item'><strong>Valor Total Realizado:</strong> R$ "" + reportData.ValorTotalRealizado.ToString(""F2"") + ""</div>"");"
"Preco|Valor|Total|Custo|Desconto|Comissao|Saldo|Receber|Pagar","PrimoAutoEletrica\Services\AgendamentoReportService.cs","266","html.AppendLine(""<th>Valor Estimado</th>"");"
"Preco|Valor|Total|Custo|Desconto|Comissao|Saldo|Receber|Pagar","PrimoAutoEletrica\Services\AgendamentoReportService.cs","267","html.AppendLine(""<th>Valor Realizado</th>"");"
"Preco|Valor|Total|Custo|Desconto|Comissao|Saldo|Receber|Pagar","PrimoAutoEletrica\Services\AgendamentoReportService.cs","284","html.AppendLine(""<td>R$ "" + agendamento.ValorEstimado.ToString(""F2"") + ""</td>"");"
"Preco|Valor|Total|Custo|Desconto|Comissao|Saldo|Receber|Pagar","PrimoAutoEletrica\Services\AgendamentoReportService.cs","285","html.AppendLine(""<td>R$ "" + agendamento.ValorReal.ToString(""F2"") + ""</td>"");"
"Preco|Valor|Total|Custo|Desconto|Comissao|Saldo|Receber|Pagar","PrimoAutoEletrica\Services\AgendamentoReportService.cs","328","grafico.DrawString($""Total: {reportData.TotalAgendamentos}"", fonteTexto, XBrushes.Black, 30, y);"
"Preco|Valor|Total|Custo|Desconto|Comissao|Saldo|Receber|Pagar","PrimoAutoEletrica\Services\AgendamentoReportService.cs","336","grafico.DrawString($""Valor estimado: {reportData.ValorTotalEstimado:C}"", fonteTexto, XBrushes.Black, 30, y);"
"Preco|Valor|Total|Custo|Desconto|Comissao|Saldo|Receber|Pagar","PrimoAutoEletrica\Services\AgendamentoReportService.cs","338","grafico.DrawString($""Valor realizado: {reportData.ValorTotalRealizado:C}"", fonteTexto, XBrushes.Black, 30, y);"
"Preco|Valor|Total|Custo|Desconto|Comissao|Saldo|Receber|Pagar","PrimoAutoEletrica\Services\AgendamentoReportService.cs","346","var linha = $""{agendamento.DataAgendamento:dd/MM}  {agendamento.ClienteNome}  |  {agendamento.TipoServico}  |  {agendamento.Status}  |  {agendamento.ValorEstima"
"Preco|Valor|Total|Custo|Desconto|Comissao|Saldo|Receber|Pagar","PrimoAutoEletrica\Services\AgendamentoReportService.cs","384","public int TotalAgendamentos { get; set; }"
"decimal","PrimoAutoEletrica\Services\AgendamentoReportService.cs","388","public decimal ValorTotalEstimado { get; set; }"
"Preco|Valor|Total|Custo|Desconto|Comissao|Saldo|Receber|Pagar","PrimoAutoEletrica\Services\AgendamentoReportService.cs","388","public decimal ValorTotalEstimado { get; set; }"
"decimal","PrimoAutoEletrica\Services\AgendamentoReportService.cs","389","public decimal ValorTotalRealizado { get; set; }"
"Preco|Valor|Total|Custo|Desconto|Comissao|Saldo|Receber|Pagar","PrimoAutoEletrica\Services\AgendamentoReportService.cs","389","public decimal ValorTotalRealizado { get; set; }"
"Preco|Valor|Total|Custo|Desconto|Comissao|Saldo|Receber|Pagar","PrimoAutoEletrica\Services\AgendamentoReportService.cs","397","public int TotalAgendamentos { get; set; }"
"decimal","PrimoAutoEletrica\Services\AgendamentoReportService.cs","399","public decimal ValorTotal { get; set; }"
"Preco|Valor|Total|Custo|Desconto|Comissao|Saldo|Receber|Pagar","PrimoAutoEletrica\Services\AgendamentoReportService.cs","399","public decimal ValorTotal { get; set; }"
"double","PrimoAutoEletrica\Services\AgendamentoReportService.cs","400","public double TempoMedio { get; set; }"
"Preco|Valor|Total|Custo|Desconto|Comissao|Saldo|Receber|Pagar","PrimoAutoEletrica\Services\AuditLogService.cs","75","string? valorAnterior = null,"
"Preco|Valor|Total|Custo|Desconto|Comissao|Saldo|Receber|Pagar","PrimoAutoEletrica\Services\AuditLogService.cs","76","string? valorNovo = null,"
"Preco|Valor|Total|Custo|Desconto|Comissao|Saldo|Receber|Pagar","PrimoAutoEletrica\Services\AuditLogService.cs","95","ValorAnterior,"
"Preco|Valor|Total|Custo|Desconto|Comissao|Saldo|Receber|Pagar","PrimoAutoEletrica\Services\AuditLogService.cs","96","ValorNovo,"
"Preco|Valor|Total|Custo|Desconto|Comissao|Saldo|Receber|Pagar","PrimoAutoEletrica\Services\AuditLogService.cs","115","@ValorAnterior,"
"Preco|Valor|Total|Custo|Desconto|Comissao|Saldo|Receber|Pagar","PrimoAutoEletrica\Services\AuditLogService.cs","116","@ValorNovo,"
"Preco|Valor|Total|Custo|Desconto|Comissao|Saldo|Receber|Pagar","PrimoAutoEletrica\Services\AuditLogService.cs","134","command.Parameters.AddWithValue(""@ValorAnterior"", ToDbNullableString(valorAnterior));"
"Preco|Valor|Total|Custo|Desconto|Comissao|Saldo|Receber|Pagar","PrimoAutoEletrica\Services\AuditLogService.cs","135","command.Parameters.AddWithValue(""@ValorNovo"", ToDbNullableString(valorNovo));"
"Preco|Valor|Total|Custo|Desconto|Comissao|Saldo|Receber|Pagar","PrimoAutoEletrica\Services\AuditTrailService.cs","34","string valoresAntigos,"
"Preco|Valor|Total|Custo|Desconto|Comissao|Saldo|Receber|Pagar","PrimoAutoEletrica\Services\AuditTrailService.cs","35","string valoresNovos,"
"Preco|Valor|Total|Custo|Desconto|Comissao|Saldo|Receber|Pagar","PrimoAutoEletrica\Services\AuditTrailService.cs","44","(entidade_tipo, entidade_id, acao, valores_antigos, valores_novos, usuario_id, data_hora, ip_origem)"
"Preco|Valor|Total|Custo|Desconto|Comissao|Saldo|Receber|Pagar","PrimoAutoEletrica\Services\AuditTrailService.cs","46","(@EntidadeTipo, @EntidadeId, @Acao, @ValoresAntigos, @ValoresNovos, @UsuarioId, @DataHora, @IpOrigem)"";"
"Preco|Valor|Total|Custo|Desconto|Comissao|Saldo|Receber|Pagar","PrimoAutoEletrica\Services\AuditTrailService.cs","55","ValoresAntigos = valoresAntigos,"
"Preco|Valor|Total|Custo|Desconto|Comissao|Saldo|Receber|Pagar","PrimoAutoEletrica\Services\AuditTrailService.cs","56","ValoresNovos = valoresNovos,"
"Preco|Valor|Total|Custo|Desconto|Comissao|Saldo|Receber|Pagar","PrimoAutoEletrica\Services\AuditTrailService.cs","86","valores_antigos, valores_novos, usuario_id,"
"Preco|Valor|Total|Custo|Desconto|Comissao|Saldo|Receber|Pagar","PrimoAutoEletrica\Services\AuditTrailService.cs","128","valores_antigos, valores_novos, usuario_id,"
"Preco|Valor|Total|Custo|Desconto|Comissao|Saldo|Receber|Pagar","PrimoAutoEletrica\Services\AuditTrailService.cs","186","COUNT(*) as total,"
"Preco|Valor|Total|Custo|Desconto|Comissao|Saldo|Receber|Pagar","PrimoAutoEletrica\Services\AuditTrailService.cs","193","ORDER BY total DESC"";"
"Preco|Valor|Total|Custo|Desconto|Comissao|Saldo|Receber|Pagar","PrimoAutoEletrica\Services\AuditTrailService.cs","207","TotalAlteracoes = entradas.Sum(x => (int)x.total),"
"Preco|Valor|Total|Custo|Desconto|Comissao|Saldo|Receber|Pagar","PrimoAutoEletrica\Services\AuditTrailService.cs","276","public string ValoresAntigos { get; set; }"
"Preco|Valor|Total|Custo|Desconto|Comissao|Saldo|Receber|Pagar","PrimoAutoEletrica\Services\AuditTrailService.cs","277","public string ValoresNovos { get; set; }"
"Preco|Valor|Total|Custo|Desconto|Comissao|Saldo|Receber|Pagar","PrimoAutoEletrica\Services\AuditTrailService.cs","295","public int TotalAlteracoes { get; set; }"
"Preco|Valor|Total|Custo|Desconto|Comissao|Saldo|Receber|Pagar","PrimoAutoEletrica\Services\AutoEletricaTecnicaService.cs","54","Campo(""Teste de tensao em repouso"", veiculo.TesteTensaoRepouso, ""Testes"", critico: ValorAparentaBaixo(veiculo.TesteTensaoRepouso, 12.2m));"
"Preco|Valor|Total|Custo|Desconto|Comissao|Saldo|Receber|Pagar","PrimoAutoEletrica\Services\AutoEletricaTecnicaService.cs","55","Campo(""Teste de tensao na partida"", veiculo.TesteTensaoPartida, ""Testes"", critico: ValorAparentaBaixo(veiculo.TesteTensaoPartida, 9.6m));"
"Preco|Valor|Total|Custo|Desconto|Comissao|Saldo|Receber|Pagar","PrimoAutoEletrica\Services\AutoEletricaTecnicaService.cs","56","Campo(""Teste de carga do alternador"", veiculo.TesteCargaAlternador, ""Testes"", critico: ValorAparentaBaixo(veiculo.TesteCargaAlternador, 13.5m));"
"Preco|Valor|Total|Custo|Desconto|Comissao|Saldo|Receber|Pagar","PrimoAutoEletrica\Services\AutoEletricaTecnicaService.cs","57","Campo(""Corrente de fuga"", veiculo.CorrenteFuga, ""Testes"", critico: ValorAparentaAlto(veiculo.CorrenteFuga, 0.08m));"
"Preco|Valor|Total|Custo|Desconto|Comissao|Saldo|Receber|Pagar","PrimoAutoEletrica\Services\AutoEletricaTecnicaService.cs","69","void Campo(string nome, string? valor, string grupo, bool critico = false)"
"Preco|Valor|Total|Custo|Desconto|Comissao|Saldo|Receber|Pagar","PrimoAutoEletrica\Services\AutoEletricaTecnicaService.cs","71","if (string.IsNullOrWhiteSpace(valor))"
"Preco|Valor|Total|Custo|Desconto|Comissao|Saldo|Receber|Pagar","PrimoAutoEletrica\Services\AutoEletricaTecnicaService.cs","79","Valor = valor.Trim(),"
"Preco|Valor|Total|Custo|Desconto|Comissao|Saldo|Receber|Pagar","PrimoAutoEletrica\Services\AutoEletricaTecnicaService.cs","134","new[] { ""Queda total menor que 0,5V"", ""Tensao proxima da bateria"", ""Aterramento firme e sem aquecimento"" },"
"Preco|Valor|Total|Custo|Desconto|Comissao|Saldo|Receber|Pagar","PrimoAutoEletrica\Services\AutoEletricaTecnicaService.cs","166","new[] { ""Cada velocidade deve receber sinal proprio"", ""Motor deve responder a alimentacao direta protegida"" },"
"REAL_sql","PrimoAutoEletrica\Services\AutoEletricaTecnicaService.cs","197","new[] { ""Ler avarias por scanner"", ""Comparar valor real e valor do painel"", ""Medir alimentacao e terra do sensor"", ""Inspecionar conector do painel"", ""Checar red"
"Preco|Valor|Total|Custo|Desconto|Comissao|Saldo|Receber|Pagar","PrimoAutoEletrica\Services\AutoEletricaTecnicaService.cs","197","new[] { ""Ler avarias por scanner"", ""Comparar valor real e valor do painel"", ""Medir alimentacao e terra do sensor"", ""Inspecionar conector do painel"", ""Checar red"
"REAL_sql","PrimoAutoEletrica\Services\AutoEletricaTecnicaService.cs","234","Biblioteca(""Como testar fusivel"", ""Protecao"", ""Confere continuidade e queda de tensao real."", new[] { ""Multimetro"", ""Caneta de polaridade"" }, new[] { ""Teste con"
"Preco|Valor|Total|Custo|Desconto|Comissao|Saldo|Receber|Pagar","PrimoAutoEletrica\Services\AutoEletricaTecnicaService.cs","236","Biblioteca(""Como testar queda de tensao"", ""Circuito"", ""Metodo para achar resistencia em cabos e conexoes."", new[] { ""Multimetro"" }, new[] { ""Teste sempre com ca"
"REAL_sql","PrimoAutoEletrica\Services\AutoEletricaTecnicaService.cs","257","Sugestao(""Chicote farol"", new[] { ""Soquete farol"", ""Relé auxiliar"", ""Porta fusivel"", ""Terminal faston"", ""Fio automotivo 2,5mm"" }, ""Dimensionar bitola e fusivel "
"Preco|Valor|Total|Custo|Desconto|Comissao|Saldo|Receber|Pagar","PrimoAutoEletrica\Services\AutoEletricaTecnicaService.cs","371","var valorMaoObra = draft.ValorMaoObra <= 0 ? 180m : draft.ValorMaoObra;"
"Preco|Valor|Total|Custo|Desconto|Comissao|Saldo|Receber|Pagar","PrimoAutoEletrica\Services\AutoEletricaTecnicaService.cs","395","PrecoUnitario = valorMaoObra,"
"Preco|Valor|Total|Custo|Desconto|Comissao|Saldo|Receber|Pagar","PrimoAutoEletrica\Services\AutoEletricaTecnicaService.cs","396","PrecoCusto = 0m,"
"Preco|Valor|Total|Custo|Desconto|Comissao|Saldo|Receber|Pagar","PrimoAutoEletrica\Services\AutoEletricaTecnicaService.cs","397","Subtotal = valorMaoObra,"
"Preco|Valor|Total|Custo|Desconto|Comissao|Saldo|Receber|Pagar","PrimoAutoEletrica\Services\AutoEletricaTecnicaService.cs","411","PrecoUnitario = 0m,"
"Preco|Valor|Total|Custo|Desconto|Comissao|Saldo|Receber|Pagar","PrimoAutoEletrica\Services\AutoEletricaTecnicaService.cs","412","PrecoCusto = 0m,"
"Preco|Valor|Total|Custo|Desconto|Comissao|Saldo|Receber|Pagar","PrimoAutoEletrica\Services\AutoEletricaTecnicaService.cs","413","Subtotal = 0m,"
"Preco|Valor|Total|Custo|Desconto|Comissao|Saldo|Receber|Pagar","PrimoAutoEletrica\Services\AutoEletricaTecnicaService.cs","429","IEnumerable<string> valores,"
"Preco|Valor|Total|Custo|Desconto|Comissao|Saldo|Receber|Pagar","PrimoAutoEletrica\Services\AutoEletricaTecnicaService.cs","441","ValoresEsperados = valores.ToList(),"
"Preco|Valor|Total|Custo|Desconto|Comissao|Saldo|Receber|Pagar","PrimoAutoEletrica\Services\AutoEletricaTecnicaService.cs","456","IEnumerable<string> valores)"
"Preco|Valor|Total|Custo|Desconto|Comissao|Saldo|Receber|Pagar","PrimoAutoEletrica\Services\AutoEletricaTecnicaService.cs","465","ValoresReferencia = valores.ToList(),"
"decimal","PrimoAutoEletrica\Services\AutoEletricaTecnicaService.cs","487","decimal valor,"
"Preco|Valor|Total|Custo|Desconto|Comissao|Saldo|Receber|Pagar","PrimoAutoEletrica\Services\AutoEletricaTecnicaService.cs","487","decimal valor,"
"Preco|Valor|Total|Custo|Desconto|Comissao|Saldo|Receber|Pagar","PrimoAutoEletrica\Services\AutoEletricaTecnicaService.cs","496","ValorPadrao = valor,"
"Preco|Valor|Total|Custo|Desconto|Comissao|Saldo|Receber|Pagar","PrimoAutoEletrica\Services\AutoEletricaTecnicaService.cs","533","ValorTotal = lista.Sum(ordem => ordem.Itens.Sum(item => item.Total) + ordem.ValorMaoObra - ordem.Desconto),"
"Preco|Valor|Total|Custo|Desconto|Comissao|Saldo|Receber|Pagar","PrimoAutoEletrica\Services\AutoEletricaTecnicaService.cs","560","return Math.Max(0, (int)(ordem.DataConclusao.Value - ordem.DataAbertura).TotalMinutes);"
"Preco|Valor|Total|Custo|Desconto|Comissao|Saldo|Receber|Pagar","PrimoAutoEletrica\Services\AutoEletricaTecnicaService.cs","565","return Math.Max(0, (int)(ordem.DataEntrega.Value - ordem.DataAbertura).TotalMinutes);"
"Preco|Valor|Total|Custo|Desconto|Comissao|Saldo|Receber|Pagar","PrimoAutoEletrica\Services\AutoEletricaTecnicaService.cs","571","private static string PrimeiroValor(params string?[] valores)"
"Preco|Valor|Total|Custo|Desconto|Comissao|Saldo|Receber|Pagar","PrimoAutoEletrica\Services\AutoEletricaTecnicaService.cs","573","return valores.FirstOrDefault(valor => !string.IsNullOrWhiteSpace(valor))?.Trim() ?? string.Empty;"
"Preco|Valor|Total|Custo|Desconto|Comissao|Saldo|Receber|Pagar","PrimoAutoEletrica\Services\AutoEletricaTecnicaService.cs","576","private static List<string> SepararLista(string? valor)"
"Preco|Valor|Total|Custo|Desconto|Comissao|Saldo|Receber|Pagar","PrimoAutoEletrica\Services\AutoEletricaTecnicaService.cs","578","return (valor ?? string.Empty)"
"decimal","PrimoAutoEletrica\Services\AutoEletricaTecnicaService.cs","584","private static bool ValorAparentaBaixo(string valor, decimal minimo)"
"Preco|Valor|Total|Custo|Desconto|Comissao|Saldo|Receber|Pagar","PrimoAutoEletrica\Services\AutoEletricaTecnicaService.cs","584","private static bool ValorAparentaBaixo(string valor, decimal minimo)"
"Preco|Valor|Total|Custo|Desconto|Comissao|Saldo|Receber|Pagar","PrimoAutoEletrica\Services\AutoEletricaTecnicaService.cs","586","return TryExtrairDecimal(valor, out var numero) && numero > 0 && numero < minimo;"
"decimal","PrimoAutoEletrica\Services\AutoEletricaTecnicaService.cs","589","private static bool ValorAparentaAlto(string valor, decimal maximo)"
"Preco|Valor|Total|Custo|Desconto|Comissao|Saldo|Receber|Pagar","PrimoAutoEletrica\Services\AutoEletricaTecnicaService.cs","589","private static bool ValorAparentaAlto(string valor, decimal maximo)"
"Preco|Valor|Total|Custo|Desconto|Comissao|Saldo|Receber|Pagar","PrimoAutoEletrica\Services\AutoEletricaTecnicaService.cs","591","return TryExtrairDecimal(valor, out var numero) && numero > maximo;"
"decimal","PrimoAutoEletrica\Services\AutoEletricaTecnicaService.cs","594","private static bool TryExtrairDecimal(string? valor, out decimal numero)"
"Preco|Valor|Total|Custo|Desconto|Comissao|Saldo|Receber|Pagar","PrimoAutoEletrica\Services\AutoEletricaTecnicaService.cs","594","private static bool TryExtrairDecimal(string? valor, out decimal numero)"
"Preco|Valor|Total|Custo|Desconto|Comissao|Saldo|Receber|Pagar","PrimoAutoEletrica\Services\AutoEletricaTecnicaService.cs","597","if (string.IsNullOrWhiteSpace(valor))"
"Preco|Valor|Total|Custo|Desconto|Comissao|Saldo|Receber|Pagar","PrimoAutoEletrica\Services\AutoEletricaTecnicaService.cs","602","var normalizado = new string(valor"
"decimal","PrimoAutoEletrica\Services\AutoEletricaTecnicaService.cs","607","return decimal.TryParse(normalizado, NumberStyles.Number, CultureInfo.InvariantCulture, out numero);"
"double","PrimoAutoEletrica\Services\BusinessConfigurationService.cs","156","double size = bytes;"
"Preco|Valor|Total|Custo|Desconto|Comissao|Saldo|Receber|Pagar","PrimoAutoEletrica\Services\CaixaService.cs","45","SELECT Id, CaixaSessaoId, Data, Tipo, ValorMovimento, ValorInicial, ValorFinal,"
"decimal","PrimoAutoEletrica\Services\CaixaService.cs","62","public CaixaSessaoOperacional AbrirCaixa(decimal valorAbertura, string observacoes = """", string numeroCaixa = ""01"")"
"Preco|Valor|Total|Custo|Desconto|Comissao|Saldo|Receber|Pagar","PrimoAutoEletrica\Services\CaixaService.cs","62","public CaixaSessaoOperacional AbrirCaixa(decimal valorAbertura, string observacoes = """", string numeroCaixa = ""01"")"
"Preco|Valor|Total|Custo|Desconto|Comissao|Saldo|Receber|Pagar","PrimoAutoEletrica\Services\CaixaService.cs","64","ComercialValidationHelper.GarantirValorMaiorOuIgualZero(valorAbertura, ""o valor de abertura do caixa"");"
"Preco|Valor|Total|Custo|Desconto|Comissao|Saldo|Receber|Pagar","PrimoAutoEletrica\Services\CaixaService.cs","85","ValorAbertura = valorAbertura,"
"Preco|Valor|Total|Custo|Desconto|Comissao|Saldo|Receber|Pagar","PrimoAutoEletrica\Services\CaixaService.cs","86","ValorEsperado = valorAbertura,"
"Preco|Valor|Total|Custo|Desconto|Comissao|Saldo|Receber|Pagar","PrimoAutoEletrica\Services\CaixaService.cs","87","TotalVendas = 0m,"
"Preco|Valor|Total|Custo|Desconto|Comissao|Saldo|Receber|Pagar","PrimoAutoEletrica\Services\CaixaService.cs","88","TotalSangrias = 0m,"
"Preco|Valor|Total|Custo|Desconto|Comissao|Saldo|Receber|Pagar","PrimoAutoEletrica\Services\CaixaService.cs","89","TotalSuprimentos = 0m,"
"Preco|Valor|Total|Custo|Desconto|Comissao|Saldo|Receber|Pagar","PrimoAutoEletrica\Services\CaixaService.cs","103","valorAbertura,"
"Preco|Valor|Total|Custo|Desconto|Comissao|Saldo|Receber|Pagar","PrimoAutoEletrica\Services\CaixaService.cs","105","valorAbertura,"
"Preco|Valor|Total|Custo|Desconto|Comissao|Saldo|Receber|Pagar","PrimoAutoEletrica\Services\CaixaService.cs","107","valorAbertura,"
"Preco|Valor|Total|Custo|Desconto|Comissao|Saldo|Receber|Pagar","PrimoAutoEletrica\Services\CaixaService.cs","108","valorAbertura,"
"Preco|Valor|Total|Custo|Desconto|Comissao|Saldo|Receber|Pagar","PrimoAutoEletrica\Services\CaixaService.cs","121","detalhes: $""Numero={sessao.NumeroCaixa}; Operador={operador.nome}; ValorAbertura={valorAbertura:C}"","
"Preco|Valor|Total|Custo|Desconto|Comissao|Saldo|Receber|Pagar","PrimoAutoEletrica\Services\CaixaService.cs","122","valorNovo: valorAbertura.ToString(""F2""));"
"decimal","PrimoAutoEletrica\Services\CaixaService.cs","127","public CaixaSessaoOperacional RegistrarSuprimento(decimal valor, string observacoes = """", string formaPagamento = ""Dinheiro"")"
"Preco|Valor|Total|Custo|Desconto|Comissao|Saldo|Receber|Pagar","PrimoAutoEletrica\Services\CaixaService.cs","127","public CaixaSessaoOperacional RegistrarSuprimento(decimal valor, string observacoes = """", string formaPagamento = ""Dinheiro"")"
"Preco|Valor|Total|Custo|Desconto|Comissao|Saldo|Receber|Pagar","PrimoAutoEletrica\Services\CaixaService.cs","129","ComercialValidationHelper.GarantirValorMaiorQueZero(valor, ""o valor do suprimento"");"
"Preco|Valor|Total|Custo|Desconto|Comissao|Saldo|Receber|Pagar","PrimoAutoEletrica\Services\CaixaService.cs","135","var saldoAntes = sessao.ValorEsperado;"
"Preco|Valor|Total|Custo|Desconto|Comissao|Saldo|Receber|Pagar","PrimoAutoEletrica\Services\CaixaService.cs","136","var saldoDepois = saldoAntes + valor;"
"Preco|Valor|Total|Custo|Desconto|Comissao|Saldo|Receber|Pagar","PrimoAutoEletrica\Services\CaixaService.cs","143","saldoDepois,"
"Preco|Valor|Total|Custo|Desconto|Comissao|Saldo|Receber|Pagar","PrimoAutoEletrica\Services\CaixaService.cs","144","sessao.TotalVendas,"
"Preco|Valor|Total|Custo|Desconto|Comissao|Saldo|Receber|Pagar","PrimoAutoEletrica\Services\CaixaService.cs","145","sessao.TotalSangrias,"
"Preco|Valor|Total|Custo|Desconto|Comissao|Saldo|Receber|Pagar","PrimoAutoEletrica\Services\CaixaService.cs","146","sessao.TotalSuprimentos + valor,"
"Preco|Valor|Total|Custo|Desconto|Comissao|Saldo|Receber|Pagar","PrimoAutoEletrica\Services\CaixaService.cs","158","valor,"
"Preco|Valor|Total|Custo|Desconto|Comissao|Saldo|Receber|Pagar","PrimoAutoEletrica\Services\CaixaService.cs","159","saldoAntes,"
"Preco|Valor|Total|Custo|Desconto|Comissao|Saldo|Receber|Pagar","PrimoAutoEletrica\Services\CaixaService.cs","160","saldoDepois,"
"Preco|Valor|Total|Custo|Desconto|Comissao|Saldo|Receber|Pagar","PrimoAutoEletrica\Services\CaixaService.cs","162","valor,"
"Preco|Valor|Total|Custo|Desconto|Comissao|Saldo|Receber|Pagar","PrimoAutoEletrica\Services\CaixaService.cs","163","valor,"
"Preco|Valor|Total|Custo|Desconto|Comissao|Saldo|Receber|Pagar","PrimoAutoEletrica\Services\CaixaService.cs","174","valor,"
"Preco|Valor|Total|Custo|Desconto|Comissao|Saldo|Receber|Pagar","PrimoAutoEletrica\Services\CaixaService.cs","189","detalhes: $""Valor={valor:C}; SaldoAntes={saldoAntes:C}; SaldoDepois={saldoDepois:C}; Observacoes={observacoes}"","
"Preco|Valor|Total|Custo|Desconto|Comissao|Saldo|Receber|Pagar","PrimoAutoEletrica\Services\CaixaService.cs","190","valorAnterior: saldoAntes.ToString(""F2""),"
"Preco|Valor|Total|Custo|Desconto|Comissao|Saldo|Receber|Pagar","PrimoAutoEletrica\Services\CaixaService.cs","191","valorNovo: saldoDepois.ToString(""F2""));"
"decimal","PrimoAutoEletrica\Services\CaixaService.cs","196","public CaixaSessaoOperacional RegistrarSangria(decimal valor, string observacoes = """", string formaPagamento = ""Dinheiro"")"
"Preco|Valor|Total|Custo|Desconto|Comissao|Saldo|Receber|Pagar","PrimoAutoEletrica\Services\CaixaService.cs","196","public CaixaSessaoOperacional RegistrarSangria(decimal valor, string observacoes = """", string formaPagamento = ""Dinheiro"")"
"Preco|Valor|Total|Custo|Desconto|Comissao|Saldo|Receber|Pagar","PrimoAutoEletrica\Services\CaixaService.cs","198","ComercialValidationHelper.GarantirValorMaiorQueZero(valor, ""o valor da sangria"");"
"Preco|Valor|Total|Custo|Desconto|Comissao|Saldo|Receber|Pagar","PrimoAutoEletrica\Services\CaixaService.cs","204","if (valor > sessao.ValorEsperado)"
"Preco|Valor|Total|Custo|Desconto|Comissao|Saldo|Receber|Pagar","PrimoAutoEletrica\Services\CaixaService.cs","206","throw new InvalidOperationException(""Nao e possivel registrar uma sangria maior que o saldo esperado do caixa."");"
"Preco|Valor|Total|Custo|Desconto|Comissao|Saldo|Receber|Pagar","PrimoAutoEletrica\Services\CaixaService.cs","209","var saldoAntes = sessao.ValorEsperado;"
"Preco|Valor|Total|Custo|Desconto|Comissao|Saldo|Receber|Pagar","PrimoAutoEletrica\Services\CaixaService.cs","210","var saldoDepois = saldoAntes - valor;"
"Preco|Valor|Total|Custo|Desconto|Comissao|Saldo|Receber|Pagar","PrimoAutoEletrica\Services\CaixaService.cs","217","saldoDepois,"
"Preco|Valor|Total|Custo|Desconto|Comissao|Saldo|Receber|Pagar","PrimoAutoEletrica\Services\CaixaService.cs","218","sessao.TotalVendas,"
"Preco|Valor|Total|Custo|Desconto|Comissao|Saldo|Receber|Pagar","PrimoAutoEletrica\Services\CaixaService.cs","219","sessao.TotalSangrias + valor,"
"Preco|Valor|Total|Custo|Desconto|Comissao|Saldo|Receber|Pagar","PrimoAutoEletrica\Services\CaixaService.cs","220","sessao.TotalSuprimentos,"
"Preco|Valor|Total|Custo|Desconto|Comissao|Saldo|Receber|Pagar","PrimoAutoEletrica\Services\CaixaService.cs","232","valor,"
"Preco|Valor|Total|Custo|Desconto|Comissao|Saldo|Receber|Pagar","PrimoAutoEletrica\Services\CaixaService.cs","233","saldoAntes,"
"Preco|Valor|Total|Custo|Desconto|Comissao|Saldo|Receber|Pagar","PrimoAutoEletrica\Services\CaixaService.cs","234","saldoDepois,"
"Preco|Valor|Total|Custo|Desconto|Comissao|Saldo|Receber|Pagar","PrimoAutoEletrica\Services\CaixaService.cs","235","valor,"
"Preco|Valor|Total|Custo|Desconto|Comissao|Saldo|Receber|Pagar","PrimoAutoEletrica\Services\CaixaService.cs","237","-valor,"
"Preco|Valor|Total|Custo|Desconto|Comissao|Saldo|Receber|Pagar","PrimoAutoEletrica\Services\CaixaService.cs","248","valor,"
"Preco|Valor|Total|Custo|Desconto|Comissao|Saldo|Receber|Pagar","PrimoAutoEletrica\Services\CaixaService.cs","263","detalhes: $""Valor={valor:C}; SaldoAntes={saldoAntes:C}; SaldoDepois={saldoDepois:C}; Observacoes={observacoes}"","
"Preco|Valor|Total|Custo|Desconto|Comissao|Saldo|Receber|Pagar","PrimoAutoEletrica\Services\CaixaService.cs","264","valorAnterior: saldoAntes.ToString(""F2""),"
"Preco|Valor|Total|Custo|Desconto|Comissao|Saldo|Receber|Pagar","PrimoAutoEletrica\Services\CaixaService.cs","265","valorNovo: saldoDepois.ToString(""F2""));"
"decimal","PrimoAutoEletrica\Services\CaixaService.cs","270","public CaixaSessaoOperacional FecharCaixa(decimal valorInformado, string observacoes = """")"
"Preco|Valor|Total|Custo|Desconto|Comissao|Saldo|Receber|Pagar","PrimoAutoEletrica\Services\CaixaService.cs","270","public CaixaSessaoOperacional FecharCaixa(decimal valorInformado, string observacoes = """")"
"Preco|Valor|Total|Custo|Desconto|Comissao|Saldo|Receber|Pagar","PrimoAutoEletrica\Services\CaixaService.cs","272","ComercialValidationHelper.GarantirValorMaiorOuIgualZero(valorInformado, ""o valor informado no fechamento do caixa"");"
"Preco|Valor|Total|Custo|Desconto|Comissao|Saldo|Receber|Pagar","PrimoAutoEletrica\Services\CaixaService.cs","279","var saldoEsperado = sessao.ValorEsperado;"
"Preco|Valor|Total|Custo|Desconto|Comissao|Saldo|Receber|Pagar","PrimoAutoEletrica\Services\CaixaService.cs","280","var diferenca = valorInformado - saldoEsperado;"
"Preco|Valor|Total|Custo|Desconto|Comissao|Saldo|Receber|Pagar","PrimoAutoEletrica\Services\CaixaService.cs","286","saldoEsperado,"
"Preco|Valor|Total|Custo|Desconto|Comissao|Saldo|Receber|Pagar","PrimoAutoEletrica\Services\CaixaService.cs","287","sessao.TotalVendas,"
"Preco|Valor|Total|Custo|Desconto|Comissao|Saldo|Receber|Pagar","PrimoAutoEletrica\Services\CaixaService.cs","288","sessao.TotalSangrias,"
"Preco|Valor|Total|Custo|Desconto|Comissao|Saldo|Receber|Pagar","PrimoAutoEletrica\Services\CaixaService.cs","289","sessao.TotalSuprimentos,"
"Preco|Valor|Total|Custo|Desconto|Comissao|Saldo|Receber|Pagar","PrimoAutoEletrica\Services\CaixaService.cs","294","valorInformado);"
"Preco|Valor|Total|Custo|Desconto|Comissao|Saldo|Receber|Pagar","PrimoAutoEletrica\Services\CaixaService.cs","301","valorInformado,"
"Preco|Valor|Total|Custo|Desconto|Comissao|Saldo|Receber|Pagar","PrimoAutoEletrica\Services\CaixaService.cs","302","saldoEsperado,"
"Preco|Valor|Total|Custo|Desconto|Comissao|Saldo|Receber|Pagar","PrimoAutoEletrica\Services\CaixaService.cs","303","valorInformado,"
"Preco|Valor|Total|Custo|Desconto|Comissao|Saldo|Receber|Pagar","PrimoAutoEletrica\Services\CaixaService.cs","304","sessao.TotalSangrias,"
"Preco|Valor|Total|Custo|Desconto|Comissao|Saldo|Receber|Pagar","PrimoAutoEletrica\Services\CaixaService.cs","305","sessao.TotalSuprimentos,"
"Preco|Valor|Total|Custo|Desconto|Comissao|Saldo|Receber|Pagar","PrimoAutoEletrica\Services\CaixaService.cs","319","detalhes: $""ValorEsperado={saldoEsperado:C}; ValorInformado={valorInformado:C}; Diferenca={diferenca:C}; Operador={operador.nome}; Observacoes={observacoes}"","
"Preco|Valor|Total|Custo|Desconto|Comissao|Saldo|Receber|Pagar","PrimoAutoEletrica\Services\CaixaService.cs","320","valorAnterior: saldoEsperado.ToString(""F2""),"
"Preco|Valor|Total|Custo|Desconto|Comissao|Saldo|Receber|Pagar","PrimoAutoEletrica\Services\CaixaService.cs","321","valorNovo: valorInformado.ToString(""F2""));"
"Preco|Valor|Total|Custo|Desconto|Comissao|Saldo|Receber|Pagar","PrimoAutoEletrica\Services\CaixaService.cs","341","var saldoAntes = sessao.ValorEsperado;"
"Preco|Valor|Total|Custo|Desconto|Comissao|Saldo|Receber|Pagar","PrimoAutoEletrica\Services\CaixaService.cs","342","var saldoDepois = saldoAntes + venda.Total;"
"Preco|Valor|Total|Custo|Desconto|Comissao|Saldo|Receber|Pagar","PrimoAutoEletrica\Services\CaixaService.cs","348","saldoDepois,"
"Preco|Valor|Total|Custo|Desconto|Comissao|Saldo|Receber|Pagar","PrimoAutoEletrica\Services\CaixaService.cs","349","sessao.TotalVendas + venda.Total,"
"Preco|Valor|Total|Custo|Desconto|Comissao|Saldo|Receber|Pagar","PrimoAutoEletrica\Services\CaixaService.cs","350","sessao.TotalSangrias,"
"Preco|Valor|Total|Custo|Desconto|Comissao|Saldo|Receber|Pagar","PrimoAutoEletrica\Services\CaixaService.cs","351","sessao.TotalSuprimentos,"
"Preco|Valor|Total|Custo|Desconto|Comissao|Saldo|Receber|Pagar","PrimoAutoEletrica\Services\CaixaService.cs","363","venda.Total,"
"Preco|Valor|Total|Custo|Desconto|Comissao|Saldo|Receber|Pagar","PrimoAutoEletrica\Services\CaixaService.cs","364","saldoAntes,"
"Preco|Valor|Total|Custo|Desconto|Comissao|Saldo|Receber|Pagar","PrimoAutoEletrica\Services\CaixaService.cs","365","saldoDepois,"
"Preco|Valor|Total|Custo|Desconto|Comissao|Saldo|Receber|Pagar","PrimoAutoEletrica\Services\CaixaService.cs","368","venda.Total,"
"Preco|Valor|Total|Custo|Desconto|Comissao|Saldo|Receber|Pagar","PrimoAutoEletrica\Services\CaixaService.cs","379","venda.Total,"
"Preco|Valor|Total|Custo|Desconto|Comissao|Saldo|Receber|Pagar","PrimoAutoEletrica\Services\CaixaService.cs","403","if (venda.Total > sessao.ValorEsperado)"
"Preco|Valor|Total|Custo|Desconto|Comissao|Saldo|Receber|Pagar","PrimoAutoEletrica\Services\CaixaService.cs","405","throw new InvalidOperationException(""O caixa nao possui saldo suficiente para estornar esta venda."");"
"Preco|Valor|Total|Custo|Desconto|Comissao|Saldo|Receber|Pagar","PrimoAutoEletrica\Services\CaixaService.cs","408","var saldoAntes = sessao.ValorEsperado;"
"Preco|Valor|Total|Custo|Desconto|Comissao|Saldo|Receber|Pagar","PrimoAutoEletrica\Services\CaixaService.cs","409","var saldoDepois = saldoAntes - venda.Total;"
"Preco|Valor|Total|Custo|Desconto|Comissao|Saldo|Receber|Pagar","PrimoAutoEletrica\Services\CaixaService.cs","415","saldoDepois,"
"Preco|Valor|Total|Custo|Desconto|Comissao|Saldo|Receber|Pagar","PrimoAutoEletrica\Services\CaixaService.cs","416","Math.Max(0m, sessao.TotalVendas - venda.Total),"
"Preco|Valor|Total|Custo|Desconto|Comissao|Saldo|Receber|Pagar","PrimoAutoEletrica\Services\CaixaService.cs","417","sessao.TotalSangrias,"
"Preco|Valor|Total|Custo|Desconto|Comissao|Saldo|Receber|Pagar","PrimoAutoEletrica\Services\CaixaService.cs","418","sessao.TotalSuprimentos,"
"Preco|Valor|Total|Custo|Desconto|Comissao|Saldo|Receber|Pagar","PrimoAutoEletrica\Services\CaixaService.cs","430","venda.Total,"
"Preco|Valor|Total|Custo|Desconto|Comissao|Saldo|Receber|Pagar","PrimoAutoEletrica\Services\CaixaService.cs","431","saldoAntes,"
"Preco|Valor|Total|Custo|Desconto|Comissao|Saldo|Receber|Pagar","PrimoAutoEletrica\Services\CaixaService.cs","432","saldoDepois,"
"Preco|Valor|Total|Custo|Desconto|Comissao|Saldo|Receber|Pagar","PrimoAutoEletrica\Services\CaixaService.cs","435","-venda.Total,"
"Preco|Valor|Total|Custo|Desconto|Comissao|Saldo|Receber|Pagar","PrimoAutoEletrica\Services\CaixaService.cs","446","venda.Total,"
"Preco|Valor|Total|Custo|Desconto|Comissao|Saldo|Receber|Pagar","PrimoAutoEletrica\Services\CaixaService.cs","468","ValorAbertura, ValorEsperado, ValorInformadoFechamento, TotalVendas, TotalSangrias,"
"Preco|Valor|Total|Custo|Desconto|Comissao|Saldo|Receber|Pagar","PrimoAutoEletrica\Services\CaixaService.cs","469","TotalSuprimentos, QuantidadeVendas, Status, COALESCE(Observacoes, ''),"
"Preco|Valor|Total|Custo|Desconto|Comissao|Saldo|Receber|Pagar","PrimoAutoEletrica\Services\CaixaService.cs","492","ValorAbertura, ValorEsperado, ValorInformadoFechamento, TotalVendas, TotalSangrias,"
"Preco|Valor|Total|Custo|Desconto|Comissao|Saldo|Receber|Pagar","PrimoAutoEletrica\Services\CaixaService.cs","493","TotalSuprimentos, QuantidadeVendas, Status, COALESCE(Observacoes, ''),"
"Preco|Valor|Total|Custo|Desconto|Comissao|Saldo|Receber|Pagar","PrimoAutoEletrica\Services\CaixaService.cs","512","ValorAbertura, ValorEsperado, ValorInformadoFechamento, TotalVendas, TotalSangrias,"
"Preco|Valor|Total|Custo|Desconto|Comissao|Saldo|Receber|Pagar","PrimoAutoEletrica\Services\CaixaService.cs","513","TotalSuprimentos, QuantidadeVendas, Status, Observacoes, DataCriacao, DataUltimaMovimentacao"
"Preco|Valor|Total|Custo|Desconto|Comissao|Saldo|Receber|Pagar","PrimoAutoEletrica\Services\CaixaService.cs","518","@valorAbertura, @valorEsperado, @valorInformadoFechamento, @totalVendas, @totalSangrias,"
"Preco|Valor|Total|Custo|Desconto|Comissao|Saldo|Receber|Pagar","PrimoAutoEletrica\Services\CaixaService.cs","519","@totalSuprimentos, @quantidadeVendas, @status, @observacoes, @dataCriacao, @dataUltimaMovimentacao"
"Preco|Valor|Total|Custo|Desconto|Comissao|Saldo|Receber|Pagar","PrimoAutoEletrica\Services\CaixaService.cs","528","command.Parameters.AddWithValue(""@valorAbertura"", sessao.ValorAbertura);"
"Preco|Valor|Total|Custo|Desconto|Comissao|Saldo|Receber|Pagar","PrimoAutoEletrica\Services\CaixaService.cs","529","command.Parameters.AddWithValue(""@valorEsperado"", sessao.ValorEsperado);"
"Preco|Valor|Total|Custo|Desconto|Comissao|Saldo|Receber|Pagar","PrimoAutoEletrica\Services\CaixaService.cs","530","command.Parameters.AddWithValue(""@valorInformadoFechamento"", sessao.ValorInformadoFechamento.HasValue ? sessao.ValorInformadoFechamento.Value : (object)DBNull.V"
"Preco|Valor|Total|Custo|Desconto|Comissao|Saldo|Receber|Pagar","PrimoAutoEletrica\Services\CaixaService.cs","531","command.Parameters.AddWithValue(""@totalVendas"", sessao.TotalVendas);"
"Preco|Valor|Total|Custo|Desconto|Comissao|Saldo|Receber|Pagar","PrimoAutoEletrica\Services\CaixaService.cs","532","command.Parameters.AddWithValue(""@totalSangrias"", sessao.TotalSangrias);"
"Preco|Valor|Total|Custo|Desconto|Comissao|Saldo|Receber|Pagar","PrimoAutoEletrica\Services\CaixaService.cs","533","command.Parameters.AddWithValue(""@totalSuprimentos"", sessao.TotalSuprimentos);"
"decimal","PrimoAutoEletrica\Services\CaixaService.cs","546","decimal valorEsperado,"
"Preco|Valor|Total|Custo|Desconto|Comissao|Saldo|Receber|Pagar","PrimoAutoEletrica\Services\CaixaService.cs","546","decimal valorEsperado,"
"decimal","PrimoAutoEletrica\Services\CaixaService.cs","547","decimal totalVendas,"
"Preco|Valor|Total|Custo|Desconto|Comissao|Saldo|Receber|Pagar","PrimoAutoEletrica\Services\CaixaService.cs","547","decimal totalVendas,"
"decimal","PrimoAutoEletrica\Services\CaixaService.cs","548","decimal totalSangrias,"
"Preco|Valor|Total|Custo|Desconto|Comissao|Saldo|Receber|Pagar","PrimoAutoEletrica\Services\CaixaService.cs","548","decimal totalSangrias,"
"decimal","PrimoAutoEletrica\Services\CaixaService.cs","549","decimal totalSuprimentos,"
"Preco|Valor|Total|Custo|Desconto|Comissao|Saldo|Receber|Pagar","PrimoAutoEletrica\Services\CaixaService.cs","549","decimal totalSuprimentos,"
"decimal","PrimoAutoEletrica\Services\CaixaService.cs","554","decimal? valorInformadoFechamento)"
"Preco|Valor|Total|Custo|Desconto|Comissao|Saldo|Receber|Pagar","PrimoAutoEletrica\Services\CaixaService.cs","554","decimal? valorInformadoFechamento)"
"Preco|Valor|Total|Custo|Desconto|Comissao|Saldo|Receber|Pagar","PrimoAutoEletrica\Services\CaixaService.cs","560","SET ValorEsperado = @valorEsperado,"
"Preco|Valor|Total|Custo|Desconto|Comissao|Saldo|Receber|Pagar","PrimoAutoEletrica\Services\CaixaService.cs","561","TotalVendas = @totalVendas,"
"Preco|Valor|Total|Custo|Desconto|Comissao|Saldo|Receber|Pagar","PrimoAutoEletrica\Services\CaixaService.cs","562","TotalSangrias = @totalSangrias,"
"Preco|Valor|Total|Custo|Desconto|Comissao|Saldo|Receber|Pagar","PrimoAutoEletrica\Services\CaixaService.cs","563","TotalSuprimentos = @totalSuprimentos,"
"Preco|Valor|Total|Custo|Desconto|Comissao|Saldo|Receber|Pagar","PrimoAutoEletrica\Services\CaixaService.cs","568","ValorInformadoFechamento = @valorInformadoFechamento,"
"Preco|Valor|Total|Custo|Desconto|Comissao|Saldo|Receber|Pagar","PrimoAutoEletrica\Services\CaixaService.cs","572","command.Parameters.AddWithValue(""@valorEsperado"", valorEsperado);"
"Preco|Valor|Total|Custo|Desconto|Comissao|Saldo|Receber|Pagar","PrimoAutoEletrica\Services\CaixaService.cs","573","command.Parameters.AddWithValue(""@totalVendas"", totalVendas);"
"Preco|Valor|Total|Custo|Desconto|Comissao|Saldo|Receber|Pagar","PrimoAutoEletrica\Services\CaixaService.cs","574","command.Parameters.AddWithValue(""@totalSangrias"", totalSangrias);"
"Preco|Valor|Total|Custo|Desconto|Comissao|Saldo|Receber|Pagar","PrimoAutoEletrica\Services\CaixaService.cs","575","command.Parameters.AddWithValue(""@totalSuprimentos"", totalSuprimentos);"
"Preco|Valor|Total|Custo|Desconto|Comissao|Saldo|Receber|Pagar","PrimoAutoEletrica\Services\CaixaService.cs","580","command.Parameters.AddWithValue(""@valorInformadoFechamento"", valorInformadoFechamento.HasValue ? valorInformadoFechamento.Value : (object)DBNull.Value);"
"decimal","PrimoAutoEletrica\Services\CaixaService.cs","590","decimal valorMovimento,"
"Preco|Valor|Total|Custo|Desconto|Comissao|Saldo|Receber|Pagar","PrimoAutoEletrica\Services\CaixaService.cs","590","decimal valorMovimento,"
"decimal","PrimoAutoEletrica\Services\CaixaService.cs","591","decimal valorInicial,"
"Preco|Valor|Total|Custo|Desconto|Comissao|Saldo|Receber|Pagar","PrimoAutoEletrica\Services\CaixaService.cs","591","decimal valorInicial,"
"decimal","PrimoAutoEletrica\Services\CaixaService.cs","592","decimal valorFinal,"
"Preco|Valor|Total|Custo|Desconto|Comissao|Saldo|Receber|Pagar","PrimoAutoEletrica\Services\CaixaService.cs","592","decimal valorFinal,"
"decimal","PrimoAutoEletrica\Services\CaixaService.cs","593","decimal sangrias,"
"decimal","PrimoAutoEletrica\Services\CaixaService.cs","594","decimal suprimentos,"
"decimal","PrimoAutoEletrica\Services\CaixaService.cs","595","decimal diferenca,"
"Preco|Valor|Total|Custo|Desconto|Comissao|Saldo|Receber|Pagar","PrimoAutoEletrica\Services\CaixaService.cs","606","Id, CaixaSessaoId, Data, Tipo, ValorMovimento, ValorInicial, ValorFinal,"
"Preco|Valor|Total|Custo|Desconto|Comissao|Saldo|Receber|Pagar","PrimoAutoEletrica\Services\CaixaService.cs","611","@id, @caixaSessaoId, @data, @tipo, @valorMovimento, @valorInicial, @valorFinal,"
"Preco|Valor|Total|Custo|Desconto|Comissao|Saldo|Receber|Pagar","PrimoAutoEletrica\Services\CaixaService.cs","618","command.Parameters.AddWithValue(""@valorMovimento"", valorMovimento);"
"Preco|Valor|Total|Custo|Desconto|Comissao|Saldo|Receber|Pagar","PrimoAutoEletrica\Services\CaixaService.cs","619","command.Parameters.AddWithValue(""@valorInicial"", valorInicial);"
"Preco|Valor|Total|Custo|Desconto|Comissao|Saldo|Receber|Pagar","PrimoAutoEletrica\Services\CaixaService.cs","620","command.Parameters.AddWithValue(""@valorFinal"", valorFinal);"
"decimal","PrimoAutoEletrica\Services\CaixaService.cs","636","decimal valor,"
"Preco|Valor|Total|Custo|Desconto|Comissao|Saldo|Receber|Pagar","PrimoAutoEletrica\Services\CaixaService.cs","636","decimal valor,"
"Preco|Valor|Total|Custo|Desconto|Comissao|Saldo|Receber|Pagar","PrimoAutoEletrica\Services\CaixaService.cs","656","Valor,"
"Preco|Valor|Total|Custo|Desconto|Comissao|Saldo|Receber|Pagar","PrimoAutoEletrica\Services\CaixaService.cs","670","@valor,"
"Preco|Valor|Total|Custo|Desconto|Comissao|Saldo|Receber|Pagar","PrimoAutoEletrica\Services\CaixaService.cs","682","command.Parameters.AddWithValue(""@valor"", valor);"
"Preco|Valor|Total|Custo|Desconto|Comissao|Saldo|Receber|Pagar","PrimoAutoEletrica\Services\CaixaService.cs","723","ValorAbertura = LerDecimal(reader, 7),"
"Preco|Valor|Total|Custo|Desconto|Comissao|Saldo|Receber|Pagar","PrimoAutoEletrica\Services\CaixaService.cs","724","ValorEsperado = LerDecimal(reader, 8),"
"Preco|Valor|Total|Custo|Desconto|Comissao|Saldo|Receber|Pagar","PrimoAutoEletrica\Services\CaixaService.cs","725","ValorInformadoFechamento = reader.IsDBNull(9) ? null : LerDecimal(reader, 9),"
"Preco|Valor|Total|Custo|Desconto|Comissao|Saldo|Receber|Pagar","PrimoAutoEletrica\Services\CaixaService.cs","726","TotalVendas = LerDecimal(reader, 10),"
"Preco|Valor|Total|Custo|Desconto|Comissao|Saldo|Receber|Pagar","PrimoAutoEletrica\Services\CaixaService.cs","727","TotalSangrias = LerDecimal(reader, 11),"
"Preco|Valor|Total|Custo|Desconto|Comissao|Saldo|Receber|Pagar","PrimoAutoEletrica\Services\CaixaService.cs","728","TotalSuprimentos = LerDecimal(reader, 12),"
"Preco|Valor|Total|Custo|Desconto|Comissao|Saldo|Receber|Pagar","PrimoAutoEletrica\Services\CaixaService.cs","745","ValorMovimento = LerDecimal(reader, 4),"
"Preco|Valor|Total|Custo|Desconto|Comissao|Saldo|Receber|Pagar","PrimoAutoEletrica\Services\CaixaService.cs","746","ValorInicial = LerDecimal(reader, 5),"
"Preco|Valor|Total|Custo|Desconto|Comissao|Saldo|Receber|Pagar","PrimoAutoEletrica\Services\CaixaService.cs","747","ValorFinal = LerDecimal(reader, 6),"
"decimal","PrimoAutoEletrica\Services\CaixaService.cs","772","private static decimal LerDecimal(DbDataReader reader, int ordinal)"
"decimal","PrimoAutoEletrica\Services\CaixaService.cs","782","decimal decimalValue => decimalValue,"
"double","PrimoAutoEletrica\Services\CaixaService.cs","783","double doubleValue => Convert.ToDecimal(doubleValue),"
"float","PrimoAutoEletrica\Services\CaixaService.cs","784","float floatValue => Convert.ToDecimal(floatValue),"
"Preco|Valor|Total|Custo|Desconto|Comissao|Saldo|Receber|Pagar","PrimoAutoEletrica\Services\ComissaoSettlementService.cs","10","public sealed class ComissaoLinha"
"decimal","PrimoAutoEletrica\Services\ComissaoSettlementService.cs","14","public decimal TotalServicos { get; set; }"
"Preco|Valor|Total|Custo|Desconto|Comissao|Saldo|Receber|Pagar","PrimoAutoEletrica\Services\ComissaoSettlementService.cs","14","public decimal TotalServicos { get; set; }"
"decimal","PrimoAutoEletrica\Services\ComissaoSettlementService.cs","15","public decimal TotalPecas { get; set; }"
"Preco|Valor|Total|Custo|Desconto|Comissao|Saldo|Receber|Pagar","PrimoAutoEletrica\Services\ComissaoSettlementService.cs","15","public decimal TotalPecas { get; set; }"
"decimal","PrimoAutoEletrica\Services\ComissaoSettlementService.cs","16","public decimal BaseCalculo { get; set; }"
"decimal","PrimoAutoEletrica\Services\ComissaoSettlementService.cs","17","public decimal Percentual { get; set; }"
"decimal","PrimoAutoEletrica\Services\ComissaoSettlementService.cs","18","public decimal Comissao { get; set; }"
"Preco|Valor|Total|Custo|Desconto|Comissao|Saldo|Receber|Pagar","PrimoAutoEletrica\Services\ComissaoSettlementService.cs","18","public decimal Comissao { get; set; }"
"Preco|Valor|Total|Custo|Desconto|Comissao|Saldo|Receber|Pagar","PrimoAutoEletrica\Services\ComissaoSettlementService.cs","21","public sealed class ComissaoSettlementService"
"decimal","PrimoAutoEletrica\Services\ComissaoSettlementService.cs","23","public IReadOnlyList<ComissaoLinha> Calcular(DateTime inicio, DateTime fim, decimal percentualPadrao = 0.10m)"
"Preco|Valor|Total|Custo|Desconto|Comissao|Saldo|Receber|Pagar","PrimoAutoEletrica\Services\ComissaoSettlementService.cs","23","public IReadOnlyList<ComissaoLinha> Calcular(DateTime inicio, DateTime fim, decimal percentualPadrao = 0.10m)"
"Preco|Valor|Total|Custo|Desconto|Comissao|Saldo|Receber|Pagar","PrimoAutoEletrica\Services\ComissaoSettlementService.cs","44","var servicos = g.Sum(x => x.ValorMaoObra > 0"
"Preco|Valor|Total|Custo|Desconto|Comissao|Saldo|Receber|Pagar","PrimoAutoEletrica\Services\ComissaoSettlementService.cs","45","? x.ValorMaoObra"
"Preco|Valor|Total|Custo|Desconto|Comissao|Saldo|Receber|Pagar","PrimoAutoEletrica\Services\ComissaoSettlementService.cs","46",": x.Itens.Where(i => string.Equals(i.Tipo, ""Servico"", StringComparison.OrdinalIgnoreCase)).Sum(i => i.Total));"
"Preco|Valor|Total|Custo|Desconto|Comissao|Saldo|Receber|Pagar","PrimoAutoEletrica\Services\ComissaoSettlementService.cs","49",".Sum(i => i.Total));"
"Preco|Valor|Total|Custo|Desconto|Comissao|Saldo|Receber|Pagar","PrimoAutoEletrica\Services\ComissaoSettlementService.cs","51","return new ComissaoLinha"
"Preco|Valor|Total|Custo|Desconto|Comissao|Saldo|Receber|Pagar","PrimoAutoEletrica\Services\ComissaoSettlementService.cs","55","TotalServicos = servicos,"
"Preco|Valor|Total|Custo|Desconto|Comissao|Saldo|Receber|Pagar","PrimoAutoEletrica\Services\ComissaoSettlementService.cs","56","TotalPecas = pecas,"
"Preco|Valor|Total|Custo|Desconto|Comissao|Saldo|Receber|Pagar","PrimoAutoEletrica\Services\ComissaoSettlementService.cs","59","Comissao = Math.Round(baseCalc * percentualPadrao, 2)"
"Preco|Valor|Total|Custo|Desconto|Comissao|Saldo|Receber|Pagar","PrimoAutoEletrica\Services\ComissaoSettlementService.cs","62",".OrderByDescending(x => x.Comissao)"
"Preco|Valor|Total|Custo|Desconto|Comissao|Saldo|Receber|Pagar","PrimoAutoEletrica\Services\ComissaoSettlementService.cs","66","public string ExportarCsv(IEnumerable<ComissaoLinha> linhas, string caminho)"
"Preco|Valor|Total|Custo|Desconto|Comissao|Saldo|Receber|Pagar","PrimoAutoEletrica\Services\ComissaoSettlementService.cs","69","sb.AppendLine(""Tecnico;QtdOS;TotalServicos;TotalPecas;BaseCalculo;Percentual;Comissao"");"
"Preco|Valor|Total|Custo|Desconto|Comissao|Saldo|Receber|Pagar","PrimoAutoEletrica\Services\ComissaoSettlementService.cs","72","sb.AppendLine($""{Escape(l.Tecnico)};{l.QuantidadeOs};{l.TotalServicos:F2};{l.TotalPecas:F2};{l.BaseCalculo:F2};{l.Percentual:P0};{l.Comissao:F2}"");"
"decimal","PrimoAutoEletrica\Services\CompraSugestaoService.cs","13","public decimal EstoqueAtual { get; set; }"
"decimal","PrimoAutoEletrica\Services\CompraSugestaoService.cs","14","public decimal EstoqueMinimo { get; set; }"
"decimal","PrimoAutoEletrica\Services\CompraSugestaoService.cs","15","public decimal QuantidadeSugerida { get; set; }"
"Preco|Valor|Total|Custo|Desconto|Comissao|Saldo|Receber|Pagar","PrimoAutoEletrica\Services\ContabilExportService.cs","58","_logger.LogInfo($""Exportação de contas a pagar CSV concluída: {caminhoArquivo}"");"
"Preco|Valor|Total|Custo|Desconto|Comissao|Saldo|Receber|Pagar","PrimoAutoEletrica\Services\ContabilExportService.cs","64","_logger.LogError(""Erro ao exportar contas a pagar para CSV"", ex);"
"Preco|Valor|Total|Custo|Desconto|Comissao|Saldo|Receber|Pagar","PrimoAutoEletrica\Services\ContabilExportService.cs","80","_logger.LogInfo($""Exportação de contas a receber CSV concluída: {caminhoArquivo}"");"
"Preco|Valor|Total|Custo|Desconto|Comissao|Saldo|Receber|Pagar","PrimoAutoEletrica\Services\ContabilExportService.cs","86","_logger.LogError(""Erro ao exportar contas a receber para CSV"", ex);"
"Preco|Valor|Total|Custo|Desconto|Comissao|Saldo|Receber|Pagar","PrimoAutoEletrica\Services\ContabilExportService.cs","146","ValorTotal, FormaPagamento, Status"
"Preco|Valor|Total|Custo|Desconto|Comissao|Saldo|Receber|Pagar","PrimoAutoEletrica\Services\ContabilExportService.cs","168","ValorTotal = reader.GetDecimal(5),"
"Preco|Valor|Total|Custo|Desconto|Comissao|Saldo|Receber|Pagar","PrimoAutoEletrica\Services\ContabilExportService.cs","184","Id, Descricao, Fornecedor, Valor, DataVencimento,"
"Preco|Valor|Total|Custo|Desconto|Comissao|Saldo|Receber|Pagar","PrimoAutoEletrica\Services\ContabilExportService.cs","205","Valor = reader.GetDecimal(3),"
"Preco|Valor|Total|Custo|Desconto|Comissao|Saldo|Receber|Pagar","PrimoAutoEletrica\Services\ContabilExportService.cs","223","Id, Descricao, Cliente, Valor, DataVencimento,"
"Preco|Valor|Total|Custo|Desconto|Comissao|Saldo|Receber|Pagar","PrimoAutoEletrica\Services\ContabilExportService.cs","244","Valor = reader.GetDecimal(3),"
"Preco|Valor|Total|Custo|Desconto|Comissao|Saldo|Receber|Pagar","PrimoAutoEletrica\Services\ContabilExportService.cs","260","sb.AppendLine(""ID;Data;ClienteID;ClienteNome;ClienteCPF/CNPJ;ValorTotal;FormaPagamento;Status"");"
"Preco|Valor|Total|Custo|Desconto|Comissao|Saldo|Receber|Pagar","PrimoAutoEletrica\Services\ContabilExportService.cs","265","sb.AppendLine($""{venda.Id};{venda.Data:yyyy-MM-dd};{venda.ClienteId};{venda.ClienteNome};{venda.ClienteCpfCnpj ?? """"};{venda.ValorTotal};{venda.FormaPagamento};"
"Preco|Valor|Total|Custo|Desconto|Comissao|Saldo|Receber|Pagar","PrimoAutoEletrica\Services\ContabilExportService.cs","275","sb.AppendLine(""ID;Descricao;Fornecedor;Valor;DataVencimento;DataPagamento;Status;Categoria"");"
"Preco|Valor|Total|Custo|Desconto|Comissao|Saldo|Receber|Pagar","PrimoAutoEletrica\Services\ContabilExportService.cs","279","sb.AppendLine($""{conta.Id};{conta.Descricao};{conta.Fornecedor ?? """"};{conta.Valor};{conta.DataVencimento:yyyy-MM-dd};{conta.DataPagamento?.ToString(""yyyy-MM-dd"
"Preco|Valor|Total|Custo|Desconto|Comissao|Saldo|Receber|Pagar","PrimoAutoEletrica\Services\ContabilExportService.cs","289","sb.AppendLine(""ID;Descricao;Cliente;Valor;DataVencimento;DataRecebimento;Status;Categoria"");"
"Preco|Valor|Total|Custo|Desconto|Comissao|Saldo|Receber|Pagar","PrimoAutoEletrica\Services\ContabilExportService.cs","293","sb.AppendLine($""{conta.Id};{conta.Descricao};{conta.Cliente ?? """"};{conta.Valor};{conta.DataVencimento:yyyy-MM-dd};{conta.DataRecebimento?.ToString(""yyyy-MM-dd"""
"Preco|Valor|Total|Custo|Desconto|Comissao|Saldo|Receber|Pagar","PrimoAutoEletrica\Services\ContabilExportService.cs","338","sb.AppendLine($""TRNAMT:{venda.ValorTotal}"");"
"Preco|Valor|Total|Custo|Desconto|Comissao|Saldo|Receber|Pagar","PrimoAutoEletrica\Services\ContabilExportService.cs","362","sb.AppendLine($""|C100|{venda.Data:yyyyMMdd}|{venda.Id}|{venda.ValorTotal}|{venda.ClienteCpfCnpj ?? """"}|"");"
"decimal","PrimoAutoEletrica\Services\ContabilExportService.cs","379","public decimal ValorTotal { get; set; }"
"Preco|Valor|Total|Custo|Desconto|Comissao|Saldo|Receber|Pagar","PrimoAutoEletrica\Services\ContabilExportService.cs","379","public decimal ValorTotal { get; set; }"
"decimal","PrimoAutoEletrica\Services\ContabilExportService.cs","392","public decimal Valor { get; set; }"
"Preco|Valor|Total|Custo|Desconto|Comissao|Saldo|Receber|Pagar","PrimoAutoEletrica\Services\ContabilExportService.cs","392","public decimal Valor { get; set; }"
"decimal","PrimoAutoEletrica\Services\ContabilExportService.cs","407","public decimal Valor { get; set; }"
"Preco|Valor|Total|Custo|Desconto|Comissao|Saldo|Receber|Pagar","PrimoAutoEletrica\Services\ContabilExportService.cs","407","public decimal Valor { get; set; }"
"Preco|Valor|Total|Custo|Desconto|Comissao|Saldo|Receber|Pagar","PrimoAutoEletrica\Services\DatabaseBackupService.cs","583","var duracao = (DateTime.Now - inicio).TotalMilliseconds;"
"Preco|Valor|Total|Custo|Desconto|Comissao|Saldo|Receber|Pagar","PrimoAutoEletrica\Services\DatabaseBackupService.cs","650","var duracao = (DateTime.Now - inicio).TotalMilliseconds;"
"REAL_sql","PrimoAutoEletrica\Services\DatabasePersistenceTestService.cs","193","PrecoVenda REAL,"
"Preco|Valor|Total|Custo|Desconto|Comissao|Saldo|Receber|Pagar","PrimoAutoEletrica\Services\DatabasePersistenceTestService.cs","193","PrecoVenda REAL,"
"Preco|Valor|Total|Custo|Desconto|Comissao|Saldo|Receber|Pagar","PrimoAutoEletrica\Services\DatabasePersistenceTestService.cs","370","INSERT INTO Produtos (Nome, PrecoVenda, Estoque)"
"Preco|Valor|Total|Custo|Desconto|Comissao|Saldo|Receber|Pagar","PrimoAutoEletrica\Services\DatabasePersistenceTestService.cs","371","VALUES (@Nome, @PrecoVenda, @Estoque);"
"Preco|Valor|Total|Custo|Desconto|Comissao|Saldo|Receber|Pagar","PrimoAutoEletrica\Services\DatabasePersistenceTestService.cs","377","command.Parameters.AddWithValue(""@PrecoVenda"", 100.00);"
"Preco|Valor|Total|Custo|Desconto|Comissao|Saldo|Receber|Pagar","PrimoAutoEletrica\Services\DatabasePersistenceTestService.cs","599","_logger.LogInfo(""Testando valores nulos..."");"
"Preco|Valor|Total|Custo|Desconto|Comissao|Saldo|Receber|Pagar","PrimoAutoEletrica\Services\DatabasePersistenceTestService.cs","619","_logger.LogInfo(""Cliente com valores nulos inserido com sucesso"");"
"Preco|Valor|Total|Custo|Desconto|Comissao|Saldo|Receber|Pagar","PrimoAutoEletrica\Services\DatabasePersistenceTestService.cs","646","sb.AppendLine($""**Total de Erros:** {result.Errors.Count}"");"
"Preco|Valor|Total|Custo|Desconto|Comissao|Saldo|Receber|Pagar","PrimoAutoEletrica\Services\DatabasePersistenceTestService.cs","647","sb.AppendLine($""**Total de Avisos:** {result.Warnings.Count}"");"
"Preco|Valor|Total|Custo|Desconto|Comissao|Saldo|Receber|Pagar","PrimoAutoEletrica\Services\DatabasePersistenceTestService.cs","648","sb.AppendLine($""**Total de Informações:** {result.Infos.Count}"");"
"Preco|Valor|Total|Custo|Desconto|Comissao|Saldo|Receber|Pagar","PrimoAutoEletrica\Services\DatabaseService.AccessControl.cs","483","valorAnterior: permissaoAnterior == null ? null : FormatarPermissaoAuditoria(permissaoAnterior),"
"Preco|Valor|Total|Custo|Desconto|Comissao|Saldo|Receber|Pagar","PrimoAutoEletrica\Services\DatabaseService.AccessControl.cs","484","valorNovo: FormatarPermissaoAuditoria(permissao));"
"Preco|Valor|Total|Custo|Desconto|Comissao|Saldo|Receber|Pagar","PrimoAutoEletrica\Services\DatabaseService.AccessControl.cs","526","valorAnterior: FormatarPermissaoAuditoria(permissao));"
"Preco|Valor|Total|Custo|Desconto|Comissao|Saldo|Receber|Pagar","PrimoAutoEletrica\Services\DatabaseService.AccessControl.cs","589","valorAnterior: FormatarPerfilAuditoria(perfilAnterior, permissoesAnteriores.Count),"
"Preco|Valor|Total|Custo|Desconto|Comissao|Saldo|Receber|Pagar","PrimoAutoEletrica\Services\DatabaseService.AccessControl.cs","590","valorNovo: FormatarPerfilAuditoria(perfil, permissoesAtualizadas.Count));"
"Preco|Valor|Total|Custo|Desconto|Comissao|Saldo|Receber|Pagar","PrimoAutoEletrica\Services\DatabaseService.AccessControl.cs","633","valorAnterior: FormatarPerfilAuditoria(perfil, permissoesVinculadas.Count));"
"Preco|Valor|Total|Custo|Desconto|Comissao|Saldo|Receber|Pagar","PrimoAutoEletrica\Services\DatabaseService.AccessControl.cs","646","private static string FormatarPerfilAuditoria(PerfilAcesso perfil, int totalPermissoes)"
"Preco|Valor|Total|Custo|Desconto|Comissao|Saldo|Receber|Pagar","PrimoAutoEletrica\Services\DatabaseService.AccessControl.cs","648","return $""Nome={perfil.Nome}; Descricao={perfil.Descricao}; Nivel={perfil.NivelHierarquico}; Ativo={perfil.Ativo}; PodeDeletar={perfil.PodeDeletar}; Permissoes={"
"Preco|Valor|Total|Custo|Desconto|Comissao|Saldo|Receber|Pagar","PrimoAutoEletrica\Services\DatabaseService.AccessControl.cs","765","new PermissaoSeed(""Aplicar desconto"", ""Permite aplicar desconto no PDV"", ""PDV"", ""Aprovar"", ""PDV_APLICAR_DESCONTO"", false, 26),"
"Preco|Valor|Total|Custo|Desconto|Comissao|Saldo|Receber|Pagar","PrimoAutoEletrica\Services\DatabaseService.AccessControl.cs","787","new PermissaoSeed(""Ajustar precos do estoque"", ""Permite reajustar precos diretamente no estoque"", ""Estoque"", ""AjustarPreco"", ""ESTOQUE_AJUSTAR_PRECO"", false, 46)"
"Preco|Valor|Total|Custo|Desconto|Comissao|Saldo|Receber|Pagar","PrimoAutoEletrica\Services\DatabaseService.AccessControl.cs","791","new PermissaoSeed(""Registrar sangria"", ""Permite retirar valores do caixa operacional"", ""PDV"", ""Executar"", ""CAIXA_SANGRIA"", false, 50),"
"Preco|Valor|Total|Custo|Desconto|Comissao|Saldo|Receber|Pagar","PrimoAutoEletrica\Services\DatabaseService.AccessControl.cs","792","new PermissaoSeed(""Registrar suprimento"", ""Permite adicionar valores ao caixa operacional"", ""PDV"", ""Executar"", ""CAIXA_SUPRIMENTO"", false, 51),"
"Preco|Valor|Total|Custo|Desconto|Comissao|Saldo|Receber|Pagar","PrimoAutoEletrica\Services\DatabaseService.AccessControl.cs","812","new PermissaoSeed(""Inventariar estoque"", ""Permite registrar contagem de inventario e reconciliar saldo fisico"", ""Estoque"", ""Inventariar"", ""ESTOQUE_INVENTARIAR"","
"Preco|Valor|Total|Custo|Desconto|Comissao|Saldo|Receber|Pagar","PrimoAutoEletrica\Services\DatabaseService.AccessControl.cs","869","new PerfilSeed(""Administrador"", ""Acesso total ao sistema"", ""Executivo"", false, 1, new[] { ""*"" }),"
"Preco|Valor|Total|Custo|Desconto|Comissao|Saldo|Receber|Pagar","PrimoAutoEletrica\Services\DatabaseService.Audit.cs","19","ValorAnterior TEXT,"
"Preco|Valor|Total|Custo|Desconto|Comissao|Saldo|Receber|Pagar","PrimoAutoEletrica\Services\DatabaseService.Audit.cs","20","ValorNovo TEXT,"
"Preco|Valor|Total|Custo|Desconto|Comissao|Saldo|Receber|Pagar","PrimoAutoEletrica\Services\DatabaseService.Clientes.cs","50","TotalGasto,"
"Preco|Valor|Total|Custo|Desconto|Comissao|Saldo|Receber|Pagar","PrimoAutoEletrica\Services\DatabaseService.Clientes.cs","51","TotalServicos,"
"Preco|Valor|Total|Custo|Desconto|Comissao|Saldo|Receber|Pagar","PrimoAutoEletrica\Services\DatabaseService.Clientes.cs","86","TotalGasto = reader.IsDBNull(17) ? 0 : Convert.ToDecimal(reader.GetDouble(17)),"
"Preco|Valor|Total|Custo|Desconto|Comissao|Saldo|Receber|Pagar","PrimoAutoEletrica\Services\DatabaseService.Clientes.cs","87","TotalServicos = reader.IsDBNull(18) ? 0 : reader.GetInt32(18),"
"Preco|Valor|Total|Custo|Desconto|Comissao|Saldo|Receber|Pagar","PrimoAutoEletrica\Services\DatabaseService.Clientes.cs","141","TotalGasto,"
"Preco|Valor|Total|Custo|Desconto|Comissao|Saldo|Receber|Pagar","PrimoAutoEletrica\Services\DatabaseService.Clientes.cs","142","TotalServicos,"
"Preco|Valor|Total|Custo|Desconto|Comissao|Saldo|Receber|Pagar","PrimoAutoEletrica\Services\DatabaseService.Clientes.cs","181","TotalGasto = reader.IsDBNull(17) ? 0 : Convert.ToDecimal(reader.GetDouble(17)),"
"Preco|Valor|Total|Custo|Desconto|Comissao|Saldo|Receber|Pagar","PrimoAutoEletrica\Services\DatabaseService.Clientes.cs","182","TotalServicos = reader.IsDBNull(18) ? 0 : reader.GetInt32(18),"
"Preco|Valor|Total|Custo|Desconto|Comissao|Saldo|Receber|Pagar","PrimoAutoEletrica\Services\DatabaseService.Clientes.cs","233","TotalGasto,"
"Preco|Valor|Total|Custo|Desconto|Comissao|Saldo|Receber|Pagar","PrimoAutoEletrica\Services\DatabaseService.Clientes.cs","234","TotalServicos,"
"Preco|Valor|Total|Custo|Desconto|Comissao|Saldo|Receber|Pagar","PrimoAutoEletrica\Services\DatabaseService.Clientes.cs","262","@TotalGasto,"
"Preco|Valor|Total|Custo|Desconto|Comissao|Saldo|Receber|Pagar","PrimoAutoEletrica\Services\DatabaseService.Clientes.cs","263","@TotalServicos,"
"Preco|Valor|Total|Custo|Desconto|Comissao|Saldo|Receber|Pagar","PrimoAutoEletrica\Services\DatabaseService.Clientes.cs","390","""@TotalGasto"","
"Preco|Valor|Total|Custo|Desconto|Comissao|Saldo|Receber|Pagar","PrimoAutoEletrica\Services\DatabaseService.Clientes.cs","391","cliente.TotalGasto"
"Preco|Valor|Total|Custo|Desconto|Comissao|Saldo|Receber|Pagar","PrimoAutoEletrica\Services\DatabaseService.Clientes.cs","395","""@TotalServicos"","
"Preco|Valor|Total|Custo|Desconto|Comissao|Saldo|Receber|Pagar","PrimoAutoEletrica\Services\DatabaseService.Clientes.cs","396","cliente.TotalServicos"
"Preco|Valor|Total|Custo|Desconto|Comissao|Saldo|Receber|Pagar","PrimoAutoEletrica\Services\DatabaseService.Clientes.cs","486","TotalGasto = @TotalGasto,"
"Preco|Valor|Total|Custo|Desconto|Comissao|Saldo|Receber|Pagar","PrimoAutoEletrica\Services\DatabaseService.Clientes.cs","487","TotalServicos = @TotalServicos,"
"Preco|Valor|Total|Custo|Desconto|Comissao|Saldo|Receber|Pagar","PrimoAutoEletrica\Services\DatabaseService.Clientes.cs","513","command.Parameters.AddWithValue(""@TotalGasto"", cliente.TotalGasto);"
"Preco|Valor|Total|Custo|Desconto|Comissao|Saldo|Receber|Pagar","PrimoAutoEletrica\Services\DatabaseService.Clientes.cs","514","command.Parameters.AddWithValue(""@TotalServicos"", cliente.TotalServicos);"
"Preco|Valor|Total|Custo|Desconto|Comissao|Saldo|Receber|Pagar","PrimoAutoEletrica\Services\DatabaseService.Clientes.cs","561","var valor = tipoPessoa?.Trim() ?? string.Empty;"
"Preco|Valor|Total|Custo|Desconto|Comissao|Saldo|Receber|Pagar","PrimoAutoEletrica\Services\DatabaseService.Clientes.cs","562","if (valor.Equals(""Juridica"", StringComparison.OrdinalIgnoreCase) ||"
"Preco|Valor|Total|Custo|Desconto|Comissao|Saldo|Receber|Pagar","PrimoAutoEletrica\Services\DatabaseService.Clientes.cs","563","valor.Equals(""Pessoa juridica"", StringComparison.OrdinalIgnoreCase) ||"
"Preco|Valor|Total|Custo|Desconto|Comissao|Saldo|Receber|Pagar","PrimoAutoEletrica\Services\DatabaseService.Clientes.cs","564","valor.Equals(""PJ"", StringComparison.OrdinalIgnoreCase))"
"Preco|Valor|Total|Custo|Desconto|Comissao|Saldo|Receber|Pagar","PrimoAutoEletrica\Services\DatabaseService.Clientes.cs","569","if (valor.Equals(""Fisica"", StringComparison.OrdinalIgnoreCase) ||"
"Preco|Valor|Total|Custo|Desconto|Comissao|Saldo|Receber|Pagar","PrimoAutoEletrica\Services\DatabaseService.Clientes.cs","570","valor.Equals(""Pessoa fisica"", StringComparison.OrdinalIgnoreCase) ||"
"Preco|Valor|Total|Custo|Desconto|Comissao|Saldo|Receber|Pagar","PrimoAutoEletrica\Services\DatabaseService.Clientes.cs","571","valor.Equals(""PF"", StringComparison.OrdinalIgnoreCase))"
"REAL_sql","PrimoAutoEletrica\Services\DatabaseService.cs","258","Salario REAL NOT NULL,"
"REAL_sql","PrimoAutoEletrica\Services\DatabaseService.cs","335","TotalGasto REAL NOT NULL DEFAULT 0,"
"Preco|Valor|Total|Custo|Desconto|Comissao|Saldo|Receber|Pagar","PrimoAutoEletrica\Services\DatabaseService.cs","335","TotalGasto REAL NOT NULL DEFAULT 0,"
"Preco|Valor|Total|Custo|Desconto|Comissao|Saldo|Receber|Pagar","PrimoAutoEletrica\Services\DatabaseService.cs","336","TotalServicos INTEGER NOT NULL DEFAULT 0,"
"REAL_sql","PrimoAutoEletrica\Services\DatabaseService.cs","376","PrecoCompra REAL NOT NULL DEFAULT 0,"
"Preco|Valor|Total|Custo|Desconto|Comissao|Saldo|Receber|Pagar","PrimoAutoEletrica\Services\DatabaseService.cs","376","PrecoCompra REAL NOT NULL DEFAULT 0,"
"REAL_sql","PrimoAutoEletrica\Services\DatabaseService.cs","377","PrecoVenda REAL NOT NULL DEFAULT 0,"
"Preco|Valor|Total|Custo|Desconto|Comissao|Saldo|Receber|Pagar","PrimoAutoEletrica\Services\DatabaseService.cs","377","PrecoVenda REAL NOT NULL DEFAULT 0,"
"REAL_sql","PrimoAutoEletrica\Services\DatabaseService.cs","378","MargemLucro REAL NOT NULL DEFAULT 0,"
"Preco|Valor|Total|Custo|Desconto|Comissao|Saldo|Receber|Pagar","PrimoAutoEletrica\Services\DatabaseService.cs","378","MargemLucro REAL NOT NULL DEFAULT 0,"
"REAL_sql","PrimoAutoEletrica\Services\DatabaseService.cs","379","ValorTotalEstoque REAL NOT NULL DEFAULT 0,"
"Preco|Valor|Total|Custo|Desconto|Comissao|Saldo|Receber|Pagar","PrimoAutoEletrica\Services\DatabaseService.cs","379","ValorTotalEstoque REAL NOT NULL DEFAULT 0,"
"Preco|Valor|Total|Custo|Desconto|Comissao|Saldo|Receber|Pagar","PrimoAutoEletrica\Services\DatabaseService.cs","402","TotalVendas INTEGER NOT NULL DEFAULT 0,"
"REAL_sql","PrimoAutoEletrica\Services\DatabaseService.cs","403","TotalFaturado REAL NOT NULL DEFAULT 0,"
"Preco|Valor|Total|Custo|Desconto|Comissao|Saldo|Receber|Pagar","PrimoAutoEletrica\Services\DatabaseService.cs","403","TotalFaturado REAL NOT NULL DEFAULT 0,"
"REAL_sql","PrimoAutoEletrica\Services\DatabaseService.cs","421","ValorTotal REAL NOT NULL DEFAULT 0,"
"Preco|Valor|Total|Custo|Desconto|Comissao|Saldo|Receber|Pagar","PrimoAutoEletrica\Services\DatabaseService.cs","421","ValorTotal REAL NOT NULL DEFAULT 0,"
"REAL_sql","PrimoAutoEletrica\Services\DatabaseService.cs","422","ValorProdutos REAL NOT NULL DEFAULT 0,"
"Preco|Valor|Total|Custo|Desconto|Comissao|Saldo|Receber|Pagar","PrimoAutoEletrica\Services\DatabaseService.cs","422","ValorProdutos REAL NOT NULL DEFAULT 0,"
"REAL_sql","PrimoAutoEletrica\Services\DatabaseService.cs","447","Quantidade REAL NOT NULL DEFAULT 0,"
"REAL_sql","PrimoAutoEletrica\Services\DatabaseService.cs","448","ValorUnitario REAL NOT NULL DEFAULT 0,"
"Preco|Valor|Total|Custo|Desconto|Comissao|Saldo|Receber|Pagar","PrimoAutoEletrica\Services\DatabaseService.cs","448","ValorUnitario REAL NOT NULL DEFAULT 0,"
"REAL_sql","PrimoAutoEletrica\Services\DatabaseService.cs","449","ValorTotal REAL NOT NULL DEFAULT 0,"
"Preco|Valor|Total|Custo|Desconto|Comissao|Saldo|Receber|Pagar","PrimoAutoEletrica\Services\DatabaseService.cs","449","ValorTotal REAL NOT NULL DEFAULT 0,"
"REAL_sql","PrimoAutoEletrica\Services\DatabaseService.cs","487","PedidoMinimo REAL NOT NULL DEFAULT 0,"
"REAL_sql","PrimoAutoEletrica\Services\DatabaseService.cs","495","TotalCompras REAL NOT NULL DEFAULT 0"
"Preco|Valor|Total|Custo|Desconto|Comissao|Saldo|Receber|Pagar","PrimoAutoEletrica\Services\DatabaseService.cs","495","TotalCompras REAL NOT NULL DEFAULT 0"
"REAL_sql","PrimoAutoEletrica\Services\DatabaseService.cs","528","PrecoUltimaCompra REAL NOT NULL DEFAULT 0,"
"Preco|Valor|Total|Custo|Desconto|Comissao|Saldo|Receber|Pagar","PrimoAutoEletrica\Services\DatabaseService.cs","528","PrecoUltimaCompra REAL NOT NULL DEFAULT 0,"
"REAL_sql","PrimoAutoEletrica\Services\DatabaseService.cs","529","QuantidadeUltimaCompra REAL NOT NULL DEFAULT 0,"
"REAL_sql","PrimoAutoEletrica\Services\DatabaseService.cs","532","ValorCompras REAL NOT NULL DEFAULT 0,"
"Preco|Valor|Total|Custo|Desconto|Comissao|Saldo|Receber|Pagar","PrimoAutoEletrica\Services\DatabaseService.cs","532","ValorCompras REAL NOT NULL DEFAULT 0,"
"REAL_sql","PrimoAutoEletrica\Services\DatabaseService.cs","562","Total REAL NOT NULL,"
"Preco|Valor|Total|Custo|Desconto|Comissao|Saldo|Receber|Pagar","PrimoAutoEletrica\Services\DatabaseService.cs","562","Total REAL NOT NULL,"
"REAL_sql","PrimoAutoEletrica\Services\DatabaseService.cs","564","Desconto REAL NOT NULL DEFAULT 0,"
"Preco|Valor|Total|Custo|Desconto|Comissao|Saldo|Receber|Pagar","PrimoAutoEletrica\Services\DatabaseService.cs","564","Desconto REAL NOT NULL DEFAULT 0,"
"REAL_sql","PrimoAutoEletrica\Services\DatabaseService.cs","582","PrecoUnitario REAL NOT NULL,"
"Preco|Valor|Total|Custo|Desconto|Comissao|Saldo|Receber|Pagar","PrimoAutoEletrica\Services\DatabaseService.cs","582","PrecoUnitario REAL NOT NULL,"
"REAL_sql","PrimoAutoEletrica\Services\DatabaseService.cs","583","CustoUnitario REAL NOT NULL DEFAULT 0,"
"Preco|Valor|Total|Custo|Desconto|Comissao|Saldo|Receber|Pagar","PrimoAutoEletrica\Services\DatabaseService.cs","583","CustoUnitario REAL NOT NULL DEFAULT 0,"
"REAL_sql","PrimoAutoEletrica\Services\DatabaseService.cs","584","Desconto REAL NOT NULL DEFAULT 0,"
"Preco|Valor|Total|Custo|Desconto|Comissao|Saldo|Receber|Pagar","PrimoAutoEletrica\Services\DatabaseService.cs","584","Desconto REAL NOT NULL DEFAULT 0,"
"REAL_sql","PrimoAutoEletrica\Services\DatabaseService.cs","585","Subtotal REAL NOT NULL,"
"Preco|Valor|Total|Custo|Desconto|Comissao|Saldo|Receber|Pagar","PrimoAutoEletrica\Services\DatabaseService.cs","585","Subtotal REAL NOT NULL,"
"Preco|Valor|Total|Custo|Desconto|Comissao|Saldo|Receber|Pagar","PrimoAutoEletrica\Services\DatabaseService.cs","665","int total = Convert.ToInt32("
"Preco|Valor|Total|Custo|Desconto|Comissao|Saldo|Receber|Pagar","PrimoAutoEletrica\Services\DatabaseService.cs","669","if (total > 0)"
"Preco|Valor|Total|Custo|Desconto|Comissao|Saldo|Receber|Pagar","PrimoAutoEletrica\Services\DatabaseService.Migrations.cs","17","ApplyMigration(connection, ""202605210005"", ""Detalhamento de auditoria com valores e correlacao"", ExpandirAuditoria);"
"REAL_sql","PrimoAutoEletrica\Services\DatabaseService.Migrations.cs","21","ApplyMigration(connection, ""202605240002"", ""Operacao real de caixa e ciclo de venda profissional"", CriarEstruturaCaixaEVendaProfissional);"
"Preco|Valor|Total|Custo|Desconto|Comissao|Saldo|Receber|Pagar","PrimoAutoEletrica\Services\DatabaseService.Migrations.cs","34","ApplyMigration(connection, ""202606110003"", ""Orcamentos com veiculo, diagnostico e desconto percentual"", ExpandirOrcamentosVeiculoDiagnosticoDesconto);"
"Preco|Valor|Total|Custo|Desconto|Comissao|Saldo|Receber|Pagar","PrimoAutoEletrica\Services\DatabaseService.Migrations.cs","325","TotalLidos INTEGER NOT NULL DEFAULT 0,"
"Preco|Valor|Total|Custo|Desconto|Comissao|Saldo|Receber|Pagar","PrimoAutoEletrica\Services\DatabaseService.Migrations.cs","326","TotalImportados INTEGER NOT NULL DEFAULT 0,"
"Preco|Valor|Total|Custo|Desconto|Comissao|Saldo|Receber|Pagar","PrimoAutoEletrica\Services\DatabaseService.Migrations.cs","327","TotalDuplicados INTEGER NOT NULL DEFAULT 0,"
"Preco|Valor|Total|Custo|Desconto|Comissao|Saldo|Receber|Pagar","PrimoAutoEletrica\Services\DatabaseService.Migrations.cs","328","TotalComErro INTEGER NOT NULL DEFAULT 0,"
"REAL_sql","PrimoAutoEletrica\Services\DatabaseService.Migrations.cs","368","PrecoUltimaCompra REAL NOT NULL DEFAULT 0,"
"Preco|Valor|Total|Custo|Desconto|Comissao|Saldo|Receber|Pagar","PrimoAutoEletrica\Services\DatabaseService.Migrations.cs","368","PrecoUltimaCompra REAL NOT NULL DEFAULT 0,"
"REAL_sql","PrimoAutoEletrica\Services\DatabaseService.Migrations.cs","369","QuantidadeUltimaCompra REAL NOT NULL DEFAULT 0,"
"REAL_sql","PrimoAutoEletrica\Services\DatabaseService.Migrations.cs","372","ValorCompras REAL NOT NULL DEFAULT 0,"
"Preco|Valor|Total|Custo|Desconto|Comissao|Saldo|Receber|Pagar","PrimoAutoEletrica\Services\DatabaseService.Migrations.cs","372","ValorCompras REAL NOT NULL DEFAULT 0,"
"Preco|Valor|Total|Custo|Desconto|Comissao|Saldo|Receber|Pagar","PrimoAutoEletrica\Services\DatabaseService.Migrations.cs","430","EnsureMigrationColumn(connection, transaction, ""AuditLogs"", ""ValorAnterior"", ""ALTER TABLE AuditLogs ADD COLUMN ValorAnterior TEXT;"");"
"Preco|Valor|Total|Custo|Desconto|Comissao|Saldo|Receber|Pagar","PrimoAutoEletrica\Services\DatabaseService.Migrations.cs","431","EnsureMigrationColumn(connection, transaction, ""AuditLogs"", ""ValorNovo"", ""ALTER TABLE AuditLogs ADD COLUMN ValorNovo TEXT;"");"
"Preco|Valor|Total|Custo|Desconto|Comissao|Saldo|Receber|Pagar","PrimoAutoEletrica\Services\DatabaseService.Migrations.cs","488","Valor TEXT NOT NULL,"
"REAL_sql","PrimoAutoEletrica\Services\DatabaseService.Migrations.cs","508","ValorAbertura REAL NOT NULL DEFAULT 0,"
"Preco|Valor|Total|Custo|Desconto|Comissao|Saldo|Receber|Pagar","PrimoAutoEletrica\Services\DatabaseService.Migrations.cs","508","ValorAbertura REAL NOT NULL DEFAULT 0,"
"REAL_sql","PrimoAutoEletrica\Services\DatabaseService.Migrations.cs","509","ValorEsperado REAL NOT NULL DEFAULT 0,"
"Preco|Valor|Total|Custo|Desconto|Comissao|Saldo|Receber|Pagar","PrimoAutoEletrica\Services\DatabaseService.Migrations.cs","509","ValorEsperado REAL NOT NULL DEFAULT 0,"
"REAL_sql","PrimoAutoEletrica\Services\DatabaseService.Migrations.cs","510","ValorInformadoFechamento REAL,"
"Preco|Valor|Total|Custo|Desconto|Comissao|Saldo|Receber|Pagar","PrimoAutoEletrica\Services\DatabaseService.Migrations.cs","510","ValorInformadoFechamento REAL,"
"REAL_sql","PrimoAutoEletrica\Services\DatabaseService.Migrations.cs","511","TotalVendas REAL NOT NULL DEFAULT 0,"
"Preco|Valor|Total|Custo|Desconto|Comissao|Saldo|Receber|Pagar","PrimoAutoEletrica\Services\DatabaseService.Migrations.cs","511","TotalVendas REAL NOT NULL DEFAULT 0,"
"REAL_sql","PrimoAutoEletrica\Services\DatabaseService.Migrations.cs","512","TotalSangrias REAL NOT NULL DEFAULT 0,"
"Preco|Valor|Total|Custo|Desconto|Comissao|Saldo|Receber|Pagar","PrimoAutoEletrica\Services\DatabaseService.Migrations.cs","512","TotalSangrias REAL NOT NULL DEFAULT 0,"
"REAL_sql","PrimoAutoEletrica\Services\DatabaseService.Migrations.cs","513","TotalSuprimentos REAL NOT NULL DEFAULT 0,"
"Preco|Valor|Total|Custo|Desconto|Comissao|Saldo|Receber|Pagar","PrimoAutoEletrica\Services\DatabaseService.Migrations.cs","513","TotalSuprimentos REAL NOT NULL DEFAULT 0,"
"REAL_sql","PrimoAutoEletrica\Services\DatabaseService.Migrations.cs","528","ValorMovimento REAL NOT NULL DEFAULT 0,"
"Preco|Valor|Total|Custo|Desconto|Comissao|Saldo|Receber|Pagar","PrimoAutoEletrica\Services\DatabaseService.Migrations.cs","528","ValorMovimento REAL NOT NULL DEFAULT 0,"
"REAL_sql","PrimoAutoEletrica\Services\DatabaseService.Migrations.cs","529","ValorInicial REAL NOT NULL DEFAULT 0,"
"Preco|Valor|Total|Custo|Desconto|Comissao|Saldo|Receber|Pagar","PrimoAutoEletrica\Services\DatabaseService.Migrations.cs","529","ValorInicial REAL NOT NULL DEFAULT 0,"
"REAL_sql","PrimoAutoEletrica\Services\DatabaseService.Migrations.cs","530","ValorFinal REAL NOT NULL DEFAULT 0,"
"Preco|Valor|Total|Custo|Desconto|Comissao|Saldo|Receber|Pagar","PrimoAutoEletrica\Services\DatabaseService.Migrations.cs","530","ValorFinal REAL NOT NULL DEFAULT 0,"
"REAL_sql","PrimoAutoEletrica\Services\DatabaseService.Migrations.cs","531","Sangrias REAL NOT NULL DEFAULT 0,"
"REAL_sql","PrimoAutoEletrica\Services\DatabaseService.Migrations.cs","532","Suprimentos REAL NOT NULL DEFAULT 0,"
"REAL_sql","PrimoAutoEletrica\Services\DatabaseService.Migrations.cs","533","Diferenca REAL NOT NULL DEFAULT 0,"
"REAL_sql","PrimoAutoEletrica\Services\DatabaseService.Migrations.cs","720","EnsureMigrationColumnIfTableExists(connection, transaction, ""ImportacoesItens"", ""MargemAplicada"", ""ALTER TABLE ImportacoesItens ADD COLUMN MargemAplicada REAL N"
"Preco|Valor|Total|Custo|Desconto|Comissao|Saldo|Receber|Pagar","PrimoAutoEletrica\Services\DatabaseService.Migrations.cs","720","EnsureMigrationColumnIfTableExists(connection, transaction, ""ImportacoesItens"", ""MargemAplicada"", ""ALTER TABLE ImportacoesItens ADD COLUMN MargemAplicada REAL N"
"REAL_sql","PrimoAutoEletrica\Services\DatabaseService.Migrations.cs","721","EnsureMigrationColumnIfTableExists(connection, transaction, ""ImportacoesItens"", ""PrecoVendaSugerido"", ""ALTER TABLE ImportacoesItens ADD COLUMN PrecoVendaSugerid"
"Preco|Valor|Total|Custo|Desconto|Comissao|Saldo|Receber|Pagar","PrimoAutoEletrica\Services\DatabaseService.Migrations.cs","721","EnsureMigrationColumnIfTableExists(connection, transaction, ""ImportacoesItens"", ""PrecoVendaSugerido"", ""ALTER TABLE ImportacoesItens ADD COLUMN PrecoVendaSugerid"
"REAL_sql","PrimoAutoEletrica\Services\DatabaseService.Migrations.cs","829","EnsureMigrationColumn(connection, transaction, ""VendaItens"", ""CustoUnitario"", ""ALTER TABLE VendaItens ADD COLUMN CustoUnitario REAL NOT NULL DEFAULT 0;"");"
"Preco|Valor|Total|Custo|Desconto|Comissao|Saldo|Receber|Pagar","PrimoAutoEletrica\Services\DatabaseService.Migrations.cs","829","EnsureMigrationColumn(connection, transaction, ""VendaItens"", ""CustoUnitario"", ""ALTER TABLE VendaItens ADD COLUMN CustoUnitario REAL NOT NULL DEFAULT 0;"");"
"REAL_sql","PrimoAutoEletrica\Services\DatabaseService.Migrations.cs","842","PrecoUnitario REAL NOT NULL,"
"Preco|Valor|Total|Custo|Desconto|Comissao|Saldo|Receber|Pagar","PrimoAutoEletrica\Services\DatabaseService.Migrations.cs","842","PrecoUnitario REAL NOT NULL,"
"REAL_sql","PrimoAutoEletrica\Services\DatabaseService.Migrations.cs","843","CustoUnitario REAL NOT NULL DEFAULT 0,"
"Preco|Valor|Total|Custo|Desconto|Comissao|Saldo|Receber|Pagar","PrimoAutoEletrica\Services\DatabaseService.Migrations.cs","843","CustoUnitario REAL NOT NULL DEFAULT 0,"
"REAL_sql","PrimoAutoEletrica\Services\DatabaseService.Migrations.cs","844","Desconto REAL NOT NULL DEFAULT 0,"
"Preco|Valor|Total|Custo|Desconto|Comissao|Saldo|Receber|Pagar","PrimoAutoEletrica\Services\DatabaseService.Migrations.cs","844","Desconto REAL NOT NULL DEFAULT 0,"
"REAL_sql","PrimoAutoEletrica\Services\DatabaseService.Migrations.cs","845","Subtotal REAL NOT NULL,"
"Preco|Valor|Total|Custo|Desconto|Comissao|Saldo|Receber|Pagar","PrimoAutoEletrica\Services\DatabaseService.Migrations.cs","845","Subtotal REAL NOT NULL,"
"Preco|Valor|Total|Custo|Desconto|Comissao|Saldo|Receber|Pagar","PrimoAutoEletrica\Services\DatabaseService.Migrations.cs","859","PrecoUnitario,"
"Preco|Valor|Total|Custo|Desconto|Comissao|Saldo|Receber|Pagar","PrimoAutoEletrica\Services\DatabaseService.Migrations.cs","860","CustoUnitario,"
"Preco|Valor|Total|Custo|Desconto|Comissao|Saldo|Receber|Pagar","PrimoAutoEletrica\Services\DatabaseService.Migrations.cs","861","Desconto,"
"Preco|Valor|Total|Custo|Desconto|Comissao|Saldo|Receber|Pagar","PrimoAutoEletrica\Services\DatabaseService.Migrations.cs","862","Subtotal"
"Preco|Valor|Total|Custo|Desconto|Comissao|Saldo|Receber|Pagar","PrimoAutoEletrica\Services\DatabaseService.Migrations.cs","878","PrecoUnitario,"
"Preco|Valor|Total|Custo|Desconto|Comissao|Saldo|Receber|Pagar","PrimoAutoEletrica\Services\DatabaseService.Migrations.cs","879","COALESCE(CustoUnitario, 0),"
"Preco|Valor|Total|Custo|Desconto|Comissao|Saldo|Receber|Pagar","PrimoAutoEletrica\Services\DatabaseService.Migrations.cs","880","Desconto,"
"Preco|Valor|Total|Custo|Desconto|Comissao|Saldo|Receber|Pagar","PrimoAutoEletrica\Services\DatabaseService.Migrations.cs","881","Subtotal"
"Preco|Valor|Total|Custo|Desconto|Comissao|Saldo|Receber|Pagar","PrimoAutoEletrica\Services\DatabaseService.Migrations.cs","1043","EnsureMigrationColumn(connection, transaction, ""Orcamentos"", ""DescontoTipo"", ""ALTER TABLE Orcamentos ADD COLUMN DescontoTipo TEXT NOT NULL DEFAULT 'Valor';"");"
"REAL_sql","PrimoAutoEletrica\Services\DatabaseService.Migrations.cs","1044","EnsureMigrationColumn(connection, transaction, ""Orcamentos"", ""DescontoPercentual"", ""ALTER TABLE Orcamentos ADD COLUMN DescontoPercentual REAL NOT NULL DEFAULT 0"
"Preco|Valor|Total|Custo|Desconto|Comissao|Saldo|Receber|Pagar","PrimoAutoEletrica\Services\DatabaseService.Migrations.cs","1044","EnsureMigrationColumn(connection, transaction, ""Orcamentos"", ""DescontoPercentual"", ""ALTER TABLE Orcamentos ADD COLUMN DescontoPercentual REAL NOT NULL DEFAULT 0"
"REAL_sql","PrimoAutoEletrica\Services\DatabaseService.OrdensServico.cs","183","ValorMaoObra REAL NOT NULL DEFAULT 0,"
"Preco|Valor|Total|Custo|Desconto|Comissao|Saldo|Receber|Pagar","PrimoAutoEletrica\Services\DatabaseService.OrdensServico.cs","183","ValorMaoObra REAL NOT NULL DEFAULT 0,"
"REAL_sql","PrimoAutoEletrica\Services\DatabaseService.OrdensServico.cs","184","Desconto REAL NOT NULL DEFAULT 0,"
"Preco|Valor|Total|Custo|Desconto|Comissao|Saldo|Receber|Pagar","PrimoAutoEletrica\Services\DatabaseService.OrdensServico.cs","184","Desconto REAL NOT NULL DEFAULT 0,"
"REAL_sql","PrimoAutoEletrica\Services\DatabaseService.OrdensServico.cs","215","Quantidade REAL NOT NULL DEFAULT 1,"
"REAL_sql","PrimoAutoEletrica\Services\DatabaseService.OrdensServico.cs","216","ValorUnitario REAL NOT NULL DEFAULT 0,"
"Preco|Valor|Total|Custo|Desconto|Comissao|Saldo|Receber|Pagar","PrimoAutoEletrica\Services\DatabaseService.OrdensServico.cs","216","ValorUnitario REAL NOT NULL DEFAULT 0,"
"REAL_sql","PrimoAutoEletrica\Services\DatabaseService.OrdensServico.cs","217","CustoUnitario REAL NOT NULL DEFAULT 0,"
"Preco|Valor|Total|Custo|Desconto|Comissao|Saldo|Receber|Pagar","PrimoAutoEletrica\Services\DatabaseService.OrdensServico.cs","217","CustoUnitario REAL NOT NULL DEFAULT 0,"
"Preco|Valor|Total|Custo|Desconto|Comissao|Saldo|Receber|Pagar","PrimoAutoEletrica\Services\DatabaseService.OrdensServico.cs","997","ValorMaoObra,"
"Preco|Valor|Total|Custo|Desconto|Comissao|Saldo|Receber|Pagar","PrimoAutoEletrica\Services\DatabaseService.OrdensServico.cs","998","Desconto,"
"Preco|Valor|Total|Custo|Desconto|Comissao|Saldo|Receber|Pagar","PrimoAutoEletrica\Services\DatabaseService.OrdensServico.cs","1076","ValorUnitario,"
"Preco|Valor|Total|Custo|Desconto|Comissao|Saldo|Receber|Pagar","PrimoAutoEletrica\Services\DatabaseService.OrdensServico.cs","1077","CustoUnitario,"
"Preco|Valor|Total|Custo|Desconto|Comissao|Saldo|Receber|Pagar","PrimoAutoEletrica\Services\DatabaseService.OrdensServico.cs","1097","ValorUnitario = ReadDecimal(reader, 6),"
"Preco|Valor|Total|Custo|Desconto|Comissao|Saldo|Receber|Pagar","PrimoAutoEletrica\Services\DatabaseService.OrdensServico.cs","1098","CustoUnitario = ReadDecimal(reader, 7),"
"Preco|Valor|Total|Custo|Desconto|Comissao|Saldo|Receber|Pagar","PrimoAutoEletrica\Services\DatabaseService.OrdensServico.cs","1164","Valor = CalcularTotalOrdem(ordem),"
"Preco|Valor|Total|Custo|Desconto|Comissao|Saldo|Receber|Pagar","PrimoAutoEletrica\Services\DatabaseService.OrdensServico.cs","1214","ValorMaoObra,"
"Preco|Valor|Total|Custo|Desconto|Comissao|Saldo|Receber|Pagar","PrimoAutoEletrica\Services\DatabaseService.OrdensServico.cs","1215","Desconto,"
"Preco|Valor|Total|Custo|Desconto|Comissao|Saldo|Receber|Pagar","PrimoAutoEletrica\Services\DatabaseService.OrdensServico.cs","1267","ValorMaoObra = ReadDecimal(reader, 25),"
"Preco|Valor|Total|Custo|Desconto|Comissao|Saldo|Receber|Pagar","PrimoAutoEletrica\Services\DatabaseService.OrdensServico.cs","1268","Desconto = ReadDecimal(reader, 26),"
"Preco|Valor|Total|Custo|Desconto|Comissao|Saldo|Receber|Pagar","PrimoAutoEletrica\Services\DatabaseService.OrdensServico.cs","1290","ValorUnitario,"
"Preco|Valor|Total|Custo|Desconto|Comissao|Saldo|Receber|Pagar","PrimoAutoEletrica\Services\DatabaseService.OrdensServico.cs","1291","CustoUnitario,"
"Preco|Valor|Total|Custo|Desconto|Comissao|Saldo|Receber|Pagar","PrimoAutoEletrica\Services\DatabaseService.OrdensServico.cs","1312","ValorUnitario = ReadDecimal(reader, 6),"
"Preco|Valor|Total|Custo|Desconto|Comissao|Saldo|Receber|Pagar","PrimoAutoEletrica\Services\DatabaseService.OrdensServico.cs","1313","CustoUnitario = ReadDecimal(reader, 7),"
"Preco|Valor|Total|Custo|Desconto|Comissao|Saldo|Receber|Pagar","PrimoAutoEletrica\Services\DatabaseService.OrdensServico.cs","1408","ValorMaoObra,"
"Preco|Valor|Total|Custo|Desconto|Comissao|Saldo|Receber|Pagar","PrimoAutoEletrica\Services\DatabaseService.OrdensServico.cs","1409","Desconto,"
"Preco|Valor|Total|Custo|Desconto|Comissao|Saldo|Receber|Pagar","PrimoAutoEletrica\Services\DatabaseService.OrdensServico.cs","1439","@ValorMaoObra,"
"Preco|Valor|Total|Custo|Desconto|Comissao|Saldo|Receber|Pagar","PrimoAutoEletrica\Services\DatabaseService.OrdensServico.cs","1440","@Desconto,"
"Preco|Valor|Total|Custo|Desconto|Comissao|Saldo|Receber|Pagar","PrimoAutoEletrica\Services\DatabaseService.OrdensServico.cs","1470","ValorMaoObra = @ValorMaoObra,"
"Preco|Valor|Total|Custo|Desconto|Comissao|Saldo|Receber|Pagar","PrimoAutoEletrica\Services\DatabaseService.OrdensServico.cs","1471","Desconto = @Desconto,"
"Preco|Valor|Total|Custo|Desconto|Comissao|Saldo|Receber|Pagar","PrimoAutoEletrica\Services\DatabaseService.OrdensServico.cs","1500","command.Parameters.AddWithValue(""@ValorMaoObra"", ordem.ValorMaoObra);"
"Preco|Valor|Total|Custo|Desconto|Comissao|Saldo|Receber|Pagar","PrimoAutoEletrica\Services\DatabaseService.OrdensServico.cs","1501","command.Parameters.AddWithValue(""@Desconto"", ordem.Desconto);"
"Preco|Valor|Total|Custo|Desconto|Comissao|Saldo|Receber|Pagar","PrimoAutoEletrica\Services\DatabaseService.OrdensServico.cs","1546","item.ValorUnitario = Math.Max(0, item.ValorUnitario);"
"Preco|Valor|Total|Custo|Desconto|Comissao|Saldo|Receber|Pagar","PrimoAutoEletrica\Services\DatabaseService.OrdensServico.cs","1547","item.CustoUnitario = Math.Max(0, item.CustoUnitario);"
"Preco|Valor|Total|Custo|Desconto|Comissao|Saldo|Receber|Pagar","PrimoAutoEletrica\Services\DatabaseService.OrdensServico.cs","1550","ordem.ValorMaoObra = ordem.Itens"
"Preco|Valor|Total|Custo|Desconto|Comissao|Saldo|Receber|Pagar","PrimoAutoEletrica\Services\DatabaseService.OrdensServico.cs","1552",".Sum(i => i.Total);"
"Preco|Valor|Total|Custo|Desconto|Comissao|Saldo|Receber|Pagar","PrimoAutoEletrica\Services\DatabaseService.OrdensServico.cs","1554","ordem.Desconto = Math.Max(0, ordem.Desconto);"
"Preco|Valor|Total|Custo|Desconto|Comissao|Saldo|Receber|Pagar","PrimoAutoEletrica\Services\DatabaseService.OrdensServico.cs","1646","ValorUnitario,"
"Preco|Valor|Total|Custo|Desconto|Comissao|Saldo|Receber|Pagar","PrimoAutoEletrica\Services\DatabaseService.OrdensServico.cs","1647","CustoUnitario,"
"Preco|Valor|Total|Custo|Desconto|Comissao|Saldo|Receber|Pagar","PrimoAutoEletrica\Services\DatabaseService.OrdensServico.cs","1660","@ValorUnitario,"
"Preco|Valor|Total|Custo|Desconto|Comissao|Saldo|Receber|Pagar","PrimoAutoEletrica\Services\DatabaseService.OrdensServico.cs","1661","@CustoUnitario,"
"Preco|Valor|Total|Custo|Desconto|Comissao|Saldo|Receber|Pagar","PrimoAutoEletrica\Services\DatabaseService.OrdensServico.cs","1672","ValorUnitario = excluded.ValorUnitario,"
"Preco|Valor|Total|Custo|Desconto|Comissao|Saldo|Receber|Pagar","PrimoAutoEletrica\Services\DatabaseService.OrdensServico.cs","1673","CustoUnitario = excluded.CustoUnitario,"
"Preco|Valor|Total|Custo|Desconto|Comissao|Saldo|Receber|Pagar","PrimoAutoEletrica\Services\DatabaseService.OrdensServico.cs","1685","command.Parameters.AddWithValue(""@ValorUnitario"", item.ValorUnitario);"
"Preco|Valor|Total|Custo|Desconto|Comissao|Saldo|Receber|Pagar","PrimoAutoEletrica\Services\DatabaseService.OrdensServico.cs","1686","command.Parameters.AddWithValue(""@CustoUnitario"", item.CustoUnitario);"
"Preco|Valor|Total|Custo|Desconto|Comissao|Saldo|Receber|Pagar","PrimoAutoEletrica\Services\DatabaseService.OrdensServico.cs","1800","ValorTotalEstoque = (QuantidadeEstoque - @Quantidade) * PrecoCompra,"
"Preco|Valor|Total|Custo|Desconto|Comissao|Saldo|Receber|Pagar","PrimoAutoEletrica\Services\DatabaseService.OrdensServico.cs","1842","ValorTotalEstoque = (QuantidadeEstoque + @Quantidade) * PrecoCompra,"
"decimal","PrimoAutoEletrica\Services\DatabaseService.OrdensServico.cs","1858","decimal totalGasto = 0;"
"Preco|Valor|Total|Custo|Desconto|Comissao|Saldo|Receber|Pagar","PrimoAutoEletrica\Services\DatabaseService.OrdensServico.cs","1858","decimal totalGasto = 0;"
"Preco|Valor|Total|Custo|Desconto|Comissao|Saldo|Receber|Pagar","PrimoAutoEletrica\Services\DatabaseService.OrdensServico.cs","1859","var totalServicos = 0;"
"Preco|Valor|Total|Custo|Desconto|Comissao|Saldo|Receber|Pagar","PrimoAutoEletrica\Services\DatabaseService.OrdensServico.cs","1870","SELECT SUM(Quantidade * ValorUnitario)"
"Preco|Valor|Total|Custo|Desconto|Comissao|Saldo|Receber|Pagar","PrimoAutoEletrica\Services\DatabaseService.OrdensServico.cs","1875",") - COALESCE(os.Desconto, 0)"
"Preco|Valor|Total|Custo|Desconto|Comissao|Saldo|Receber|Pagar","PrimoAutoEletrica\Services\DatabaseService.OrdensServico.cs","1876","), 0) AS TotalGasto,"
"Preco|Valor|Total|Custo|Desconto|Comissao|Saldo|Receber|Pagar","PrimoAutoEletrica\Services\DatabaseService.OrdensServico.cs","1877","COUNT(*) AS TotalServicos,"
"Preco|Valor|Total|Custo|Desconto|Comissao|Saldo|Receber|Pagar","PrimoAutoEletrica\Services\DatabaseService.OrdensServico.cs","1889","totalGasto = ReadDecimal(reader, 0);"
"Preco|Valor|Total|Custo|Desconto|Comissao|Saldo|Receber|Pagar","PrimoAutoEletrica\Services\DatabaseService.OrdensServico.cs","1890","totalServicos = ReadInt32(reader, 1);"
"Preco|Valor|Total|Custo|Desconto|Comissao|Saldo|Receber|Pagar","PrimoAutoEletrica\Services\DatabaseService.OrdensServico.cs","1900","TotalGasto = @TotalGasto,"
"Preco|Valor|Total|Custo|Desconto|Comissao|Saldo|Receber|Pagar","PrimoAutoEletrica\Services\DatabaseService.OrdensServico.cs","1901","TotalServicos = @TotalServicos,"
"Preco|Valor|Total|Custo|Desconto|Comissao|Saldo|Receber|Pagar","PrimoAutoEletrica\Services\DatabaseService.OrdensServico.cs","1906","updateCommand.Parameters.AddWithValue(""@TotalGasto"", totalGasto);"
"Preco|Valor|Total|Custo|Desconto|Comissao|Saldo|Receber|Pagar","PrimoAutoEletrica\Services\DatabaseService.OrdensServico.cs","1907","updateCommand.Parameters.AddWithValue(""@TotalServicos"", totalServicos);"
"Preco|Valor|Total|Custo|Desconto|Comissao|Saldo|Receber|Pagar","PrimoAutoEletrica\Services\DatabaseService.OrdensServico.cs","1908","updateCommand.Parameters.AddWithValue(""@PontosFidelidade"", Math.Max(0, (int)Math.Floor(totalGasto / 10m)));"
"decimal","PrimoAutoEletrica\Services\DatabaseService.OrdensServico.cs","1939","if (decimal.Truncate(item.Quantidade) != item.Quantidade)"
"decimal","PrimoAutoEletrica\Services\DatabaseService.OrdensServico.cs","1945","return decimal.ToInt32(item.Quantidade);"
"decimal","PrimoAutoEletrica\Services\DatabaseService.OrdensServico.cs","1948","private static decimal CalcularTotalOrdem(OrdemServico ordem)"
"Preco|Valor|Total|Custo|Desconto|Comissao|Saldo|Receber|Pagar","PrimoAutoEletrica\Services\DatabaseService.OrdensServico.cs","1950","var totalItens = ordem.Itens.Sum(i => i.Total);"
"Preco|Valor|Total|Custo|Desconto|Comissao|Saldo|Receber|Pagar","PrimoAutoEletrica\Services\DatabaseService.OrdensServico.cs","1951","return Math.Max(0, totalItens - ordem.Desconto);"
"decimal","PrimoAutoEletrica\Services\DatabaseService.OrdensServico.cs","1989","private static decimal ReadDecimal(DbDataReader reader, int index)"
"Preco|Valor|Total|Custo|Desconto|Comissao|Saldo|Receber|Pagar","PrimoAutoEletrica\Services\DatabaseService.Produtos.cs","50","PrecoCompra,"
"Preco|Valor|Total|Custo|Desconto|Comissao|Saldo|Receber|Pagar","PrimoAutoEletrica\Services\DatabaseService.Produtos.cs","51","PrecoVenda,"
"Preco|Valor|Total|Custo|Desconto|Comissao|Saldo|Receber|Pagar","PrimoAutoEletrica\Services\DatabaseService.Produtos.cs","52","MargemLucro,"
"Preco|Valor|Total|Custo|Desconto|Comissao|Saldo|Receber|Pagar","PrimoAutoEletrica\Services\DatabaseService.Produtos.cs","53","ValorTotalEstoque,"
"Preco|Valor|Total|Custo|Desconto|Comissao|Saldo|Receber|Pagar","PrimoAutoEletrica\Services\DatabaseService.Produtos.cs","76","TotalVendas,"
"Preco|Valor|Total|Custo|Desconto|Comissao|Saldo|Receber|Pagar","PrimoAutoEletrica\Services\DatabaseService.Produtos.cs","77","TotalFaturado,"
"Preco|Valor|Total|Custo|Desconto|Comissao|Saldo|Receber|Pagar","PrimoAutoEletrica\Services\DatabaseService.Produtos.cs","160","PrecoCompra = reader.IsDBNull(17)"
"Preco|Valor|Total|Custo|Desconto|Comissao|Saldo|Receber|Pagar","PrimoAutoEletrica\Services\DatabaseService.Produtos.cs","164","PrecoVenda = reader.IsDBNull(18)"
"Preco|Valor|Total|Custo|Desconto|Comissao|Saldo|Receber|Pagar","PrimoAutoEletrica\Services\DatabaseService.Produtos.cs","168","MargemLucro = reader.IsDBNull(19)"
"Preco|Valor|Total|Custo|Desconto|Comissao|Saldo|Receber|Pagar","PrimoAutoEletrica\Services\DatabaseService.Produtos.cs","172","ValorTotalEstoque = reader.IsDBNull(20)"
"Preco|Valor|Total|Custo|Desconto|Comissao|Saldo|Receber|Pagar","PrimoAutoEletrica\Services\DatabaseService.Produtos.cs","262","TotalVendas = reader.IsDBNull(43)"
"Preco|Valor|Total|Custo|Desconto|Comissao|Saldo|Receber|Pagar","PrimoAutoEletrica\Services\DatabaseService.Produtos.cs","266","TotalFaturado = reader.IsDBNull(44)"
"Preco|Valor|Total|Custo|Desconto|Comissao|Saldo|Receber|Pagar","PrimoAutoEletrica\Services\DatabaseService.Produtos.cs","322","PrecoCompra,"
"Preco|Valor|Total|Custo|Desconto|Comissao|Saldo|Receber|Pagar","PrimoAutoEletrica\Services\DatabaseService.Produtos.cs","323","PrecoVenda,"
"Preco|Valor|Total|Custo|Desconto|Comissao|Saldo|Receber|Pagar","PrimoAutoEletrica\Services\DatabaseService.Produtos.cs","324","MargemLucro,"
"Preco|Valor|Total|Custo|Desconto|Comissao|Saldo|Receber|Pagar","PrimoAutoEletrica\Services\DatabaseService.Produtos.cs","325","ValorTotalEstoque,"
"Preco|Valor|Total|Custo|Desconto|Comissao|Saldo|Receber|Pagar","PrimoAutoEletrica\Services\DatabaseService.Produtos.cs","348","TotalVendas,"
"Preco|Valor|Total|Custo|Desconto|Comissao|Saldo|Receber|Pagar","PrimoAutoEletrica\Services\DatabaseService.Produtos.cs","349","TotalFaturado,"
"Preco|Valor|Total|Custo|Desconto|Comissao|Saldo|Receber|Pagar","PrimoAutoEletrica\Services\DatabaseService.Produtos.cs","383","PrecoCompra = reader.IsDBNull(17) ? 0 : Convert.ToDecimal(reader.GetDouble(17)),"
"Preco|Valor|Total|Custo|Desconto|Comissao|Saldo|Receber|Pagar","PrimoAutoEletrica\Services\DatabaseService.Produtos.cs","384","PrecoVenda = reader.IsDBNull(18) ? 0 : Convert.ToDecimal(reader.GetDouble(18)),"
"Preco|Valor|Total|Custo|Desconto|Comissao|Saldo|Receber|Pagar","PrimoAutoEletrica\Services\DatabaseService.Produtos.cs","385","MargemLucro = reader.IsDBNull(19) ? 0 : Convert.ToDecimal(reader.GetDouble(19)),"
"Preco|Valor|Total|Custo|Desconto|Comissao|Saldo|Receber|Pagar","PrimoAutoEletrica\Services\DatabaseService.Produtos.cs","386","ValorTotalEstoque = reader.IsDBNull(20) ? 0 : Convert.ToDecimal(reader.GetDouble(20)),"
"Preco|Valor|Total|Custo|Desconto|Comissao|Saldo|Receber|Pagar","PrimoAutoEletrica\Services\DatabaseService.Produtos.cs","409","TotalVendas = reader.GetInt32(43),"
"Preco|Valor|Total|Custo|Desconto|Comissao|Saldo|Receber|Pagar","PrimoAutoEletrica\Services\DatabaseService.Produtos.cs","410","TotalFaturado = reader.IsDBNull(44) ? 0 : Convert.ToDecimal(reader.GetDouble(44)),"
"Preco|Valor|Total|Custo|Desconto|Comissao|Saldo|Receber|Pagar","PrimoAutoEletrica\Services\DatabaseService.Produtos.cs","449","PrecoCompra,"
"Preco|Valor|Total|Custo|Desconto|Comissao|Saldo|Receber|Pagar","PrimoAutoEletrica\Services\DatabaseService.Produtos.cs","450","PrecoVenda,"
"Preco|Valor|Total|Custo|Desconto|Comissao|Saldo|Receber|Pagar","PrimoAutoEletrica\Services\DatabaseService.Produtos.cs","451","MargemLucro,"
"Preco|Valor|Total|Custo|Desconto|Comissao|Saldo|Receber|Pagar","PrimoAutoEletrica\Services\DatabaseService.Produtos.cs","452","ValorTotalEstoque,"
"Preco|Valor|Total|Custo|Desconto|Comissao|Saldo|Receber|Pagar","PrimoAutoEletrica\Services\DatabaseService.Produtos.cs","475","TotalVendas,"
"Preco|Valor|Total|Custo|Desconto|Comissao|Saldo|Receber|Pagar","PrimoAutoEletrica\Services\DatabaseService.Produtos.cs","476","TotalFaturado,"
"Preco|Valor|Total|Custo|Desconto|Comissao|Saldo|Receber|Pagar","PrimoAutoEletrica\Services\DatabaseService.Produtos.cs","499","@PrecoCompra,"
"Preco|Valor|Total|Custo|Desconto|Comissao|Saldo|Receber|Pagar","PrimoAutoEletrica\Services\DatabaseService.Produtos.cs","500","@PrecoVenda,"
"Preco|Valor|Total|Custo|Desconto|Comissao|Saldo|Receber|Pagar","PrimoAutoEletrica\Services\DatabaseService.Produtos.cs","501","@MargemLucro,"
"Preco|Valor|Total|Custo|Desconto|Comissao|Saldo|Receber|Pagar","PrimoAutoEletrica\Services\DatabaseService.Produtos.cs","502","@ValorTotalEstoque,"
"Preco|Valor|Total|Custo|Desconto|Comissao|Saldo|Receber|Pagar","PrimoAutoEletrica\Services\DatabaseService.Produtos.cs","525","@TotalVendas,"
"Preco|Valor|Total|Custo|Desconto|Comissao|Saldo|Receber|Pagar","PrimoAutoEletrica\Services\DatabaseService.Produtos.cs","526","@TotalFaturado,"
"Preco|Valor|Total|Custo|Desconto|Comissao|Saldo|Receber|Pagar","PrimoAutoEletrica\Services\DatabaseService.Produtos.cs","633","command.Parameters.AddWithValue(""@PrecoCompra"", produto.PrecoCompra);"
"Preco|Valor|Total|Custo|Desconto|Comissao|Saldo|Receber|Pagar","PrimoAutoEletrica\Services\DatabaseService.Produtos.cs","634","command.Parameters.AddWithValue(""@PrecoVenda"", produto.PrecoVenda);"
"Preco|Valor|Total|Custo|Desconto|Comissao|Saldo|Receber|Pagar","PrimoAutoEletrica\Services\DatabaseService.Produtos.cs","635","command.Parameters.AddWithValue(""@MargemLucro"", produto.MargemLucro);"
"Preco|Valor|Total|Custo|Desconto|Comissao|Saldo|Receber|Pagar","PrimoAutoEletrica\Services\DatabaseService.Produtos.cs","636","command.Parameters.AddWithValue(""@ValorTotalEstoque"", produto.ValorTotalEstoque);"
"Preco|Valor|Total|Custo|Desconto|Comissao|Saldo|Receber|Pagar","PrimoAutoEletrica\Services\DatabaseService.Produtos.cs","778","command.Parameters.AddWithValue(""@TotalVendas"", produto.TotalVendas);"
"Preco|Valor|Total|Custo|Desconto|Comissao|Saldo|Receber|Pagar","PrimoAutoEletrica\Services\DatabaseService.Produtos.cs","779","command.Parameters.AddWithValue(""@TotalFaturado"", produto.TotalFaturado);"
"Preco|Valor|Total|Custo|Desconto|Comissao|Saldo|Receber|Pagar","PrimoAutoEletrica\Services\DatabaseService.Produtos.cs","817","PrecoCompra = @PrecoCompra,"
"Preco|Valor|Total|Custo|Desconto|Comissao|Saldo|Receber|Pagar","PrimoAutoEletrica\Services\DatabaseService.Produtos.cs","818","PrecoVenda = @PrecoVenda,"
"Preco|Valor|Total|Custo|Desconto|Comissao|Saldo|Receber|Pagar","PrimoAutoEletrica\Services\DatabaseService.Produtos.cs","819","MargemLucro = @MargemLucro,"
"Preco|Valor|Total|Custo|Desconto|Comissao|Saldo|Receber|Pagar","PrimoAutoEletrica\Services\DatabaseService.Produtos.cs","820","ValorTotalEstoque = @ValorTotalEstoque,"
"Preco|Valor|Total|Custo|Desconto|Comissao|Saldo|Receber|Pagar","PrimoAutoEletrica\Services\DatabaseService.Produtos.cs","842","TotalVendas = @TotalVendas,"
"Preco|Valor|Total|Custo|Desconto|Comissao|Saldo|Receber|Pagar","PrimoAutoEletrica\Services\DatabaseService.Produtos.cs","843","TotalFaturado = @TotalFaturado,"
"Preco|Valor|Total|Custo|Desconto|Comissao|Saldo|Receber|Pagar","PrimoAutoEletrica\Services\DatabaseService.Produtos.cs","865","command.Parameters.AddWithValue(""@PrecoCompra"", produto.PrecoCompra);"
"Preco|Valor|Total|Custo|Desconto|Comissao|Saldo|Receber|Pagar","PrimoAutoEletrica\Services\DatabaseService.Produtos.cs","866","command.Parameters.AddWithValue(""@PrecoVenda"", produto.PrecoVenda);"
"Preco|Valor|Total|Custo|Desconto|Comissao|Saldo|Receber|Pagar","PrimoAutoEletrica\Services\DatabaseService.Produtos.cs","867","command.Parameters.AddWithValue(""@MargemLucro"", produto.MargemLucro);"
"Preco|Valor|Total|Custo|Desconto|Comissao|Saldo|Receber|Pagar","PrimoAutoEletrica\Services\DatabaseService.Produtos.cs","868","command.Parameters.AddWithValue(""@ValorTotalEstoque"", produto.ValorTotalEstoque);"
"Preco|Valor|Total|Custo|Desconto|Comissao|Saldo|Receber|Pagar","PrimoAutoEletrica\Services\DatabaseService.Produtos.cs","890","command.Parameters.AddWithValue(""@TotalVendas"", produto.TotalVendas);"
"Preco|Valor|Total|Custo|Desconto|Comissao|Saldo|Receber|Pagar","PrimoAutoEletrica\Services\DatabaseService.Produtos.cs","891","command.Parameters.AddWithValue(""@TotalFaturado"", produto.TotalFaturado);"
"decimal","PrimoAutoEletrica\Services\DatabaseService.Produtos.cs","967","PrecoCompra = decimal.TryParse(partes[4], out decimal precoCompra) ? precoCompra : 0,"
"Preco|Valor|Total|Custo|Desconto|Comissao|Saldo|Receber|Pagar","PrimoAutoEletrica\Services\DatabaseService.Produtos.cs","967","PrecoCompra = decimal.TryParse(partes[4], out decimal precoCompra) ? precoCompra : 0,"
"decimal","PrimoAutoEletrica\Services\DatabaseService.Produtos.cs","968","PrecoVenda = decimal.TryParse(partes[5], out decimal precoVenda) ? precoVenda : 0,"
"Preco|Valor|Total|Custo|Desconto|Comissao|Saldo|Receber|Pagar","PrimoAutoEletrica\Services\DatabaseService.Produtos.cs","968","PrecoVenda = decimal.TryParse(partes[5], out decimal precoVenda) ? precoVenda : 0,"
"Preco|Valor|Total|Custo|Desconto|Comissao|Saldo|Receber|Pagar","PrimoAutoEletrica\Services\DatabaseService.Produtos.cs","969","MargemLucro = 0,"
"Preco|Valor|Total|Custo|Desconto|Comissao|Saldo|Receber|Pagar","PrimoAutoEletrica\Services\DatabaseService.Produtos.cs","970","ValorTotalEstoque = 0,"
"Preco|Valor|Total|Custo|Desconto|Comissao|Saldo|Receber|Pagar","PrimoAutoEletrica\Services\DatabaseService.Produtos.cs","977","TotalVendas = 0,"
"Preco|Valor|Total|Custo|Desconto|Comissao|Saldo|Receber|Pagar","PrimoAutoEletrica\Services\DatabaseService.Produtos.cs","978","TotalFaturado = 0,"
"Preco|Valor|Total|Custo|Desconto|Comissao|Saldo|Receber|Pagar","PrimoAutoEletrica\Services\DatabaseService.Produtos.cs","984","produto.ValorTotalEstoque = produto.QuantidadeEstoque * produto.PrecoCompra;"
"Preco|Valor|Total|Custo|Desconto|Comissao|Saldo|Receber|Pagar","PrimoAutoEletrica\Services\DatabaseService.Produtos.cs","987","if (produto.PrecoVenda > 0)"
"Preco|Valor|Total|Custo|Desconto|Comissao|Saldo|Receber|Pagar","PrimoAutoEletrica\Services\DatabaseService.Produtos.cs","989","produto.MargemLucro = ((produto.PrecoVenda - produto.PrecoCompra) / produto.PrecoVenda) * 100;"
"double","PrimoAutoEletrica\Services\DocumentoPdfService.cs","14","private const double Margin = 38d;"
"double","PrimoAutoEletrica\Services\DocumentoPdfService.cs","15","private const double FooterMargin = 34d;"
"double","PrimoAutoEletrica\Services\DocumentoPdfService.cs","16","private const double LineHeight = 14d;"
"Preco|Valor|Total|Custo|Desconto|Comissao|Saldo|Receber|Pagar","PrimoAutoEletrica\Services\DocumentoPdfService.cs","49","Secao(""Itens"", orcamento.Itens.Select(item => $""{item.Quantidade}x {item.ProdutoNome} | {item.TipoDescricao} | {item.PrecoUnitario:C} | {item.Subtotal:C}"")),"
"Preco|Valor|Total|Custo|Desconto|Comissao|Saldo|Receber|Pagar","PrimoAutoEletrica\Services\DocumentoPdfService.cs","50","Secao(""Valores"", new[]"
"Preco|Valor|Total|Custo|Desconto|Comissao|Saldo|Receber|Pagar","PrimoAutoEletrica\Services\DocumentoPdfService.cs","52","Linha(""Subtotal"", orcamento.Subtotal.ToString(""C"", CultureInfo.GetCultureInfo(""pt-BR""))),"
"Preco|Valor|Total|Custo|Desconto|Comissao|Saldo|Receber|Pagar","PrimoAutoEletrica\Services\DocumentoPdfService.cs","53","Linha(""Desconto"", orcamento.Desconto.ToString(""C"", CultureInfo.GetCultureInfo(""pt-BR""))),"
"Preco|Valor|Total|Custo|Desconto|Comissao|Saldo|Receber|Pagar","PrimoAutoEletrica\Services\DocumentoPdfService.cs","55","Linha(""Total"", orcamento.Total.ToString(""C"", CultureInfo.GetCultureInfo(""pt-BR"")))"
"Preco|Valor|Total|Custo|Desconto|Comissao|Saldo|Receber|Pagar","PrimoAutoEletrica\Services\DocumentoPdfService.cs","57","Secao(""Diagnostico e observacoes"", new[] { ValorOuPadrao(orcamento.Diagnostico, ""Sem diagnostico.""), ValorOuPadrao(orcamento.Observacoes, ""Sem observacoes."") })"
"Preco|Valor|Total|Custo|Desconto|Comissao|Saldo|Receber|Pagar","PrimoAutoEletrica\Services\DocumentoPdfService.cs","86","ValorOuPadrao(ordem.ProblemaRelatado, ""Sem defeito relatado.""),"
"Preco|Valor|Total|Custo|Desconto|Comissao|Saldo|Receber|Pagar","PrimoAutoEletrica\Services\DocumentoPdfService.cs","87","ValorOuPadrao(PrimeiroValor(ordem.Diagnostico, ordem.DiagnosticoInicial, ordem.DiagnosticoFinal), ""Sem diagnostico."")"
"Preco|Valor|Total|Custo|Desconto|Comissao|Saldo|Receber|Pagar","PrimoAutoEletrica\Services\DocumentoPdfService.cs","89","Secao(""Itens"", ordem.Itens.Select(item => $""{item.Quantidade:N2}x {item.Descricao} | {item.Tipo} | {item.ValorUnitario:C} | {item.Total:C}"")),"
"Preco|Valor|Total|Custo|Desconto|Comissao|Saldo|Receber|Pagar","PrimoAutoEletrica\Services\DocumentoPdfService.cs","90","Secao(""Valores"", new[]"
"Preco|Valor|Total|Custo|Desconto|Comissao|Saldo|Receber|Pagar","PrimoAutoEletrica\Services\DocumentoPdfService.cs","92","Linha(""Mao de obra"", ordem.ValorMaoObra.ToString(""C"", CultureInfo.GetCultureInfo(""pt-BR""))),"
"Preco|Valor|Total|Custo|Desconto|Comissao|Saldo|Receber|Pagar","PrimoAutoEletrica\Services\DocumentoPdfService.cs","93","Linha(""Desconto"", ordem.Desconto.ToString(""C"", CultureInfo.GetCultureInfo(""pt-BR""))),"
"Preco|Valor|Total|Custo|Desconto|Comissao|Saldo|Receber|Pagar","PrimoAutoEletrica\Services\DocumentoPdfService.cs","94","Linha(""Total estimado"", (ordem.Itens.Sum(item => item.Total) + ordem.ValorMaoObra - ordem.Desconto).ToString(""C"", CultureInfo.GetCultureInfo(""pt-BR"")))"
"Preco|Valor|Total|Custo|Desconto|Comissao|Saldo|Receber|Pagar","PrimoAutoEletrica\Services\DocumentoPdfService.cs","96","Secao(""Observacoes"", new[] { ValorOuPadrao(ordem.ObservacoesCliente, ""Sem observacoes ao cliente.""), ValorOuPadrao(ordem.ObservacoesInternas, ""Sem observacoes i"
"decimal","PrimoAutoEletrica\Services\DocumentoPdfService.cs","167","public string GerarRecibo(string numero, Cliente? cliente, decimal valor, string referente, string formaPagamento, string caminhoArquivo)"
"Preco|Valor|Total|Custo|Desconto|Comissao|Saldo|Receber|Pagar","PrimoAutoEletrica\Services\DocumentoPdfService.cs","167","public string GerarRecibo(string numero, Cliente? cliente, decimal valor, string referente, string formaPagamento, string caminhoArquivo)"
"Preco|Valor|Total|Custo|Desconto|Comissao|Saldo|Receber|Pagar","PrimoAutoEletrica\Services\DocumentoPdfService.cs","177","Linha(""Numero"", ValorOuPadrao(numero, Guid.NewGuid().ToString(""N"")[..8].ToUpperInvariant())),"
"Preco|Valor|Total|Custo|Desconto|Comissao|Saldo|Receber|Pagar","PrimoAutoEletrica\Services\DocumentoPdfService.cs","178","Linha(""Valor"", valor.ToString(""C"", CultureInfo.GetCultureInfo(""pt-BR""))),"
"Preco|Valor|Total|Custo|Desconto|Comissao|Saldo|Receber|Pagar","PrimoAutoEletrica\Services\DocumentoPdfService.cs","179","Linha(""Forma"", ValorOuPadrao(formaPagamento, ""Nao informada"")),"
"Preco|Valor|Total|Custo|Desconto|Comissao|Saldo|Receber|Pagar","PrimoAutoEletrica\Services\DocumentoPdfService.cs","180","Linha(""Referente"", ValorOuPadrao(referente, ""Servicos/produtos automotivos"")),"
"Preco|Valor|Total|Custo|Desconto|Comissao|Saldo|Receber|Pagar","PrimoAutoEletrica\Services\DocumentoPdfService.cs","204","Secao(""Itens"", venda.Itens.Select(item => $""{item.Quantidade}x {item.NomeExibicao} | {item.PrecoUnitario:C} | {item.Subtotal:C}"")),"
"Preco|Valor|Total|Custo|Desconto|Comissao|Saldo|Receber|Pagar","PrimoAutoEletrica\Services\DocumentoPdfService.cs","205","Secao(""Valores"", new[] { Linha(""Desconto"", venda.Desconto.ToString(""C"", CultureInfo.GetCultureInfo(""pt-BR""))), Linha(""Total"", venda.Total.ToString(""C"", CultureI"
"Preco|Valor|Total|Custo|Desconto|Comissao|Saldo|Receber|Pagar","PrimoAutoEletrica\Services\DocumentoPdfService.cs","240","var valores = (roteiro.ValoresEsperados ?? new System.Collections.Generic.List<string>())"
"Preco|Valor|Total|Custo|Desconto|Comissao|Saldo|Receber|Pagar","PrimoAutoEletrica\Services\DocumentoPdfService.cs","276","Secao(""Valores esperados"", valores),"
"Preco|Valor|Total|Custo|Desconto|Comissao|Saldo|Receber|Pagar","PrimoAutoEletrica\Services\DocumentoPdfService.cs","306","ValorOuPadrao(ordem.GarantiaObservacoes, ""Garantia conforme servicos e pecas aprovados, exceto mau uso, instalacao externa e danos por terceiros."")"
"Preco|Valor|Total|Custo|Desconto|Comissao|Saldo|Receber|Pagar","PrimoAutoEletrica\Services\DocumentoPdfService.cs","324","ValorOuPadrao(ordem.TermoAutorizacao, ""Cliente autoriza diagnostico, desmontagens necessarias, testes eletricos e execucao dos servicos aprovados.""),"
"Preco|Valor|Total|Custo|Desconto|Comissao|Saldo|Receber|Pagar","PrimoAutoEletrica\Services\DocumentoPdfService.cs","326","Linha(""Metodo de aprovacao"", ValorOuPadrao(ordem.MetodoAprovacao, ""Assinatura/confirmacao manual""))"
"Preco|Valor|Total|Custo|Desconto|Comissao|Saldo|Receber|Pagar","PrimoAutoEletrica\Services\DocumentoPdfService.cs","343","Linha(""Total de registros"", lista.Count.ToString(CultureInfo.InvariantCulture)),"
"Preco|Valor|Total|Custo|Desconto|Comissao|Saldo|Receber|Pagar","PrimoAutoEletrica\Services\DocumentoPdfService.cs","344","Linha(""Receitas"", lista.Where(item => item.Tipo.Contains(""Receita"", StringComparison.OrdinalIgnoreCase)).Sum(item => item.Valor).ToString(""C"", CultureInfo.GetCu"
"Preco|Valor|Total|Custo|Desconto|Comissao|Saldo|Receber|Pagar","PrimoAutoEletrica\Services\DocumentoPdfService.cs","345","Linha(""Despesas"", lista.Where(item => item.Tipo.Contains(""Despesa"", StringComparison.OrdinalIgnoreCase)).Sum(item => item.Valor).ToString(""C"", CultureInfo.GetCu"
"Preco|Valor|Total|Custo|Desconto|Comissao|Saldo|Receber|Pagar","PrimoAutoEletrica\Services\DocumentoPdfService.cs","348","Secao(""Lancamentos"", lista.OrderBy(item => item.Data).Select(item => $""{item.Data:dd/MM/yyyy} | {item.Tipo} | {item.Categoria} | {item.Descricao} | {item.Valor:"
"double","PrimoAutoEletrica\Services\DocumentoPdfService.cs","480","private void EnsureSpace(PdfDrawState state, double required)"
"Preco|Valor|Total|Custo|Desconto|Comissao|Saldo|Receber|Pagar","PrimoAutoEletrica\Services\DocumentoPdfService.cs","514","return $""{label}: {ValorOuPadrao(value, ""-"")}"";"
"Preco|Valor|Total|Custo|Desconto|Comissao|Saldo|Receber|Pagar","PrimoAutoEletrica\Services\DocumentoPdfService.cs","520","yield return Linha(""Documento"", ValorOuPadrao(cliente?.Documento, ""Nao informado""));"
"Preco|Valor|Total|Custo|Desconto|Comissao|Saldo|Receber|Pagar","PrimoAutoEletrica\Services\DocumentoPdfService.cs","522","yield return Linha(""Email"", ValorOuPadrao(cliente?.Email, ""Nao informado""));"
"Preco|Valor|Total|Custo|Desconto|Comissao|Saldo|Receber|Pagar","PrimoAutoEletrica\Services\DocumentoPdfService.cs","527","yield return Linha(""Veiculo"", veiculo == null ? ValorOuPadrao(descricaoFallback, ""Nao informado"") : $""{veiculo.Marca} {veiculo.Modelo} {veiculo.Ano}"".Trim());"
"Preco|Valor|Total|Custo|Desconto|Comissao|Saldo|Receber|Pagar","PrimoAutoEletrica\Services\DocumentoPdfService.cs","529","yield return Linha(""Sistema eletrico"", ValorOuPadrao(veiculo?.SistemaEletrico, ""Nao informado""));"
"Preco|Valor|Total|Custo|Desconto|Comissao|Saldo|Receber|Pagar","PrimoAutoEletrica\Services\DocumentoPdfService.cs","554","private static string PrimeiroValor(params string?[] valores)"
"Preco|Valor|Total|Custo|Desconto|Comissao|Saldo|Receber|Pagar","PrimoAutoEletrica\Services\DocumentoPdfService.cs","556","return valores.FirstOrDefault(valor => !string.IsNullOrWhiteSpace(valor))?.Trim() ?? string.Empty;"
"Preco|Valor|Total|Custo|Desconto|Comissao|Saldo|Receber|Pagar","PrimoAutoEletrica\Services\DocumentoPdfService.cs","559","private static string ValorOuPadrao(string? valor, string fallback)"
"Preco|Valor|Total|Custo|Desconto|Comissao|Saldo|Receber|Pagar","PrimoAutoEletrica\Services\DocumentoPdfService.cs","561","return string.IsNullOrWhiteSpace(valor) ? fallback : valor.Trim();"
"double","PrimoAutoEletrica\Services\DocumentoPdfService.cs","564","private static XFont Font(double size, bool bold = false)"
"double","PrimoAutoEletrica\Services\DocumentoPdfService.cs","589","public double Y { get; set; }"
"double","PrimoAutoEletrica\Services\DocumentoPdfService.cs","590","public double ContentWidth => Page.Width.Point - (Margin * 2);"
"decimal","PrimoAutoEletrica\Services\EstoqueOperationalService.cs","16","private sealed record ProdutoResumo(Guid Id, string Codigo, string Nome, decimal PrecoCompra, int QuantidadeEstoque);"
"Preco|Valor|Total|Custo|Desconto|Comissao|Saldo|Receber|Pagar","PrimoAutoEletrica\Services\EstoqueOperationalService.cs","16","private sealed record ProdutoResumo(Guid Id, string Codigo, string Nome, decimal PrecoCompra, int QuantidadeEstoque);"
"decimal","PrimoAutoEletrica\Services\EstoqueOperationalService.cs","21","decimal PrecoCompra,"
"Preco|Valor|Total|Custo|Desconto|Comissao|Saldo|Receber|Pagar","PrimoAutoEletrica\Services\EstoqueOperationalService.cs","21","decimal PrecoCompra,"
"Preco|Valor|Total|Custo|Desconto|Comissao|Saldo|Receber|Pagar","PrimoAutoEletrica\Services\EstoqueOperationalService.cs","142","produtoResumo.PrecoCompra,"
"Preco|Valor|Total|Custo|Desconto|Comissao|Saldo|Receber|Pagar","PrimoAutoEletrica\Services\EstoqueOperationalService.cs","196","produtoResumo.PrecoCompra,"
"Preco|Valor|Total|Custo|Desconto|Comissao|Saldo|Receber|Pagar","PrimoAutoEletrica\Services\EstoqueOperationalService.cs","260","ValorTotalEstoque = @ValorTotalEstoque,"
"Preco|Valor|Total|Custo|Desconto|Comissao|Saldo|Receber|Pagar","PrimoAutoEletrica\Services\EstoqueOperationalService.cs","266","command.Parameters.AddWithValue(""@ValorTotalEstoque"", quantidadeContada * produtoResumo.PrecoCompra);"
"Preco|Valor|Total|Custo|Desconto|Comissao|Saldo|Receber|Pagar","PrimoAutoEletrica\Services\EstoqueOperationalService.cs","288","valorAnterior: CriarSnapshot(produtoResumo.Codigo, produtoResumo.Nome, produtoResumo.PrecoCompra, quantidadeAnterior, reservasAtivas),"
"Preco|Valor|Total|Custo|Desconto|Comissao|Saldo|Receber|Pagar","PrimoAutoEletrica\Services\EstoqueOperationalService.cs","289","valorNovo: CriarSnapshot(produtoResumo.Codigo, produtoResumo.Nome, produtoResumo.PrecoCompra, quantidadeContada, reservasAtivas));"
"Preco|Valor|Total|Custo|Desconto|Comissao|Saldo|Receber|Pagar","PrimoAutoEletrica\Services\EstoqueOperationalService.cs","360","ValorTotalEstoque = @ValorTotalEstoque,"
"Preco|Valor|Total|Custo|Desconto|Comissao|Saldo|Receber|Pagar","PrimoAutoEletrica\Services\EstoqueOperationalService.cs","370","command.Parameters.AddWithValue(""@ValorTotalEstoque"", quantidadeNova * produtoResumo.PrecoCompra);"
"Preco|Valor|Total|Custo|Desconto|Comissao|Saldo|Receber|Pagar","PrimoAutoEletrica\Services\EstoqueOperationalService.cs","394","valorAnterior: CriarSnapshot(produtoResumo.Codigo, produtoResumo.Nome, produtoResumo.PrecoCompra, quantidadeAnterior, reservasAtivas),"
"Preco|Valor|Total|Custo|Desconto|Comissao|Saldo|Receber|Pagar","PrimoAutoEletrica\Services\EstoqueOperationalService.cs","395","valorNovo: CriarSnapshot(produtoResumo.Codigo, produtoResumo.Nome, produtoResumo.PrecoCompra, quantidadeNova, reservasAtivas));"
"Preco|Valor|Total|Custo|Desconto|Comissao|Saldo|Receber|Pagar","PrimoAutoEletrica\Services\EstoqueOperationalService.cs","424","COALESCE(ValorAnterior, ''),"
"Preco|Valor|Total|Custo|Desconto|Comissao|Saldo|Receber|Pagar","PrimoAutoEletrica\Services\EstoqueOperationalService.cs","425","COALESCE(ValorNovo, '')"
"Preco|Valor|Total|Custo|Desconto|Comissao|Saldo|Receber|Pagar","PrimoAutoEletrica\Services\EstoqueOperationalService.cs","452","ValorAnterior = ReadString(reader, 12),"
"Preco|Valor|Total|Custo|Desconto|Comissao|Saldo|Receber|Pagar","PrimoAutoEletrica\Services\EstoqueOperationalService.cs","453","ValorNovo = ReadString(reader, 13)"
"Preco|Valor|Total|Custo|Desconto|Comissao|Saldo|Receber|Pagar","PrimoAutoEletrica\Services\EstoqueOperationalService.cs","462","return CriarSnapshot(produto.Codigo, produto.Nome, produto.PrecoCompra, quantidadeEstoque, quantidadeReservada);"
"decimal","PrimoAutoEletrica\Services\EstoqueOperationalService.cs","465","public static string CriarSnapshot(string codigo, string nome, decimal precoCompra, int quantidadeEstoque, int quantidadeReservada)"
"Preco|Valor|Total|Custo|Desconto|Comissao|Saldo|Receber|Pagar","PrimoAutoEletrica\Services\EstoqueOperationalService.cs","465","public static string CriarSnapshot(string codigo, string nome, decimal precoCompra, int quantidadeEstoque, int quantidadeReservada)"
"Preco|Valor|Total|Custo|Desconto|Comissao|Saldo|Receber|Pagar","PrimoAutoEletrica\Services\EstoqueOperationalService.cs","468","return $""Codigo={codigo}; Nome={nome}; Estoque={quantidadeEstoque}; Reservado={quantidadeReservada}; Disponivel={quantidadeDisponivel}; ValorTotal={(quantidadeE"
"Preco|Valor|Total|Custo|Desconto|Comissao|Saldo|Receber|Pagar","PrimoAutoEletrica\Services\EstoqueOperationalService.cs","555","SELECT {SelectTop(connection, ""1"")} Id, Codigo, Nome, PrecoCompra, QuantidadeEstoque"
"Preco|Valor|Total|Custo|Desconto|Comissao|Saldo|Receber|Pagar","PrimoAutoEletrica\Services\EstoqueOperationalService.cs","640","SELECT ProdutoId, ProdutoNome, ProdutoCodigo, Quantidade, PrecoUnitario, PrecoTotal, Reservado, DataReserva"
"Preco|Valor|Total|Custo|Desconto|Comissao|Saldo|Receber|Pagar","PrimoAutoEletrica\Services\EstoqueOperationalService.cs","656","PrecoUnitario = ReadDecimal(reader, 4),"
"Preco|Valor|Total|Custo|Desconto|Comissao|Saldo|Receber|Pagar","PrimoAutoEletrica\Services\EstoqueOperationalService.cs","657","PrecoTotal = ReadDecimal(reader, 5),"
"Preco|Valor|Total|Custo|Desconto|Comissao|Saldo|Receber|Pagar","PrimoAutoEletrica\Services\EstoqueOperationalService.cs","676","valorAnterior: CriarSnapshot(auditoria.Codigo, auditoria.Nome, auditoria.PrecoCompra, auditoria.EstoqueAtual, auditoria.ReservadoAnterior),"
"Preco|Valor|Total|Custo|Desconto|Comissao|Saldo|Receber|Pagar","PrimoAutoEletrica\Services\EstoqueOperationalService.cs","677","valorNovo: CriarSnapshot(auditoria.Codigo, auditoria.Nome, auditoria.PrecoCompra, auditoria.EstoqueAtual, auditoria.ReservadoNovo),"
"decimal","PrimoAutoEletrica\Services\EstoqueOperationalService.cs","728","private static decimal ReadDecimal(DbDataReader reader, int index)"
"double","PrimoAutoEletrica\Services\ExternalBackupService.cs","88","result.CompressionRatio = (double)result.CompressedSize / result.OriginalSize;"
"REAL_sql","PrimoAutoEletrica\Services\ExternalBackupService.cs","319","""Criptografia de backup por senha NAO esta implementada. Desative 'Criptografar backup' ou aguarde implementacao AES/ZIP real."");"
"double","PrimoAutoEletrica\Services\ExternalBackupService.cs","391","double size = bytes;"
"decimal","PrimoAutoEletrica\Services\FinanceiroDatabaseService.cs","55","Valor DECIMAL NOT NULL,"
"Preco|Valor|Total|Custo|Desconto|Comissao|Saldo|Receber|Pagar","PrimoAutoEletrica\Services\FinanceiroDatabaseService.cs","55","Valor DECIMAL NOT NULL,"
"decimal","PrimoAutoEletrica\Services\FinanceiroDatabaseService.cs","72","Valor DECIMAL NOT NULL,"
"Preco|Valor|Total|Custo|Desconto|Comissao|Saldo|Receber|Pagar","PrimoAutoEletrica\Services\FinanceiroDatabaseService.cs","72","Valor DECIMAL NOT NULL,"
"decimal","PrimoAutoEletrica\Services\FinanceiroDatabaseService.cs","89","Valor DECIMAL NOT NULL,"
"Preco|Valor|Total|Custo|Desconto|Comissao|Saldo|Receber|Pagar","PrimoAutoEletrica\Services\FinanceiroDatabaseService.cs","89","Valor DECIMAL NOT NULL,"
"decimal","PrimoAutoEletrica\Services\FinanceiroDatabaseService.cs","105","ValorMeta DECIMAL NOT NULL,"
"Preco|Valor|Total|Custo|Desconto|Comissao|Saldo|Receber|Pagar","PrimoAutoEletrica\Services\FinanceiroDatabaseService.cs","105","ValorMeta DECIMAL NOT NULL,"
"decimal","PrimoAutoEletrica\Services\FinanceiroDatabaseService.cs","106","ValorAtual DECIMAL DEFAULT 0,"
"Preco|Valor|Total|Custo|Desconto|Comissao|Saldo|Receber|Pagar","PrimoAutoEletrica\Services\FinanceiroDatabaseService.cs","106","ValorAtual DECIMAL DEFAULT 0,"
"decimal","PrimoAutoEletrica\Services\FinanceiroDatabaseService.cs","320","decimal valor,"
"Preco|Valor|Total|Custo|Desconto|Comissao|Saldo|Receber|Pagar","PrimoAutoEletrica\Services\FinanceiroDatabaseService.cs","320","decimal valor,"
"Preco|Valor|Total|Custo|Desconto|Comissao|Saldo|Receber|Pagar","PrimoAutoEletrica\Services\FinanceiroDatabaseService.cs","327","ValidarContaPagar(fornecedor, descricao, valor, dataVencimento);"
"Preco|Valor|Total|Custo|Desconto|Comissao|Saldo|Receber|Pagar","PrimoAutoEletrica\Services\FinanceiroDatabaseService.cs","342","valor,"
"Preco|Valor|Total|Custo|Desconto|Comissao|Saldo|Receber|Pagar","PrimoAutoEletrica\Services\FinanceiroDatabaseService.cs","356","valor,"
"Preco|Valor|Total|Custo|Desconto|Comissao|Saldo|Receber|Pagar","PrimoAutoEletrica\Services\FinanceiroDatabaseService.cs","377","$""Fornecedor={fornecedor}; Descricao={descricao}; Valor={valor:C}; Vencimento={dataVencimento:dd/MM/yyyy}; Origem={origem}"");"
"Preco|Valor|Total|Custo|Desconto|Comissao|Saldo|Receber|Pagar","PrimoAutoEletrica\Services\FinanceiroDatabaseService.cs","387","if (nota.ValorTotal <= 0)"
"Preco|Valor|Total|Custo|Desconto|Comissao|Saldo|Receber|Pagar","PrimoAutoEletrica\Services\FinanceiroDatabaseService.cs","389","throw new InvalidOperationException(""A NF-e nao possui valor total valido para gerar conta a pagar."");"
"Preco|Valor|Total|Custo|Desconto|Comissao|Saldo|Receber|Pagar","PrimoAutoEletrica\Services\FinanceiroDatabaseService.cs","408","nota.ValorTotal,"
"Preco|Valor|Total|Custo|Desconto|Comissao|Saldo|Receber|Pagar","PrimoAutoEletrica\Services\FinanceiroDatabaseService.cs","433","Valor = reader.GetDecimal(3),"
"Preco|Valor|Total|Custo|Desconto|Comissao|Saldo|Receber|Pagar","PrimoAutoEletrica\Services\FinanceiroDatabaseService.cs","467","?? throw new InvalidOperationException(""Conta a pagar nao localizada para liquidacao."");"
"Preco|Valor|Total|Custo|Desconto|Comissao|Saldo|Receber|Pagar","PrimoAutoEletrica\Services\FinanceiroDatabaseService.cs","499","conta.Valor,"
"Preco|Valor|Total|Custo|Desconto|Comissao|Saldo|Receber|Pagar","PrimoAutoEletrica\Services\FinanceiroDatabaseService.cs","501","string.IsNullOrWhiteSpace(conta.Categoria) ? ""Contas a Pagar"" : conta.Categoria,"
"Preco|Valor|Total|Custo|Desconto|Comissao|Saldo|Receber|Pagar","PrimoAutoEletrica\Services\FinanceiroDatabaseService.cs","504","string.IsNullOrWhiteSpace(observacoes) ? $""Conta a pagar liquidada: {conta.Fornecedor}"" : observacoes,"
"Preco|Valor|Total|Custo|Desconto|Comissao|Saldo|Receber|Pagar","PrimoAutoEletrica\Services\FinanceiroDatabaseService.cs","514","$""Fornecedor={conta.Fornecedor}; Valor={conta.Valor:C}; DataPagamento={dataPagamento:dd/MM/yyyy}"");"
"decimal","PrimoAutoEletrica\Services\FinanceiroDatabaseService.cs","526","decimal valor,"
"Preco|Valor|Total|Custo|Desconto|Comissao|Saldo|Receber|Pagar","PrimoAutoEletrica\Services\FinanceiroDatabaseService.cs","526","decimal valor,"
"Preco|Valor|Total|Custo|Desconto|Comissao|Saldo|Receber|Pagar","PrimoAutoEletrica\Services\FinanceiroDatabaseService.cs","536","ValidarContaReceber(cliente, descricao, valor, dataVencimento, dataPagamento, status);"
"Preco|Valor|Total|Custo|Desconto|Comissao|Saldo|Receber|Pagar","PrimoAutoEletrica\Services\FinanceiroDatabaseService.cs","547","valor,"
"Preco|Valor|Total|Custo|Desconto|Comissao|Saldo|Receber|Pagar","PrimoAutoEletrica\Services\FinanceiroDatabaseService.cs","562","$""Cliente={cliente}; Descricao={descricao}; Valor={valor:C}; Vencimento={dataVencimento:dd/MM/yyyy}; Origem={origem}"");"
"Preco|Valor|Total|Custo|Desconto|Comissao|Saldo|Receber|Pagar","PrimoAutoEletrica\Services\FinanceiroDatabaseService.cs","590","Valor = reader.GetDecimal(3),"
"Preco|Valor|Total|Custo|Desconto|Comissao|Saldo|Receber|Pagar","PrimoAutoEletrica\Services\FinanceiroDatabaseService.cs","627","?? throw new InvalidOperationException(""Conta a receber nao localizada para liquidacao."");"
"Preco|Valor|Total|Custo|Desconto|Comissao|Saldo|Receber|Pagar","PrimoAutoEletrica\Services\FinanceiroDatabaseService.cs","661","conta.Valor,"
"Preco|Valor|Total|Custo|Desconto|Comissao|Saldo|Receber|Pagar","PrimoAutoEletrica\Services\FinanceiroDatabaseService.cs","663","""Contas a Receber"","
"Preco|Valor|Total|Custo|Desconto|Comissao|Saldo|Receber|Pagar","PrimoAutoEletrica\Services\FinanceiroDatabaseService.cs","666","string.IsNullOrWhiteSpace(observacoes) ? $""Conta a receber liquidada: {conta.Cliente}"" : observacoes,"
"Preco|Valor|Total|Custo|Desconto|Comissao|Saldo|Receber|Pagar","PrimoAutoEletrica\Services\FinanceiroDatabaseService.cs","676","$""Cliente={conta.Cliente}; Valor={conta.Valor:C}; DataPagamento={dataPagamento:dd/MM/yyyy}; Forma={formaPagamento}"");"
"decimal","PrimoAutoEletrica\Services\FinanceiroDatabaseService.cs","688","decimal valor,"
"Preco|Valor|Total|Custo|Desconto|Comissao|Saldo|Receber|Pagar","PrimoAutoEletrica\Services\FinanceiroDatabaseService.cs","688","decimal valor,"
"Preco|Valor|Total|Custo|Desconto|Comissao|Saldo|Receber|Pagar","PrimoAutoEletrica\Services\FinanceiroDatabaseService.cs","697","ValidarMovimentacao(tipo, descricao, valor, data);"
"Preco|Valor|Total|Custo|Desconto|Comissao|Saldo|Receber|Pagar","PrimoAutoEletrica\Services\FinanceiroDatabaseService.cs","707","valor,"
"Preco|Valor|Total|Custo|Desconto|Comissao|Saldo|Receber|Pagar","PrimoAutoEletrica\Services\FinanceiroDatabaseService.cs","721","$""Tipo={tipo}; Descricao={descricao}; Valor={valor:C}; Data={data:dd/MM/yyyy}; Origem={origem}"");"
"Preco|Valor|Total|Custo|Desconto|Comissao|Saldo|Receber|Pagar","PrimoAutoEletrica\Services\FinanceiroDatabaseService.cs","781","Valor = reader.GetDecimal(3),"
"Preco|Valor|Total|Custo|Desconto|Comissao|Saldo|Receber|Pagar","PrimoAutoEletrica\Services\FinanceiroDatabaseService.cs","801","var valorTotal = Math.Max(0m, orcamento.Total);"
"Preco|Valor|Total|Custo|Desconto|Comissao|Saldo|Receber|Pagar","PrimoAutoEletrica\Services\FinanceiroDatabaseService.cs","802","if (valorTotal <= 0)"
"Preco|Valor|Total|Custo|Desconto|Comissao|Saldo|Receber|Pagar","PrimoAutoEletrica\Services\FinanceiroDatabaseService.cs","804","Logger.LogInfo($""Orcamento '{orcamento.Id}' sem valor financeiro para integrar."");"
"Preco|Valor|Total|Custo|Desconto|Comissao|Saldo|Receber|Pagar","PrimoAutoEletrica\Services\FinanceiroDatabaseService.cs","817","var observacoes = BuildObservacoesIntegracao(orcamento, valorTotal, pagamentoImediato);"
"Preco|Valor|Total|Custo|Desconto|Comissao|Saldo|Receber|Pagar","PrimoAutoEletrica\Services\FinanceiroDatabaseService.cs","830","valorTotal,"
"Preco|Valor|Total|Custo|Desconto|Comissao|Saldo|Receber|Pagar","PrimoAutoEletrica\Services\FinanceiroDatabaseService.cs","846","valorTotal,"
"Preco|Valor|Total|Custo|Desconto|Comissao|Saldo|Receber|Pagar","PrimoAutoEletrica\Services\FinanceiroDatabaseService.cs","857","Logger.LogInfo($""Orcamento '{orcamento.Id}' integrado ao financeiro. Total={valorTotal:C}; PagamentoImediato={pagamentoImediato}."");"
"Preco|Valor|Total|Custo|Desconto|Comissao|Saldo|Receber|Pagar","PrimoAutoEletrica\Services\FinanceiroDatabaseService.cs","863","$""Numero={orcamento.Numero}; Total={valorTotal:C}; Forma={formaPagamento}; PagamentoImediato={pagamentoImediato}"");"
"Preco|Valor|Total|Custo|Desconto|Comissao|Saldo|Receber|Pagar","PrimoAutoEletrica\Services\FinanceiroDatabaseService.cs","878","var valorServico = DeterminarValorServicoAgendamento(agendamento);"
"Preco|Valor|Total|Custo|Desconto|Comissao|Saldo|Receber|Pagar","PrimoAutoEletrica\Services\FinanceiroDatabaseService.cs","879","if (valorServico <= 0)"
"Preco|Valor|Total|Custo|Desconto|Comissao|Saldo|Receber|Pagar","PrimoAutoEletrica\Services\FinanceiroDatabaseService.cs","881","Logger.LogInfo($""Agendamento '{agendamento.Id}' finalizado sem valor financeiro para integrar."");"
"Preco|Valor|Total|Custo|Desconto|Comissao|Saldo|Receber|Pagar","PrimoAutoEletrica\Services\FinanceiroDatabaseService.cs","885","var valorRecebido = CalcularValorRecebidoAgendamento(agendamento, valorServico);"
"Preco|Valor|Total|Custo|Desconto|Comissao|Saldo|Receber|Pagar","PrimoAutoEletrica\Services\FinanceiroDatabaseService.cs","886","var valorEmAberto = Math.Max(0, valorServico - valorRecebido);"
"Preco|Valor|Total|Custo|Desconto|Comissao|Saldo|Receber|Pagar","PrimoAutoEletrica\Services\FinanceiroDatabaseService.cs","897","if (valorEmAberto > 0 &&"
"Preco|Valor|Total|Custo|Desconto|Comissao|Saldo|Receber|Pagar","PrimoAutoEletrica\Services\FinanceiroDatabaseService.cs","905","valorEmAberto,"
"Preco|Valor|Total|Custo|Desconto|Comissao|Saldo|Receber|Pagar","PrimoAutoEletrica\Services\FinanceiroDatabaseService.cs","908","BuildObservacoesIntegracao(agendamento, valorServico, valorRecebido, valorEmAberto),"
"Preco|Valor|Total|Custo|Desconto|Comissao|Saldo|Receber|Pagar","PrimoAutoEletrica\Services\FinanceiroDatabaseService.cs","916","if (valorRecebido > 0 &&"
"Preco|Valor|Total|Custo|Desconto|Comissao|Saldo|Receber|Pagar","PrimoAutoEletrica\Services\FinanceiroDatabaseService.cs","924","valorRecebido,"
"Preco|Valor|Total|Custo|Desconto|Comissao|Saldo|Receber|Pagar","PrimoAutoEletrica\Services\FinanceiroDatabaseService.cs","929","BuildObservacoesIntegracao(agendamento, valorServico, valorRecebido, valorEmAberto),"
"Preco|Valor|Total|Custo|Desconto|Comissao|Saldo|Receber|Pagar","PrimoAutoEletrica\Services\FinanceiroDatabaseService.cs","935","Logger.LogInfo($""Agendamento '{agendamento.Id}' integrado ao financeiro. Total={valorServico:C}, Recebido={valorRecebido:C}, Aberto={valorEmAberto:C}."");"
"Preco|Valor|Total|Custo|Desconto|Comissao|Saldo|Receber|Pagar","PrimoAutoEletrica\Services\FinanceiroDatabaseService.cs","941","$""Total={valorServico:C}; Recebido={valorRecebido:C}; Aberto={valorEmAberto:C}; Cliente={agendamento.ClienteNome}"");"
"Preco|Valor|Total|Custo|Desconto|Comissao|Saldo|Receber|Pagar","PrimoAutoEletrica\Services\FinanceiroDatabaseService.cs","955","var valorTotal = DeterminarValorTotalOrdemServico(ordem);"
"Preco|Valor|Total|Custo|Desconto|Comissao|Saldo|Receber|Pagar","PrimoAutoEletrica\Services\FinanceiroDatabaseService.cs","967","if (valorTotal > 0)"
"Preco|Valor|Total|Custo|Desconto|Comissao|Saldo|Receber|Pagar","PrimoAutoEletrica\Services\FinanceiroDatabaseService.cs","974","$""Numero={ordem.Numero}; Total={valorTotal:C}; Cliente={ordem.ClienteNomeSnapshot}"");"
"Preco|Valor|Total|Custo|Desconto|Comissao|Saldo|Receber|Pagar","PrimoAutoEletrica\Services\FinanceiroDatabaseService.cs","996","var valorTotal = DeterminarValorTotalOrdemServico(ordem);"
"Preco|Valor|Total|Custo|Desconto|Comissao|Saldo|Receber|Pagar","PrimoAutoEletrica\Services\FinanceiroDatabaseService.cs","997","if (valorTotal <= 0)"
"Preco|Valor|Total|Custo|Desconto|Comissao|Saldo|Receber|Pagar","PrimoAutoEletrica\Services\FinanceiroDatabaseService.cs","999","Logger.LogInfo($""OS '{ordem.Id}' concluida sem valor financeiro para integrar."");"
"Preco|Valor|Total|Custo|Desconto|Comissao|Saldo|Receber|Pagar","PrimoAutoEletrica\Services\FinanceiroDatabaseService.cs","1005","var observacoes = BuildObservacoesIntegracao(ordem, valorTotal);"
"Preco|Valor|Total|Custo|Desconto|Comissao|Saldo|Receber|Pagar","PrimoAutoEletrica\Services\FinanceiroDatabaseService.cs","1013","valorTotal,"
"Preco|Valor|Total|Custo|Desconto|Comissao|Saldo|Receber|Pagar","PrimoAutoEletrica\Services\FinanceiroDatabaseService.cs","1027","valorTotal,"
"Preco|Valor|Total|Custo|Desconto|Comissao|Saldo|Receber|Pagar","PrimoAutoEletrica\Services\FinanceiroDatabaseService.cs","1036","Logger.LogInfo($""OS '{ordem.Id}' integrada ao financeiro. Total={valorTotal:C}."");"
"Preco|Valor|Total|Custo|Desconto|Comissao|Saldo|Receber|Pagar","PrimoAutoEletrica\Services\FinanceiroDatabaseService.cs","1044","$""Numero={ordem.Numero}; Total={valorTotal:C}; Cliente={ordem.ClienteNomeSnapshot}"");"
"decimal","PrimoAutoEletrica\Services\FinanceiroDatabaseService.cs","1048","public void AdicionarMeta(string nome, decimal valorMeta, DateTime dataInicio, DateTime dataFim, string descricao = """")"
"Preco|Valor|Total|Custo|Desconto|Comissao|Saldo|Receber|Pagar","PrimoAutoEletrica\Services\FinanceiroDatabaseService.cs","1048","public void AdicionarMeta(string nome, decimal valorMeta, DateTime dataInicio, DateTime dataFim, string descricao = """")"
"Preco|Valor|Total|Custo|Desconto|Comissao|Saldo|Receber|Pagar","PrimoAutoEletrica\Services\FinanceiroDatabaseService.cs","1050","ValidarMeta(nome, valorMeta, dataInicio, dataFim);"
"Preco|Valor|Total|Custo|Desconto|Comissao|Saldo|Receber|Pagar","PrimoAutoEletrica\Services\FinanceiroDatabaseService.cs","1057","INSERT INTO MetasFinanceiras (Nome, ValorMeta, ValorAtual, DataInicio, DataFim, Status, Descricao)"
"Preco|Valor|Total|Custo|Desconto|Comissao|Saldo|Receber|Pagar","PrimoAutoEletrica\Services\FinanceiroDatabaseService.cs","1058","VALUES (@nome, @valorMeta, 0, @dataInicio, @dataFim, 'Em Andamento', @descricao)"";"
"Preco|Valor|Total|Custo|Desconto|Comissao|Saldo|Receber|Pagar","PrimoAutoEletrica\Services\FinanceiroDatabaseService.cs","1061","command.Parameters.AddWithValue(""@valorMeta"", valorMeta);"
"Preco|Valor|Total|Custo|Desconto|Comissao|Saldo|Receber|Pagar","PrimoAutoEletrica\Services\FinanceiroDatabaseService.cs","1085","ValorMeta = reader.GetDecimal(2),"
"Preco|Valor|Total|Custo|Desconto|Comissao|Saldo|Receber|Pagar","PrimoAutoEletrica\Services\FinanceiroDatabaseService.cs","1086","ValorAtual = reader.GetDecimal(3),"
"decimal","PrimoAutoEletrica\Services\FinanceiroDatabaseService.cs","1097","public (decimal entradas, decimal saidas, decimal saldo) ObterResumoFinanceiro(DateTime dataInicio, DateTime dataFim)"
"Preco|Valor|Total|Custo|Desconto|Comissao|Saldo|Receber|Pagar","PrimoAutoEletrica\Services\FinanceiroDatabaseService.cs","1097","public (decimal entradas, decimal saidas, decimal saldo) ObterResumoFinanceiro(DateTime dataInicio, DateTime dataFim)"
"decimal","PrimoAutoEletrica\Services\FinanceiroDatabaseService.cs","1102","decimal entradas = 0;"
"decimal","PrimoAutoEletrica\Services\FinanceiroDatabaseService.cs","1103","decimal saidas = 0;"
"Preco|Valor|Total|Custo|Desconto|Comissao|Saldo|Receber|Pagar","PrimoAutoEletrica\Services\FinanceiroDatabaseService.cs","1112","SELECT COALESCE(SUM(Valor), 0)"
"Preco|Valor|Total|Custo|Desconto|Comissao|Saldo|Receber|Pagar","PrimoAutoEletrica\Services\FinanceiroDatabaseService.cs","1126","SELECT COALESCE(SUM(Valor), 0)"
"Preco|Valor|Total|Custo|Desconto|Comissao|Saldo|Receber|Pagar","PrimoAutoEletrica\Services\FinanceiroDatabaseService.cs","1149","SELECT COALESCE(SUM(Valor), 0)"
"Preco|Valor|Total|Custo|Desconto|Comissao|Saldo|Receber|Pagar","PrimoAutoEletrica\Services\FinanceiroDatabaseService.cs","1159","SELECT COALESCE(SUM(Valor), 0)"
"Preco|Valor|Total|Custo|Desconto|Comissao|Saldo|Receber|Pagar","PrimoAutoEletrica\Services\FinanceiroDatabaseService.cs","1169","SELECT COALESCE(SUM(Valor), 0)"
"Preco|Valor|Total|Custo|Desconto|Comissao|Saldo|Receber|Pagar","PrimoAutoEletrica\Services\FinanceiroDatabaseService.cs","1201","LucroOrdensServico = ObterLucroPorOrdemServico(dataInicio, dataFim, 200).Sum(item => item.LucroBruto),"
"Preco|Valor|Total|Custo|Desconto|Comissao|Saldo|Receber|Pagar","PrimoAutoEletrica\Services\FinanceiroDatabaseService.cs","1202","LucroProdutos = ObterLucroPorProduto(dataInicio, dataFim, 200).Sum(item => item.LucroBruto),"
"Preco|Valor|Total|Custo|Desconto|Comissao|Saldo|Receber|Pagar","PrimoAutoEletrica\Services\FinanceiroDatabaseService.cs","1203","LucroServicos = ObterLucroPorServico(dataInicio, dataFim, 200).Sum(item => item.LucroBruto),"
"Preco|Valor|Total|Custo|Desconto|Comissao|Saldo|Receber|Pagar","PrimoAutoEletrica\Services\FinanceiroDatabaseService.cs","1204","DespesasFixas = despesas.Where(item => item.Tipo.Contains(""fix"", StringComparison.OrdinalIgnoreCase)).Sum(item => item.Valor),"
"Preco|Valor|Total|Custo|Desconto|Comissao|Saldo|Receber|Pagar","PrimoAutoEletrica\Services\FinanceiroDatabaseService.cs","1205","DespesasVariaveis = despesas.Where(item => item.Tipo.Contains(""vari"", StringComparison.OrdinalIgnoreCase)).Sum(item => item.Valor),"
"Preco|Valor|Total|Custo|Desconto|Comissao|Saldo|Receber|Pagar","PrimoAutoEletrica\Services\FinanceiroDatabaseService.cs","1206","RecebimentosPorForma = recebimentos.Sum(item => item.Valor),"
"Preco|Valor|Total|Custo|Desconto|Comissao|Saldo|Receber|Pagar","PrimoAutoEletrica\Services\FinanceiroDatabaseService.cs","1207","SaldoCaixaOperadores = caixaPorOperador.Sum(item => item.Saldo),"
"Preco|Valor|Total|Custo|Desconto|Comissao|Saldo|Receber|Pagar","PrimoAutoEletrica\Services\FinanceiroDatabaseService.cs","1212","public List<LucroFinanceiroItem> ObterLucroPorOrdemServico(DateTime dataInicio, DateTime dataFim, int limit = 20)"
"Preco|Valor|Total|Custo|Desconto|Comissao|Saldo|Receber|Pagar","PrimoAutoEletrica\Services\FinanceiroDatabaseService.cs","1214","var itens = new List<LucroFinanceiroItem>();"
"Preco|Valor|Total|Custo|Desconto|Comissao|Saldo|Receber|Pagar","PrimoAutoEletrica\Services\FinanceiroDatabaseService.cs","1232","COALESCE(SUM(COALESCE(i.Quantidade, 0) * COALESCE(i.ValorUnitario, 0)), 0) - COALESCE(os.Desconto, 0) AS Receita,"
"Preco|Valor|Total|Custo|Desconto|Comissao|Saldo|Receber|Pagar","PrimoAutoEletrica\Services\FinanceiroDatabaseService.cs","1233","COALESCE(SUM(COALESCE(i.Quantidade, 0) * COALESCE(i.CustoUnitario, 0)), 0) AS Custo,"
"Preco|Valor|Total|Custo|Desconto|Comissao|Saldo|Receber|Pagar","PrimoAutoEletrica\Services\FinanceiroDatabaseService.cs","1240","GROUP BY os.Id, os.Numero, os.ClienteNomeSnapshot, {dataReferenciaExpression}, os.Desconto"
"Preco|Valor|Total|Custo|Desconto|Comissao|Saldo|Receber|Pagar","PrimoAutoEletrica\Services\FinanceiroDatabaseService.cs","1241","HAVING (COALESCE(SUM(COALESCE(i.Quantidade, 0) * COALESCE(i.ValorUnitario, 0)), 0) - COALESCE(os.Desconto, 0)) > 0"
"Preco|Valor|Total|Custo|Desconto|Comissao|Saldo|Receber|Pagar","PrimoAutoEletrica\Services\FinanceiroDatabaseService.cs","1242","OR COALESCE(SUM(COALESCE(i.Quantidade, 0) * COALESCE(i.CustoUnitario, 0)), 0) > 0"
"Preco|Valor|Total|Custo|Desconto|Comissao|Saldo|Receber|Pagar","PrimoAutoEletrica\Services\FinanceiroDatabaseService.cs","1243","ORDER BY ((COALESCE(SUM(COALESCE(i.Quantidade, 0) * COALESCE(i.ValorUnitario, 0)), 0) - COALESCE(os.Desconto, 0)) -"
"Preco|Valor|Total|Custo|Desconto|Comissao|Saldo|Receber|Pagar","PrimoAutoEletrica\Services\FinanceiroDatabaseService.cs","1244","COALESCE(SUM(COALESCE(i.Quantidade, 0) * COALESCE(i.CustoUnitario, 0)), 0)) DESC"
"Preco|Valor|Total|Custo|Desconto|Comissao|Saldo|Receber|Pagar","PrimoAutoEletrica\Services\FinanceiroDatabaseService.cs","1254","var custo = ReadDecimal(reader, 5);"
"Preco|Valor|Total|Custo|Desconto|Comissao|Saldo|Receber|Pagar","PrimoAutoEletrica\Services\FinanceiroDatabaseService.cs","1262","custo,"
"Preco|Valor|Total|Custo|Desconto|Comissao|Saldo|Receber|Pagar","PrimoAutoEletrica\Services\FinanceiroDatabaseService.cs","1270","public List<LucroFinanceiroItem> ObterLucroPorProduto(DateTime dataInicio, DateTime dataFim, int limit = 20)"
"Preco|Valor|Total|Custo|Desconto|Comissao|Saldo|Receber|Pagar","PrimoAutoEletrica\Services\FinanceiroDatabaseService.cs","1275","public List<LucroFinanceiroItem> ObterLucroPorServico(DateTime dataInicio, DateTime dataFim, int limit = 20)"
"Preco|Valor|Total|Custo|Desconto|Comissao|Saldo|Receber|Pagar","PrimoAutoEletrica\Services\FinanceiroDatabaseService.cs","1287","Descricao = ""Aluguel, folha, contas recorrentes, assinaturas e custos estruturais."""
"Preco|Valor|Total|Custo|Desconto|Comissao|Saldo|Receber|Pagar","PrimoAutoEletrica\Services\FinanceiroDatabaseService.cs","1292","Descricao = ""Compras, pecas, comissoes, taxas e custos ligados ao volume operacional."""
"Preco|Valor|Total|Custo|Desconto|Comissao|Saldo|Receber|Pagar","PrimoAutoEletrica\Services\FinanceiroDatabaseService.cs","1307","SELECT COALESCE(Categoria, ''), COALESCE(Descricao, ''), COALESCE(Valor, 0)"
"Preco|Valor|Total|Custo|Desconto|Comissao|Saldo|Receber|Pagar","PrimoAutoEletrica\Services\FinanceiroDatabaseService.cs","1322","despesas[chave].Valor += ReadDecimal(reader, 2);"
"Preco|Valor|Total|Custo|Desconto|Comissao|Saldo|Receber|Pagar","PrimoAutoEletrica\Services\FinanceiroDatabaseService.cs","1326","var total = despesas.Values.Sum(item => item.Valor);"
"Preco|Valor|Total|Custo|Desconto|Comissao|Saldo|Receber|Pagar","PrimoAutoEletrica\Services\FinanceiroDatabaseService.cs","1329","item.Percentual = total > 0 ? item.Valor / total * 100m : 0m;"
"Preco|Valor|Total|Custo|Desconto|Comissao|Saldo|Receber|Pagar","PrimoAutoEletrica\Services\FinanceiroDatabaseService.cs","1333",".OrderByDescending(item => item.Valor)"
"Preco|Valor|Total|Custo|Desconto|Comissao|Saldo|Receber|Pagar","PrimoAutoEletrica\Services\FinanceiroDatabaseService.cs","1354","COALESCE(SUM(Valor), 0) AS Valor"
"Preco|Valor|Total|Custo|Desconto|Comissao|Saldo|Receber|Pagar","PrimoAutoEletrica\Services\FinanceiroDatabaseService.cs","1359","ORDER BY Valor DESC, FormaPagamento;"";"
"Preco|Valor|Total|Custo|Desconto|Comissao|Saldo|Receber|Pagar","PrimoAutoEletrica\Services\FinanceiroDatabaseService.cs","1370","Valor = ReadDecimal(reader, 2)"
"Preco|Valor|Total|Custo|Desconto|Comissao|Saldo|Receber|Pagar","PrimoAutoEletrica\Services\FinanceiroDatabaseService.cs","1374","var total = recebimentos.Sum(item => item.Valor);"
"Preco|Valor|Total|Custo|Desconto|Comissao|Saldo|Receber|Pagar","PrimoAutoEletrica\Services\FinanceiroDatabaseService.cs","1377","item.Percentual = total > 0 ? item.Valor / total * 100m : 0m;"
"Preco|Valor|Total|Custo|Desconto|Comissao|Saldo|Receber|Pagar","PrimoAutoEletrica\Services\FinanceiroDatabaseService.cs","1398","COALESCE(SUM(COALESCE(Diferenca, 0)), 0) AS Saldo,"
"Preco|Valor|Total|Custo|Desconto|Comissao|Saldo|Receber|Pagar","PrimoAutoEletrica\Services\FinanceiroDatabaseService.cs","1399","COALESCE(SUM(CASE WHEN COALESCE(Tipo, '') = 'Venda' THEN COALESCE(ValorMovimento, 0) ELSE 0 END), 0) AS TotalVendas,"
"Preco|Valor|Total|Custo|Desconto|Comissao|Saldo|Receber|Pagar","PrimoAutoEletrica\Services\FinanceiroDatabaseService.cs","1404","ORDER BY Saldo DESC, Operador"
"Preco|Valor|Total|Custo|Desconto|Comissao|Saldo|Receber|Pagar","PrimoAutoEletrica\Services\FinanceiroDatabaseService.cs","1419","Saldo = ReadDecimal(reader, 4),"
"Preco|Valor|Total|Custo|Desconto|Comissao|Saldo|Receber|Pagar","PrimoAutoEletrica\Services\FinanceiroDatabaseService.cs","1420","TotalVendas = ReadDecimal(reader, 5),"
"Preco|Valor|Total|Custo|Desconto|Comissao|Saldo|Receber|Pagar","PrimoAutoEletrica\Services\FinanceiroDatabaseService.cs","1439","COALESCE(SUM(CASE WHEN COALESCE(Tipo, '') IN ('Entrada', 'Receita') THEN Valor ELSE 0 END), 0) AS Entradas,"
"Preco|Valor|Total|Custo|Desconto|Comissao|Saldo|Receber|Pagar","PrimoAutoEletrica\Services\FinanceiroDatabaseService.cs","1440","COALESCE(SUM(CASE WHEN COALESCE(Tipo, '') IN ('Saida', 'Saída', 'SaÃ­da', 'Despesa') THEN Valor ELSE 0 END), 0) AS Saidas"
"Preco|Valor|Total|Custo|Desconto|Comissao|Saldo|Receber|Pagar","PrimoAutoEletrica\Services\FinanceiroDatabaseService.cs","1457","Saldo = entradas - saidas"
"Preco|Valor|Total|Custo|Desconto|Comissao|Saldo|Receber|Pagar","PrimoAutoEletrica\Services\FinanceiroDatabaseService.cs","1480","COALESCE(SUM(CASE WHEN COALESCE(Tipo, '') IN ('Entrada', 'Receita') THEN Valor ELSE 0 END), 0) AS Receitas,"
"Preco|Valor|Total|Custo|Desconto|Comissao|Saldo|Receber|Pagar","PrimoAutoEletrica\Services\FinanceiroDatabaseService.cs","1481","COALESCE(SUM(CASE WHEN COALESCE(Tipo, '') IN ('Saida', 'Saída', 'SaÃ­da', 'Despesa') THEN Valor ELSE 0 END), 0) AS Despesas"
"Preco|Valor|Total|Custo|Desconto|Comissao|Saldo|Receber|Pagar","PrimoAutoEletrica\Services\FinanceiroDatabaseService.cs","1507","private List<LucroFinanceiroItem> ObterLucroPorTipoItem(DateTime dataInicio, DateTime dataFim, string tipoItem, int limit)"
"Preco|Valor|Total|Custo|Desconto|Comissao|Saldo|Receber|Pagar","PrimoAutoEletrica\Services\FinanceiroDatabaseService.cs","1509","var itens = new List<LucroFinanceiroItem>();"
"Preco|Valor|Total|Custo|Desconto|Comissao|Saldo|Receber|Pagar","PrimoAutoEletrica\Services\FinanceiroDatabaseService.cs","1541","WHEN COALESCE(vi.Subtotal, 0) > 0 THEN COALESCE(vi.Subtotal, 0)"
"Preco|Valor|Total|Custo|Desconto|Comissao|Saldo|Receber|Pagar","PrimoAutoEletrica\Services\FinanceiroDatabaseService.cs","1542","ELSE (COALESCE(vi.Quantidade, 0) * COALESCE(vi.PrecoUnitario, 0)) - COALESCE(vi.Desconto, 0)"
"Preco|Valor|Total|Custo|Desconto|Comissao|Saldo|Receber|Pagar","PrimoAutoEletrica\Services\FinanceiroDatabaseService.cs","1544","COALESCE(vi.Quantidade, 0) * COALESCE(vi.CustoUnitario, 0) AS Custo,"
"Preco|Valor|Total|Custo|Desconto|Comissao|Saldo|Receber|Pagar","PrimoAutoEletrica\Services\FinanceiroDatabaseService.cs","1568","COALESCE(i.Quantidade, 0) * COALESCE(i.ValorUnitario, 0) AS Receita,"
"Preco|Valor|Total|Custo|Desconto|Comissao|Saldo|Receber|Pagar","PrimoAutoEletrica\Services\FinanceiroDatabaseService.cs","1569","COALESCE(i.Quantidade, 0) * COALESCE(i.CustoUnitario, 0) AS Custo,"
"Preco|Valor|Total|Custo|Desconto|Comissao|Saldo|Receber|Pagar","PrimoAutoEletrica\Services\FinanceiroDatabaseService.cs","1593","COALESCE(SUM(Custo), 0) AS Custo,"
"Preco|Valor|Total|Custo|Desconto|Comissao|Saldo|Receber|Pagar","PrimoAutoEletrica\Services\FinanceiroDatabaseService.cs","1598","HAVING COALESCE(SUM(Receita), 0) > 0 OR COALESCE(SUM(Custo), 0) > 0"
"Preco|Valor|Total|Custo|Desconto|Comissao|Saldo|Receber|Pagar","PrimoAutoEletrica\Services\FinanceiroDatabaseService.cs","1599","ORDER BY (COALESCE(SUM(Receita), 0) - COALESCE(SUM(Custo), 0)) DESC,"
"Preco|Valor|Total|Custo|Desconto|Comissao|Saldo|Receber|Pagar","PrimoAutoEletrica\Services\FinanceiroDatabaseService.cs","1610","var custo = ReadDecimal(reader, 5);"
"Preco|Valor|Total|Custo|Desconto|Comissao|Saldo|Receber|Pagar","PrimoAutoEletrica\Services\FinanceiroDatabaseService.cs","1617","custo,"
"decimal","PrimoAutoEletrica\Services\FinanceiroDatabaseService.cs","1629","out (decimal entradas, decimal saidas, decimal saldo) resumo)"
"Preco|Valor|Total|Custo|Desconto|Comissao|Saldo|Receber|Pagar","PrimoAutoEletrica\Services\FinanceiroDatabaseService.cs","1629","out (decimal entradas, decimal saidas, decimal saldo) resumo)"
"Preco|Valor|Total|Custo|Desconto|Comissao|Saldo|Receber|Pagar","PrimoAutoEletrica\Services\FinanceiroDatabaseService.cs","1635","SELECT COALESCE(SUM(Valor), 0)"
"decimal","PrimoAutoEletrica\Services\FinanceiroDatabaseService.cs","1642","decimal entradas = 0m;"
"Preco|Valor|Total|Custo|Desconto|Comissao|Saldo|Receber|Pagar","PrimoAutoEletrica\Services\FinanceiroDatabaseService.cs","1653","SELECT COALESCE(SUM(Valor), 0)"
"decimal","PrimoAutoEletrica\Services\FinanceiroDatabaseService.cs","1660","decimal saidas = 0m;"
"decimal","PrimoAutoEletrica\Services\FinanceiroDatabaseService.cs","1673","private static void ValidarContaPagar(string fornecedor, string descricao, decimal valor, DateTime dataVencimento)"
"Preco|Valor|Total|Custo|Desconto|Comissao|Saldo|Receber|Pagar","PrimoAutoEletrica\Services\FinanceiroDatabaseService.cs","1673","private static void ValidarContaPagar(string fornecedor, string descricao, decimal valor, DateTime dataVencimento)"
"Preco|Valor|Total|Custo|Desconto|Comissao|Saldo|Receber|Pagar","PrimoAutoEletrica\Services\FinanceiroDatabaseService.cs","1676","ComercialValidationHelper.GarantirTextoObrigatorio(descricao, ""a descricao da conta a pagar"");"
"Preco|Valor|Total|Custo|Desconto|Comissao|Saldo|Receber|Pagar","PrimoAutoEletrica\Services\FinanceiroDatabaseService.cs","1677","ComercialValidationHelper.GarantirValorMaiorQueZero(valor, ""o valor da conta a pagar"");"
"decimal","PrimoAutoEletrica\Services\FinanceiroDatabaseService.cs","1680","private static void ValidarContaReceber(string cliente, string descricao, decimal valor, DateTime dataVencimento, DateTime? dataPagamento, string status)"
"Preco|Valor|Total|Custo|Desconto|Comissao|Saldo|Receber|Pagar","PrimoAutoEletrica\Services\FinanceiroDatabaseService.cs","1680","private static void ValidarContaReceber(string cliente, string descricao, decimal valor, DateTime dataVencimento, DateTime? dataPagamento, string status)"
"Preco|Valor|Total|Custo|Desconto|Comissao|Saldo|Receber|Pagar","PrimoAutoEletrica\Services\FinanceiroDatabaseService.cs","1683","ComercialValidationHelper.GarantirTextoObrigatorio(descricao, ""a descricao da conta a receber"");"
"Preco|Valor|Total|Custo|Desconto|Comissao|Saldo|Receber|Pagar","PrimoAutoEletrica\Services\FinanceiroDatabaseService.cs","1684","ComercialValidationHelper.GarantirValorMaiorQueZero(valor, ""o valor da conta a receber"");"
"Preco|Valor|Total|Custo|Desconto|Comissao|Saldo|Receber|Pagar","PrimoAutoEletrica\Services\FinanceiroDatabaseService.cs","1694","throw new InvalidOperationException(""Informe um status financeiro valido para a conta a receber."");"
"decimal","PrimoAutoEletrica\Services\FinanceiroDatabaseService.cs","1699","private static void ValidarMovimentacao(string tipo, string descricao, decimal valor, DateTime data)"
"Preco|Valor|Total|Custo|Desconto|Comissao|Saldo|Receber|Pagar","PrimoAutoEletrica\Services\FinanceiroDatabaseService.cs","1699","private static void ValidarMovimentacao(string tipo, string descricao, decimal valor, DateTime data)"
"Preco|Valor|Total|Custo|Desconto|Comissao|Saldo|Receber|Pagar","PrimoAutoEletrica\Services\FinanceiroDatabaseService.cs","1703","ComercialValidationHelper.GarantirValorMaiorQueZero(valor, ""o valor da movimentacao"");"
"decimal","PrimoAutoEletrica\Services\FinanceiroDatabaseService.cs","1711","private static void ValidarMeta(string nome, decimal valorMeta, DateTime dataInicio, DateTime dataFim)"
"Preco|Valor|Total|Custo|Desconto|Comissao|Saldo|Receber|Pagar","PrimoAutoEletrica\Services\FinanceiroDatabaseService.cs","1711","private static void ValidarMeta(string nome, decimal valorMeta, DateTime dataInicio, DateTime dataFim)"
"Preco|Valor|Total|Custo|Desconto|Comissao|Saldo|Receber|Pagar","PrimoAutoEletrica\Services\FinanceiroDatabaseService.cs","1714","ComercialValidationHelper.GarantirValorMaiorQueZero(valorMeta, ""o valor da meta"");"
"decimal","PrimoAutoEletrica\Services\FinanceiroDatabaseService.cs","1723","decimal valor,"
"Preco|Valor|Total|Custo|Desconto|Comissao|Saldo|Receber|Pagar","PrimoAutoEletrica\Services\FinanceiroDatabaseService.cs","1723","decimal valor,"
"Preco|Valor|Total|Custo|Desconto|Comissao|Saldo|Receber|Pagar","PrimoAutoEletrica\Services\FinanceiroDatabaseService.cs","1740","Valor,"
"Preco|Valor|Total|Custo|Desconto|Comissao|Saldo|Receber|Pagar","PrimoAutoEletrica\Services\FinanceiroDatabaseService.cs","1755","@valor,"
"Preco|Valor|Total|Custo|Desconto|Comissao|Saldo|Receber|Pagar","PrimoAutoEletrica\Services\FinanceiroDatabaseService.cs","1769","command.Parameters.AddWithValue(""@valor"", valor);"
"decimal","PrimoAutoEletrica\Services\FinanceiroDatabaseService.cs","1817","decimal valor,"
"Preco|Valor|Total|Custo|Desconto|Comissao|Saldo|Receber|Pagar","PrimoAutoEletrica\Services\FinanceiroDatabaseService.cs","1817","decimal valor,"
"Preco|Valor|Total|Custo|Desconto|Comissao|Saldo|Receber|Pagar","PrimoAutoEletrica\Services\FinanceiroDatabaseService.cs","1831","Valor,"
"Preco|Valor|Total|Custo|Desconto|Comissao|Saldo|Receber|Pagar","PrimoAutoEletrica\Services\FinanceiroDatabaseService.cs","1844","@valor,"
"Preco|Valor|Total|Custo|Desconto|Comissao|Saldo|Receber|Pagar","PrimoAutoEletrica\Services\FinanceiroDatabaseService.cs","1856","command.Parameters.AddWithValue(""@valor"", valor);"
"decimal","PrimoAutoEletrica\Services\FinanceiroDatabaseService.cs","1872","decimal valor,"
"Preco|Valor|Total|Custo|Desconto|Comissao|Saldo|Receber|Pagar","PrimoAutoEletrica\Services\FinanceiroDatabaseService.cs","1872","decimal valor,"
"Preco|Valor|Total|Custo|Desconto|Comissao|Saldo|Receber|Pagar","PrimoAutoEletrica\Services\FinanceiroDatabaseService.cs","1884","Valor = @valor,"
"Preco|Valor|Total|Custo|Desconto|Comissao|Saldo|Receber|Pagar","PrimoAutoEletrica\Services\FinanceiroDatabaseService.cs","1892","command.Parameters.AddWithValue(""@valor"", valor);"
"decimal","PrimoAutoEletrica\Services\FinanceiroDatabaseService.cs","1906","decimal valor,"
"Preco|Valor|Total|Custo|Desconto|Comissao|Saldo|Receber|Pagar","PrimoAutoEletrica\Services\FinanceiroDatabaseService.cs","1906","decimal valor,"
"Preco|Valor|Total|Custo|Desconto|Comissao|Saldo|Receber|Pagar","PrimoAutoEletrica\Services\FinanceiroDatabaseService.cs","1920","Valor = @valor,"
"Preco|Valor|Total|Custo|Desconto|Comissao|Saldo|Receber|Pagar","PrimoAutoEletrica\Services\FinanceiroDatabaseService.cs","1930","command.Parameters.AddWithValue(""@valor"", valor);"
"decimal","PrimoAutoEletrica\Services\FinanceiroDatabaseService.cs","1945","decimal valor,"
"Preco|Valor|Total|Custo|Desconto|Comissao|Saldo|Receber|Pagar","PrimoAutoEletrica\Services\FinanceiroDatabaseService.cs","1945","decimal valor,"
"Preco|Valor|Total|Custo|Desconto|Comissao|Saldo|Receber|Pagar","PrimoAutoEletrica\Services\FinanceiroDatabaseService.cs","1961","Valor,"
"Preco|Valor|Total|Custo|Desconto|Comissao|Saldo|Receber|Pagar","PrimoAutoEletrica\Services\FinanceiroDatabaseService.cs","1975","@valor,"
"Preco|Valor|Total|Custo|Desconto|Comissao|Saldo|Receber|Pagar","PrimoAutoEletrica\Services\FinanceiroDatabaseService.cs","1988","command.Parameters.AddWithValue(""@valor"", valor);"
"decimal","PrimoAutoEletrica\Services\FinanceiroDatabaseService.cs","2006","decimal valor,"
"Preco|Valor|Total|Custo|Desconto|Comissao|Saldo|Receber|Pagar","PrimoAutoEletrica\Services\FinanceiroDatabaseService.cs","2006","decimal valor,"
"Preco|Valor|Total|Custo|Desconto|Comissao|Saldo|Receber|Pagar","PrimoAutoEletrica\Services\FinanceiroDatabaseService.cs","2020","Valor = @valor,"
"Preco|Valor|Total|Custo|Desconto|Comissao|Saldo|Receber|Pagar","PrimoAutoEletrica\Services\FinanceiroDatabaseService.cs","2030","command.Parameters.AddWithValue(""@valor"", valor);"
"decimal","PrimoAutoEletrica\Services\FinanceiroDatabaseService.cs","2102","decimal valor,"
"Preco|Valor|Total|Custo|Desconto|Comissao|Saldo|Receber|Pagar","PrimoAutoEletrica\Services\FinanceiroDatabaseService.cs","2102","decimal valor,"
"Preco|Valor|Total|Custo|Desconto|Comissao|Saldo|Receber|Pagar","PrimoAutoEletrica\Services\FinanceiroDatabaseService.cs","2118","valor,"
"Preco|Valor|Total|Custo|Desconto|Comissao|Saldo|Receber|Pagar","PrimoAutoEletrica\Services\FinanceiroDatabaseService.cs","2130","valor,"
"decimal","PrimoAutoEletrica\Services\FinanceiroDatabaseService.cs","2150","decimal valor,"
"Preco|Valor|Total|Custo|Desconto|Comissao|Saldo|Receber|Pagar","PrimoAutoEletrica\Services\FinanceiroDatabaseService.cs","2150","decimal valor,"
"Preco|Valor|Total|Custo|Desconto|Comissao|Saldo|Receber|Pagar","PrimoAutoEletrica\Services\FinanceiroDatabaseService.cs","2168","valor,"
"Preco|Valor|Total|Custo|Desconto|Comissao|Saldo|Receber|Pagar","PrimoAutoEletrica\Services\FinanceiroDatabaseService.cs","2182","valor,"
"decimal","PrimoAutoEletrica\Services\FinanceiroDatabaseService.cs","2197","decimal valor,"
"Preco|Valor|Total|Custo|Desconto|Comissao|Saldo|Receber|Pagar","PrimoAutoEletrica\Services\FinanceiroDatabaseService.cs","2197","decimal valor,"
"Preco|Valor|Total|Custo|Desconto|Comissao|Saldo|Receber|Pagar","PrimoAutoEletrica\Services\FinanceiroDatabaseService.cs","2215","valor,"
"Preco|Valor|Total|Custo|Desconto|Comissao|Saldo|Receber|Pagar","PrimoAutoEletrica\Services\FinanceiroDatabaseService.cs","2229","valor,"
"decimal","PrimoAutoEletrica\Services\FinanceiroDatabaseService.cs","2239","private static decimal DeterminarValorServicoAgendamento(Agendamento agendamento)"
"Preco|Valor|Total|Custo|Desconto|Comissao|Saldo|Receber|Pagar","PrimoAutoEletrica\Services\FinanceiroDatabaseService.cs","2241","if (agendamento.ValorReal > 0)"
"Preco|Valor|Total|Custo|Desconto|Comissao|Saldo|Receber|Pagar","PrimoAutoEletrica\Services\FinanceiroDatabaseService.cs","2243","return agendamento.ValorReal;"
"Preco|Valor|Total|Custo|Desconto|Comissao|Saldo|Receber|Pagar","PrimoAutoEletrica\Services\FinanceiroDatabaseService.cs","2246","if (agendamento.ValorServicos > 0 || agendamento.ValorProdutos > 0)"
"Preco|Valor|Total|Custo|Desconto|Comissao|Saldo|Receber|Pagar","PrimoAutoEletrica\Services\FinanceiroDatabaseService.cs","2248","return agendamento.ValorServicos + agendamento.ValorProdutos;"
"Preco|Valor|Total|Custo|Desconto|Comissao|Saldo|Receber|Pagar","PrimoAutoEletrica\Services\FinanceiroDatabaseService.cs","2251","return agendamento.ValorEstimado;"
"decimal","PrimoAutoEletrica\Services\FinanceiroDatabaseService.cs","2254","private static decimal DeterminarValorTotalOrdemServico(OrdemServico ordem)"
"Preco|Valor|Total|Custo|Desconto|Comissao|Saldo|Receber|Pagar","PrimoAutoEletrica\Services\FinanceiroDatabaseService.cs","2256","var totalItens = ordem.Itens?.Sum(i => Math.Max(0m, i.Total)) ?? 0m;"
"Preco|Valor|Total|Custo|Desconto|Comissao|Saldo|Receber|Pagar","PrimoAutoEletrica\Services\FinanceiroDatabaseService.cs","2257","if (totalItens <= 0 && ordem.ValorMaoObra > 0)"
"Preco|Valor|Total|Custo|Desconto|Comissao|Saldo|Receber|Pagar","PrimoAutoEletrica\Services\FinanceiroDatabaseService.cs","2259","totalItens = ordem.ValorMaoObra;"
"Preco|Valor|Total|Custo|Desconto|Comissao|Saldo|Receber|Pagar","PrimoAutoEletrica\Services\FinanceiroDatabaseService.cs","2262","return Math.Max(0m, totalItens - ordem.Desconto);"
"decimal","PrimoAutoEletrica\Services\FinanceiroDatabaseService.cs","2282","private static string BuildObservacoesIntegracao(OrdemServico ordem, decimal valorTotal)"
"Preco|Valor|Total|Custo|Desconto|Comissao|Saldo|Receber|Pagar","PrimoAutoEletrica\Services\FinanceiroDatabaseService.cs","2282","private static string BuildObservacoesIntegracao(OrdemServico ordem, decimal valorTotal)"
"Preco|Valor|Total|Custo|Desconto|Comissao|Saldo|Receber|Pagar","PrimoAutoEletrica\Services\FinanceiroDatabaseService.cs","2284","return $""OS={ordem.Numero}; Cliente={ordem.ClienteNomeSnapshot}; Total={valorTotal:C}; Origem={ordem.Origem}"";"
"decimal","PrimoAutoEletrica\Services\FinanceiroDatabaseService.cs","2287","private static string BuildObservacoesIntegracao(Orcamento orcamento, decimal valorTotal, bool pagamentoImediato)"
"Preco|Valor|Total|Custo|Desconto|Comissao|Saldo|Receber|Pagar","PrimoAutoEletrica\Services\FinanceiroDatabaseService.cs","2287","private static string BuildObservacoesIntegracao(Orcamento orcamento, decimal valorTotal, bool pagamentoImediato)"
"Preco|Valor|Total|Custo|Desconto|Comissao|Saldo|Receber|Pagar","PrimoAutoEletrica\Services\FinanceiroDatabaseService.cs","2289","return $""Orcamento={orcamento.Numero}; Cliente={orcamento.Cliente?.Nome ?? ""Nao informado""}; Total={valorTotal:C}; Status={orcamento.Status}; PagamentoImediato="
"decimal","PrimoAutoEletrica\Services\FinanceiroDatabaseService.cs","2292","private static decimal CalcularValorRecebidoAgendamento(Agendamento agendamento, decimal valorServico)"
"Preco|Valor|Total|Custo|Desconto|Comissao|Saldo|Receber|Pagar","PrimoAutoEletrica\Services\FinanceiroDatabaseService.cs","2292","private static decimal CalcularValorRecebidoAgendamento(Agendamento agendamento, decimal valorServico)"
"Preco|Valor|Total|Custo|Desconto|Comissao|Saldo|Receber|Pagar","PrimoAutoEletrica\Services\FinanceiroDatabaseService.cs","2294","if (agendamento.ValorPago > 0)"
"Preco|Valor|Total|Custo|Desconto|Comissao|Saldo|Receber|Pagar","PrimoAutoEletrica\Services\FinanceiroDatabaseService.cs","2296","return Math.Min(valorServico, agendamento.ValorPago);"
"Preco|Valor|Total|Custo|Desconto|Comissao|Saldo|Receber|Pagar","PrimoAutoEletrica\Services\FinanceiroDatabaseService.cs","2299","return agendamento.Pago ? valorServico : 0m;"
"decimal","PrimoAutoEletrica\Services\FinanceiroDatabaseService.cs","2330","private static string BuildObservacoesIntegracao(Agendamento agendamento, decimal valorTotal, decimal valorRecebido, decimal valorEmAberto)"
"Preco|Valor|Total|Custo|Desconto|Comissao|Saldo|Receber|Pagar","PrimoAutoEletrica\Services\FinanceiroDatabaseService.cs","2330","private static string BuildObservacoesIntegracao(Agendamento agendamento, decimal valorTotal, decimal valorRecebido, decimal valorEmAberto)"
"Preco|Valor|Total|Custo|Desconto|Comissao|Saldo|Receber|Pagar","PrimoAutoEletrica\Services\FinanceiroDatabaseService.cs","2335","$""Valor total: {valorTotal.ToString(""C"", CultureInfo.GetCultureInfo(""pt-BR""))}."""
"Preco|Valor|Total|Custo|Desconto|Comissao|Saldo|Receber|Pagar","PrimoAutoEletrica\Services\FinanceiroDatabaseService.cs","2338","if (valorRecebido > 0)"
"Preco|Valor|Total|Custo|Desconto|Comissao|Saldo|Receber|Pagar","PrimoAutoEletrica\Services\FinanceiroDatabaseService.cs","2340","observacoes.Add($""Valor recebido: {valorRecebido.ToString(""C"", CultureInfo.GetCultureInfo(""pt-BR""))}."");"
"Preco|Valor|Total|Custo|Desconto|Comissao|Saldo|Receber|Pagar","PrimoAutoEletrica\Services\FinanceiroDatabaseService.cs","2343","if (valorEmAberto > 0)"
"Preco|Valor|Total|Custo|Desconto|Comissao|Saldo|Receber|Pagar","PrimoAutoEletrica\Services\FinanceiroDatabaseService.cs","2345","observacoes.Add($""Saldo em aberto: {valorEmAberto.ToString(""C"", CultureInfo.GetCultureInfo(""pt-BR""))}."");"
"Preco|Valor|Total|Custo|Desconto|Comissao|Saldo|Receber|Pagar","PrimoAutoEletrica\Services\FinanceiroDatabaseService.cs","2356","private static LucroFinanceiroItem CriarLucroFinanceiroItem("
"decimal","PrimoAutoEletrica\Services\FinanceiroDatabaseService.cs","2360","decimal quantidade,"
"decimal","PrimoAutoEletrica\Services\FinanceiroDatabaseService.cs","2361","decimal receita,"
"decimal","PrimoAutoEletrica\Services\FinanceiroDatabaseService.cs","2362","decimal custo,"
"Preco|Valor|Total|Custo|Desconto|Comissao|Saldo|Receber|Pagar","PrimoAutoEletrica\Services\FinanceiroDatabaseService.cs","2362","decimal custo,"
"Preco|Valor|Total|Custo|Desconto|Comissao|Saldo|Receber|Pagar","PrimoAutoEletrica\Services\FinanceiroDatabaseService.cs","2366","var lucro = receita - custo;"
"Preco|Valor|Total|Custo|Desconto|Comissao|Saldo|Receber|Pagar","PrimoAutoEletrica\Services\FinanceiroDatabaseService.cs","2367","return new LucroFinanceiroItem"
"Preco|Valor|Total|Custo|Desconto|Comissao|Saldo|Receber|Pagar","PrimoAutoEletrica\Services\FinanceiroDatabaseService.cs","2374","Custo = custo,"
"Preco|Valor|Total|Custo|Desconto|Comissao|Saldo|Receber|Pagar","PrimoAutoEletrica\Services\FinanceiroDatabaseService.cs","2375","LucroBruto = lucro,"
"Preco|Valor|Total|Custo|Desconto|Comissao|Saldo|Receber|Pagar","PrimoAutoEletrica\Services\FinanceiroDatabaseService.cs","2376","MargemPercentual = receita > 0 ? lucro / receita * 100m : 0m,"
"decimal","PrimoAutoEletrica\Services\FinanceiroDatabaseService.cs","2475","private static decimal ReadDecimal(DbDataReader reader, int ordinal)"
"decimal","PrimoAutoEletrica\Services\FinanceiroDatabaseService.cs","2483","if (value is decimal decimalValue)"
"double","PrimoAutoEletrica\Services\FinanceiroDatabaseService.cs","2488","if (value is double doubleValue)"
"float","PrimoAutoEletrica\Services\FinanceiroDatabaseService.cs","2493","if (value is float floatValue)"
"decimal","PrimoAutoEletrica\Services\FinanceiroDatabaseService.cs","2509","if (decimal.TryParse(text, NumberStyles.Any, CultureInfo.InvariantCulture, out var parsedInvariant))"
"decimal","PrimoAutoEletrica\Services\FinanceiroDatabaseService.cs","2514","return decimal.TryParse(text, NumberStyles.Any, CultureInfo.CurrentCulture, out var parsedCurrent)"
"Preco|Valor|Total|Custo|Desconto|Comissao|Saldo|Receber|Pagar","PrimoAutoEletrica\Services\FinanceiroDatabaseService.cs","2554","SELECT TOP (1) Id, Fornecedor, Descricao, Valor, DataVencimento, DataPagamento,"
"Preco|Valor|Total|Custo|Desconto|Comissao|Saldo|Receber|Pagar","PrimoAutoEletrica\Services\FinanceiroDatabaseService.cs","2559","SELECT Id, Fornecedor, Descricao, Valor, DataVencimento, DataPagamento,"
"Preco|Valor|Total|Custo|Desconto|Comissao|Saldo|Receber|Pagar","PrimoAutoEletrica\Services\FinanceiroDatabaseService.cs","2577","Valor = reader.GetDecimal(3),"
"Preco|Valor|Total|Custo|Desconto|Comissao|Saldo|Receber|Pagar","PrimoAutoEletrica\Services\FinanceiroDatabaseService.cs","2592","SELECT TOP (1) Id, Cliente, Descricao, Valor, DataVencimento, DataPagamento,"
"Preco|Valor|Total|Custo|Desconto|Comissao|Saldo|Receber|Pagar","PrimoAutoEletrica\Services\FinanceiroDatabaseService.cs","2597","SELECT Id, Cliente, Descricao, Valor, DataVencimento, DataPagamento,"
"Preco|Valor|Total|Custo|Desconto|Comissao|Saldo|Receber|Pagar","PrimoAutoEletrica\Services\FinanceiroDatabaseService.cs","2615","Valor = reader.GetDecimal(3),"
"Preco|Valor|Total|Custo|Desconto|Comissao|Saldo|Receber|Pagar","PrimoAutoEletrica\Services\FornecedorOperationalService.cs","82","var totalComprasProdutoFornecedores = produtoFornecedores.Sum(item => item.ValorCompras);"
"Preco|Valor|Total|Custo|Desconto|Comissao|Saldo|Receber|Pagar","PrimoAutoEletrica\Services\FornecedorOperationalService.cs","85","var totalComprasConsolidado = new[]"
"Preco|Valor|Total|Custo|Desconto|Comissao|Saldo|Receber|Pagar","PrimoAutoEletrica\Services\FornecedorOperationalService.cs","87","fornecedor.TotalCompras,"
"Preco|Valor|Total|Custo|Desconto|Comissao|Saldo|Receber|Pagar","PrimoAutoEletrica\Services\FornecedorOperationalService.cs","88","notasRecentes.Sum(item => item.ValorTotal),"
"Preco|Valor|Total|Custo|Desconto|Comissao|Saldo|Receber|Pagar","PrimoAutoEletrica\Services\FornecedorOperationalService.cs","89","totalComprasProdutoFornecedores"
"Preco|Valor|Total|Custo|Desconto|Comissao|Saldo|Receber|Pagar","PrimoAutoEletrica\Services\FornecedorOperationalService.cs","124","ValorEstoqueVinculado = produtos.Sum(produto => produto.ValorTotalEstoque),"
"Preco|Valor|Total|Custo|Desconto|Comissao|Saldo|Receber|Pagar","PrimoAutoEletrica\Services\FornecedorOperationalService.cs","128","TotalCompras = totalComprasConsolidado,"
"Preco|Valor|Total|Custo|Desconto|Comissao|Saldo|Receber|Pagar","PrimoAutoEletrica\Services\FornecedorOperationalService.cs","129","TotalComprasProdutoFornecedor = totalComprasProdutoFornecedores,"
"Preco|Valor|Total|Custo|Desconto|Comissao|Saldo|Receber|Pagar","PrimoAutoEletrica\Services\FornecedorOperationalService.cs","132","? totalComprasProdutoFornecedores / quantidadeComprasProdutoFornecedores"
"Preco|Valor|Total|Custo|Desconto|Comissao|Saldo|Receber|Pagar","PrimoAutoEletrica\Services\FornecedorOperationalService.cs","139","ValorContasPagarAberto = contasPagar.Where(item => item.EmAberto).Sum(item => item.Valor),"
"Preco|Valor|Total|Custo|Desconto|Comissao|Saldo|Receber|Pagar","PrimoAutoEletrica\Services\FornecedorOperationalService.cs","140","ValorContasPagarTotal = contasPagar.Sum(item => item.Valor),"
"Preco|Valor|Total|Custo|Desconto|Comissao|Saldo|Receber|Pagar","PrimoAutoEletrica\Services\FornecedorOperationalService.cs","145",".ThenByDescending(item => item.ValorCompras)"
"Preco|Valor|Total|Custo|Desconto|Comissao|Saldo|Receber|Pagar","PrimoAutoEletrica\Services\FornecedorOperationalService.cs","153","ValorEstoque = produtos.FirstOrDefault(produto => produto.Id == item.ProdutoId)?.ValorTotalEstoque ?? 0m,"
"Preco|Valor|Total|Custo|Desconto|Comissao|Saldo|Receber|Pagar","PrimoAutoEletrica\Services\FornecedorOperationalService.cs","155","PrecoUltimaCompra = item.PrecoUltimaCompra,"
"Preco|Valor|Total|Custo|Desconto|Comissao|Saldo|Receber|Pagar","PrimoAutoEletrica\Services\FornecedorOperationalService.cs","157","ValorCompras = item.ValorCompras,"
"Preco|Valor|Total|Custo|Desconto|Comissao|Saldo|Receber|Pagar","PrimoAutoEletrica\Services\FornecedorOperationalService.cs","171","ValorEstoque = produto.ValorTotalEstoque,"
"Preco|Valor|Total|Custo|Desconto|Comissao|Saldo|Receber|Pagar","PrimoAutoEletrica\Services\FornecedorOperationalService.cs","173","PrecoUltimaCompra = produto.PrecoCompra,"
"Preco|Valor|Total|Custo|Desconto|Comissao|Saldo|Receber|Pagar","PrimoAutoEletrica\Services\FornecedorOperationalService.cs","240","PrecoUltimaCompra = produto.PrecoCompra,"
"Preco|Valor|Total|Custo|Desconto|Comissao|Saldo|Receber|Pagar","PrimoAutoEletrica\Services\FornecedorOperationalService.cs","263","PrecoUltimaCompra = compra.PrecoUltimaCompra > 0 ? compra.PrecoUltimaCompra : produto.PrecoCompra,"
"Preco|Valor|Total|Custo|Desconto|Comissao|Saldo|Receber|Pagar","PrimoAutoEletrica\Services\FornecedorOperationalService.cs","267","ValorCompras = compra.ValorCompras,"
"Preco|Valor|Total|Custo|Desconto|Comissao|Saldo|Receber|Pagar","PrimoAutoEletrica\Services\FornecedorOperationalService.cs","304","PrecoUltimaCompra = @PrecoUltimaCompra,"
"Preco|Valor|Total|Custo|Desconto|Comissao|Saldo|Receber|Pagar","PrimoAutoEletrica\Services\FornecedorOperationalService.cs","308","ValorCompras = @ValorCompras,"
"Preco|Valor|Total|Custo|Desconto|Comissao|Saldo|Receber|Pagar","PrimoAutoEletrica\Services\FornecedorOperationalService.cs","330","PrecoUltimaCompra,"
"Preco|Valor|Total|Custo|Desconto|Comissao|Saldo|Receber|Pagar","PrimoAutoEletrica\Services\FornecedorOperationalService.cs","334","ValorCompras,"
"Preco|Valor|Total|Custo|Desconto|Comissao|Saldo|Receber|Pagar","PrimoAutoEletrica\Services\FornecedorOperationalService.cs","353","@PrecoUltimaCompra,"
"Preco|Valor|Total|Custo|Desconto|Comissao|Saldo|Receber|Pagar","PrimoAutoEletrica\Services\FornecedorOperationalService.cs","357","@ValorCompras,"
"Preco|Valor|Total|Custo|Desconto|Comissao|Saldo|Receber|Pagar","PrimoAutoEletrica\Services\FornecedorOperationalService.cs","378","PrecoUltimaCompra,"
"Preco|Valor|Total|Custo|Desconto|Comissao|Saldo|Receber|Pagar","PrimoAutoEletrica\Services\FornecedorOperationalService.cs","382","ValorCompras,"
"Preco|Valor|Total|Custo|Desconto|Comissao|Saldo|Receber|Pagar","PrimoAutoEletrica\Services\FornecedorOperationalService.cs","401","@PrecoUltimaCompra,"
"Preco|Valor|Total|Custo|Desconto|Comissao|Saldo|Receber|Pagar","PrimoAutoEletrica\Services\FornecedorOperationalService.cs","405","@ValorCompras,"
"Preco|Valor|Total|Custo|Desconto|Comissao|Saldo|Receber|Pagar","PrimoAutoEletrica\Services\FornecedorOperationalService.cs","420","PrecoUltimaCompra = excluded.PrecoUltimaCompra,"
"Preco|Valor|Total|Custo|Desconto|Comissao|Saldo|Receber|Pagar","PrimoAutoEletrica\Services\FornecedorOperationalService.cs","424","ValorCompras = excluded.ValorCompras,"
"Preco|Valor|Total|Custo|Desconto|Comissao|Saldo|Receber|Pagar","PrimoAutoEletrica\Services\FornecedorOperationalService.cs","467","PrecoUltimaCompra,"
"Preco|Valor|Total|Custo|Desconto|Comissao|Saldo|Receber|Pagar","PrimoAutoEletrica\Services\FornecedorOperationalService.cs","471","ValorCompras,"
"Preco|Valor|Total|Custo|Desconto|Comissao|Saldo|Receber|Pagar","PrimoAutoEletrica\Services\FornecedorOperationalService.cs","498","PrecoUltimaCompra = ReadDecimal(reader, 7),"
"Preco|Valor|Total|Custo|Desconto|Comissao|Saldo|Receber|Pagar","PrimoAutoEletrica\Services\FornecedorOperationalService.cs","502","ValorCompras = ReadDecimal(reader, 11),"
"Preco|Valor|Total|Custo|Desconto|Comissao|Saldo|Receber|Pagar","PrimoAutoEletrica\Services\FornecedorOperationalService.cs","526","command.Parameters.AddWithValue(""@PrecoUltimaCompra"", vinculo.PrecoUltimaCompra);"
"Preco|Valor|Total|Custo|Desconto|Comissao|Saldo|Receber|Pagar","PrimoAutoEletrica\Services\FornecedorOperationalService.cs","530","command.Parameters.AddWithValue(""@ValorCompras"", vinculo.ValorCompras);"
"Preco|Valor|Total|Custo|Desconto|Comissao|Saldo|Receber|Pagar","PrimoAutoEletrica\Services\FornecedorOperationalService.cs","550","COALESCE(SUM(COALESCE(i.ValorTotal, 0)), 0)"
"Preco|Valor|Total|Custo|Desconto|Comissao|Saldo|Receber|Pagar","PrimoAutoEletrica\Services\FornecedorOperationalService.cs","562","resumo.ValorCompras = ReadDecimal(reader, 1);"
"Preco|Valor|Total|Custo|Desconto|Comissao|Saldo|Receber|Pagar","PrimoAutoEletrica\Services\FornecedorOperationalService.cs","571","COALESCE(i.ValorUnitario, 0),"
"Preco|Valor|Total|Custo|Desconto|Comissao|Saldo|Receber|Pagar","PrimoAutoEletrica\Services\FornecedorOperationalService.cs","572","COALESCE(i.ValorTotal, 0),"
"Preco|Valor|Total|Custo|Desconto|Comissao|Saldo|Receber|Pagar","PrimoAutoEletrica\Services\FornecedorOperationalService.cs","590","resumo.PrecoUltimaCompra = ReadDecimal(reader, 1);"
"decimal","PrimoAutoEletrica\Services\FornecedorOperationalService.cs","656","private decimal CalcularScoreRanking(Fornecedor fornecedor)"
"Preco|Valor|Total|Custo|Desconto|Comissao|Saldo|Receber|Pagar","PrimoAutoEletrica\Services\FornecedorOperationalService.cs","659","var valorEstoque = produtos.Sum(produto => produto.ValorTotalEstoque);"
"Preco|Valor|Total|Custo|Desconto|Comissao|Saldo|Receber|Pagar","PrimoAutoEletrica\Services\FornecedorOperationalService.cs","660","return Math.Max(fornecedor.TotalCompras, valorEstoque);"
"Preco|Valor|Total|Custo|Desconto|Comissao|Saldo|Receber|Pagar","PrimoAutoEletrica\Services\FornecedorOperationalService.cs","694","ValorTotal,"
"Preco|Valor|Total|Custo|Desconto|Comissao|Saldo|Receber|Pagar","PrimoAutoEletrica\Services\FornecedorOperationalService.cs","723","ValorTotal = reader.IsDBNull(4) ? 0m : Convert.ToDecimal(reader.GetValue(4)),"
"Preco|Valor|Total|Custo|Desconto|Comissao|Saldo|Receber|Pagar","PrimoAutoEletrica\Services\FornecedorOperationalService.cs","754","Valor,"
"Preco|Valor|Total|Custo|Desconto|Comissao|Saldo|Receber|Pagar","PrimoAutoEletrica\Services\FornecedorOperationalService.cs","807","Valor = ReadDecimal(reader, 1),"
"Preco|Valor|Total|Custo|Desconto|Comissao|Saldo|Receber|Pagar","PrimoAutoEletrica\Services\FornecedorOperationalService.cs","871","private static string NormalizarDocumento(string? valor)"
"Preco|Valor|Total|Custo|Desconto|Comissao|Saldo|Receber|Pagar","PrimoAutoEletrica\Services\FornecedorOperationalService.cs","873","if (string.IsNullOrWhiteSpace(valor))"
"Preco|Valor|Total|Custo|Desconto|Comissao|Saldo|Receber|Pagar","PrimoAutoEletrica\Services\FornecedorOperationalService.cs","878","return valor.Trim()"
"Preco|Valor|Total|Custo|Desconto|Comissao|Saldo|Receber|Pagar","PrimoAutoEletrica\Services\FornecedorOperationalService.cs","885","private static string NormalizarTexto(string? valor)"
"Preco|Valor|Total|Custo|Desconto|Comissao|Saldo|Receber|Pagar","PrimoAutoEletrica\Services\FornecedorOperationalService.cs","887","return string.IsNullOrWhiteSpace(valor)"
"Preco|Valor|Total|Custo|Desconto|Comissao|Saldo|Receber|Pagar","PrimoAutoEletrica\Services\FornecedorOperationalService.cs","889",": valor.Trim().ToLowerInvariant();"
"decimal","PrimoAutoEletrica\Services\FornecedorOperationalService.cs","965","private static decimal ReadDecimal(DbDataReader reader, int index)"
"decimal","PrimoAutoEletrica\Services\FornecedorOperationalService.cs","999","public decimal PrecoUltimaCompra { get; set; }"
"Preco|Valor|Total|Custo|Desconto|Comissao|Saldo|Receber|Pagar","PrimoAutoEletrica\Services\FornecedorOperationalService.cs","999","public decimal PrecoUltimaCompra { get; set; }"
"decimal","PrimoAutoEletrica\Services\FornecedorOperationalService.cs","1000","public decimal QuantidadeUltimaCompra { get; set; }"
"decimal","PrimoAutoEletrica\Services\FornecedorOperationalService.cs","1002","public decimal ValorCompras { get; set; }"
"Preco|Valor|Total|Custo|Desconto|Comissao|Saldo|Receber|Pagar","PrimoAutoEletrica\Services\FornecedorOperationalService.cs","1002","public decimal ValorCompras { get; set; }"
"decimal","PrimoAutoEletrica\Services\FornecedorOperationalService.cs","1019","public decimal ValorEstoqueVinculado { get; init; }"
"Preco|Valor|Total|Custo|Desconto|Comissao|Saldo|Receber|Pagar","PrimoAutoEletrica\Services\FornecedorOperationalService.cs","1019","public decimal ValorEstoqueVinculado { get; init; }"
"decimal","PrimoAutoEletrica\Services\FornecedorOperationalService.cs","1023","public decimal TotalCompras { get; init; }"
"Preco|Valor|Total|Custo|Desconto|Comissao|Saldo|Receber|Pagar","PrimoAutoEletrica\Services\FornecedorOperationalService.cs","1023","public decimal TotalCompras { get; init; }"
"decimal","PrimoAutoEletrica\Services\FornecedorOperationalService.cs","1024","public decimal TotalComprasProdutoFornecedor { get; init; }"
"Preco|Valor|Total|Custo|Desconto|Comissao|Saldo|Receber|Pagar","PrimoAutoEletrica\Services\FornecedorOperationalService.cs","1024","public decimal TotalComprasProdutoFornecedor { get; init; }"
"decimal","PrimoAutoEletrica\Services\FornecedorOperationalService.cs","1026","public decimal TicketMedioCompra { get; init; }"
"decimal","PrimoAutoEletrica\Services\FornecedorOperationalService.cs","1032","public decimal ValorContasPagarAberto { get; init; }"
"Preco|Valor|Total|Custo|Desconto|Comissao|Saldo|Receber|Pagar","PrimoAutoEletrica\Services\FornecedorOperationalService.cs","1032","public decimal ValorContasPagarAberto { get; init; }"
"decimal","PrimoAutoEletrica\Services\FornecedorOperationalService.cs","1033","public decimal ValorContasPagarTotal { get; init; }"
"Preco|Valor|Total|Custo|Desconto|Comissao|Saldo|Receber|Pagar","PrimoAutoEletrica\Services\FornecedorOperationalService.cs","1033","public decimal ValorContasPagarTotal { get; init; }"
"decimal","PrimoAutoEletrica\Services\FornecedorOperationalService.cs","1046","public decimal ValorEstoque { get; init; }"
"Preco|Valor|Total|Custo|Desconto|Comissao|Saldo|Receber|Pagar","PrimoAutoEletrica\Services\FornecedorOperationalService.cs","1046","public decimal ValorEstoque { get; init; }"
"decimal","PrimoAutoEletrica\Services\FornecedorOperationalService.cs","1048","public decimal PrecoUltimaCompra { get; init; }"
"Preco|Valor|Total|Custo|Desconto|Comissao|Saldo|Receber|Pagar","PrimoAutoEletrica\Services\FornecedorOperationalService.cs","1048","public decimal PrecoUltimaCompra { get; init; }"
"decimal","PrimoAutoEletrica\Services\FornecedorOperationalService.cs","1050","public decimal ValorCompras { get; init; }"
"Preco|Valor|Total|Custo|Desconto|Comissao|Saldo|Receber|Pagar","PrimoAutoEletrica\Services\FornecedorOperationalService.cs","1050","public decimal ValorCompras { get; init; }"
"decimal","PrimoAutoEletrica\Services\FornecedorOperationalService.cs","1060","public decimal ValorTotal { get; init; }"
"Preco|Valor|Total|Custo|Desconto|Comissao|Saldo|Receber|Pagar","PrimoAutoEletrica\Services\FornecedorOperationalService.cs","1060","public decimal ValorTotal { get; init; }"
"decimal","PrimoAutoEletrica\Services\FornecedorOperationalService.cs","1067","public decimal Valor { get; init; }"
"Preco|Valor|Total|Custo|Desconto|Comissao|Saldo|Receber|Pagar","PrimoAutoEletrica\Services\FornecedorOperationalService.cs","1067","public decimal Valor { get; init; }"
"Preco|Valor|Total|Custo|Desconto|Comissao|Saldo|Receber|Pagar","PrimoAutoEletrica\Services\FuncionarioOperationalService.cs","38","auditoria.TotalAcoes,"
"Preco|Valor|Total|Custo|Desconto|Comissao|Saldo|Receber|Pagar","PrimoAutoEletrica\Services\FuncionarioOperationalService.cs","39","auditoria.TotalFalhas,"
"Preco|Valor|Total|Custo|Desconto|Comissao|Saldo|Receber|Pagar","PrimoAutoEletrica\Services\FuncionarioOperationalService.cs","40","auditoria.TotalCriticas,"
"Preco|Valor|Total|Custo|Desconto|Comissao|Saldo|Receber|Pagar","PrimoAutoEletrica\Services\FuncionarioOperationalService.cs","45","permissoes.TotalPermissoes,"
"Preco|Valor|Total|Custo|Desconto|Comissao|Saldo|Receber|Pagar","PrimoAutoEletrica\Services\FuncionarioOperationalService.cs","46","permissoes.TotalEssenciais,"
"Preco|Valor|Total|Custo|Desconto|Comissao|Saldo|Receber|Pagar","PrimoAutoEletrica\Services\FuncionarioOperationalService.cs","47","permissoes.TotalSensiveis,"
"Preco|Valor|Total|Custo|Desconto|Comissao|Saldo|Receber|Pagar","PrimoAutoEletrica\Services\FuncionarioOperationalService.cs","50","produtividade.TotalLogins,"
"Preco|Valor|Total|Custo|Desconto|Comissao|Saldo|Receber|Pagar","PrimoAutoEletrica\Services\FuncionarioOperationalService.cs","54","produtividade.ValorOrdensExecutadas,"
"Preco|Valor|Total|Custo|Desconto|Comissao|Saldo|Receber|Pagar","PrimoAutoEletrica\Services\FuncionarioOperationalService.cs","56","produtividade.ValorVendasRealizadas,"
"Preco|Valor|Total|Custo|Desconto|Comissao|Saldo|Receber|Pagar","PrimoAutoEletrica\Services\FuncionarioOperationalService.cs","59","produtividade.ValorCaixaOperado,"
"Preco|Valor|Total|Custo|Desconto|Comissao|Saldo|Receber|Pagar","PrimoAutoEletrica\Services\FuncionarioOperationalService.cs","69","var totalAcoes = ObterTotalAuditoria(connection, filtroUsuario, inicio, fim, apenasFalhas: false);"
"Preco|Valor|Total|Custo|Desconto|Comissao|Saldo|Receber|Pagar","PrimoAutoEletrica\Services\FuncionarioOperationalService.cs","70","var totalFalhas = ObterTotalAuditoria(connection, filtroUsuario, inicio, fim, apenasFalhas: true);"
"Preco|Valor|Total|Custo|Desconto|Comissao|Saldo|Receber|Pagar","PrimoAutoEletrica\Services\FuncionarioOperationalService.cs","71","var totalCriticas = ObterTotalAuditoriaCritica(connection, filtroUsuario, inicio, fim);"
"Preco|Valor|Total|Custo|Desconto|Comissao|Saldo|Receber|Pagar","PrimoAutoEletrica\Services\FuncionarioOperationalService.cs","78","TotalAcoes = totalAcoes,"
"Preco|Valor|Total|Custo|Desconto|Comissao|Saldo|Receber|Pagar","PrimoAutoEletrica\Services\FuncionarioOperationalService.cs","79","TotalFalhas = totalFalhas,"
"Preco|Valor|Total|Custo|Desconto|Comissao|Saldo|Receber|Pagar","PrimoAutoEletrica\Services\FuncionarioOperationalService.cs","80","TotalCriticas = totalCriticas,"
"Preco|Valor|Total|Custo|Desconto|Comissao|Saldo|Receber|Pagar","PrimoAutoEletrica\Services\FuncionarioOperationalService.cs","103","COUNT(*) AS Total,"
"Preco|Valor|Total|Custo|Desconto|Comissao|Saldo|Receber|Pagar","PrimoAutoEletrica\Services\FuncionarioOperationalService.cs","120","ORDER BY Total DESC, p.Acao;"";"
"Preco|Valor|Total|Custo|Desconto|Comissao|Saldo|Receber|Pagar","PrimoAutoEletrica\Services\FuncionarioOperationalService.cs","141","TotalPermissoes = permissoesPorAcao.Sum(item => item.Total),"
"Preco|Valor|Total|Custo|Desconto|Comissao|Saldo|Receber|Pagar","PrimoAutoEletrica\Services\FuncionarioOperationalService.cs","142","TotalEssenciais = permissoesPorAcao.Sum(item => item.Essenciais),"
"Preco|Valor|Total|Custo|Desconto|Comissao|Saldo|Receber|Pagar","PrimoAutoEletrica\Services\FuncionarioOperationalService.cs","143","TotalSensiveis = permissoesPorAcao.Sum(item => item.Sensiveis)"
"Preco|Valor|Total|Custo|Desconto|Comissao|Saldo|Receber|Pagar","PrimoAutoEletrica\Services\FuncionarioOperationalService.cs","304","TotalLogins = login.TotalLogins,"
"Preco|Valor|Total|Custo|Desconto|Comissao|Saldo|Receber|Pagar","PrimoAutoEletrica\Services\FuncionarioOperationalService.cs","316","ValorOrdensExecutadas = os.ValorOrdensExecutadas"
"Preco|Valor|Total|Custo|Desconto|Comissao|Saldo|Receber|Pagar","PrimoAutoEletrica\Services\FuncionarioOperationalService.cs","326","ValorVendasRealizadas = vendas.ValorVendasRealizadas"
"Preco|Valor|Total|Custo|Desconto|Comissao|Saldo|Receber|Pagar","PrimoAutoEletrica\Services\FuncionarioOperationalService.cs","336","ValorCaixaOperado = caixa.ValorCaixaOperado,"
"Preco|Valor|Total|Custo|Desconto|Comissao|Saldo|Receber|Pagar","PrimoAutoEletrica\Services\FuncionarioOperationalService.cs","380","TotalLogins = ReadInt(reader, 0),"
"Preco|Valor|Total|Custo|Desconto|Comissao|Saldo|Receber|Pagar","PrimoAutoEletrica\Services\FuncionarioOperationalService.cs","403","COALESCE(SUM(COALESCE(os.ValorMaoObra, 0) + COALESCE(itens.TotalItens, 0) - COALESCE(os.Desconto, 0)), 0)"
"Preco|Valor|Total|Custo|Desconto|Comissao|Saldo|Receber|Pagar","PrimoAutoEletrica\Services\FuncionarioOperationalService.cs","407","SUM(COALESCE(Quantidade, 0) * COALESCE(ValorUnitario, 0)) AS TotalItens"
"Preco|Valor|Total|Custo|Desconto|Comissao|Saldo|Receber|Pagar","PrimoAutoEletrica\Services\FuncionarioOperationalService.cs","425","ValorOrdensExecutadas = ReadDecimal(sqlServerReader, 2)"
"Preco|Valor|Total|Custo|Desconto|Comissao|Saldo|Receber|Pagar","PrimoAutoEletrica\Services\FuncionarioOperationalService.cs","429","var totalExpression = possuiItens"
"Preco|Valor|Total|Custo|Desconto|Comissao|Saldo|Receber|Pagar","PrimoAutoEletrica\Services\FuncionarioOperationalService.cs","430","? @""COALESCE(os.ValorMaoObra, 0) +"
"Preco|Valor|Total|Custo|Desconto|Comissao|Saldo|Receber|Pagar","PrimoAutoEletrica\Services\FuncionarioOperationalService.cs","432","SELECT SUM(COALESCE(i.Quantidade, 0) * COALESCE(i.ValorUnitario, 0))"
"Preco|Valor|Total|Custo|Desconto|Comissao|Saldo|Receber|Pagar","PrimoAutoEletrica\Services\FuncionarioOperationalService.cs","436","COALESCE(os.Desconto, 0)"""
"Preco|Valor|Total|Custo|Desconto|Comissao|Saldo|Receber|Pagar","PrimoAutoEletrica\Services\FuncionarioOperationalService.cs","437",": ""COALESCE(os.ValorMaoObra, 0) - COALESCE(os.Desconto, 0)"";"
"Preco|Valor|Total|Custo|Desconto|Comissao|Saldo|Receber|Pagar","PrimoAutoEletrica\Services\FuncionarioOperationalService.cs","447","COALESCE(SUM({totalExpression}), 0)"
"Preco|Valor|Total|Custo|Desconto|Comissao|Saldo|Receber|Pagar","PrimoAutoEletrica\Services\FuncionarioOperationalService.cs","463","ValorOrdensExecutadas = ReadDecimal(reader, 2)"
"Preco|Valor|Total|Custo|Desconto|Comissao|Saldo|Receber|Pagar","PrimoAutoEletrica\Services\FuncionarioOperationalService.cs","475","SELECT COUNT(*), COALESCE(SUM(Total), 0)"
"Preco|Valor|Total|Custo|Desconto|Comissao|Saldo|Receber|Pagar","PrimoAutoEletrica\Services\FuncionarioOperationalService.cs","495","ValorVendasRealizadas = ReadDecimal(reader, 1)"
"Preco|Valor|Total|Custo|Desconto|Comissao|Saldo|Receber|Pagar","PrimoAutoEletrica\Services\FuncionarioOperationalService.cs","507","SELECT COUNT(*), COALESCE(SUM(TotalVendas), 0), MAX(COALESCE(DataUltimaMovimentacao, DataFechamento, DataAbertura))"
"Preco|Valor|Total|Custo|Desconto|Comissao|Saldo|Receber|Pagar","PrimoAutoEletrica\Services\FuncionarioOperationalService.cs","526","ValorCaixaOperado = ReadDecimal(reader, 1),"
"Preco|Valor|Total|Custo|Desconto|Comissao|Saldo|Receber|Pagar","PrimoAutoEletrica\Services\FuncionarioOperationalService.cs","580","private static string CriarFiltroLike(string? valor)"
"Preco|Valor|Total|Custo|Desconto|Comissao|Saldo|Receber|Pagar","PrimoAutoEletrica\Services\FuncionarioOperationalService.cs","582","return $""%{valor?.Trim() ?? string.Empty}%"";"
"decimal","PrimoAutoEletrica\Services\FuncionarioOperationalService.cs","646","private static decimal ReadDecimal(DbDataReader reader, int index)"
"Preco|Valor|Total|Custo|Desconto|Comissao|Saldo|Receber|Pagar","PrimoAutoEletrica\Services\FuncionarioOperationalService.cs","675","public int TotalAcoes { get; init; }"
"Preco|Valor|Total|Custo|Desconto|Comissao|Saldo|Receber|Pagar","PrimoAutoEletrica\Services\FuncionarioOperationalService.cs","676","public int TotalFalhas { get; init; }"
"Preco|Valor|Total|Custo|Desconto|Comissao|Saldo|Receber|Pagar","PrimoAutoEletrica\Services\FuncionarioOperationalService.cs","677","public int TotalCriticas { get; init; }"
"Preco|Valor|Total|Custo|Desconto|Comissao|Saldo|Receber|Pagar","PrimoAutoEletrica\Services\FuncionarioOperationalService.cs","686","public int TotalPermissoes { get; init; }"
"Preco|Valor|Total|Custo|Desconto|Comissao|Saldo|Receber|Pagar","PrimoAutoEletrica\Services\FuncionarioOperationalService.cs","687","public int TotalEssenciais { get; init; }"
"Preco|Valor|Total|Custo|Desconto|Comissao|Saldo|Receber|Pagar","PrimoAutoEletrica\Services\FuncionarioOperationalService.cs","688","public int TotalSensiveis { get; init; }"
"Preco|Valor|Total|Custo|Desconto|Comissao|Saldo|Receber|Pagar","PrimoAutoEletrica\Services\FuncionarioOperationalService.cs","695","public int TotalLogins { get; init; }"
"decimal","PrimoAutoEletrica\Services\FuncionarioOperationalService.cs","699","public decimal ValorOrdensExecutadas { get; init; }"
"Preco|Valor|Total|Custo|Desconto|Comissao|Saldo|Receber|Pagar","PrimoAutoEletrica\Services\FuncionarioOperationalService.cs","699","public decimal ValorOrdensExecutadas { get; init; }"
"decimal","PrimoAutoEletrica\Services\FuncionarioOperationalService.cs","701","public decimal ValorVendasRealizadas { get; init; }"
"Preco|Valor|Total|Custo|Desconto|Comissao|Saldo|Receber|Pagar","PrimoAutoEletrica\Services\FuncionarioOperationalService.cs","701","public decimal ValorVendasRealizadas { get; init; }"
"decimal","PrimoAutoEletrica\Services\FuncionarioOperationalService.cs","704","public decimal ValorCaixaOperado { get; init; }"
"Preco|Valor|Total|Custo|Desconto|Comissao|Saldo|Receber|Pagar","PrimoAutoEletrica\Services\FuncionarioOperationalService.cs","704","public decimal ValorCaixaOperado { get; init; }"
"Preco|Valor|Total|Custo|Desconto|Comissao|Saldo|Receber|Pagar","PrimoAutoEletrica\Services\FuncionarioOperationalService.cs","715","int TotalAcoesAuditadas,"
"Preco|Valor|Total|Custo|Desconto|Comissao|Saldo|Receber|Pagar","PrimoAutoEletrica\Services\FuncionarioOperationalService.cs","716","int TotalFalhas,"
"Preco|Valor|Total|Custo|Desconto|Comissao|Saldo|Receber|Pagar","PrimoAutoEletrica\Services\FuncionarioOperationalService.cs","717","int TotalAcoesCriticas,"
"Preco|Valor|Total|Custo|Desconto|Comissao|Saldo|Receber|Pagar","PrimoAutoEletrica\Services\FuncionarioOperationalService.cs","722","int TotalPermissoes,"
"Preco|Valor|Total|Custo|Desconto|Comissao|Saldo|Receber|Pagar","PrimoAutoEletrica\Services\FuncionarioOperationalService.cs","723","int TotalPermissoesEssenciais,"
"Preco|Valor|Total|Custo|Desconto|Comissao|Saldo|Receber|Pagar","PrimoAutoEletrica\Services\FuncionarioOperationalService.cs","724","int TotalPermissoesSensiveis,"
"Preco|Valor|Total|Custo|Desconto|Comissao|Saldo|Receber|Pagar","PrimoAutoEletrica\Services\FuncionarioOperationalService.cs","727","int TotalLogins,"
"decimal","PrimoAutoEletrica\Services\FuncionarioOperationalService.cs","731","decimal ValorOrdensExecutadas,"
"Preco|Valor|Total|Custo|Desconto|Comissao|Saldo|Receber|Pagar","PrimoAutoEletrica\Services\FuncionarioOperationalService.cs","731","decimal ValorOrdensExecutadas,"
"decimal","PrimoAutoEletrica\Services\FuncionarioOperationalService.cs","733","decimal ValorVendasRealizadas,"
"Preco|Valor|Total|Custo|Desconto|Comissao|Saldo|Receber|Pagar","PrimoAutoEletrica\Services\FuncionarioOperationalService.cs","733","decimal ValorVendasRealizadas,"
"decimal","PrimoAutoEletrica\Services\FuncionarioOperationalService.cs","736","decimal ValorCaixaOperado,"
"Preco|Valor|Total|Custo|Desconto|Comissao|Saldo|Receber|Pagar","PrimoAutoEletrica\Services\FuncionarioOperationalService.cs","736","decimal ValorCaixaOperado,"
"Preco|Valor|Total|Custo|Desconto|Comissao|Saldo|Receber|Pagar","PrimoAutoEletrica\Services\FuncionarioOperationalService.cs","772","public string ProdutividadeResumo => TotalAcoesAuditadas == 0"
"Preco|Valor|Total|Custo|Desconto|Comissao|Saldo|Receber|Pagar","PrimoAutoEletrica\Services\FuncionarioOperationalService.cs","774",": $""{TotalAcoesAuditadas} acao(oes) auditada(s) nos ultimos 30 dias; categoria mais ativa: {CategoriaMaisAtiva}."";"
"Preco|Valor|Total|Custo|Desconto|Comissao|Saldo|Receber|Pagar","PrimoAutoEletrica\Services\FuncionarioOperationalService.cs","777","$""{OrdensExecutadas} OS executada(s), {OrdensFinalizadas} finalizada(s), R$ {ValorOrdensExecutadas:F2} em OS; "" +"
"Preco|Valor|Total|Custo|Desconto|Comissao|Saldo|Receber|Pagar","PrimoAutoEletrica\Services\FuncionarioOperationalService.cs","778","$""{VendasRealizadas} venda(s), R$ {ValorVendasRealizadas:F2} em vendas."";"
"Preco|Valor|Total|Custo|Desconto|Comissao|Saldo|Receber|Pagar","PrimoAutoEletrica\Services\FuncionarioOperationalService.cs","782",": $""{CaixasOperados} sessao(oes) de caixa, {MovimentacoesCaixa} movimento(s), R$ {ValorCaixaOperado:F2} em vendas no caixa."";"
"Preco|Valor|Total|Custo|Desconto|Comissao|Saldo|Receber|Pagar","PrimoAutoEletrica\Services\FuncionarioOperationalService.cs","784","public string LoginResumo => TotalLogins == 0"
"Preco|Valor|Total|Custo|Desconto|Comissao|Saldo|Receber|Pagar","PrimoAutoEletrica\Services\FuncionarioOperationalService.cs","786",": $""Login: {TotalLogins} evento(s) no periodo; ultimo em {(UltimoLogin.HasValue ? UltimoLogin.Value.ToString(""dd/MM/yyyy HH:mm"") : ""sem registro"")}."";"
"Preco|Valor|Total|Custo|Desconto|Comissao|Saldo|Receber|Pagar","PrimoAutoEletrica\Services\FuncionarioOperationalService.cs","788","public string AuditoriaResumo => TotalFalhas == 0"
"Preco|Valor|Total|Custo|Desconto|Comissao|Saldo|Receber|Pagar","PrimoAutoEletrica\Services\FuncionarioOperationalService.cs","789","? $""Sem falhas registradas. Acoes criticas acompanhadas: {TotalAcoesCriticas}."""
"Preco|Valor|Total|Custo|Desconto|Comissao|Saldo|Receber|Pagar","PrimoAutoEletrica\Services\FuncionarioOperationalService.cs","790",": $""{TotalFalhas} falha(s) registrada(s) e {TotalAcoesCriticas} acao(oes) critica(s) no periodo."";"
"Preco|Valor|Total|Custo|Desconto|Comissao|Saldo|Receber|Pagar","PrimoAutoEletrica\Services\FuncionarioOperationalService.cs","792","public string PermissoesResumo => TotalPermissoes == 0"
"Preco|Valor|Total|Custo|Desconto|Comissao|Saldo|Receber|Pagar","PrimoAutoEletrica\Services\FuncionarioOperationalService.cs","794",": $""{TotalPermissoes} permissao(oes) ativas em {ModulosLiberados.Count} modulo(s); {TotalPermissoesSensiveis} permissao(oes) sensiveis."";"
"Preco|Valor|Total|Custo|Desconto|Comissao|Saldo|Receber|Pagar","PrimoAutoEletrica\Services\FuncionarioOperationalService.cs","798",": string.Join("", "", PermissoesPorAcao.Take(6).Select(item => $""{item.Acao}: {item.Total}""));"
"Preco|Valor|Total|Custo|Desconto|Comissao|Saldo|Receber|Pagar","PrimoAutoEletrica\Services\FuncionarioOperationalService.cs","805","public sealed record FuncionarioAuditoriaCategoriaResumo(string Categoria, int Total, int Falhas);"
"Preco|Valor|Total|Custo|Desconto|Comissao|Saldo|Receber|Pagar","PrimoAutoEletrica\Services\FuncionarioOperationalService.cs","809","public sealed record FuncionarioPermissaoAcaoResumo(string Acao, int Total, int Essenciais, int Sensiveis);"
"REAL_sql","PrimoAutoEletrica\Services\LocalizationService.Closure.cs","28","[""ClientInsightSelectPrompt""] = ""Selecione um cliente para ver identidade, frota e histórico real."","
"Preco|Valor|Total|Custo|Desconto|Comissao|Saldo|Receber|Pagar","PrimoAutoEletrica\Services\LocalizationService.Closure.cs","43","[""TotalQuotedValue""] = ""Valor Total Orçado"","
"Preco|Valor|Total|Custo|Desconto|Comissao|Saldo|Receber|Pagar","PrimoAutoEletrica\Services\LocalizationService.Closure.cs","98","[""SuspendedSalesSummaryFormat""] = ""{0} suspended sale(s) totaling {1}. Last: {2} | {3}."","
"REAL_sql","PrimoAutoEletrica\Services\LocalizationService.Closure.cs","103","[""ClientInsightSelectPrompt""] = ""Select a client to see identity, fleet, and real history."","
"Preco|Valor|Total|Custo|Desconto|Comissao|Saldo|Receber|Pagar","PrimoAutoEletrica\Services\LocalizationService.Closure.cs","118","[""TotalQuotedValue""] = ""Total quoted value"","
"Preco|Valor|Total|Custo|Desconto|Comissao|Saldo|Receber|Pagar","PrimoAutoEletrica\Services\LocalizationService.Closure.cs","193","[""TotalQuotedValue""] = ""Valor total presupuestado"","
"Preco|Valor|Total|Custo|Desconto|Comissao|Saldo|Receber|Pagar","PrimoAutoEletrica\Services\LocalizationService.Content.cs","25","[""Profit""] = ""Lucro"","
"Preco|Valor|Total|Custo|Desconto|Comissao|Saldo|Receber|Pagar","PrimoAutoEletrica\Services\LocalizationService.Content.cs","46","[""SalePrice""] = ""Preço de venda"","
"Preco|Valor|Total|Custo|Desconto|Comissao|Saldo|Receber|Pagar","PrimoAutoEletrica\Services\LocalizationService.Content.cs","47","[""PurchasePrice""] = ""Preço de compra"","
"Preco|Valor|Total|Custo|Desconto|Comissao|Saldo|Receber|Pagar","PrimoAutoEletrica\Services\LocalizationService.Content.cs","116","[""ProfitByService""] = ""Lucro por serviço"","
"Preco|Valor|Total|Custo|Desconto|Comissao|Saldo|Receber|Pagar","PrimoAutoEletrica\Services\LocalizationService.Content.cs","121","[""TotalOutflows""] = ""Total de saídas"","
"Preco|Valor|Total|Custo|Desconto|Comissao|Saldo|Receber|Pagar","PrimoAutoEletrica\Services\LocalizationService.Content.cs","142","[""AutoCalcHint""] = ""Os cálculos são atualizados automaticamente conforme quantidade, custo e preço de venda."","
"Preco|Valor|Total|Custo|Desconto|Comissao|Saldo|Receber|Pagar","PrimoAutoEletrica\Services\LocalizationService.Content.cs","146","[""PayablesShort""] = ""A pagar"","
"Preco|Valor|Total|Custo|Desconto|Comissao|Saldo|Receber|Pagar","PrimoAutoEletrica\Services\LocalizationService.Content.cs","147","[""ReceivablesShort""] = ""A receber"","
"Preco|Valor|Total|Custo|Desconto|Comissao|Saldo|Receber|Pagar","PrimoAutoEletrica\Services\LocalizationService.Content.cs","285","[""TotalOutflows""] = ""Total outflows"","
"Preco|Valor|Total|Custo|Desconto|Comissao|Saldo|Receber|Pagar","PrimoAutoEletrica\Services\LocalizationService.Content.cs","449","[""TotalOutflows""] = ""Total de salidas"","
"Preco|Valor|Total|Custo|Desconto|Comissao|Saldo|Receber|Pagar","PrimoAutoEletrica\Services\LocalizationService.Content.cs","474","[""PayablesShort""] = ""A pagar"","
"Preco|Valor|Total|Custo|Desconto|Comissao|Saldo|Receber|Pagar","PrimoAutoEletrica\Services\LocalizationService.cs","429","[""InvalidValue""] = ""Valor inválido"","
"Preco|Valor|Total|Custo|Desconto|Comissao|Saldo|Receber|Pagar","PrimoAutoEletrica\Services\LocalizationService.cs","464","[""Total""] = ""Total"","
"Preco|Valor|Total|Custo|Desconto|Comissao|Saldo|Receber|Pagar","PrimoAutoEletrica\Services\LocalizationService.cs","465","[""Subtotal""] = ""Subtotal"","
"Preco|Valor|Total|Custo|Desconto|Comissao|Saldo|Receber|Pagar","PrimoAutoEletrica\Services\LocalizationService.cs","466","[""Discount""] = ""Desconto"","
"Preco|Valor|Total|Custo|Desconto|Comissao|Saldo|Receber|Pagar","PrimoAutoEletrica\Services\LocalizationService.cs","473","[""Price""] = ""Preço"","
"Preco|Valor|Total|Custo|Desconto|Comissao|Saldo|Receber|Pagar","PrimoAutoEletrica\Services\LocalizationService.cs","486","[""Balance""] = ""Saldo"","
"Preco|Valor|Total|Custo|Desconto|Comissao|Saldo|Receber|Pagar","PrimoAutoEletrica\Services\LocalizationService.cs","592","[""Total""] = ""Total"","
"Preco|Valor|Total|Custo|Desconto|Comissao|Saldo|Receber|Pagar","PrimoAutoEletrica\Services\LocalizationService.cs","593","[""Subtotal""] = ""Subtotal"","
"Preco|Valor|Total|Custo|Desconto|Comissao|Saldo|Receber|Pagar","PrimoAutoEletrica\Services\LocalizationService.cs","685","[""InvalidValue""] = ""Valor inválido"","
"Preco|Valor|Total|Custo|Desconto|Comissao|Saldo|Receber|Pagar","PrimoAutoEletrica\Services\LocalizationService.cs","720","[""Total""] = ""Total"","
"Preco|Valor|Total|Custo|Desconto|Comissao|Saldo|Receber|Pagar","PrimoAutoEletrica\Services\LocalizationService.cs","721","[""Subtotal""] = ""Subtotal"","
"Preco|Valor|Total|Custo|Desconto|Comissao|Saldo|Receber|Pagar","PrimoAutoEletrica\Services\LocalizationService.cs","742","[""Balance""] = ""Saldo"","
"Preco|Valor|Total|Custo|Desconto|Comissao|Saldo|Receber|Pagar","PrimoAutoEletrica\Services\LocalizationService.Gate.cs","33","[""StockCardHint""] = ""A ficha mostra identificação, estoque, preços, localização e fornecedor do item selecionado."","
"double","PrimoAutoEletrica\Services\LocalizationService.Gate.cs","93","[""StockSearchHint""] = ""Quick search by code, description, SKU, or barcode. Double-click to edit."","
"double","PrimoAutoEletrica\Services\LocalizationService.Gate.cs","96","[""SelectProductToEdit""] = ""Select a product in the table to edit.\n\nTip: click a stock row and then Edit product, or double-click the row."","
"REAL_sql","PrimoAutoEletrica\Services\LocalizationService.Gate.cs","97","[""AgendaCentralSubtitle""] = ""Operational appointments hub — who, when, vehicle, reason, status, and real actions."","
"Preco|Valor|Total|Custo|Desconto|Comissao|Saldo|Receber|Pagar","PrimoAutoEletrica\Services\LocalizationService.Modules.cs","75","[""AccountsReceivable""] = ""Contas a receber"","
"Preco|Valor|Total|Custo|Desconto|Comissao|Saldo|Receber|Pagar","PrimoAutoEletrica\Services\LocalizationService.Modules.cs","76","[""AccountsPayable""] = ""Contas a pagar"","
"Preco|Valor|Total|Custo|Desconto|Comissao|Saldo|Receber|Pagar","PrimoAutoEletrica\Services\LocalizationService.Modules.cs","80","[""PeriodBalance""] = ""Saldo do período"","
"Preco|Valor|Total|Custo|Desconto|Comissao|Saldo|Receber|Pagar","PrimoAutoEletrica\Services\LocalizationService.Modules.cs","115","[""EstimatedProfit""] = ""Lucro estimado"","
"Preco|Valor|Total|Custo|Desconto|Comissao|Saldo|Receber|Pagar","PrimoAutoEletrica\Services\LocalizationService.Modules.cs","144","[""TotalValue""] = ""Valor total"","
"Preco|Valor|Total|Custo|Desconto|Comissao|Saldo|Receber|Pagar","PrimoAutoEletrica\Services\LocalizationService.Modules.cs","164","[""PurchaseTotal""] = ""Total compras"","
"Preco|Valor|Total|Custo|Desconto|Comissao|Saldo|Receber|Pagar","PrimoAutoEletrica\Services\LocalizationService.Modules.cs","174","[""StockValue""] = ""Valor em estoque"","
"Preco|Valor|Total|Custo|Desconto|Comissao|Saldo|Receber|Pagar","PrimoAutoEletrica\Services\LocalizationService.Modules.cs","177","[""Cost""] = ""Custo"","
"Preco|Valor|Total|Custo|Desconto|Comissao|Saldo|Receber|Pagar","PrimoAutoEletrica\Services\LocalizationService.Modules.cs","180","[""TotalProducts""] = ""Total de produtos"","
"Preco|Valor|Total|Custo|Desconto|Comissao|Saldo|Receber|Pagar","PrimoAutoEletrica\Services\LocalizationService.Modules.cs","181","[""TotalClients""] = ""Total clientes"","
"Preco|Valor|Total|Custo|Desconto|Comissao|Saldo|Receber|Pagar","PrimoAutoEletrica\Services\LocalizationService.Modules.cs","185","[""FleetTotal""] = ""Frota total"","
"Preco|Valor|Total|Custo|Desconto|Comissao|Saldo|Receber|Pagar","PrimoAutoEletrica\Services\LocalizationService.Modules.cs","230","[""MetricClientsDetail""] = ""Total de clientes cadastrados"","
"Preco|Valor|Total|Custo|Desconto|Comissao|Saldo|Receber|Pagar","PrimoAutoEletrica\Services\LocalizationService.Modules.cs","254","[""InventorySubtitle""] = ""Hub de produtos — saldo, movimentações, alertas e oportunidades."","
"Preco|Valor|Total|Custo|Desconto|Comissao|Saldo|Receber|Pagar","PrimoAutoEletrica\Services\LocalizationService.Modules.cs","305","[""InvalidValueMessage""] = ""Informe um valor válido."","
"Preco|Valor|Total|Custo|Desconto|Comissao|Saldo|Receber|Pagar","PrimoAutoEletrica\Services\LocalizationService.Modules.cs","336","[""ProfitByOs""] = ""Lucro por OS"","
"Preco|Valor|Total|Custo|Desconto|Comissao|Saldo|Receber|Pagar","PrimoAutoEletrica\Services\LocalizationService.Modules.cs","338","[""SettlePayable""] = ""Liquidar a pagar"","
"Preco|Valor|Total|Custo|Desconto|Comissao|Saldo|Receber|Pagar","PrimoAutoEletrica\Services\LocalizationService.Modules.cs","339","[""SettleReceivable""] = ""Liquidar a receber"","
"Preco|Valor|Total|Custo|Desconto|Comissao|Saldo|Receber|Pagar","PrimoAutoEletrica\Services\LocalizationService.Modules.cs","344","[""SalesAndMargin""] = ""Vendas e margem"","
"Preco|Valor|Total|Custo|Desconto|Comissao|Saldo|Receber|Pagar","PrimoAutoEletrica\Services\LocalizationService.Modules.cs","355","[""TotalImports""] = ""Total de importações"","
"Preco|Valor|Total|Custo|Desconto|Comissao|Saldo|Receber|Pagar","PrimoAutoEletrica\Services\LocalizationService.Modules.cs","507","[""TotalValue""] = ""Total value"","
"Preco|Valor|Total|Custo|Desconto|Comissao|Saldo|Receber|Pagar","PrimoAutoEletrica\Services\LocalizationService.Modules.cs","527","[""PurchaseTotal""] = ""Purchase total"","
"Preco|Valor|Total|Custo|Desconto|Comissao|Saldo|Receber|Pagar","PrimoAutoEletrica\Services\LocalizationService.Modules.cs","543","[""TotalProducts""] = ""Total products"","
"Preco|Valor|Total|Custo|Desconto|Comissao|Saldo|Receber|Pagar","PrimoAutoEletrica\Services\LocalizationService.Modules.cs","544","[""TotalClients""] = ""Total clients"","
"Preco|Valor|Total|Custo|Desconto|Comissao|Saldo|Receber|Pagar","PrimoAutoEletrica\Services\LocalizationService.Modules.cs","548","[""FleetTotal""] = ""Total fleet"","
"Preco|Valor|Total|Custo|Desconto|Comissao|Saldo|Receber|Pagar","PrimoAutoEletrica\Services\LocalizationService.Modules.cs","591","[""MetricClientsDetail""] = ""Total registered clients"","
"REAL_sql","PrimoAutoEletrica\Services\LocalizationService.Modules.cs","602","[""ClientsSubtitle""] = ""Relationship profile — identity, fleet, history, and real service actions."","
"Preco|Valor|Total|Custo|Desconto|Comissao|Saldo|Receber|Pagar","PrimoAutoEletrica\Services\LocalizationService.Modules.cs","710","[""TotalImports""] = ""Total imports"","
"Preco|Valor|Total|Custo|Desconto|Comissao|Saldo|Receber|Pagar","PrimoAutoEletrica\Services\LocalizationService.Modules.cs","794","[""AccountsPayable""] = ""Cuentas por pagar"","
"Preco|Valor|Total|Custo|Desconto|Comissao|Saldo|Receber|Pagar","PrimoAutoEletrica\Services\LocalizationService.Modules.cs","798","[""PeriodBalance""] = ""Saldo del período"","
"Preco|Valor|Total|Custo|Desconto|Comissao|Saldo|Receber|Pagar","PrimoAutoEletrica\Services\LocalizationService.Modules.cs","862","[""TotalValue""] = ""Valor total"","
"Preco|Valor|Total|Custo|Desconto|Comissao|Saldo|Receber|Pagar","PrimoAutoEletrica\Services\LocalizationService.Modules.cs","876","[""TopRated""] = ""Mejor valoración"","
"Preco|Valor|Total|Custo|Desconto|Comissao|Saldo|Receber|Pagar","PrimoAutoEletrica\Services\LocalizationService.Modules.cs","882","[""PurchaseTotal""] = ""Total compras"","
"Preco|Valor|Total|Custo|Desconto|Comissao|Saldo|Receber|Pagar","PrimoAutoEletrica\Services\LocalizationService.Modules.cs","883","[""Rating""] = ""Valoración"","
"Preco|Valor|Total|Custo|Desconto|Comissao|Saldo|Receber|Pagar","PrimoAutoEletrica\Services\LocalizationService.Modules.cs","892","[""StockValue""] = ""Valor en inventario"","
"Preco|Valor|Total|Custo|Desconto|Comissao|Saldo|Receber|Pagar","PrimoAutoEletrica\Services\LocalizationService.Modules.cs","898","[""TotalProducts""] = ""Total de productos"","
"Preco|Valor|Total|Custo|Desconto|Comissao|Saldo|Receber|Pagar","PrimoAutoEletrica\Services\LocalizationService.Modules.cs","899","[""TotalClients""] = ""Total clientes"","
"Preco|Valor|Total|Custo|Desconto|Comissao|Saldo|Receber|Pagar","PrimoAutoEletrica\Services\LocalizationService.Modules.cs","903","[""FleetTotal""] = ""Flota total"","
"Preco|Valor|Total|Custo|Desconto|Comissao|Saldo|Receber|Pagar","PrimoAutoEletrica\Services\LocalizationService.Modules.cs","946","[""MetricClientsDetail""] = ""Total de clientes registrados"","
"Preco|Valor|Total|Custo|Desconto|Comissao|Saldo|Receber|Pagar","PrimoAutoEletrica\Services\LocalizationService.Modules.cs","968","[""InventorySubtitle""] = ""Hub de productos — saldo, movimientos, alertas y oportunidades."","
"Preco|Valor|Total|Custo|Desconto|Comissao|Saldo|Receber|Pagar","PrimoAutoEletrica\Services\LocalizationService.Modules.cs","972","[""SuppliersSubtitle""] = ""Socios de abastecimiento — registro, compras y valoración."","
"Preco|Valor|Total|Custo|Desconto|Comissao|Saldo|Receber|Pagar","PrimoAutoEletrica\Services\LocalizationService.Modules.cs","1015","[""InvalidValueMessage""] = ""Informe un valor válido."","
"Preco|Valor|Total|Custo|Desconto|Comissao|Saldo|Receber|Pagar","PrimoAutoEletrica\Services\LocalizationService.Modules.cs","1048","[""SettlePayable""] = ""Liquidar por pagar"","
"Preco|Valor|Total|Custo|Desconto|Comissao|Saldo|Receber|Pagar","PrimoAutoEletrica\Services\LocalizationService.Modules.cs","1065","[""TotalImports""] = ""Total de importaciones"","
"Preco|Valor|Total|Custo|Desconto|Comissao|Saldo|Receber|Pagar","PrimoAutoEletrica\Services\MigrationService.cs","114","var totalMigrations = GetTotalMigrationCount();"
"Preco|Valor|Total|Custo|Desconto|Comissao|Saldo|Receber|Pagar","PrimoAutoEletrica\Services\MigrationService.cs","118","TotalMigrations = totalMigrations,"
"Preco|Valor|Total|Custo|Desconto|Comissao|Saldo|Receber|Pagar","PrimoAutoEletrica\Services\MigrationService.cs","120","PendingMigrations = totalMigrations - appliedMigrations.Count,"
"Preco|Valor|Total|Custo|Desconto|Comissao|Saldo|Receber|Pagar","PrimoAutoEletrica\Services\MigrationService.cs","122","IsUpToDate = appliedMigrations.Count >= totalMigrations"
"Preco|Valor|Total|Custo|Desconto|Comissao|Saldo|Receber|Pagar","PrimoAutoEletrica\Services\MigrationService.cs","418","public int TotalMigrations { get; set; }"
"decimal","PrimoAutoEletrica\Services\MoneyCents.cs","15","public static MoneyCents FromDecimal(decimal amount) =>"
"decimal","PrimoAutoEletrica\Services\MoneyCents.cs","16","new(decimal.ToInt64(decimal.Round(amount * 100m, 0, MidpointRounding.AwayFromZero)));"
"double","PrimoAutoEletrica\Services\MoneyCents.cs","18","public static MoneyCents FromDouble(double amount) =>"
"decimal","PrimoAutoEletrica\Services\MoneyCents.cs","19","FromDecimal((decimal)amount);"
"decimal","PrimoAutoEletrica\Services\MoneyCents.cs","21","public decimal ToDecimal() => Cents / 100m;"
"decimal","PrimoAutoEletrica\Services\MoneyCents.cs","26","public static MoneyCents ApplyPercentDiscount(MoneyCents gross, decimal percent)"
"decimal","PrimoAutoEletrica\Services\MoneyCents.cs","30","var discount = decimal.ToInt64(decimal.Round(gross.Cents * (percent / 100m), 0, MidpointRounding.AwayFromZero));"
"Preco|Valor|Total|Custo|Desconto|Comissao|Saldo|Receber|Pagar","PrimoAutoEletrica\Services\NFeService.cs","65","if (nota.ValorTotal <= 0)"
"Preco|Valor|Total|Custo|Desconto|Comissao|Saldo|Receber|Pagar","PrimoAutoEletrica\Services\NFeService.cs","67","erros.Add(""Valor total da nota e invalido."");"
"Preco|Valor|Total|Custo|Desconto|Comissao|Saldo|Receber|Pagar","PrimoAutoEletrica\Services\NFeService.cs","87","if (produto.ValorUnitario <= 0)"
"Preco|Valor|Total|Custo|Desconto|Comissao|Saldo|Receber|Pagar","PrimoAutoEletrica\Services\NFeService.cs","89","erros.Add($""Produto com valor unitario invalido: {produto.Nome}"");"
"Preco|Valor|Total|Custo|Desconto|Comissao|Saldo|Receber|Pagar","PrimoAutoEletrica\Services\NFeService.cs","194","$""Numero={nota.Numero}; Fornecedor={nota.Fornecedor.Nome}; Status={nota.Status}; Produtos={nota.Produtos.Count}; Valor={nota.ValorTotal:C}"");"
"Preco|Valor|Total|Custo|Desconto|Comissao|Saldo|Receber|Pagar","PrimoAutoEletrica\Services\NFeService.cs","221","var mensagem = $""Conta a pagar da NF-e nao foi gerada automaticamente: {ex.Message}"";"
"Preco|Valor|Total|Custo|Desconto|Comissao|Saldo|Receber|Pagar","PrimoAutoEletrica\Services\NotificationService.cs","51","var mensagem = $""Seu orcamento #{orcamento.Numero} foi aprovado. Valor total: {orcamento.Total:C2}."";"
"Preco|Valor|Total|Custo|Desconto|Comissao|Saldo|Receber|Pagar","PrimoAutoEletrica\Services\OficinaProfissionalService.cs","141","var valor = CalcularTotalOrdem(ordem);"
"Preco|Valor|Total|Custo|Desconto|Comissao|Saldo|Receber|Pagar","PrimoAutoEletrica\Services\OficinaProfissionalService.cs","149","Valor = valor"
"Preco|Valor|Total|Custo|Desconto|Comissao|Saldo|Receber|Pagar","PrimoAutoEletrica\Services\OficinaProfissionalService.cs","179","Valor = orcamento.Total"
"Preco|Valor|Total|Custo|Desconto|Comissao|Saldo|Receber|Pagar","PrimoAutoEletrica\Services\OficinaProfissionalService.cs","191","Valor = orcamento.Total"
"Preco|Valor|Total|Custo|Desconto|Comissao|Saldo|Receber|Pagar","PrimoAutoEletrica\Services\OficinaProfissionalService.cs","212","Valor = venda.Total"
"Preco|Valor|Total|Custo|Desconto|Comissao|Saldo|Receber|Pagar","PrimoAutoEletrica\Services\OficinaProfissionalService.cs","228","var valor = card?.ValorEstimadoFormatado ?? ""{valor}"";"
"Preco|Valor|Total|Custo|Desconto|Comissao|Saldo|Receber|Pagar","PrimoAutoEletrica\Services\OficinaProfissionalService.cs","234","Mensagem(""ORCAMENTO_ENVIADO"", ""Orcamento enviado"", $""Ola {cliente}, segue o resumo do orcamento da {empresa} para o veiculo {veiculo}. Total previsto: {valor}. "
"Preco|Valor|Total|Custo|Desconto|Comissao|Saldo|Receber|Pagar","PrimoAutoEletrica\Services\OficinaProfissionalService.cs","238","Mensagem(""FINALIZADO"", ""Servico finalizado"", $""Ola {cliente}, o servico do veiculo {veiculo} foi finalizado. Total previsto: {valor}.""),"
"Preco|Valor|Total|Custo|Desconto|Comissao|Saldo|Receber|Pagar","PrimoAutoEletrica\Services\OficinaProfissionalService.cs","263",": string.Join(""; "", orcamento.Itens.Take(5).Select(item => $""{item.ProdutoNome} ({item.Subtotal:C})""));"
"Preco|Valor|Total|Custo|Desconto|Comissao|Saldo|Receber|Pagar","PrimoAutoEletrica\Services\OficinaProfissionalService.cs","273","$""Valor total: {orcamento.Total:C}"","
"Preco|Valor|Total|Custo|Desconto|Comissao|Saldo|Receber|Pagar","PrimoAutoEletrica\Services\OficinaProfissionalService.cs","411","ValorEstimado = CalcularTotalOrdem(ordem)"
"decimal","PrimoAutoEletrica\Services\OficinaProfissionalService.cs","415","private static decimal CalcularTotalOrdem(OrdemServico ordem)"
"Preco|Valor|Total|Custo|Desconto|Comissao|Saldo|Receber|Pagar","PrimoAutoEletrica\Services\OficinaProfissionalService.cs","417","var total = ordem.Itens.Sum(item => item.Total);"
"Preco|Valor|Total|Custo|Desconto|Comissao|Saldo|Receber|Pagar","PrimoAutoEletrica\Services\OficinaProfissionalService.cs","418","return Math.Max(0m, total - ordem.Desconto);"
"Preco|Valor|Total|Custo|Desconto|Comissao|Saldo|Receber|Pagar","PrimoAutoEletrica\Services\OficinaProfissionalService.cs","546","private static string Texto(string? valor, string fallback)"
"Preco|Valor|Total|Custo|Desconto|Comissao|Saldo|Receber|Pagar","PrimoAutoEletrica\Services\OficinaProfissionalService.cs","548","return string.IsNullOrWhiteSpace(valor) ? fallback : valor.Trim();"
"Preco|Valor|Total|Custo|Desconto|Comissao|Saldo|Receber|Pagar","PrimoAutoEletrica\Services\OperationalWorkflowTestService.cs","307","if (persisted.Itens.Count != 1 || persisted.Total != orcamento.Total)"
"Preco|Valor|Total|Custo|Desconto|Comissao|Saldo|Receber|Pagar","PrimoAutoEletrica\Services\OperationalWorkflowTestService.cs","309","throw new InvalidOperationException(""Orcamento persistido nao manteve itens e total."");"
"Preco|Valor|Total|Custo|Desconto|Comissao|Saldo|Receber|Pagar","PrimoAutoEletrica\Services\OperationalWorkflowTestService.cs","457","if (!sessaoCaixa.Aberto || sessaoCaixa.ValorEsperado != 150m)"
"Preco|Valor|Total|Custo|Desconto|Comissao|Saldo|Receber|Pagar","PrimoAutoEletrica\Services\OperationalWorkflowTestService.cs","459","throw new InvalidOperationException(""A sessao operacional do caixa nao abriu com o saldo esperado."");"
"Preco|Valor|Total|Custo|Desconto|Comissao|Saldo|Receber|Pagar","PrimoAutoEletrica\Services\OperationalWorkflowTestService.cs","479","if (persisted.Itens.Count != venda.Itens.Count || persisted.Total != venda.Total)"
"Preco|Valor|Total|Custo|Desconto|Comissao|Saldo|Receber|Pagar","PrimoAutoEletrica\Services\OperationalWorkflowTestService.cs","551","vendaCancelada.Total = vendaCancelada.Itens[0].PrecoUnitario;"
"Preco|Valor|Total|Custo|Desconto|Comissao|Saldo|Receber|Pagar","PrimoAutoEletrica\Services\OperationalWorkflowTestService.cs","581","if (sessaoPersistida.QuantidadeVendas < 1 || sessaoPersistida.TotalVendas < venda.Total)"
"Preco|Valor|Total|Custo|Desconto|Comissao|Saldo|Receber|Pagar","PrimoAutoEletrica\Services\OperationalWorkflowTestService.cs","802","throw new InvalidOperationException(""A reconciliacao do inventario nao atualizou o saldo final do produto."");"
"Preco|Valor|Total|Custo|Desconto|Comissao|Saldo|Receber|Pagar","PrimoAutoEletrica\Services\OperationalWorkflowTestService.cs","867","venda.Total,"
"Preco|Valor|Total|Custo|Desconto|Comissao|Saldo|Receber|Pagar","PrimoAutoEletrica\Services\OperationalWorkflowTestService.cs","877","venda.Total,"
"Preco|Valor|Total|Custo|Desconto|Comissao|Saldo|Receber|Pagar","PrimoAutoEletrica\Services\OperationalWorkflowTestService.cs","886","if (resumo.entradas < venda.Total)"
"decimal","PrimoAutoEletrica\Services\OperationalWorkflowTestService.cs","902","const decimal valorPagar = 67m;"
"Preco|Valor|Total|Custo|Desconto|Comissao|Saldo|Receber|Pagar","PrimoAutoEletrica\Services\OperationalWorkflowTestService.cs","902","const decimal valorPagar = 67m;"
"decimal","PrimoAutoEletrica\Services\OperationalWorkflowTestService.cs","903","const decimal valorReceber = 89m;"
"Preco|Valor|Total|Custo|Desconto|Comissao|Saldo|Receber|Pagar","PrimoAutoEletrica\Services\OperationalWorkflowTestService.cs","903","const decimal valorReceber = 89m;"
"Preco|Valor|Total|Custo|Desconto|Comissao|Saldo|Receber|Pagar","PrimoAutoEletrica\Services\OperationalWorkflowTestService.cs","908","valorPagar,"
"Preco|Valor|Total|Custo|Desconto|Comissao|Saldo|Receber|Pagar","PrimoAutoEletrica\Services\OperationalWorkflowTestService.cs","911","""Conta sintetica para baixa de contas a pagar."");"
"Preco|Valor|Total|Custo|Desconto|Comissao|Saldo|Receber|Pagar","PrimoAutoEletrica\Services\OperationalWorkflowTestService.cs","916","valorReceber,"
"Preco|Valor|Total|Custo|Desconto|Comissao|Saldo|Receber|Pagar","PrimoAutoEletrica\Services\OperationalWorkflowTestService.cs","919","""Conta sintetica para baixa de contas a receber."","
"Preco|Valor|Total|Custo|Desconto|Comissao|Saldo|Receber|Pagar","PrimoAutoEletrica\Services\OperationalWorkflowTestService.cs","933","?? throw new InvalidOperationException(""Conta a pagar sintetica nao apareceu no workspace financeiro."");"
"Preco|Valor|Total|Custo|Desconto|Comissao|Saldo|Receber|Pagar","PrimoAutoEletrica\Services\OperationalWorkflowTestService.cs","936","?? throw new InvalidOperationException(""Conta a receber sintetica nao apareceu no workspace financeiro."");"
"Preco|Valor|Total|Custo|Desconto|Comissao|Saldo|Receber|Pagar","PrimoAutoEletrica\Services\OperationalWorkflowTestService.cs","947","?? throw new InvalidOperationException(""Conta a pagar sintetica nao foi localizada apos a baixa."");"
"Preco|Valor|Total|Custo|Desconto|Comissao|Saldo|Receber|Pagar","PrimoAutoEletrica\Services\OperationalWorkflowTestService.cs","951","?? throw new InvalidOperationException(""Conta a receber sintetica nao foi localizada apos o recebimento."");"
"Preco|Valor|Total|Custo|Desconto|Comissao|Saldo|Receber|Pagar","PrimoAutoEletrica\Services\OperationalWorkflowTestService.cs","960","if (dreLiquidado.DespesasConfirmadas < drePendente.DespesasConfirmadas + valorPagar ||"
"Preco|Valor|Total|Custo|Desconto|Comissao|Saldo|Receber|Pagar","PrimoAutoEletrica\Services\OperationalWorkflowTestService.cs","961","dreLiquidado.ReceitasConfirmadas < drePendente.ReceitasConfirmadas + valorReceber)"
"Preco|Valor|Total|Custo|Desconto|Comissao|Saldo|Receber|Pagar","PrimoAutoEletrica\Services\OperationalWorkflowTestService.cs","1022","throw new InvalidOperationException(""A conta a receber do orcamento convertido nao foi liquidada conforme a condicao de pagamento imediata."");"
"Preco|Valor|Total|Custo|Desconto|Comissao|Saldo|Receber|Pagar","PrimoAutoEletrica\Services\OperationalWorkflowTestService.cs","1121","valorServico: 95m,"
"Preco|Valor|Total|Custo|Desconto|Comissao|Saldo|Receber|Pagar","PrimoAutoEletrica\Services\OperationalWorkflowTestService.cs","1122","custoServico: 25m,"
"Preco|Valor|Total|Custo|Desconto|Comissao|Saldo|Receber|Pagar","PrimoAutoEletrica\Services\OperationalWorkflowTestService.cs","1128","var totalVendasAntes = vendaService.ObterVendas(DateTime.Today.AddDays(-1), DateTime.Today.AddDays(1)).Count;"
"Preco|Valor|Total|Custo|Desconto|Comissao|Saldo|Receber|Pagar","PrimoAutoEletrica\Services\OperationalWorkflowTestService.cs","1158","if (vendasDepois.Count <= totalVendasAntes)"
"Preco|Valor|Total|Custo|Desconto|Comissao|Saldo|Receber|Pagar","PrimoAutoEletrica\Services\OperationalWorkflowTestService.cs","1166","Math.Abs(vendaAtual.Total - convertidoVenda.Total) < 0.01m &&"
"Preco|Valor|Total|Custo|Desconto|Comissao|Saldo|Receber|Pagar","PrimoAutoEletrica\Services\OperationalWorkflowTestService.cs","1181","throw new InvalidOperationException($""A integracao financeira do ciclo {ciclo} nao criou exatamente uma conta a receber."");"
"Preco|Valor|Total|Custo|Desconto|Comissao|Saldo|Receber|Pagar","PrimoAutoEletrica\Services\OperationalWorkflowTestService.cs","1192","valorServico: 120m,"
"Preco|Valor|Total|Custo|Desconto|Comissao|Saldo|Receber|Pagar","PrimoAutoEletrica\Services\OperationalWorkflowTestService.cs","1193","custoServico: 40m,"
"Preco|Valor|Total|Custo|Desconto|Comissao|Saldo|Receber|Pagar","PrimoAutoEletrica\Services\OperationalWorkflowTestService.cs","1245","var sessaoFechada = caixaService.FecharCaixa(sessaoPersistida.ValorEsperado, ""Fechamento sintetico do workflow test."");"
"Preco|Valor|Total|Custo|Desconto|Comissao|Saldo|Receber|Pagar","PrimoAutoEletrica\Services\OperationalWorkflowTestService.cs","1417","var summary = $""Workflow test concluido. Total={result.TotalChecks}, Sucesso={result.PassedChecks}, Falhas={result.FailedChecks}."";"
"Preco|Valor|Total|Custo|Desconto|Comissao|Saldo|Receber|Pagar","PrimoAutoEletrica\Services\OperationalWorkflowTestService.cs","1637","PrecoCompra = 15m,"
"Preco|Valor|Total|Custo|Desconto|Comissao|Saldo|Receber|Pagar","PrimoAutoEletrica\Services\OperationalWorkflowTestService.cs","1638","PrecoVenda = 32m,"
"Preco|Valor|Total|Custo|Desconto|Comissao|Saldo|Receber|Pagar","PrimoAutoEletrica\Services\OperationalWorkflowTestService.cs","1639","ValorTotalEstoque = 180m,"
"Preco|Valor|Total|Custo|Desconto|Comissao|Saldo|Receber|Pagar","PrimoAutoEletrica\Services\OperationalWorkflowTestService.cs","1640","MargemLucro = 53.125m,"
"decimal","PrimoAutoEletrica\Services\OperationalWorkflowTestService.cs","1656","decimal valorServico = 0m,"
"Preco|Valor|Total|Custo|Desconto|Comissao|Saldo|Receber|Pagar","PrimoAutoEletrica\Services\OperationalWorkflowTestService.cs","1656","decimal valorServico = 0m,"
"decimal","PrimoAutoEletrica\Services\OperationalWorkflowTestService.cs","1657","decimal custoServico = 0m,"
"Preco|Valor|Total|Custo|Desconto|Comissao|Saldo|Receber|Pagar","PrimoAutoEletrica\Services\OperationalWorkflowTestService.cs","1657","decimal custoServico = 0m,"
"Preco|Valor|Total|Custo|Desconto|Comissao|Saldo|Receber|Pagar","PrimoAutoEletrica\Services\OperationalWorkflowTestService.cs","1675","PrecoUnitario = produto.PrecoVenda,"
"Preco|Valor|Total|Custo|Desconto|Comissao|Saldo|Receber|Pagar","PrimoAutoEletrica\Services\OperationalWorkflowTestService.cs","1676","PrecoCusto = produto.PrecoCompra,"
"Preco|Valor|Total|Custo|Desconto|Comissao|Saldo|Receber|Pagar","PrimoAutoEletrica\Services\OperationalWorkflowTestService.cs","1677","Desconto = 0,"
"Preco|Valor|Total|Custo|Desconto|Comissao|Saldo|Receber|Pagar","PrimoAutoEletrica\Services\OperationalWorkflowTestService.cs","1678","Subtotal = produto.PrecoVenda * quantidade,"
"Preco|Valor|Total|Custo|Desconto|Comissao|Saldo|Receber|Pagar","PrimoAutoEletrica\Services\OperationalWorkflowTestService.cs","1679","LucroEstimado = (produto.PrecoVenda - produto.PrecoCompra) * quantidade,"
"Preco|Valor|Total|Custo|Desconto|Comissao|Saldo|Receber|Pagar","PrimoAutoEletrica\Services\OperationalWorkflowTestService.cs","1680","MargemLucro = produto.MargemLucro,"
"Preco|Valor|Total|Custo|Desconto|Comissao|Saldo|Receber|Pagar","PrimoAutoEletrica\Services\OperationalWorkflowTestService.cs","1688","var subtotalServico = Math.Max(0m, valorServico);"
"Preco|Valor|Total|Custo|Desconto|Comissao|Saldo|Receber|Pagar","PrimoAutoEletrica\Services\OperationalWorkflowTestService.cs","1689","var custoServicoValidado = Math.Max(0m, custoServico);"
"Preco|Valor|Total|Custo|Desconto|Comissao|Saldo|Receber|Pagar","PrimoAutoEletrica\Services\OperationalWorkflowTestService.cs","1690","var lucroServico = subtotalServico - custoServicoValidado;"
"Preco|Valor|Total|Custo|Desconto|Comissao|Saldo|Receber|Pagar","PrimoAutoEletrica\Services\OperationalWorkflowTestService.cs","1704","PrecoUnitario = subtotalServico,"
"Preco|Valor|Total|Custo|Desconto|Comissao|Saldo|Receber|Pagar","PrimoAutoEletrica\Services\OperationalWorkflowTestService.cs","1705","PrecoCusto = custoServicoValidado,"
"Preco|Valor|Total|Custo|Desconto|Comissao|Saldo|Receber|Pagar","PrimoAutoEletrica\Services\OperationalWorkflowTestService.cs","1706","Desconto = 0,"
"Preco|Valor|Total|Custo|Desconto|Comissao|Saldo|Receber|Pagar","PrimoAutoEletrica\Services\OperationalWorkflowTestService.cs","1707","Subtotal = subtotalServico,"
"Preco|Valor|Total|Custo|Desconto|Comissao|Saldo|Receber|Pagar","PrimoAutoEletrica\Services\OperationalWorkflowTestService.cs","1708","LucroEstimado = lucroServico,"
"Preco|Valor|Total|Custo|Desconto|Comissao|Saldo|Receber|Pagar","PrimoAutoEletrica\Services\OperationalWorkflowTestService.cs","1709","MargemLucro = subtotalServico > 0 ? (lucroServico / subtotalServico) * 100m : 0m,"
"Preco|Valor|Total|Custo|Desconto|Comissao|Saldo|Receber|Pagar","PrimoAutoEletrica\Services\OperationalWorkflowTestService.cs","1715","var subtotal = itens.Sum(item => item.Subtotal);"
"Preco|Valor|Total|Custo|Desconto|Comissao|Saldo|Receber|Pagar","PrimoAutoEletrica\Services\OperationalWorkflowTestService.cs","1716","var lucroEstimado = itens.Sum(item => item.LucroEstimado);"
"Preco|Valor|Total|Custo|Desconto|Comissao|Saldo|Receber|Pagar","PrimoAutoEletrica\Services\OperationalWorkflowTestService.cs","1728","Subtotal = subtotal,"
"Preco|Valor|Total|Custo|Desconto|Comissao|Saldo|Receber|Pagar","PrimoAutoEletrica\Services\OperationalWorkflowTestService.cs","1729","Desconto = 0,"
"Preco|Valor|Total|Custo|Desconto|Comissao|Saldo|Receber|Pagar","PrimoAutoEletrica\Services\OperationalWorkflowTestService.cs","1730","DescontoTipo = ""Valor"","
"Preco|Valor|Total|Custo|Desconto|Comissao|Saldo|Receber|Pagar","PrimoAutoEletrica\Services\OperationalWorkflowTestService.cs","1732","Total = subtotal,"
"Preco|Valor|Total|Custo|Desconto|Comissao|Saldo|Receber|Pagar","PrimoAutoEletrica\Services\OperationalWorkflowTestService.cs","1733","MargemLucro = subtotal > 0 ? (lucroEstimado / subtotal) * 100m : 0m,"
"Preco|Valor|Total|Custo|Desconto|Comissao|Saldo|Receber|Pagar","PrimoAutoEletrica\Services\OperationalWorkflowTestService.cs","1734","LucroEstimado = lucroEstimado,"
"Preco|Valor|Total|Custo|Desconto|Comissao|Saldo|Receber|Pagar","PrimoAutoEletrica\Services\OperationalWorkflowTestService.cs","1735","ComissaoVendedor = 0,"
"Preco|Valor|Total|Custo|Desconto|Comissao|Saldo|Receber|Pagar","PrimoAutoEletrica\Services\OperationalWorkflowTestService.cs","1777","ValorUnitario = produto.PrecoVenda,"
"Preco|Valor|Total|Custo|Desconto|Comissao|Saldo|Receber|Pagar","PrimoAutoEletrica\Services\OperationalWorkflowTestService.cs","1778","CustoUnitario = produto.PrecoCompra,"
"Preco|Valor|Total|Custo|Desconto|Comissao|Saldo|Receber|Pagar","PrimoAutoEletrica\Services\OperationalWorkflowTestService.cs","1786","ValorUnitario = 90m,"
"Preco|Valor|Total|Custo|Desconto|Comissao|Saldo|Receber|Pagar","PrimoAutoEletrica\Services\OperationalWorkflowTestService.cs","1787","CustoUnitario = 0,"
"Preco|Valor|Total|Custo|Desconto|Comissao|Saldo|Receber|Pagar","PrimoAutoEletrica\Services\OperationalWorkflowTestService.cs","1817","ClienteTotalGasto = cliente.TotalGasto,"
"Preco|Valor|Total|Custo|Desconto|Comissao|Saldo|Receber|Pagar","PrimoAutoEletrica\Services\OperationalWorkflowTestService.cs","1818","ClienteAtendimentos = cliente.TotalServicos,"
"Preco|Valor|Total|Custo|Desconto|Comissao|Saldo|Receber|Pagar","PrimoAutoEletrica\Services\OperationalWorkflowTestService.cs","1832","ValorEstimado = produto.PrecoVenda + 120m,"
"Preco|Valor|Total|Custo|Desconto|Comissao|Saldo|Receber|Pagar","PrimoAutoEletrica\Services\OperationalWorkflowTestService.cs","1833","ValorReal = produto.PrecoVenda + 120m,"
"Preco|Valor|Total|Custo|Desconto|Comissao|Saldo|Receber|Pagar","PrimoAutoEletrica\Services\OperationalWorkflowTestService.cs","1834","ValorProdutos = produto.PrecoVenda,"
"Preco|Valor|Total|Custo|Desconto|Comissao|Saldo|Receber|Pagar","PrimoAutoEletrica\Services\OperationalWorkflowTestService.cs","1835","ValorServicos = 120m,"
"Preco|Valor|Total|Custo|Desconto|Comissao|Saldo|Receber|Pagar","PrimoAutoEletrica\Services\OperationalWorkflowTestService.cs","1846","PrecoUnitario = produto.PrecoVenda,"
"Preco|Valor|Total|Custo|Desconto|Comissao|Saldo|Receber|Pagar","PrimoAutoEletrica\Services\OperationalWorkflowTestService.cs","1847","PrecoTotal = produto.PrecoVenda"
"Preco|Valor|Total|Custo|Desconto|Comissao|Saldo|Receber|Pagar","PrimoAutoEletrica\Services\OperationalWorkflowTestService.cs","1857","Valor = 120m,"
"Preco|Valor|Total|Custo|Desconto|Comissao|Saldo|Receber|Pagar","PrimoAutoEletrica\Services\OperationalWorkflowTestService.cs","1884","Desconto = 0,"
"Preco|Valor|Total|Custo|Desconto|Comissao|Saldo|Receber|Pagar","PrimoAutoEletrica\Services\OperationalWorkflowTestService.cs","1892","PrecoUnitario = produto.PrecoVenda,"
"Preco|Valor|Total|Custo|Desconto|Comissao|Saldo|Receber|Pagar","PrimoAutoEletrica\Services\OperationalWorkflowTestService.cs","1893","Desconto = 0"
"Preco|Valor|Total|Custo|Desconto|Comissao|Saldo|Receber|Pagar","PrimoAutoEletrica\Services\OperationalWorkflowTestService.cs","1896","Total = produto.PrecoVenda * 2"
"Preco|Valor|Total|Custo|Desconto|Comissao|Saldo|Receber|Pagar","PrimoAutoEletrica\Services\OperationalWorkflowTestService.cs","1978","builder.AppendLine($""TotalChecks: {result.TotalChecks}"");"
"Preco|Valor|Total|Custo|Desconto|Comissao|Saldo|Receber|Pagar","PrimoAutoEletrica\Services\OperationalWorkflowTestService.cs","2001","public int TotalChecks => Checks.Count;"
"Preco|Valor|Total|Custo|Desconto|Comissao|Saldo|Receber|Pagar","PrimoAutoEletrica\Services\OrcamentoAprovacaoService.cs","181","sb.AppendLine($""Orcamento {orcamento.Numero} - total {orcamento.Total:C}"");"
"Preco|Valor|Total|Custo|Desconto|Comissao|Saldo|Receber|Pagar","PrimoAutoEletrica\Services\OrcamentoDatabaseService.cs","26","Subtotal,"
"Preco|Valor|Total|Custo|Desconto|Comissao|Saldo|Receber|Pagar","PrimoAutoEletrica\Services\OrcamentoDatabaseService.cs","27","Desconto,"
"Preco|Valor|Total|Custo|Desconto|Comissao|Saldo|Receber|Pagar","PrimoAutoEletrica\Services\OrcamentoDatabaseService.cs","28","DescontoTipo,"
"Preco|Valor|Total|Custo|Desconto|Comissao|Saldo|Receber|Pagar","PrimoAutoEletrica\Services\OrcamentoDatabaseService.cs","29","DescontoPercentual,"
"Preco|Valor|Total|Custo|Desconto|Comissao|Saldo|Receber|Pagar","PrimoAutoEletrica\Services\OrcamentoDatabaseService.cs","31","Total,"
"Preco|Valor|Total|Custo|Desconto|Comissao|Saldo|Receber|Pagar","PrimoAutoEletrica\Services\OrcamentoDatabaseService.cs","32","MargemLucro,"
"Preco|Valor|Total|Custo|Desconto|Comissao|Saldo|Receber|Pagar","PrimoAutoEletrica\Services\OrcamentoDatabaseService.cs","33","LucroEstimado,"
"Preco|Valor|Total|Custo|Desconto|Comissao|Saldo|Receber|Pagar","PrimoAutoEletrica\Services\OrcamentoDatabaseService.cs","34","ComissaoVendedor,"
"Preco|Valor|Total|Custo|Desconto|Comissao|Saldo|Receber|Pagar","PrimoAutoEletrica\Services\OrcamentoDatabaseService.cs","52","PrecoUnitario,"
"Preco|Valor|Total|Custo|Desconto|Comissao|Saldo|Receber|Pagar","PrimoAutoEletrica\Services\OrcamentoDatabaseService.cs","53","PrecoCusto,"
"Preco|Valor|Total|Custo|Desconto|Comissao|Saldo|Receber|Pagar","PrimoAutoEletrica\Services\OrcamentoDatabaseService.cs","54","Desconto,"
"Preco|Valor|Total|Custo|Desconto|Comissao|Saldo|Receber|Pagar","PrimoAutoEletrica\Services\OrcamentoDatabaseService.cs","55","Subtotal,"
"Preco|Valor|Total|Custo|Desconto|Comissao|Saldo|Receber|Pagar","PrimoAutoEletrica\Services\OrcamentoDatabaseService.cs","56","LucroEstimado,"
"Preco|Valor|Total|Custo|Desconto|Comissao|Saldo|Receber|Pagar","PrimoAutoEletrica\Services\OrcamentoDatabaseService.cs","57","MargemLucro,"
"REAL_sql","PrimoAutoEletrica\Services\OrcamentoDatabaseService.cs","112","Subtotal REAL,"
"Preco|Valor|Total|Custo|Desconto|Comissao|Saldo|Receber|Pagar","PrimoAutoEletrica\Services\OrcamentoDatabaseService.cs","112","Subtotal REAL,"
"REAL_sql","PrimoAutoEletrica\Services\OrcamentoDatabaseService.cs","113","Desconto REAL,"
"Preco|Valor|Total|Custo|Desconto|Comissao|Saldo|Receber|Pagar","PrimoAutoEletrica\Services\OrcamentoDatabaseService.cs","113","Desconto REAL,"
"Preco|Valor|Total|Custo|Desconto|Comissao|Saldo|Receber|Pagar","PrimoAutoEletrica\Services\OrcamentoDatabaseService.cs","114","DescontoTipo TEXT NOT NULL DEFAULT 'Valor',"
"REAL_sql","PrimoAutoEletrica\Services\OrcamentoDatabaseService.cs","115","DescontoPercentual REAL NOT NULL DEFAULT 0,"
"Preco|Valor|Total|Custo|Desconto|Comissao|Saldo|Receber|Pagar","PrimoAutoEletrica\Services\OrcamentoDatabaseService.cs","115","DescontoPercentual REAL NOT NULL DEFAULT 0,"
"REAL_sql","PrimoAutoEletrica\Services\OrcamentoDatabaseService.cs","116","Acrescimo REAL,"
"REAL_sql","PrimoAutoEletrica\Services\OrcamentoDatabaseService.cs","117","Total REAL,"
"Preco|Valor|Total|Custo|Desconto|Comissao|Saldo|Receber|Pagar","PrimoAutoEletrica\Services\OrcamentoDatabaseService.cs","117","Total REAL,"
"REAL_sql","PrimoAutoEletrica\Services\OrcamentoDatabaseService.cs","118","MargemLucro REAL,"
"Preco|Valor|Total|Custo|Desconto|Comissao|Saldo|Receber|Pagar","PrimoAutoEletrica\Services\OrcamentoDatabaseService.cs","118","MargemLucro REAL,"
"REAL_sql","PrimoAutoEletrica\Services\OrcamentoDatabaseService.cs","119","LucroEstimado REAL,"
"Preco|Valor|Total|Custo|Desconto|Comissao|Saldo|Receber|Pagar","PrimoAutoEletrica\Services\OrcamentoDatabaseService.cs","119","LucroEstimado REAL,"
"REAL_sql","PrimoAutoEletrica\Services\OrcamentoDatabaseService.cs","120","ComissaoVendedor REAL,"
"Preco|Valor|Total|Custo|Desconto|Comissao|Saldo|Receber|Pagar","PrimoAutoEletrica\Services\OrcamentoDatabaseService.cs","120","ComissaoVendedor REAL,"
"REAL_sql","PrimoAutoEletrica\Services\OrcamentoDatabaseService.cs","121","ImpostosEstimados REAL,"
"Preco|Valor|Total|Custo|Desconto|Comissao|Saldo|Receber|Pagar","PrimoAutoEletrica\Services\OrcamentoDatabaseService.cs","132","EnsureColumnExists(connection, ""Orcamentos"", ""DescontoTipo"", ""ALTER TABLE Orcamentos ADD COLUMN DescontoTipo TEXT NOT NULL DEFAULT 'Valor';"");"
"REAL_sql","PrimoAutoEletrica\Services\OrcamentoDatabaseService.cs","133","EnsureColumnExists(connection, ""Orcamentos"", ""DescontoPercentual"", ""ALTER TABLE Orcamentos ADD COLUMN DescontoPercentual REAL NOT NULL DEFAULT 0;"");"
"Preco|Valor|Total|Custo|Desconto|Comissao|Saldo|Receber|Pagar","PrimoAutoEletrica\Services\OrcamentoDatabaseService.cs","133","EnsureColumnExists(connection, ""Orcamentos"", ""DescontoPercentual"", ""ALTER TABLE Orcamentos ADD COLUMN DescontoPercentual REAL NOT NULL DEFAULT 0;"");"
"REAL_sql","PrimoAutoEletrica\Services\OrcamentoDatabaseService.cs","149","PrecoUnitario REAL,"
"Preco|Valor|Total|Custo|Desconto|Comissao|Saldo|Receber|Pagar","PrimoAutoEletrica\Services\OrcamentoDatabaseService.cs","149","PrecoUnitario REAL,"
"REAL_sql","PrimoAutoEletrica\Services\OrcamentoDatabaseService.cs","150","PrecoCusto REAL,"
"Preco|Valor|Total|Custo|Desconto|Comissao|Saldo|Receber|Pagar","PrimoAutoEletrica\Services\OrcamentoDatabaseService.cs","150","PrecoCusto REAL,"
"REAL_sql","PrimoAutoEletrica\Services\OrcamentoDatabaseService.cs","151","Desconto REAL,"
"Preco|Valor|Total|Custo|Desconto|Comissao|Saldo|Receber|Pagar","PrimoAutoEletrica\Services\OrcamentoDatabaseService.cs","151","Desconto REAL,"
"REAL_sql","PrimoAutoEletrica\Services\OrcamentoDatabaseService.cs","152","Subtotal REAL,"
"Preco|Valor|Total|Custo|Desconto|Comissao|Saldo|Receber|Pagar","PrimoAutoEletrica\Services\OrcamentoDatabaseService.cs","152","Subtotal REAL,"
"REAL_sql","PrimoAutoEletrica\Services\OrcamentoDatabaseService.cs","153","LucroEstimado REAL,"
"Preco|Valor|Total|Custo|Desconto|Comissao|Saldo|Receber|Pagar","PrimoAutoEletrica\Services\OrcamentoDatabaseService.cs","153","LucroEstimado REAL,"
"REAL_sql","PrimoAutoEletrica\Services\OrcamentoDatabaseService.cs","154","MargemLucro REAL,"
"Preco|Valor|Total|Custo|Desconto|Comissao|Saldo|Receber|Pagar","PrimoAutoEletrica\Services\OrcamentoDatabaseService.cs","154","MargemLucro REAL,"
"Preco|Valor|Total|Custo|Desconto|Comissao|Saldo|Receber|Pagar","PrimoAutoEletrica\Services\OrcamentoDatabaseService.cs","201","""Subtotal"","
"Preco|Valor|Total|Custo|Desconto|Comissao|Saldo|Receber|Pagar","PrimoAutoEletrica\Services\OrcamentoDatabaseService.cs","202","""Desconto"","
"Preco|Valor|Total|Custo|Desconto|Comissao|Saldo|Receber|Pagar","PrimoAutoEletrica\Services\OrcamentoDatabaseService.cs","203","""DescontoTipo"","
"Preco|Valor|Total|Custo|Desconto|Comissao|Saldo|Receber|Pagar","PrimoAutoEletrica\Services\OrcamentoDatabaseService.cs","204","""DescontoPercentual"","
"Preco|Valor|Total|Custo|Desconto|Comissao|Saldo|Receber|Pagar","PrimoAutoEletrica\Services\OrcamentoDatabaseService.cs","206","""Total"","
"Preco|Valor|Total|Custo|Desconto|Comissao|Saldo|Receber|Pagar","PrimoAutoEletrica\Services\OrcamentoDatabaseService.cs","207","""MargemLucro"","
"Preco|Valor|Total|Custo|Desconto|Comissao|Saldo|Receber|Pagar","PrimoAutoEletrica\Services\OrcamentoDatabaseService.cs","208","""LucroEstimado"","
"Preco|Valor|Total|Custo|Desconto|Comissao|Saldo|Receber|Pagar","PrimoAutoEletrica\Services\OrcamentoDatabaseService.cs","209","""ComissaoVendedor"","
"Preco|Valor|Total|Custo|Desconto|Comissao|Saldo|Receber|Pagar","PrimoAutoEletrica\Services\OrcamentoDatabaseService.cs","228","""PrecoUnitario"","
"Preco|Valor|Total|Custo|Desconto|Comissao|Saldo|Receber|Pagar","PrimoAutoEletrica\Services\OrcamentoDatabaseService.cs","229","""PrecoCusto"","
"Preco|Valor|Total|Custo|Desconto|Comissao|Saldo|Receber|Pagar","PrimoAutoEletrica\Services\OrcamentoDatabaseService.cs","230","""Desconto"","
"Preco|Valor|Total|Custo|Desconto|Comissao|Saldo|Receber|Pagar","PrimoAutoEletrica\Services\OrcamentoDatabaseService.cs","231","""Subtotal"","
"Preco|Valor|Total|Custo|Desconto|Comissao|Saldo|Receber|Pagar","PrimoAutoEletrica\Services\OrcamentoDatabaseService.cs","232","""LucroEstimado"","
"Preco|Valor|Total|Custo|Desconto|Comissao|Saldo|Receber|Pagar","PrimoAutoEletrica\Services\OrcamentoDatabaseService.cs","233","""MargemLucro"","
"Preco|Valor|Total|Custo|Desconto|Comissao|Saldo|Receber|Pagar","PrimoAutoEletrica\Services\OrcamentoDatabaseService.cs","369","@Subtotal,"
"Preco|Valor|Total|Custo|Desconto|Comissao|Saldo|Receber|Pagar","PrimoAutoEletrica\Services\OrcamentoDatabaseService.cs","370","@Desconto,"
"Preco|Valor|Total|Custo|Desconto|Comissao|Saldo|Receber|Pagar","PrimoAutoEletrica\Services\OrcamentoDatabaseService.cs","371","@DescontoTipo,"
"Preco|Valor|Total|Custo|Desconto|Comissao|Saldo|Receber|Pagar","PrimoAutoEletrica\Services\OrcamentoDatabaseService.cs","372","@DescontoPercentual,"
"Preco|Valor|Total|Custo|Desconto|Comissao|Saldo|Receber|Pagar","PrimoAutoEletrica\Services\OrcamentoDatabaseService.cs","374","@Total,"
"Preco|Valor|Total|Custo|Desconto|Comissao|Saldo|Receber|Pagar","PrimoAutoEletrica\Services\OrcamentoDatabaseService.cs","375","@MargemLucro,"
"Preco|Valor|Total|Custo|Desconto|Comissao|Saldo|Receber|Pagar","PrimoAutoEletrica\Services\OrcamentoDatabaseService.cs","376","@LucroEstimado,"
"Preco|Valor|Total|Custo|Desconto|Comissao|Saldo|Receber|Pagar","PrimoAutoEletrica\Services\OrcamentoDatabaseService.cs","377","@ComissaoVendedor,"
"Preco|Valor|Total|Custo|Desconto|Comissao|Saldo|Receber|Pagar","PrimoAutoEletrica\Services\OrcamentoDatabaseService.cs","525","Subtotal = @Subtotal,"
"Preco|Valor|Total|Custo|Desconto|Comissao|Saldo|Receber|Pagar","PrimoAutoEletrica\Services\OrcamentoDatabaseService.cs","526","Desconto = @Desconto,"
"Preco|Valor|Total|Custo|Desconto|Comissao|Saldo|Receber|Pagar","PrimoAutoEletrica\Services\OrcamentoDatabaseService.cs","527","DescontoTipo = @DescontoTipo,"
"Preco|Valor|Total|Custo|Desconto|Comissao|Saldo|Receber|Pagar","PrimoAutoEletrica\Services\OrcamentoDatabaseService.cs","528","DescontoPercentual = @DescontoPercentual,"
"Preco|Valor|Total|Custo|Desconto|Comissao|Saldo|Receber|Pagar","PrimoAutoEletrica\Services\OrcamentoDatabaseService.cs","530","Total = @Total,"
"Preco|Valor|Total|Custo|Desconto|Comissao|Saldo|Receber|Pagar","PrimoAutoEletrica\Services\OrcamentoDatabaseService.cs","531","MargemLucro = @MargemLucro,"
"Preco|Valor|Total|Custo|Desconto|Comissao|Saldo|Receber|Pagar","PrimoAutoEletrica\Services\OrcamentoDatabaseService.cs","532","LucroEstimado = @LucroEstimado,"
"Preco|Valor|Total|Custo|Desconto|Comissao|Saldo|Receber|Pagar","PrimoAutoEletrica\Services\OrcamentoDatabaseService.cs","533","ComissaoVendedor = @ComissaoVendedor,"
"Preco|Valor|Total|Custo|Desconto|Comissao|Saldo|Receber|Pagar","PrimoAutoEletrica\Services\OrcamentoDatabaseService.cs","614","@PrecoUnitario,"
"Preco|Valor|Total|Custo|Desconto|Comissao|Saldo|Receber|Pagar","PrimoAutoEletrica\Services\OrcamentoDatabaseService.cs","615","@PrecoCusto,"
"Preco|Valor|Total|Custo|Desconto|Comissao|Saldo|Receber|Pagar","PrimoAutoEletrica\Services\OrcamentoDatabaseService.cs","616","@Desconto,"
"Preco|Valor|Total|Custo|Desconto|Comissao|Saldo|Receber|Pagar","PrimoAutoEletrica\Services\OrcamentoDatabaseService.cs","617","@Subtotal,"
"Preco|Valor|Total|Custo|Desconto|Comissao|Saldo|Receber|Pagar","PrimoAutoEletrica\Services\OrcamentoDatabaseService.cs","618","@LucroEstimado,"
"Preco|Valor|Total|Custo|Desconto|Comissao|Saldo|Receber|Pagar","PrimoAutoEletrica\Services\OrcamentoDatabaseService.cs","619","@MargemLucro,"
"Preco|Valor|Total|Custo|Desconto|Comissao|Saldo|Receber|Pagar","PrimoAutoEletrica\Services\OrcamentoDatabaseService.cs","634","command.Parameters.AddWithValue(""@PrecoUnitario"", item.PrecoUnitario);"
"Preco|Valor|Total|Custo|Desconto|Comissao|Saldo|Receber|Pagar","PrimoAutoEletrica\Services\OrcamentoDatabaseService.cs","635","command.Parameters.AddWithValue(""@PrecoCusto"", item.PrecoCusto);"
"Preco|Valor|Total|Custo|Desconto|Comissao|Saldo|Receber|Pagar","PrimoAutoEletrica\Services\OrcamentoDatabaseService.cs","636","command.Parameters.AddWithValue(""@Desconto"", item.Desconto);"
"Preco|Valor|Total|Custo|Desconto|Comissao|Saldo|Receber|Pagar","PrimoAutoEletrica\Services\OrcamentoDatabaseService.cs","637","command.Parameters.AddWithValue(""@Subtotal"", item.Subtotal);"
"Preco|Valor|Total|Custo|Desconto|Comissao|Saldo|Receber|Pagar","PrimoAutoEletrica\Services\OrcamentoDatabaseService.cs","638","command.Parameters.AddWithValue(""@LucroEstimado"", item.LucroEstimado);"
"Preco|Valor|Total|Custo|Desconto|Comissao|Saldo|Receber|Pagar","PrimoAutoEletrica\Services\OrcamentoDatabaseService.cs","639","command.Parameters.AddWithValue(""@MargemLucro"", item.MargemLucro);"
"Preco|Valor|Total|Custo|Desconto|Comissao|Saldo|Receber|Pagar","PrimoAutoEletrica\Services\OrcamentoDatabaseService.cs","670","Subtotal = ReadDecimal(reader, 12),"
"Preco|Valor|Total|Custo|Desconto|Comissao|Saldo|Receber|Pagar","PrimoAutoEletrica\Services\OrcamentoDatabaseService.cs","671","Desconto = ReadDecimal(reader, 13),"
"Preco|Valor|Total|Custo|Desconto|Comissao|Saldo|Receber|Pagar","PrimoAutoEletrica\Services\OrcamentoDatabaseService.cs","672","DescontoTipo = ReadString(reader, 14),"
"Preco|Valor|Total|Custo|Desconto|Comissao|Saldo|Receber|Pagar","PrimoAutoEletrica\Services\OrcamentoDatabaseService.cs","673","DescontoPercentual = ReadDecimal(reader, 15),"
"Preco|Valor|Total|Custo|Desconto|Comissao|Saldo|Receber|Pagar","PrimoAutoEletrica\Services\OrcamentoDatabaseService.cs","675","Total = ReadDecimal(reader, 17),"
"Preco|Valor|Total|Custo|Desconto|Comissao|Saldo|Receber|Pagar","PrimoAutoEletrica\Services\OrcamentoDatabaseService.cs","676","MargemLucro = ReadDecimal(reader, 18),"
"Preco|Valor|Total|Custo|Desconto|Comissao|Saldo|Receber|Pagar","PrimoAutoEletrica\Services\OrcamentoDatabaseService.cs","677","LucroEstimado = ReadDecimal(reader, 19),"
"Preco|Valor|Total|Custo|Desconto|Comissao|Saldo|Receber|Pagar","PrimoAutoEletrica\Services\OrcamentoDatabaseService.cs","678","ComissaoVendedor = ReadDecimal(reader, 20),"
"Preco|Valor|Total|Custo|Desconto|Comissao|Saldo|Receber|Pagar","PrimoAutoEletrica\Services\OrcamentoDatabaseService.cs","701","PrecoUnitario = ReadDecimal(reader, 10),"
"Preco|Valor|Total|Custo|Desconto|Comissao|Saldo|Receber|Pagar","PrimoAutoEletrica\Services\OrcamentoDatabaseService.cs","702","PrecoCusto = ReadDecimal(reader, 11),"
"Preco|Valor|Total|Custo|Desconto|Comissao|Saldo|Receber|Pagar","PrimoAutoEletrica\Services\OrcamentoDatabaseService.cs","703","Desconto = ReadDecimal(reader, 12),"
"Preco|Valor|Total|Custo|Desconto|Comissao|Saldo|Receber|Pagar","PrimoAutoEletrica\Services\OrcamentoDatabaseService.cs","704","Subtotal = ReadDecimal(reader, 13),"
"Preco|Valor|Total|Custo|Desconto|Comissao|Saldo|Receber|Pagar","PrimoAutoEletrica\Services\OrcamentoDatabaseService.cs","705","LucroEstimado = ReadDecimal(reader, 14),"
"Preco|Valor|Total|Custo|Desconto|Comissao|Saldo|Receber|Pagar","PrimoAutoEletrica\Services\OrcamentoDatabaseService.cs","706","MargemLucro = ReadDecimal(reader, 15),"
"Preco|Valor|Total|Custo|Desconto|Comissao|Saldo|Receber|Pagar","PrimoAutoEletrica\Services\OrcamentoDatabaseService.cs","726","command.Parameters.AddWithValue(""@Subtotal"", orcamento.Subtotal);"
"Preco|Valor|Total|Custo|Desconto|Comissao|Saldo|Receber|Pagar","PrimoAutoEletrica\Services\OrcamentoDatabaseService.cs","727","command.Parameters.AddWithValue(""@Desconto"", orcamento.Desconto);"
"Preco|Valor|Total|Custo|Desconto|Comissao|Saldo|Receber|Pagar","PrimoAutoEletrica\Services\OrcamentoDatabaseService.cs","728","command.Parameters.AddWithValue(""@DescontoTipo"", string.IsNullOrWhiteSpace(orcamento.DescontoTipo) ? ""Valor"" : orcamento.DescontoTipo.Trim());"
"Preco|Valor|Total|Custo|Desconto|Comissao|Saldo|Receber|Pagar","PrimoAutoEletrica\Services\OrcamentoDatabaseService.cs","729","command.Parameters.AddWithValue(""@DescontoPercentual"", orcamento.DescontoPercentual);"
"Preco|Valor|Total|Custo|Desconto|Comissao|Saldo|Receber|Pagar","PrimoAutoEletrica\Services\OrcamentoDatabaseService.cs","731","command.Parameters.AddWithValue(""@Total"", orcamento.Total);"
"Preco|Valor|Total|Custo|Desconto|Comissao|Saldo|Receber|Pagar","PrimoAutoEletrica\Services\OrcamentoDatabaseService.cs","732","command.Parameters.AddWithValue(""@MargemLucro"", orcamento.MargemLucro);"
"Preco|Valor|Total|Custo|Desconto|Comissao|Saldo|Receber|Pagar","PrimoAutoEletrica\Services\OrcamentoDatabaseService.cs","733","command.Parameters.AddWithValue(""@LucroEstimado"", orcamento.LucroEstimado);"
"Preco|Valor|Total|Custo|Desconto|Comissao|Saldo|Receber|Pagar","PrimoAutoEletrica\Services\OrcamentoDatabaseService.cs","734","command.Parameters.AddWithValue(""@ComissaoVendedor"", orcamento.ComissaoVendedor);"
"Preco|Valor|Total|Custo|Desconto|Comissao|Saldo|Receber|Pagar","PrimoAutoEletrica\Services\OrcamentoDatabaseService.cs","1035","orcamento.DescontoTipo = NormalizarTipoDesconto(orcamento.DescontoTipo);"
"Preco|Valor|Total|Custo|Desconto|Comissao|Saldo|Receber|Pagar","PrimoAutoEletrica\Services\OrcamentoDatabaseService.cs","1036","orcamento.DescontoPercentual = Math.Max(0m, orcamento.DescontoPercentual);"
"decimal","PrimoAutoEletrica\Services\OrcamentoDatabaseService.cs","1068","decimal subtotal = 0m;"
"Preco|Valor|Total|Custo|Desconto|Comissao|Saldo|Receber|Pagar","PrimoAutoEletrica\Services\OrcamentoDatabaseService.cs","1068","decimal subtotal = 0m;"
"decimal","PrimoAutoEletrica\Services\OrcamentoDatabaseService.cs","1069","decimal lucro = 0m;"
"Preco|Valor|Total|Custo|Desconto|Comissao|Saldo|Receber|Pagar","PrimoAutoEletrica\Services\OrcamentoDatabaseService.cs","1069","decimal lucro = 0m;"
"Preco|Valor|Total|Custo|Desconto|Comissao|Saldo|Receber|Pagar","PrimoAutoEletrica\Services\OrcamentoDatabaseService.cs","1075","subtotal += item.Subtotal;"
"Preco|Valor|Total|Custo|Desconto|Comissao|Saldo|Receber|Pagar","PrimoAutoEletrica\Services\OrcamentoDatabaseService.cs","1076","lucro += item.LucroEstimado;"
"Preco|Valor|Total|Custo|Desconto|Comissao|Saldo|Receber|Pagar","PrimoAutoEletrica\Services\OrcamentoDatabaseService.cs","1079","ComercialValidationHelper.GarantirDescontoValido(orcamento.Desconto, subtotal, ""O desconto"");"
"Preco|Valor|Total|Custo|Desconto|Comissao|Saldo|Receber|Pagar","PrimoAutoEletrica\Services\OrcamentoDatabaseService.cs","1080","if (string.Equals(orcamento.DescontoTipo, ""Percentual"", StringComparison.OrdinalIgnoreCase) &&"
"Preco|Valor|Total|Custo|Desconto|Comissao|Saldo|Receber|Pagar","PrimoAutoEletrica\Services\OrcamentoDatabaseService.cs","1081","orcamento.DescontoPercentual > 100m)"
"Preco|Valor|Total|Custo|Desconto|Comissao|Saldo|Receber|Pagar","PrimoAutoEletrica\Services\OrcamentoDatabaseService.cs","1083","throw new InvalidOperationException(""O desconto percentual nao pode ultrapassar 100%."");"
"Preco|Valor|Total|Custo|Desconto|Comissao|Saldo|Receber|Pagar","PrimoAutoEletrica\Services\OrcamentoDatabaseService.cs","1087","ComercialValidationHelper.GarantirValorMaiorOuIgualZero(orcamento.ComissaoVendedor, ""a comissao do vendedor"");"
"Preco|Valor|Total|Custo|Desconto|Comissao|Saldo|Receber|Pagar","PrimoAutoEletrica\Services\OrcamentoDatabaseService.cs","1090","orcamento.Subtotal = subtotal;"
"Preco|Valor|Total|Custo|Desconto|Comissao|Saldo|Receber|Pagar","PrimoAutoEletrica\Services\OrcamentoDatabaseService.cs","1091","orcamento.Total = Math.Max(0m, subtotal - orcamento.Desconto + orcamento.Acrescimo);"
"Preco|Valor|Total|Custo|Desconto|Comissao|Saldo|Receber|Pagar","PrimoAutoEletrica\Services\OrcamentoDatabaseService.cs","1092","orcamento.LucroEstimado = lucro;"
"Preco|Valor|Total|Custo|Desconto|Comissao|Saldo|Receber|Pagar","PrimoAutoEletrica\Services\OrcamentoDatabaseService.cs","1093","orcamento.MargemLucro = orcamento.Total > 0"
"Preco|Valor|Total|Custo|Desconto|Comissao|Saldo|Receber|Pagar","PrimoAutoEletrica\Services\OrcamentoDatabaseService.cs","1094","? (lucro / orcamento.Total) * 100m"
"Preco|Valor|Total|Custo|Desconto|Comissao|Saldo|Receber|Pagar","PrimoAutoEletrica\Services\OrcamentoDatabaseService.cs","1132","ComercialValidationHelper.GarantirValorMaiorOuIgualZero(item.PrecoUnitario, $""o preco unitario do item '{item.ProdutoNome}'"");"
"Preco|Valor|Total|Custo|Desconto|Comissao|Saldo|Receber|Pagar","PrimoAutoEletrica\Services\OrcamentoDatabaseService.cs","1133","ComercialValidationHelper.GarantirValorMaiorOuIgualZero(item.PrecoCusto, $""o preco de custo do item '{item.ProdutoNome}'"");"
"Preco|Valor|Total|Custo|Desconto|Comissao|Saldo|Receber|Pagar","PrimoAutoEletrica\Services\OrcamentoDatabaseService.cs","1136","item.Subtotal = ComercialValidationHelper.CalcularSubtotal(item.Quantidade, item.PrecoUnitario, item.Desconto);"
"Preco|Valor|Total|Custo|Desconto|Comissao|Saldo|Receber|Pagar","PrimoAutoEletrica\Services\OrcamentoDatabaseService.cs","1137","item.LucroEstimado = item.Subtotal - (item.Quantidade * item.PrecoCusto);"
"Preco|Valor|Total|Custo|Desconto|Comissao|Saldo|Receber|Pagar","PrimoAutoEletrica\Services\OrcamentoDatabaseService.cs","1138","item.MargemLucro = item.Subtotal > 0"
"Preco|Valor|Total|Custo|Desconto|Comissao|Saldo|Receber|Pagar","PrimoAutoEletrica\Services\OrcamentoDatabaseService.cs","1139","? (item.LucroEstimado / item.Subtotal) * 100m"
"Preco|Valor|Total|Custo|Desconto|Comissao|Saldo|Receber|Pagar","PrimoAutoEletrica\Services\OrcamentoDatabaseService.cs","1154",": ""Valor"";"
"Preco|Valor|Total|Custo|Desconto|Comissao|Saldo|Receber|Pagar","PrimoAutoEletrica\Services\OrcamentoDatabaseService.cs","1191","var valor = Convert.ToString(value);"
"Preco|Valor|Total|Custo|Desconto|Comissao|Saldo|Receber|Pagar","PrimoAutoEletrica\Services\OrcamentoDatabaseService.cs","1192","return string.IsNullOrWhiteSpace(valor) ? null : Guid.Parse(valor);"
"Preco|Valor|Total|Custo|Desconto|Comissao|Saldo|Receber|Pagar","PrimoAutoEletrica\Services\OrcamentoDatabaseService.cs","1219","var valor = Convert.ToString(value);"
"Preco|Valor|Total|Custo|Desconto|Comissao|Saldo|Receber|Pagar","PrimoAutoEletrica\Services\OrcamentoDatabaseService.cs","1220","return string.IsNullOrWhiteSpace(valor) ? null : DateTime.Parse(valor);"
"decimal","PrimoAutoEletrica\Services\OrcamentoDatabaseService.cs","1223","private static decimal ReadDecimal(DbDataReader reader, int ordinal)"
"double","PrimoAutoEletrica\Services\OrcamentoPdfService.cs","13","private const double PageMargin = 38d;"
"double","PrimoAutoEletrica\Services\OrcamentoPdfService.cs","14","private const double BottomMargin = 36d;"
"double","PrimoAutoEletrica\Services\OrcamentoPdfService.cs","15","private const double HeaderHeight = 106d;"
"double","PrimoAutoEletrica\Services\OrcamentoPdfService.cs","16","private const double BodyLineHeight = 13d;"
"double","PrimoAutoEletrica\Services\OrcamentoPdfService.cs","17","private const double SmallLineHeight = 11d;"
"Preco|Valor|Total|Custo|Desconto|Comissao|Saldo|Receber|Pagar","PrimoAutoEletrica\Services\OrcamentoPdfService.cs","50","var totalSurface = XColor.FromArgb(255, 247, 237);"
"double","PrimoAutoEletrica\Services\OrcamentoPdfService.cs","55","double pageWidth = 0d;"
"double","PrimoAutoEletrica\Services\OrcamentoPdfService.cs","56","double pageHeight = 0d;"
"double","PrimoAutoEletrica\Services\OrcamentoPdfService.cs","57","double contentWidth = 0d;"
"double","PrimoAutoEletrica\Services\OrcamentoPdfService.cs","58","double y = 0d;"
"double","PrimoAutoEletrica\Services\OrcamentoPdfService.cs","90","void EnsureSpace(double requiredHeight, bool continuationPage = false)"
"double","PrimoAutoEletrica\Services\OrcamentoPdfService.cs","240","const double emptyRowHeight = 32d;"
"double","PrimoAutoEletrica\Services\OrcamentoPdfService.cs","273","const double cardHeight = 62d;"
"double","PrimoAutoEletrica\Services\OrcamentoPdfService.cs","274","const double gap = 8d;"
"Preco|Valor|Total|Custo|Desconto|Comissao|Saldo|Receber|Pagar","PrimoAutoEletrica\Services\OrcamentoPdfService.cs","281","DrawMetricCard(PageMargin, y, cardWidth, cardHeight, ""Subtotal"", orcamento.Subtotal.ToString(""C""), cardSurface, primaryText);"
"Preco|Valor|Total|Custo|Desconto|Comissao|Saldo|Receber|Pagar","PrimoAutoEletrica\Services\OrcamentoPdfService.cs","282","DrawMetricCard(PageMargin + cardWidth + gap, y, cardWidth, cardHeight, ""Desconto"", orcamento.Desconto.ToString(""C""), dangerTint, XColor.FromArgb(185, 28, 28));"
"Preco|Valor|Total|Custo|Desconto|Comissao|Saldo|Receber|Pagar","PrimoAutoEletrica\Services\OrcamentoPdfService.cs","284","DrawMetricCard(PageMargin + (cardWidth + gap) * 3d, y, cardWidth, cardHeight, ""Total"", orcamento.Total.ToString(""C""), totalSurface, brandOrange, destaque: true)"
"double","PrimoAutoEletrica\Services\OrcamentoPdfService.cs","322","void DrawInfoCard(double x, double top, double width, double height, string title, IReadOnlyList<(string Label, string Value)> fields)"
"double","PrimoAutoEletrica\Services\OrcamentoPdfService.cs","381","void DrawItemsHeader(double tableX, IReadOnlyList<double> columns)"
"Preco|Valor|Total|Custo|Desconto|Comissao|Saldo|Receber|Pagar","PrimoAutoEletrica\Services\OrcamentoPdfService.cs","385","var headers = new[] { ""Descricao"", ""Tipo"", ""Qtd"", ""Unit."", ""Desc."", ""Total"" };"
"double","PrimoAutoEletrica\Services\OrcamentoPdfService.cs","392","double currentX = tableX;"
"double","PrimoAutoEletrica\Services\OrcamentoPdfService.cs","413","void DrawEmptyItemsRow(double tableX, double tableWidth, double rowHeight)"
"double","PrimoAutoEletrica\Services\OrcamentoPdfService.cs","429","double tableX,"
"double","PrimoAutoEletrica\Services\OrcamentoPdfService.cs","430","IReadOnlyList<double> columns,"
"double","PrimoAutoEletrica\Services\OrcamentoPdfService.cs","431","double rowHeight,"
"double","PrimoAutoEletrica\Services\OrcamentoPdfService.cs","442","double currentX = tableX;"
"Preco|Valor|Total|Custo|Desconto|Comissao|Saldo|Receber|Pagar","PrimoAutoEletrica\Services\OrcamentoPdfService.cs","477","var totalX = discountX + columns[4];"
"Preco|Valor|Total|Custo|Desconto|Comissao|Saldo|Receber|Pagar","PrimoAutoEletrica\Services\OrcamentoPdfService.cs","494","item.PrecoUnitario.ToString(""C""),"
"Preco|Valor|Total|Custo|Desconto|Comissao|Saldo|Receber|Pagar","PrimoAutoEletrica\Services\OrcamentoPdfService.cs","501","item.Desconto.ToString(""C""),"
"Preco|Valor|Total|Custo|Desconto|Comissao|Saldo|Receber|Pagar","PrimoAutoEletrica\Services\OrcamentoPdfService.cs","508","item.Subtotal.ToString(""C""),"
"Preco|Valor|Total|Custo|Desconto|Comissao|Saldo|Receber|Pagar","PrimoAutoEletrica\Services\OrcamentoPdfService.cs","511","new XRect(totalX + 6d, y + 7d, columns[5] - 12d, 12d),"
"double","PrimoAutoEletrica\Services\OrcamentoPdfService.cs","515","void DrawMetricCard(double x, double top, double width, double height, string label, string value, XColor background, XColor valueColor, bool destaque = false)"
"double","PrimoAutoEletrica\Services\OrcamentoPdfService.cs","556","double CalculateCardHeight(IEnumerable<(string Label, string Value)> fields, double width)"
"Preco|Valor|Total|Custo|Desconto|Comissao|Saldo|Receber|Pagar","PrimoAutoEletrica\Services\OrcamentoPdfService.cs","559","var totalHeight = 36d;"
"Preco|Valor|Total|Custo|Desconto|Comissao|Saldo|Receber|Pagar","PrimoAutoEletrica\Services\OrcamentoPdfService.cs","563","totalHeight += 10d;"
"Preco|Valor|Total|Custo|Desconto|Comissao|Saldo|Receber|Pagar","PrimoAutoEletrica\Services\OrcamentoPdfService.cs","564","totalHeight += WrapText(value, fontBody, availableWidth).Count * BodyLineHeight;"
"Preco|Valor|Total|Custo|Desconto|Comissao|Saldo|Receber|Pagar","PrimoAutoEletrica\Services\OrcamentoPdfService.cs","565","totalHeight += 4d;"
"Preco|Valor|Total|Custo|Desconto|Comissao|Saldo|Receber|Pagar","PrimoAutoEletrica\Services\OrcamentoPdfService.cs","568","return Math.Max(132d, totalHeight + 10d);"
"Preco|Valor|Total|Custo|Desconto|Comissao|Saldo|Receber|Pagar","PrimoAutoEletrica\Services\OrcamentoPdfService.cs","672",".Where(valor => !string.IsNullOrWhiteSpace(valor)));"
"Preco|Valor|Total|Custo|Desconto|Comissao|Saldo|Receber|Pagar","PrimoAutoEletrica\Services\OrcamentoPdfService.cs","680",".Where(valor => !string.IsNullOrWhiteSpace(valor)));"
"Preco|Valor|Total|Custo|Desconto|Comissao|Saldo|Receber|Pagar","PrimoAutoEletrica\Services\OrcamentoPdfService.cs","709","}.Where(valor => !string.IsNullOrWhiteSpace(valor)));"
"double","PrimoAutoEletrica\Services\OrcamentoPdfService.cs","748","private static List<string> WrapText(string? text, XFont font, double maxWidth)"
"decimal","PrimoAutoEletrica\Services\PedidoFornecedorService.cs","15","public decimal Quantidade { get; set; }"
"decimal","PrimoAutoEletrica\Services\PedidoFornecedorService.cs","16","public decimal EstoqueAtual { get; set; }"
"decimal","PrimoAutoEletrica\Services\PedidoFornecedorService.cs","17","public decimal EstoqueMinimo { get; set; }"
"Preco|Valor|Total|Custo|Desconto|Comissao|Saldo|Receber|Pagar","PrimoAutoEletrica\Services\PermissionProfileTestService.cs","370","sb.AppendLine($""**Total de Erros:** {result.Errors.Count}"");"
"Preco|Valor|Total|Custo|Desconto|Comissao|Saldo|Receber|Pagar","PrimoAutoEletrica\Services\PermissionProfileTestService.cs","371","sb.AppendLine($""**Total de Avisos:** {result.Warnings.Count}"");"
"Preco|Valor|Total|Custo|Desconto|Comissao|Saldo|Receber|Pagar","PrimoAutoEletrica\Services\PermissionService.cs","350","bool? valor;"
"Preco|Valor|Total|Custo|Desconto|Comissao|Saldo|Receber|Pagar","PrimoAutoEletrica\Services\PermissionService.cs","353","valor = _permissionLookupOverride(codigoPermissao);"
"Preco|Valor|Total|Custo|Desconto|Comissao|Saldo|Receber|Pagar","PrimoAutoEletrica\Services\PermissionService.cs","361","valor = _databaseService.ObterPermissaoPorPerfilECodigo(_funcionarioLogado.PerfilAcesso, codigoPermissao);"
"Preco|Valor|Total|Custo|Desconto|Comissao|Saldo|Receber|Pagar","PrimoAutoEletrica\Services\PermissionService.cs","364","if (!valor.HasValue)"
"Preco|Valor|Total|Custo|Desconto|Comissao|Saldo|Receber|Pagar","PrimoAutoEletrica\Services\PermissionService.cs","370","return valor.Value"
"decimal","PrimoAutoEletrica\Services\Primox360Service.cs","91","decimal TotalOs(OrdemServico os) => Math.Max(0m, os.Itens.Sum(i => i.Total) - os.Desconto);"
"Preco|Valor|Total|Custo|Desconto|Comissao|Saldo|Receber|Pagar","PrimoAutoEletrica\Services\Primox360Service.cs","91","decimal TotalOs(OrdemServico os) => Math.Max(0m, os.Itens.Sum(i => i.Total) - os.Desconto);"
"Preco|Valor|Total|Custo|Desconto|Comissao|Saldo|Receber|Pagar","PrimoAutoEletrica\Services\Primox360Service.cs","93","var receitaOs = ordens.Sum(TotalOs);"
"Preco|Valor|Total|Custo|Desconto|Comissao|Saldo|Receber|Pagar","PrimoAutoEletrica\Services\Primox360Service.cs","94","var receitaOs12 = ordens.Where(o => o.DataAbertura >= limite12m).Sum(TotalOs);"
"Preco|Valor|Total|Custo|Desconto|Comissao|Saldo|Receber|Pagar","PrimoAutoEletrica\Services\Primox360Service.cs","95","var receitaVendas = vendas.Sum(v => v.Total);"
"Preco|Valor|Total|Custo|Desconto|Comissao|Saldo|Receber|Pagar","PrimoAutoEletrica\Services\Primox360Service.cs","96","var receitaVendas12 = vendas.Where(v => v.Data >= limite12m).Sum(v => v.Total);"
"Preco|Valor|Total|Custo|Desconto|Comissao|Saldo|Receber|Pagar","PrimoAutoEletrica\Services\Primox360Service.cs","106","? (int)(DateTime.Today - ultimaVisita.Value.Date).TotalDays"
"Preco|Valor|Total|Custo|Desconto|Comissao|Saldo|Receber|Pagar","PrimoAutoEletrica\Services\Primox360Service.cs","129","Descricao = $""{o.Status} · {TotalOs(o):C}"","
"Preco|Valor|Total|Custo|Desconto|Comissao|Saldo|Receber|Pagar","PrimoAutoEletrica\Services\Primox360Service.cs","138","Descricao = $""{o.Status} · {o.Total:C}"","
"Preco|Valor|Total|Custo|Desconto|Comissao|Saldo|Receber|Pagar","PrimoAutoEletrica\Services\Primox360Service.cs","147","Descricao = $""{v.FormaPagamento} · {v.Total:C} · {v.Status}"","
"Preco|Valor|Total|Custo|Desconto|Comissao|Saldo|Receber|Pagar","PrimoAutoEletrica\Services\Primox360Service.cs","156","Descricao = $""{c.FormaPagamento} · {c.Valor:C}"","
"Preco|Valor|Total|Custo|Desconto|Comissao|Saldo|Receber|Pagar","PrimoAutoEletrica\Services\Primox360Service.cs","175","ValorPerdidoOrcamentos = recusados.Sum(o => o.Total),"
"Preco|Valor|Total|Custo|Desconto|Comissao|Saldo|Receber|Pagar","PrimoAutoEletrica\Services\Primox360Service.cs","178","TotalGastoCadastro = cliente.TotalGasto,"
"Preco|Valor|Total|Custo|Desconto|Comissao|Saldo|Receber|Pagar","PrimoAutoEletrica\Services\Primox360Service.cs","179","DividaVinculadaPorId = pendentes.Sum(c => c.Valor),"
"Preco|Valor|Total|Custo|Desconto|Comissao|Saldo|Receber|Pagar","PrimoAutoEletrica\Services\Primox360Service.cs","182","? $""{pendentes.Sum(c => c.Valor):C} (somente vinculos por ClienteId / Origem+ReferenciaExterna)"""
"decimal","PrimoAutoEletrica\Services\Primox360Service.cs","214","decimal TotalOs(OrdemServico os) => Math.Max(0m, os.Itens.Sum(i => i.Total) - os.Desconto);"
"Preco|Valor|Total|Custo|Desconto|Comissao|Saldo|Receber|Pagar","PrimoAutoEletrica\Services\Primox360Service.cs","214","decimal TotalOs(OrdemServico os) => Math.Max(0m, os.Itens.Sum(i => i.Total) - os.Desconto);"
"Preco|Valor|Total|Custo|Desconto|Comissao|Saldo|Receber|Pagar","PrimoAutoEletrica\Services\Primox360Service.cs","215","var receita = porId.Sum(TotalOs);"
"Preco|Valor|Total|Custo|Desconto|Comissao|Saldo|Receber|Pagar","PrimoAutoEletrica\Services\Primox360Service.cs","235",": (int)(DateTime.Today - ultima.DataAbertura.Date).TotalDays,"
"Preco|Valor|Total|Custo|Desconto|Comissao|Saldo|Receber|Pagar","PrimoAutoEletrica\Services\Primox360Service.cs","269","var total = Math.Max(0m, ordem.Itens.Sum(i => i.Total) - ordem.Desconto);"
"Preco|Valor|Total|Custo|Desconto|Comissao|Saldo|Receber|Pagar","PrimoAutoEletrica\Services\Primox360Service.cs","300","TotalItens = total,"
"Preco|Valor|Total|Custo|Desconto|Comissao|Saldo|Receber|Pagar","PrimoAutoEletrica\Services\Primox360Service.cs","337","var valorUsado = usos.Sum(u => u.Item.Total);"
"Preco|Valor|Total|Custo|Desconto|Comissao|Saldo|Receber|Pagar","PrimoAutoEletrica\Services\Primox360Service.cs","338","var margem = produto.PrecoVenda > 0m"
"Preco|Valor|Total|Custo|Desconto|Comissao|Saldo|Receber|Pagar","PrimoAutoEletrica\Services\Primox360Service.cs","339","? Math.Round(((produto.PrecoVenda - produto.PrecoCompra) / produto.PrecoVenda) * 100m, 2)"
"Preco|Valor|Total|Custo|Desconto|Comissao|Saldo|Receber|Pagar","PrimoAutoEletrica\Services\Primox360Service.cs","357","Custo = produto.PrecoCompra,"
"Preco|Valor|Total|Custo|Desconto|Comissao|Saldo|Receber|Pagar","PrimoAutoEletrica\Services\Primox360Service.cs","358","Preco = produto.PrecoVenda,"
"Preco|Valor|Total|Custo|Desconto|Comissao|Saldo|Receber|Pagar","PrimoAutoEletrica\Services\Primox360Service.cs","359","MargemPercentual = margem,"
"Preco|Valor|Total|Custo|Desconto|Comissao|Saldo|Receber|Pagar","PrimoAutoEletrica\Services\Primox360Service.cs","362","ValorUsadoEmOs = valorUsado,"
"Preco|Valor|Total|Custo|Desconto|Comissao|Saldo|Receber|Pagar","PrimoAutoEletrica\Services\Primox360Service.cs","421","var valorObj = GetDyn(conta, ""Valor"");"
"decimal","PrimoAutoEletrica\Services\Primox360Service.cs","422","var valor = valorObj is decimal d ? d : Convert.ToDecimal(valorObj, CultureInfo.InvariantCulture);"
"Preco|Valor|Total|Custo|Desconto|Comissao|Saldo|Receber|Pagar","PrimoAutoEletrica\Services\Primox360Service.cs","422","var valor = valorObj is decimal d ? d : Convert.ToDecimal(valorObj, CultureInfo.InvariantCulture);"
"Preco|Valor|Total|Custo|Desconto|Comissao|Saldo|Receber|Pagar","PrimoAutoEletrica\Services\Primox360Service.cs","429","Valor = valor,"
"Preco|Valor|Total|Custo|Desconto|Comissao|Saldo|Receber|Pagar","PrimoAutoEletrica\Services\PrimoxQaEngine.cs","200","sb.AppendLine($""- Execucao (PASS/total): {execPct:F1}%"");"
"Preco|Valor|Total|Custo|Desconto|Comissao|Saldo|Receber|Pagar","PrimoAutoEletrica\Services\ProdutoEtiquetaService.cs","169","produto.PrecoVenda > 0 ? produto.PrecoVenda.ToString(""C2"") : ""Preco a conferir"","
"double","PrimoAutoEletrica\Services\ProdutoEtiquetaService.cs","185","double x,"
"double","PrimoAutoEletrica\Services\ProdutoEtiquetaService.cs","186","double y,"
"double","PrimoAutoEletrica\Services\ProdutoEtiquetaService.cs","187","double width)"
"double","PrimoAutoEletrica\Services\ProdutoEtiquetaService.cs","193","private static bool TryDrawCode39(XGraphics graphics, string value, double x, double y, double width, double height)"
"Preco|Valor|Total|Custo|Desconto|Comissao|Saldo|Receber|Pagar","PrimoAutoEletrica\Services\ProdutoEtiquetaService.cs","202","var totalUnits = encoded.Sum(character => Code39Patterns[character].Sum(part => part == 'w' ? 3 : 1) + 1);"
"Preco|Valor|Total|Custo|Desconto|Comissao|Saldo|Receber|Pagar","PrimoAutoEletrica\Services\ProdutoEtiquetaService.cs","203","var unit = width / totalUnits;"
"Preco|Valor|Total|Custo|Desconto|Comissao|Saldo|Receber|Pagar","PrimoAutoEletrica\Services\ProdutoEtiquetaService.cs","249","private static string PrimeiroValor(params string?[] valores)"
"Preco|Valor|Total|Custo|Desconto|Comissao|Saldo|Receber|Pagar","PrimoAutoEletrica\Services\ProdutoEtiquetaService.cs","251","return valores.FirstOrDefault(valor => !string.IsNullOrWhiteSpace(valor))?.Trim() ?? string.Empty;"
"Preco|Valor|Total|Custo|Desconto|Comissao|Saldo|Receber|Pagar","PrimoAutoEletrica\Services\ProdutoImportacaoService.cs","39","produtoImportado.MargemAplicada = produtoImportado.MargemAplicada <= 0 ? 200m : produtoImportado.MargemAplicada;"
"Preco|Valor|Total|Custo|Desconto|Comissao|Saldo|Receber|Pagar","PrimoAutoEletrica\Services\ProdutoImportacaoService.cs","184","if (produtoImportado.ValorUnitario <= 0)"
"Preco|Valor|Total|Custo|Desconto|Comissao|Saldo|Receber|Pagar","PrimoAutoEletrica\Services\ProdutoImportacaoService.cs","186","throw new InvalidOperationException(""Valor unitario invalido para importacao."");"
"Preco|Valor|Total|Custo|Desconto|Comissao|Saldo|Receber|Pagar","PrimoAutoEletrica\Services\ProdutoImportacaoService.cs","196","if (produtoImportado.PrecoVendaSugerido <= 0)"
"Preco|Valor|Total|Custo|Desconto|Comissao|Saldo|Receber|Pagar","PrimoAutoEletrica\Services\ProdutoImportacaoService.cs","198","throw new InvalidOperationException(""Defina um preco de venda valido para o novo produto."");"
"Preco|Valor|Total|Custo|Desconto|Comissao|Saldo|Receber|Pagar","PrimoAutoEletrica\Services\ProdutoImportacaoService.cs","287","produtoExistente.PrecoCompra = produtoImportado.ValorUnitario;"
"Preco|Valor|Total|Custo|Desconto|Comissao|Saldo|Receber|Pagar","PrimoAutoEletrica\Services\ProdutoImportacaoService.cs","289","produtoExistente.ValorTotalEstoque = produtoExistente.QuantidadeEstoque * produtoExistente.PrecoCompra;"
"Preco|Valor|Total|Custo|Desconto|Comissao|Saldo|Receber|Pagar","PrimoAutoEletrica\Services\ProdutoImportacaoService.cs","299","produtoExistente.PrecoVenda = produtoImportado.PrecoVendaSugerido > 0"
"Preco|Valor|Total|Custo|Desconto|Comissao|Saldo|Receber|Pagar","PrimoAutoEletrica\Services\ProdutoImportacaoService.cs","300","? produtoImportado.PrecoVendaSugerido"
"Preco|Valor|Total|Custo|Desconto|Comissao|Saldo|Receber|Pagar","PrimoAutoEletrica\Services\ProdutoImportacaoService.cs","301",": produtoExistente.PrecoVenda;"
"Preco|Valor|Total|Custo|Desconto|Comissao|Saldo|Receber|Pagar","PrimoAutoEletrica\Services\ProdutoImportacaoService.cs","302","produtoExistente.MargemLucro = produtoExistente.PrecoVenda > 0"
"Preco|Valor|Total|Custo|Desconto|Comissao|Saldo|Receber|Pagar","PrimoAutoEletrica\Services\ProdutoImportacaoService.cs","303","? Math.Round(((produtoExistente.PrecoVenda - produtoExistente.PrecoCompra) / produtoExistente.PrecoVenda) * 100m, 2, MidpointRounding.AwayFromZero)"
"Preco|Valor|Total|Custo|Desconto|Comissao|Saldo|Receber|Pagar","PrimoAutoEletrica\Services\ProdutoImportacaoService.cs","312","var precoVenda = produtoImportado.PrecoVendaSugerido > 0"
"Preco|Valor|Total|Custo|Desconto|Comissao|Saldo|Receber|Pagar","PrimoAutoEletrica\Services\ProdutoImportacaoService.cs","313","? produtoImportado.PrecoVendaSugerido"
"Preco|Valor|Total|Custo|Desconto|Comissao|Saldo|Receber|Pagar","PrimoAutoEletrica\Services\ProdutoImportacaoService.cs","314",": CalcularPrecoVenda(produtoImportado.ValorUnitario, produtoImportado.MargemAplicada);"
"Preco|Valor|Total|Custo|Desconto|Comissao|Saldo|Receber|Pagar","PrimoAutoEletrica\Services\ProdutoImportacaoService.cs","331","PrecoCompra = produtoImportado.ValorUnitario,"
"Preco|Valor|Total|Custo|Desconto|Comissao|Saldo|Receber|Pagar","PrimoAutoEletrica\Services\ProdutoImportacaoService.cs","332","PrecoVenda = precoVenda,"
"Preco|Valor|Total|Custo|Desconto|Comissao|Saldo|Receber|Pagar","PrimoAutoEletrica\Services\ProdutoImportacaoService.cs","333","MargemLucro = precoVenda > 0"
"Preco|Valor|Total|Custo|Desconto|Comissao|Saldo|Receber|Pagar","PrimoAutoEletrica\Services\ProdutoImportacaoService.cs","334","? Math.Round(((precoVenda - produtoImportado.ValorUnitario) / precoVenda) * 100m, 2, MidpointRounding.AwayFromZero)"
"Preco|Valor|Total|Custo|Desconto|Comissao|Saldo|Receber|Pagar","PrimoAutoEletrica\Services\ProdutoImportacaoService.cs","336","ValorTotalEstoque = quantidade * produtoImportado.ValorUnitario,"
"Preco|Valor|Total|Custo|Desconto|Comissao|Saldo|Receber|Pagar","PrimoAutoEletrica\Services\ProdutoImportacaoService.cs","349","TotalVendas = 0,"
"Preco|Valor|Total|Custo|Desconto|Comissao|Saldo|Receber|Pagar","PrimoAutoEletrica\Services\ProdutoImportacaoService.cs","350","TotalFaturado = 0,"
"decimal","PrimoAutoEletrica\Services\ProdutoImportacaoService.cs","356","private static int ConverterQuantidade(decimal quantidade)"
"decimal","PrimoAutoEletrica\Services\ProdutoImportacaoService.cs","360",": decimal.ToInt32(decimal.Round(quantidade, 0, MidpointRounding.AwayFromZero));"
"decimal","PrimoAutoEletrica\Services\ProdutoImportacaoService.cs","438","private static decimal CalcularPrecoVenda(decimal precoCompra, decimal margemAplicada)"
"Preco|Valor|Total|Custo|Desconto|Comissao|Saldo|Receber|Pagar","PrimoAutoEletrica\Services\ProdutoImportacaoService.cs","438","private static decimal CalcularPrecoVenda(decimal precoCompra, decimal margemAplicada)"
"Preco|Valor|Total|Custo|Desconto|Comissao|Saldo|Receber|Pagar","PrimoAutoEletrica\Services\ProdutoImportacaoService.cs","440","var fator = 1m + (Math.Max(0, margemAplicada) / 100m);"
"Preco|Valor|Total|Custo|Desconto|Comissao|Saldo|Receber|Pagar","PrimoAutoEletrica\Services\ProdutoImportacaoService.cs","441","return Math.Round(precoCompra * fator, 2, MidpointRounding.AwayFromZero);"
"Preco|Valor|Total|Custo|Desconto|Comissao|Saldo|Receber|Pagar","PrimoAutoEletrica\Services\ProdutoImportacaoService.cs","455","return $""{produto.Codigo}|{produto.Nome}|{produto.ValorUnitario.ToString(""F2"", CultureInfo.InvariantCulture)}"";"
"Preco|Valor|Total|Custo|Desconto|Comissao|Saldo|Receber|Pagar","PrimoAutoEletrica\Services\QualityReportService.cs","97","{ ""Total"", ""0"" },"
"Preco|Valor|Total|Custo|Desconto|Comissao|Saldo|Receber|Pagar","PrimoAutoEletrica\Services\QualityReportService.cs","105","testResults[""Total""] = ""31"";"
"Preco|Valor|Total|Custo|Desconto|Comissao|Saldo|Receber|Pagar","PrimoAutoEletrica\Services\QualityReportService.cs","248","sb.AppendLine($""| Testes Unitários | {testResults[""Status""]} | {testResults[""Passed""]}/{testResults[""Total""]} em {testResults[""Duration""]} |"");"
"Preco|Valor|Total|Custo|Desconto|Comissao|Saldo|Receber|Pagar","PrimoAutoEletrica\Services\QualityReportService.cs","269","sb.AppendLine($""- **Total:** {testResults[""Total""]}"");"
"REAL_sql","PrimoAutoEletrica\Services\RelatorioDatabaseService.cs","57","ValorTotal REAL,"
"Preco|Valor|Total|Custo|Desconto|Comissao|Saldo|Receber|Pagar","PrimoAutoEletrica\Services\RelatorioDatabaseService.cs","57","ValorTotal REAL,"
"Preco|Valor|Total|Custo|Desconto|Comissao|Saldo|Receber|Pagar","PrimoAutoEletrica\Services\RelatorioDatabaseService.cs","58","TotalRegistros INTEGER,"
"Preco|Valor|Total|Custo|Desconto|Comissao|Saldo|Receber|Pagar","PrimoAutoEletrica\Services\RelatorioDatabaseService.cs","72","ValorAnterior TEXT,"
"Preco|Valor|Total|Custo|Desconto|Comissao|Saldo|Receber|Pagar","PrimoAutoEletrica\Services\RelatorioDatabaseService.cs","73","ValorNovo TEXT,"
"REAL_sql","PrimoAutoEletrica\Services\RelatorioDatabaseService.cs","83","MetaValor REAL NOT NULL,"
"REAL_sql","PrimoAutoEletrica\Services\RelatorioDatabaseService.cs","84","ValorAtual REAL,"
"Preco|Valor|Total|Custo|Desconto|Comissao|Saldo|Receber|Pagar","PrimoAutoEletrica\Services\RelatorioDatabaseService.cs","84","ValorAtual REAL,"
"REAL_sql","PrimoAutoEletrica\Services\RelatorioDatabaseService.cs","85","PercentualAtingido REAL,"
"REAL_sql","PrimoAutoEletrica\Services\RelatorioDatabaseService.cs","112","Valor REAL,"
"Preco|Valor|Total|Custo|Desconto|Comissao|Saldo|Receber|Pagar","PrimoAutoEletrica\Services\RelatorioDatabaseService.cs","112","Valor REAL,"
"Preco|Valor|Total|Custo|Desconto|Comissao|Saldo|Receber|Pagar","PrimoAutoEletrica\Services\RelatorioDatabaseService.cs","234","SELECT Id, Data, Tipo, Categoria, Descricao, Valor, FormaPagamento"
"Preco|Valor|Total|Custo|Desconto|Comissao|Saldo|Receber|Pagar","PrimoAutoEletrica\Services\RelatorioDatabaseService.cs","251","Valor = LerDecimal(reader, 5),"
"decimal","PrimoAutoEletrica\Services\RelatorioDatabaseService.cs","261","public decimal ObterFaturamentoTotal(DateTime dataInicio, DateTime dataFim)"
"Preco|Valor|Total|Custo|Desconto|Comissao|Saldo|Receber|Pagar","PrimoAutoEletrica\Services\RelatorioDatabaseService.cs","268","var totalColumn = ColunaExiste(connection, ""Vendas"", ""ValorTotal"")"
"Preco|Valor|Total|Custo|Desconto|Comissao|Saldo|Receber|Pagar","PrimoAutoEletrica\Services\RelatorioDatabaseService.cs","269","? ""ValorTotal"""
"Preco|Valor|Total|Custo|Desconto|Comissao|Saldo|Receber|Pagar","PrimoAutoEletrica\Services\RelatorioDatabaseService.cs","270",": ""Total"";"
"Preco|Valor|Total|Custo|Desconto|Comissao|Saldo|Receber|Pagar","PrimoAutoEletrica\Services\RelatorioDatabaseService.cs","277","SELECT COALESCE(SUM({totalColumn}), 0)"
"Preco|Valor|Total|Custo|Desconto|Comissao|Saldo|Receber|Pagar","PrimoAutoEletrica\Services\RelatorioDatabaseService.cs","294","SELECT COALESCE(SUM(Valor), 0)"
"decimal","PrimoAutoEletrica\Services\RelatorioDatabaseService.cs","304","public decimal ObterLucroLiquido(DateTime dataInicio, DateTime dataFim)"
"Preco|Valor|Total|Custo|Desconto|Comissao|Saldo|Receber|Pagar","PrimoAutoEletrica\Services\RelatorioDatabaseService.cs","311","var lucroExpression = ColunaExiste(connection, ""Vendas"", ""Lucro"")"
"Preco|Valor|Total|Custo|Desconto|Comissao|Saldo|Receber|Pagar","PrimoAutoEletrica\Services\RelatorioDatabaseService.cs","312","? ""Lucro"""
"Preco|Valor|Total|Custo|Desconto|Comissao|Saldo|Receber|Pagar","PrimoAutoEletrica\Services\RelatorioDatabaseService.cs","313",": ColunaExiste(connection, ""Vendas"", ""ValorTotal"")"
"Preco|Valor|Total|Custo|Desconto|Comissao|Saldo|Receber|Pagar","PrimoAutoEletrica\Services\RelatorioDatabaseService.cs","314","? ""ValorTotal"""
"Preco|Valor|Total|Custo|Desconto|Comissao|Saldo|Receber|Pagar","PrimoAutoEletrica\Services\RelatorioDatabaseService.cs","315",": ""Total"";"
"Preco|Valor|Total|Custo|Desconto|Comissao|Saldo|Receber|Pagar","PrimoAutoEletrica\Services\RelatorioDatabaseService.cs","322","SELECT COALESCE(SUM({lucroExpression}), 0)"
"Preco|Valor|Total|Custo|Desconto|Comissao|Saldo|Receber|Pagar","PrimoAutoEletrica\Services\RelatorioDatabaseService.cs","341","WHEN Tipo IN ('Entrada', 'Receita') THEN Valor"
"Preco|Valor|Total|Custo|Desconto|Comissao|Saldo|Receber|Pagar","PrimoAutoEletrica\Services\RelatorioDatabaseService.cs","342","WHEN Tipo IN ('Sa�da', 'Sa�da', 'Despesa') THEN -Valor"
"Preco|Valor|Total|Custo|Desconto|Comissao|Saldo|Receber|Pagar","PrimoAutoEletrica\Services\RelatorioDatabaseService.cs","370","var totalExpression = ColunaExiste(connection, ""Vendas"", ""ValorTotal"")"
"Preco|Valor|Total|Custo|Desconto|Comissao|Saldo|Receber|Pagar","PrimoAutoEletrica\Services\RelatorioDatabaseService.cs","371","? ""COALESCE(ValorTotal, 0)"""
"Preco|Valor|Total|Custo|Desconto|Comissao|Saldo|Receber|Pagar","PrimoAutoEletrica\Services\RelatorioDatabaseService.cs","372",": ""COALESCE(Total, 0)"";"
"Preco|Valor|Total|Custo|Desconto|Comissao|Saldo|Receber|Pagar","PrimoAutoEletrica\Services\RelatorioDatabaseService.cs","387","COALESCE(SUM({totalExpression}), 0)"
"Preco|Valor|Total|Custo|Desconto|Comissao|Saldo|Receber|Pagar","PrimoAutoEletrica\Services\RelatorioDatabaseService.cs","399","item.TotalVendas = LerDecimal(vendasReader, 2);"
"Preco|Valor|Total|Custo|Desconto|Comissao|Saldo|Receber|Pagar","PrimoAutoEletrica\Services\RelatorioDatabaseService.cs","409","COALESCE(SUM(Valor), 0)"
"Preco|Valor|Total|Custo|Desconto|Comissao|Saldo|Receber|Pagar","PrimoAutoEletrica\Services\RelatorioDatabaseService.cs","459","? ""COALESCE((SELECT SUM(COALESCE(i.Quantidade, 0) * COALESCE(i.ValorUnitario, 0)) FROM OrdemServicoItens i WHERE i.OrdemServicoId = os.Id), 0)"""
"Preco|Valor|Total|Custo|Desconto|Comissao|Saldo|Receber|Pagar","PrimoAutoEletrica\Services\RelatorioDatabaseService.cs","462","? ""COALESCE((SELECT SUM(COALESCE(i.Quantidade, 0) * COALESCE(i.CustoUnitario, 0)) FROM OrdemServicoItens i WHERE i.OrdemServicoId = os.Id), 0)"""
"Preco|Valor|Total|Custo|Desconto|Comissao|Saldo|Receber|Pagar","PrimoAutoEletrica\Services\RelatorioDatabaseService.cs","483","(COALESCE(os.ValorMaoObra, 0) + {itemValorExpression} - COALESCE(os.Desconto, 0)) AS ValorTotal,"
"Preco|Valor|Total|Custo|Desconto|Comissao|Saldo|Receber|Pagar","PrimoAutoEletrica\Services\RelatorioDatabaseService.cs","484","(COALESCE(os.ValorMaoObra, 0) + {itemValorExpression} - {itemCustoExpression} - COALESCE(os.Desconto, 0)) AS LucroBruto,"
"Preco|Valor|Total|Custo|Desconto|Comissao|Saldo|Receber|Pagar","PrimoAutoEletrica\Services\RelatorioDatabaseService.cs","485","{itemCountExpression} AS TotalItens,"
"Preco|Valor|Total|Custo|Desconto|Comissao|Saldo|Receber|Pagar","PrimoAutoEletrica\Services\RelatorioDatabaseService.cs","510","ValorTotal = LerDecimal(reader, 7),"
"Preco|Valor|Total|Custo|Desconto|Comissao|Saldo|Receber|Pagar","PrimoAutoEletrica\Services\RelatorioDatabaseService.cs","511","LucroBruto = LerDecimal(reader, 8),"
"Preco|Valor|Total|Custo|Desconto|Comissao|Saldo|Receber|Pagar","PrimoAutoEletrica\Services\RelatorioDatabaseService.cs","512","TotalItens = LerInteiro(reader, 9),"
"Preco|Valor|Total|Custo|Desconto|Comissao|Saldo|Receber|Pagar","PrimoAutoEletrica\Services\RelatorioDatabaseService.cs","543","? ""COALESCE((SELECT SUM(COALESCE(i.Quantidade, 0) * COALESCE(i.ValorUnitario, 0)) FROM OrdemServicoItens i WHERE i.OrdemServicoId = os.Id), 0)"""
"Preco|Valor|Total|Custo|Desconto|Comissao|Saldo|Receber|Pagar","PrimoAutoEletrica\Services\RelatorioDatabaseService.cs","546","? ""COALESCE((SELECT SUM(COALESCE(i.Quantidade, 0) * COALESCE(i.CustoUnitario, 0)) FROM OrdemServicoItens i WHERE i.OrdemServicoId = os.Id), 0)"""
"Preco|Valor|Total|Custo|Desconto|Comissao|Saldo|Receber|Pagar","PrimoAutoEletrica\Services\RelatorioDatabaseService.cs","556","(COALESCE(os.ValorMaoObra, 0) + {itemValorExpression} - COALESCE(os.Desconto, 0)) AS ValorTotal,"
"Preco|Valor|Total|Custo|Desconto|Comissao|Saldo|Receber|Pagar","PrimoAutoEletrica\Services\RelatorioDatabaseService.cs","557","(COALESCE(os.ValorMaoObra, 0) + {itemValorExpression} - {itemCustoExpression} - COALESCE(os.Desconto, 0)) AS LucroBruto,"
"Preco|Valor|Total|Custo|Desconto|Comissao|Saldo|Receber|Pagar","PrimoAutoEletrica\Services\RelatorioDatabaseService.cs","568","COALESCE(SUM(ValorTotal), 0) AS ValorTotal,"
"Preco|Valor|Total|Custo|Desconto|Comissao|Saldo|Receber|Pagar","PrimoAutoEletrica\Services\RelatorioDatabaseService.cs","569","COALESCE(SUM(LucroBruto), 0) AS LucroBruto,"
"Preco|Valor|Total|Custo|Desconto|Comissao|Saldo|Receber|Pagar","PrimoAutoEletrica\Services\RelatorioDatabaseService.cs","573","ORDER BY ValorTotal DESC, OrdensFinalizadas DESC, TecnicoNome"
"Preco|Valor|Total|Custo|Desconto|Comissao|Saldo|Receber|Pagar","PrimoAutoEletrica\Services\RelatorioDatabaseService.cs","587","ValorTotal = LerDecimal(reader, 3),"
"Preco|Valor|Total|Custo|Desconto|Comissao|Saldo|Receber|Pagar","PrimoAutoEletrica\Services\RelatorioDatabaseService.cs","588","LucroBruto = LerDecimal(reader, 4),"
"Preco|Valor|Total|Custo|Desconto|Comissao|Saldo|Receber|Pagar","PrimoAutoEletrica\Services\RelatorioDatabaseService.cs","612","COALESCE(SUM(COALESCE(i.Quantidade, 0) * COALESCE(i.ValorUnitario, 0)), 0) AS ReceitaTotal,"
"Preco|Valor|Total|Custo|Desconto|Comissao|Saldo|Receber|Pagar","PrimoAutoEletrica\Services\RelatorioDatabaseService.cs","613","COALESCE(SUM(COALESCE(i.Quantidade, 0) * COALESCE(i.CustoUnitario, 0)), 0) AS CustoTotal,"
"Preco|Valor|Total|Custo|Desconto|Comissao|Saldo|Receber|Pagar","PrimoAutoEletrica\Services\RelatorioDatabaseService.cs","642","var receitaExpression = ColunaExiste(connection, ""VendaItens"", ""Subtotal"")"
"Preco|Valor|Total|Custo|Desconto|Comissao|Saldo|Receber|Pagar","PrimoAutoEletrica\Services\RelatorioDatabaseService.cs","643","? ""COALESCE(vi.Subtotal, 0)"""
"Preco|Valor|Total|Custo|Desconto|Comissao|Saldo|Receber|Pagar","PrimoAutoEletrica\Services\RelatorioDatabaseService.cs","644",": ""(COALESCE(vi.PrecoUnitario, 0) * COALESCE(vi.Quantidade, 0) - COALESCE(vi.Desconto, 0))"";"
"Preco|Valor|Total|Custo|Desconto|Comissao|Saldo|Receber|Pagar","PrimoAutoEletrica\Services\RelatorioDatabaseService.cs","645","var custoExpression = ColunaExiste(connection, ""VendaItens"", ""CustoUnitario"")"
"Preco|Valor|Total|Custo|Desconto|Comissao|Saldo|Receber|Pagar","PrimoAutoEletrica\Services\RelatorioDatabaseService.cs","646","? ""COALESCE(vi.CustoUnitario, 0) * COALESCE(vi.Quantidade, 0)"""
"Preco|Valor|Total|Custo|Desconto|Comissao|Saldo|Receber|Pagar","PrimoAutoEletrica\Services\RelatorioDatabaseService.cs","655","COALESCE(SUM({custoExpression}), 0) AS CustoTotal,"
"Preco|Valor|Total|Custo|Desconto|Comissao|Saldo|Receber|Pagar","PrimoAutoEletrica\Services\RelatorioDatabaseService.cs","708","var totalExpression = ColunaExiste(connection, ""Vendas"", ""ValorTotal"")"
"Preco|Valor|Total|Custo|Desconto|Comissao|Saldo|Receber|Pagar","PrimoAutoEletrica\Services\RelatorioDatabaseService.cs","709","? ""v.ValorTotal"""
"Preco|Valor|Total|Custo|Desconto|Comissao|Saldo|Receber|Pagar","PrimoAutoEletrica\Services\RelatorioDatabaseService.cs","710",": ""v.Total"";"
"Preco|Valor|Total|Custo|Desconto|Comissao|Saldo|Receber|Pagar","PrimoAutoEletrica\Services\RelatorioDatabaseService.cs","711","var lucroExpression = ColunaExiste(connection, ""Vendas"", ""Lucro"")"
"Preco|Valor|Total|Custo|Desconto|Comissao|Saldo|Receber|Pagar","PrimoAutoEletrica\Services\RelatorioDatabaseService.cs","712","? ""v.Lucro"""
"Preco|Valor|Total|Custo|Desconto|Comissao|Saldo|Receber|Pagar","PrimoAutoEletrica\Services\RelatorioDatabaseService.cs","713",": totalExpression;"
"Preco|Valor|Total|Custo|Desconto|Comissao|Saldo|Receber|Pagar","PrimoAutoEletrica\Services\RelatorioDatabaseService.cs","762","{vendedorNomeExpression}, {totalExpression}, v.Desconto, {lucroExpression},"
"Preco|Valor|Total|Custo|Desconto|Comissao|Saldo|Receber|Pagar","PrimoAutoEletrica\Services\RelatorioDatabaseService.cs","783","ValorTotal = LerDecimal(reader, 6),"
"Preco|Valor|Total|Custo|Desconto|Comissao|Saldo|Receber|Pagar","PrimoAutoEletrica\Services\RelatorioDatabaseService.cs","784","Desconto = LerDecimal(reader, 7),"
"Preco|Valor|Total|Custo|Desconto|Comissao|Saldo|Receber|Pagar","PrimoAutoEletrica\Services\RelatorioDatabaseService.cs","785","Lucro = LerDecimal(reader, 8),"
"decimal","PrimoAutoEletrica\Services\RelatorioDatabaseService.cs","796","public decimal ObterTicketMedio(DateTime dataInicio, DateTime dataFim)"
"Preco|Valor|Total|Custo|Desconto|Comissao|Saldo|Receber|Pagar","PrimoAutoEletrica\Services\RelatorioDatabaseService.cs","808","var totalExpression = ColunaExiste(connection, ""Vendas"", ""ValorTotal"")"
"Preco|Valor|Total|Custo|Desconto|Comissao|Saldo|Receber|Pagar","PrimoAutoEletrica\Services\RelatorioDatabaseService.cs","809","? ""ValorTotal"""
"Preco|Valor|Total|Custo|Desconto|Comissao|Saldo|Receber|Pagar","PrimoAutoEletrica\Services\RelatorioDatabaseService.cs","810",": ""Total"";"
"Preco|Valor|Total|Custo|Desconto|Comissao|Saldo|Receber|Pagar","PrimoAutoEletrica\Services\RelatorioDatabaseService.cs","817","SELECT COALESCE(AVG({totalExpression}), 0)"
"Preco|Valor|Total|Custo|Desconto|Comissao|Saldo|Receber|Pagar","PrimoAutoEletrica\Services\RelatorioDatabaseService.cs","858","var receitaExpression = ColunaExiste(connection, ""VendaItens"", ""Subtotal"")"
"Preco|Valor|Total|Custo|Desconto|Comissao|Saldo|Receber|Pagar","PrimoAutoEletrica\Services\RelatorioDatabaseService.cs","859","? ""COALESCE(vi.Subtotal, 0)"""
"Preco|Valor|Total|Custo|Desconto|Comissao|Saldo|Receber|Pagar","PrimoAutoEletrica\Services\RelatorioDatabaseService.cs","860",": ""(COALESCE(vi.PrecoUnitario, 0) * COALESCE(vi.Quantidade, 0) - COALESCE(vi.Desconto, 0))"";"
"Preco|Valor|Total|Custo|Desconto|Comissao|Saldo|Receber|Pagar","PrimoAutoEletrica\Services\RelatorioDatabaseService.cs","861","var custoExpression = ColunaExiste(connection, ""VendaItens"", ""CustoUnitario"")"
"Preco|Valor|Total|Custo|Desconto|Comissao|Saldo|Receber|Pagar","PrimoAutoEletrica\Services\RelatorioDatabaseService.cs","862","? ""COALESCE(vi.CustoUnitario, 0) * COALESCE(vi.Quantidade, 0)"""
"Preco|Valor|Total|Custo|Desconto|Comissao|Saldo|Receber|Pagar","PrimoAutoEletrica\Services\RelatorioDatabaseService.cs","891","COALESCE(SUM({custoExpression}), 0) AS CustoTotal"
"Preco|Valor|Total|Custo|Desconto|Comissao|Saldo|Receber|Pagar","PrimoAutoEletrica\Services\RelatorioDatabaseService.cs","899","ORDER BY (COALESCE(SUM({receitaExpression}), 0) - COALESCE(SUM({custoExpression}), 0)) DESC,"
"Preco|Valor|Total|Custo|Desconto|Comissao|Saldo|Receber|Pagar","PrimoAutoEletrica\Services\RelatorioDatabaseService.cs","908","var custo = LerDecimal(reader, 5);"
"Preco|Valor|Total|Custo|Desconto|Comissao|Saldo|Receber|Pagar","PrimoAutoEletrica\Services\RelatorioDatabaseService.cs","909","var lucro = receita - custo;"
"Preco|Valor|Total|Custo|Desconto|Comissao|Saldo|Receber|Pagar","PrimoAutoEletrica\Services\RelatorioDatabaseService.cs","913","ProdutoId = LerGuid(reader, 0, ""produto-margem""),"
"Preco|Valor|Total|Custo|Desconto|Comissao|Saldo|Receber|Pagar","PrimoAutoEletrica\Services\RelatorioDatabaseService.cs","918","CustoTotal = custo,"
"Preco|Valor|Total|Custo|Desconto|Comissao|Saldo|Receber|Pagar","PrimoAutoEletrica\Services\RelatorioDatabaseService.cs","919","LucroBruto = lucro,"
"Preco|Valor|Total|Custo|Desconto|Comissao|Saldo|Receber|Pagar","PrimoAutoEletrica\Services\RelatorioDatabaseService.cs","920","MargemPercentual = receita > 0 ? lucro / receita * 100m : 0m"
"Preco|Valor|Total|Custo|Desconto|Comissao|Saldo|Receber|Pagar","PrimoAutoEletrica\Services\RelatorioDatabaseService.cs","941","var totalExpression = ColunaExiste(connection, ""Vendas"", ""ValorTotal"")"
"Preco|Valor|Total|Custo|Desconto|Comissao|Saldo|Receber|Pagar","PrimoAutoEletrica\Services\RelatorioDatabaseService.cs","942","? ""COALESCE(v.ValorTotal, 0)"""
"Preco|Valor|Total|Custo|Desconto|Comissao|Saldo|Receber|Pagar","PrimoAutoEletrica\Services\RelatorioDatabaseService.cs","943",": ""COALESCE(v.Total, 0)"";"
"Preco|Valor|Total|Custo|Desconto|Comissao|Saldo|Receber|Pagar","PrimoAutoEletrica\Services\RelatorioDatabaseService.cs","954","COALESCE(SUM({totalExpression}), 0) AS Faturamento,"
"Preco|Valor|Total|Custo|Desconto|Comissao|Saldo|Receber|Pagar","PrimoAutoEletrica\Services\RelatorioDatabaseService.cs","955","COALESCE(AVG({totalExpression}), 0) AS TicketMedio"
"Preco|Valor|Total|Custo|Desconto|Comissao|Saldo|Receber|Pagar","PrimoAutoEletrica\Services\RelatorioDatabaseService.cs","995","var totalExpression = ColunaExiste(connection, ""Vendas"", ""ValorTotal"")"
"Preco|Valor|Total|Custo|Desconto|Comissao|Saldo|Receber|Pagar","PrimoAutoEletrica\Services\RelatorioDatabaseService.cs","996","? ""COALESCE(v.ValorTotal, 0)"""
"Preco|Valor|Total|Custo|Desconto|Comissao|Saldo|Receber|Pagar","PrimoAutoEletrica\Services\RelatorioDatabaseService.cs","997",": ""COALESCE(v.Total, 0)"";"
"Preco|Valor|Total|Custo|Desconto|Comissao|Saldo|Receber|Pagar","PrimoAutoEletrica\Services\RelatorioDatabaseService.cs","1008","COALESCE(SUM({totalExpression}), 0) AS Faturamento,"
"Preco|Valor|Total|Custo|Desconto|Comissao|Saldo|Receber|Pagar","PrimoAutoEletrica\Services\RelatorioDatabaseService.cs","1009","COALESCE(AVG({totalExpression}), 0) AS TicketMedio"
"Preco|Valor|Total|Custo|Desconto|Comissao|Saldo|Receber|Pagar","PrimoAutoEletrica\Services\RelatorioDatabaseService.cs","1070","SELECT Id, Cliente, Descricao, Valor, DataVencimento,"
"Preco|Valor|Total|Custo|Desconto|Comissao|Saldo|Receber|Pagar","PrimoAutoEletrica\Services\RelatorioDatabaseService.cs","1075","ORDER BY {DateOnlyExpression(connection, ""DataVencimento"")} ASC, Valor DESC"
"Preco|Valor|Total|Custo|Desconto|Comissao|Saldo|Receber|Pagar","PrimoAutoEletrica\Services\RelatorioDatabaseService.cs","1088","Valor = LerDecimal(reader, 3),"
"Preco|Valor|Total|Custo|Desconto|Comissao|Saldo|Receber|Pagar","PrimoAutoEletrica\Services\RelatorioDatabaseService.cs","1134","QuantidadeMinima, PrecoVenda, DataUltimaVenda, DataUltimaAtualizacao, VendasUltimoMes"
"Preco|Valor|Total|Custo|Desconto|Comissao|Saldo|Receber|Pagar","PrimoAutoEletrica\Services\RelatorioDatabaseService.cs","1137","ORDER BY (COALESCE(QuantidadeEstoque, 0) * COALESCE(PrecoVenda, 0)) DESC, Nome"
"Preco|Valor|Total|Custo|Desconto|Comissao|Saldo|Receber|Pagar","PrimoAutoEletrica\Services\RelatorioDatabaseService.cs","1145","var preco = LerDecimal(reader, 7);"
"Preco|Valor|Total|Custo|Desconto|Comissao|Saldo|Receber|Pagar","PrimoAutoEletrica\Services\RelatorioDatabaseService.cs","1160","ValorUnitario = preco,"
"Preco|Valor|Total|Custo|Desconto|Comissao|Saldo|Receber|Pagar","PrimoAutoEletrica\Services\RelatorioDatabaseService.cs","1161","ValorTotal = quantidade * preco,"
"Preco|Valor|Total|Custo|Desconto|Comissao|Saldo|Receber|Pagar","PrimoAutoEletrica\Services\RelatorioDatabaseService.cs","1165",": (int)Math.Max(0, (DateTime.Today - ultimaMovimentacao.Date).TotalDays),"
"Preco|Valor|Total|Custo|Desconto|Comissao|Saldo|Receber|Pagar","PrimoAutoEletrica\Services\RelatorioDatabaseService.cs","1177","var valorTotalEstoque = dados.Sum(item => Math.Max(0m, item.ValorTotal));"
"Preco|Valor|Total|Custo|Desconto|Comissao|Saldo|Receber|Pagar","PrimoAutoEletrica\Services\RelatorioDatabaseService.cs","1178","if (valorTotalEstoque <= 0)"
"Preco|Valor|Total|Custo|Desconto|Comissao|Saldo|Receber|Pagar","PrimoAutoEletrica\Services\RelatorioDatabaseService.cs","1182","item.CurvaAbc = ""Sem valor"";"
"decimal","PrimoAutoEletrica\Services\RelatorioDatabaseService.cs","1190","decimal acumulado = 0m;"
"Preco|Valor|Total|Custo|Desconto|Comissao|Saldo|Receber|Pagar","PrimoAutoEletrica\Services\RelatorioDatabaseService.cs","1192",".OrderByDescending(item => item.ValorTotal)"
"Preco|Valor|Total|Custo|Desconto|Comissao|Saldo|Receber|Pagar","PrimoAutoEletrica\Services\RelatorioDatabaseService.cs","1195","var valorItem = Math.Max(0m, item.ValorTotal);"
"Preco|Valor|Total|Custo|Desconto|Comissao|Saldo|Receber|Pagar","PrimoAutoEletrica\Services\RelatorioDatabaseService.cs","1196","var acumuladoAntes = acumulado / valorTotalEstoque * 100m;"
"Preco|Valor|Total|Custo|Desconto|Comissao|Saldo|Receber|Pagar","PrimoAutoEletrica\Services\RelatorioDatabaseService.cs","1197","acumulado += valorItem;"
"Preco|Valor|Total|Custo|Desconto|Comissao|Saldo|Receber|Pagar","PrimoAutoEletrica\Services\RelatorioDatabaseService.cs","1199","item.ParticipacaoEstoquePercentual = valorItem / valorTotalEstoque * 100m;"
"Preco|Valor|Total|Custo|Desconto|Comissao|Saldo|Receber|Pagar","PrimoAutoEletrica\Services\RelatorioDatabaseService.cs","1200","item.ParticipacaoAcumuladaPercentual = acumulado / valorTotalEstoque * 100m;"
"Preco|Valor|Total|Custo|Desconto|Comissao|Saldo|Receber|Pagar","PrimoAutoEletrica\Services\RelatorioDatabaseService.cs","1243","Ativo, ClienteVip, TotalGasto, TotalServicos, UltimaVisita"
"Preco|Valor|Total|Custo|Desconto|Comissao|Saldo|Receber|Pagar","PrimoAutoEletrica\Services\RelatorioDatabaseService.cs","1255","var totalCompras = LerDecimal(reader, 6);"
"Preco|Valor|Total|Custo|Desconto|Comissao|Saldo|Receber|Pagar","PrimoAutoEletrica\Services\RelatorioDatabaseService.cs","1265","TotalCompras = totalCompras,"
"Preco|Valor|Total|Custo|Desconto|Comissao|Saldo|Receber|Pagar","PrimoAutoEletrica\Services\RelatorioDatabaseService.cs","1267","TicketMedio = numeroCompras > 0 ? totalCompras / numeroCompras : 0,"
"Preco|Valor|Total|Custo|Desconto|Comissao|Saldo|Receber|Pagar","PrimoAutoEletrica\Services\RelatorioDatabaseService.cs","1394","COALESCE(c.Nome, ''), o.VendedorId, o.Total, o.Status,"
"Preco|Valor|Total|Custo|Desconto|Comissao|Saldo|Receber|Pagar","PrimoAutoEletrica\Services\RelatorioDatabaseService.cs","1421","ValorTotal = LerDecimal(reader, 7),"
"decimal","PrimoAutoEletrica\Services\RelatorioDatabaseService.cs","1433","public decimal ObterConversaoOrcamentos(DateTime dataInicio, DateTime dataFim)"
"Preco|Valor|Total|Custo|Desconto|Comissao|Saldo|Receber|Pagar","PrimoAutoEletrica\Services\RelatorioDatabaseService.cs","1445","using var totalCommand = connection.CreateCommand();"
"Preco|Valor|Total|Custo|Desconto|Comissao|Saldo|Receber|Pagar","PrimoAutoEletrica\Services\RelatorioDatabaseService.cs","1446","totalCommand.CommandText = $@"""
"Preco|Valor|Total|Custo|Desconto|Comissao|Saldo|Receber|Pagar","PrimoAutoEletrica\Services\RelatorioDatabaseService.cs","1450","totalCommand.Parameters.AddWithValue(""@dataInicio"", dataInicio.ToString(""yyyy-MM-dd""));"
"Preco|Valor|Total|Custo|Desconto|Comissao|Saldo|Receber|Pagar","PrimoAutoEletrica\Services\RelatorioDatabaseService.cs","1451","totalCommand.Parameters.AddWithValue(""@dataFim"", dataFim.ToString(""yyyy-MM-dd""));"
"Preco|Valor|Total|Custo|Desconto|Comissao|Saldo|Receber|Pagar","PrimoAutoEletrica\Services\RelatorioDatabaseService.cs","1453","var total = Convert.ToInt32(totalCommand.ExecuteScalar());"
"Preco|Valor|Total|Custo|Desconto|Comissao|Saldo|Receber|Pagar","PrimoAutoEletrica\Services\RelatorioDatabaseService.cs","1454","if (total == 0)"
"decimal","PrimoAutoEletrica\Services\RelatorioDatabaseService.cs","1469","return decimal.Round((decimal)convertidos * 100m / total, 2);"
"Preco|Valor|Total|Custo|Desconto|Comissao|Saldo|Receber|Pagar","PrimoAutoEletrica\Services\RelatorioDatabaseService.cs","1469","return decimal.Round((decimal)convertidos * 100m / total, 2);"
"Preco|Valor|Total|Custo|Desconto|Comissao|Saldo|Receber|Pagar","PrimoAutoEletrica\Services\RelatorioDatabaseService.cs","1555","apontamentos.Add($""{osSemFinanceiro} OS entregue(s) sem conta a receber integrada."");"
"Preco|Valor|Total|Custo|Desconto|Comissao|Saldo|Receber|Pagar","PrimoAutoEletrica\Services\RelatorioDatabaseService.cs","1589","apontamentos.Add($""{reservasInvalidas} produto(s) com reserva acima do saldo fisico."");"
"Preco|Valor|Total|Custo|Desconto|Comissao|Saldo|Receber|Pagar","PrimoAutoEletrica\Services\RelatorioDatabaseService.cs","1604","SELECT Id, Data, Tipo, ValorInicial, ValorFinal, Sangrias, Suprimentos, Diferenca,"
"Preco|Valor|Total|Custo|Desconto|Comissao|Saldo|Receber|Pagar","PrimoAutoEletrica\Services\RelatorioDatabaseService.cs","1622","ValorInicial = LerDecimal(reader, 3),"
"Preco|Valor|Total|Custo|Desconto|Comissao|Saldo|Receber|Pagar","PrimoAutoEletrica\Services\RelatorioDatabaseService.cs","1623","ValorFinal = LerDecimal(reader, 4),"
"Preco|Valor|Total|Custo|Desconto|Comissao|Saldo|Receber|Pagar","PrimoAutoEletrica\Services\RelatorioDatabaseService.cs","1641","COALESCE(SUM(CASE WHEN Tipo IN ('Entrada', 'Receita') THEN Valor ELSE 0 END), 0) AS Entradas,"
"Preco|Valor|Total|Custo|Desconto|Comissao|Saldo|Receber|Pagar","PrimoAutoEletrica\Services\RelatorioDatabaseService.cs","1642","COALESCE(SUM(CASE WHEN Tipo IN ('Sa�da', 'Sa�da', 'Despesa') THEN Valor ELSE 0 END), 0) AS Saidas"
"decimal","PrimoAutoEletrica\Services\RelatorioDatabaseService.cs","1652","decimal saldoAnterior = 0;"
"Preco|Valor|Total|Custo|Desconto|Comissao|Saldo|Receber|Pagar","PrimoAutoEletrica\Services\RelatorioDatabaseService.cs","1652","decimal saldoAnterior = 0;"
"Preco|Valor|Total|Custo|Desconto|Comissao|Saldo|Receber|Pagar","PrimoAutoEletrica\Services\RelatorioDatabaseService.cs","1659","var saldoAtual = saldoAnterior + entradas - saidas;"
"Preco|Valor|Total|Custo|Desconto|Comissao|Saldo|Receber|Pagar","PrimoAutoEletrica\Services\RelatorioDatabaseService.cs","1666","ValorInicial = saldoAnterior,"
"Preco|Valor|Total|Custo|Desconto|Comissao|Saldo|Receber|Pagar","PrimoAutoEletrica\Services\RelatorioDatabaseService.cs","1667","ValorFinal = saldoAtual,"
"Preco|Valor|Total|Custo|Desconto|Comissao|Saldo|Receber|Pagar","PrimoAutoEletrica\Services\RelatorioDatabaseService.cs","1675","saldoAnterior = saldoAtual;"
"Preco|Valor|Total|Custo|Desconto|Comissao|Saldo|Receber|Pagar","PrimoAutoEletrica\Services\RelatorioDatabaseService.cs","1695","INSERT INTO Metas (Id, Tipo, Periodo, MetaValor, ValorAtual, PercentualAtingido,"
"Preco|Valor|Total|Custo|Desconto|Comissao|Saldo|Receber|Pagar","PrimoAutoEletrica\Services\RelatorioDatabaseService.cs","1697","VALUES (@Id, @Tipo, @Periodo, @MetaValor, @ValorAtual, @PercentualAtingido,"
"Preco|Valor|Total|Custo|Desconto|Comissao|Saldo|Receber|Pagar","PrimoAutoEletrica\Services\RelatorioDatabaseService.cs","1703","command.Parameters.AddWithValue(""@ValorAtual"", meta.ValorAtual);"
"Preco|Valor|Total|Custo|Desconto|Comissao|Saldo|Receber|Pagar","PrimoAutoEletrica\Services\RelatorioDatabaseService.cs","1722","SELECT Id, Tipo, Periodo, MetaValor, ValorAtual, PercentualAtingido,"
"Preco|Valor|Total|Custo|Desconto|Comissao|Saldo|Receber|Pagar","PrimoAutoEletrica\Services\RelatorioDatabaseService.cs","1736","ValorAtual = LerDecimal(reader, 4),"
"Preco|Valor|Total|Custo|Desconto|Comissao|Saldo|Receber|Pagar","PrimoAutoEletrica\Services\RelatorioDatabaseService.cs","1755","SELECT Id, Nome, ValorMeta, ValorAtual, DataInicio, DataFim, Status"
"Preco|Valor|Total|Custo|Desconto|Comissao|Saldo|Receber|Pagar","PrimoAutoEletrica\Services\RelatorioDatabaseService.cs","1762","var valorMeta = LerDecimal(fallbackReader, 2);"
"Preco|Valor|Total|Custo|Desconto|Comissao|Saldo|Receber|Pagar","PrimoAutoEletrica\Services\RelatorioDatabaseService.cs","1763","var valorAtual = LerDecimal(fallbackReader, 3);"
"Preco|Valor|Total|Custo|Desconto|Comissao|Saldo|Receber|Pagar","PrimoAutoEletrica\Services\RelatorioDatabaseService.cs","1770","MetaValor = valorMeta,"
"Preco|Valor|Total|Custo|Desconto|Comissao|Saldo|Receber|Pagar","PrimoAutoEletrica\Services\RelatorioDatabaseService.cs","1771","ValorAtual = valorAtual,"
"Preco|Valor|Total|Custo|Desconto|Comissao|Saldo|Receber|Pagar","PrimoAutoEletrica\Services\RelatorioDatabaseService.cs","1772","PercentualAtingido = valorMeta > 0 ? (valorAtual / valorMeta) * 100 : 0,"
"Preco|Valor|Total|Custo|Desconto|Comissao|Saldo|Receber|Pagar","PrimoAutoEletrica\Services\RelatorioDatabaseService.cs","1858","ValorAnterior, ValorNovo, IP)"
"Preco|Valor|Total|Custo|Desconto|Comissao|Saldo|Receber|Pagar","PrimoAutoEletrica\Services\RelatorioDatabaseService.cs","1860","@ValorAnterior, @ValorNovo, @IP)"";"
"Preco|Valor|Total|Custo|Desconto|Comissao|Saldo|Receber|Pagar","PrimoAutoEletrica\Services\RelatorioDatabaseService.cs","1867","command.Parameters.AddWithValue(""@ValorAnterior"", auditoria.ValorAnterior);"
"Preco|Valor|Total|Custo|Desconto|Comissao|Saldo|Receber|Pagar","PrimoAutoEletrica\Services\RelatorioDatabaseService.cs","1868","command.Parameters.AddWithValue(""@ValorNovo"", auditoria.ValorNovo);"
"Preco|Valor|Total|Custo|Desconto|Comissao|Saldo|Receber|Pagar","PrimoAutoEletrica\Services\RelatorioDatabaseService.cs","1899","if (auditLogs.TotalItens > 0 || !TabelaExiste(connection, ""main"", ""Auditoria""))"
"Preco|Valor|Total|Custo|Desconto|Comissao|Saldo|Receber|Pagar","PrimoAutoEletrica\Services\RelatorioDatabaseService.cs","1991","INSERT INTO Timeline (Id, DataHora, TipoEvento, Descricao, Usuario, Valor, Categoria)"
"Preco|Valor|Total|Custo|Desconto|Comissao|Saldo|Receber|Pagar","PrimoAutoEletrica\Services\RelatorioDatabaseService.cs","1992","VALUES (@Id, @DataHora, @TipoEvento, @Descricao, @Usuario, @Valor, @Categoria)"";"
"Preco|Valor|Total|Custo|Desconto|Comissao|Saldo|Receber|Pagar","PrimoAutoEletrica\Services\RelatorioDatabaseService.cs","1998","command.Parameters.AddWithValue(""@Valor"", timeline.Valor);"
"Preco|Valor|Total|Custo|Desconto|Comissao|Saldo|Receber|Pagar","PrimoAutoEletrica\Services\RelatorioDatabaseService.cs","2024","SELECT Id, DataHora, TipoEvento, Descricao, Usuario, Valor, COALESCE(Categoria, '')"
"Preco|Valor|Total|Custo|Desconto|Comissao|Saldo|Receber|Pagar","PrimoAutoEletrica\Services\RelatorioDatabaseService.cs","2042","Valor = reader.IsDBNull(5) ? null : LerDecimal(reader, 5),"
"Preco|Valor|Total|Custo|Desconto|Comissao|Saldo|Receber|Pagar","PrimoAutoEletrica\Services\RelatorioDatabaseService.cs","2081","filtros.Add(""(COALESCE(Acao, '') LIKE @termo OR COALESCE(ValorAnterior, '') LIKE @termo OR COALESCE(ValorNovo, '') LIKE @termo OR COALESCE(RegistroId, '') LIKE "
"Preco|Valor|Total|Custo|Desconto|Comissao|Saldo|Receber|Pagar","PrimoAutoEletrica\Services\RelatorioDatabaseService.cs","2089","var totalItens = Convert.ToInt32(countCommand.ExecuteScalar());"
"Preco|Valor|Total|Custo|Desconto|Comissao|Saldo|Receber|Pagar","PrimoAutoEletrica\Services\RelatorioDatabaseService.cs","2112","COALESCE(ValorAnterior, ''), COALESCE(ValorNovo, ''), COALESCE(IP, '')"
"Preco|Valor|Total|Custo|Desconto|Comissao|Saldo|Receber|Pagar","PrimoAutoEletrica\Services\RelatorioDatabaseService.cs","2133","ValorAnterior = ResumirDetalhes(LerTexto(reader, 6)),"
"Preco|Valor|Total|Custo|Desconto|Comissao|Saldo|Receber|Pagar","PrimoAutoEletrica\Services\RelatorioDatabaseService.cs","2134","ValorNovo = ResumirDetalhes(LerTexto(reader, 7)),"
"Preco|Valor|Total|Custo|Desconto|Comissao|Saldo|Receber|Pagar","PrimoAutoEletrica\Services\RelatorioDatabaseService.cs","2142","return CriarResultadoPaginado(itens, pagina, itensPorPagina, totalItens);"
"Preco|Valor|Total|Custo|Desconto|Comissao|Saldo|Receber|Pagar","PrimoAutoEletrica\Services\RelatorioDatabaseService.cs","2164","var totalItens = Convert.ToInt32(countCommand.ExecuteScalar());"
"Preco|Valor|Total|Custo|Desconto|Comissao|Saldo|Receber|Pagar","PrimoAutoEletrica\Services\RelatorioDatabaseService.cs","2181","COALESCE(ValorAnterior, ''),"
"Preco|Valor|Total|Custo|Desconto|Comissao|Saldo|Receber|Pagar","PrimoAutoEletrica\Services\RelatorioDatabaseService.cs","2182","COALESCE(ValorNovo, ''),"
"Preco|Valor|Total|Custo|Desconto|Comissao|Saldo|Receber|Pagar","PrimoAutoEletrica\Services\RelatorioDatabaseService.cs","2200","var valorAnterior = LerTexto(reader, 10);"
"Preco|Valor|Total|Custo|Desconto|Comissao|Saldo|Receber|Pagar","PrimoAutoEletrica\Services\RelatorioDatabaseService.cs","2201","var valorNovo = LerTexto(reader, 11);"
"Preco|Valor|Total|Custo|Desconto|Comissao|Saldo|Receber|Pagar","PrimoAutoEletrica\Services\RelatorioDatabaseService.cs","2214",".Where(valor => !string.IsNullOrWhiteSpace(valor)));"
"Preco|Valor|Total|Custo|Desconto|Comissao|Saldo|Receber|Pagar","PrimoAutoEletrica\Services\RelatorioDatabaseService.cs","2230","ValorAnterior = string.IsNullOrWhiteSpace(valorAnterior) ? contexto : ResumirDetalhes(valorAnterior),"
"Preco|Valor|Total|Custo|Desconto|Comissao|Saldo|Receber|Pagar","PrimoAutoEletrica\Services\RelatorioDatabaseService.cs","2231","ValorNovo = string.IsNullOrWhiteSpace(valorNovo) ? ResumirDetalhes(LerTexto(reader, 9)) : ResumirDetalhes(valorNovo),"
"Preco|Valor|Total|Custo|Desconto|Comissao|Saldo|Receber|Pagar","PrimoAutoEletrica\Services\RelatorioDatabaseService.cs","2236","return CriarResultadoPaginado(itens, pagina, itensPorPagina, totalItens);"
"Preco|Valor|Total|Custo|Desconto|Comissao|Saldo|Receber|Pagar","PrimoAutoEletrica\Services\RelatorioDatabaseService.cs","2276","OR COALESCE(ValorAnterior, '') LIKE @termo"
"Preco|Valor|Total|Custo|Desconto|Comissao|Saldo|Receber|Pagar","PrimoAutoEletrica\Services\RelatorioDatabaseService.cs","2277","OR COALESCE(ValorNovo, '') LIKE @termo"
"Preco|Valor|Total|Custo|Desconto|Comissao|Saldo|Receber|Pagar","PrimoAutoEletrica\Services\RelatorioDatabaseService.cs","2316",".Where(valor => !string.IsNullOrWhiteSpace(valor)));"
"Preco|Valor|Total|Custo|Desconto|Comissao|Saldo|Receber|Pagar","PrimoAutoEletrica\Services\RelatorioDatabaseService.cs","2326","Valor = null,"
"Preco|Valor|Total|Custo|Desconto|Comissao|Saldo|Receber|Pagar","PrimoAutoEletrica\Services\RelatorioDatabaseService.cs","2347","private static string CriarFiltroLike(string valor)"
"Preco|Valor|Total|Custo|Desconto|Comissao|Saldo|Receber|Pagar","PrimoAutoEletrica\Services\RelatorioDatabaseService.cs","2349","return $""%{valor.Trim()}%"";"
"decimal","PrimoAutoEletrica\Services\RelatorioDatabaseService.cs","2391","decimal quantidade,"
"decimal","PrimoAutoEletrica\Services\RelatorioDatabaseService.cs","2392","decimal receita,"
"decimal","PrimoAutoEletrica\Services\RelatorioDatabaseService.cs","2393","decimal custo,"
"Preco|Valor|Total|Custo|Desconto|Comissao|Saldo|Receber|Pagar","PrimoAutoEletrica\Services\RelatorioDatabaseService.cs","2393","decimal custo,"
"Preco|Valor|Total|Custo|Desconto|Comissao|Saldo|Receber|Pagar","PrimoAutoEletrica\Services\RelatorioDatabaseService.cs","2418","item.CustoTotal += custo;"
"Preco|Valor|Total|Custo|Desconto|Comissao|Saldo|Receber|Pagar","PrimoAutoEletrica\Services\RelatorioDatabaseService.cs","2444","TotalItens = 0,"
"Preco|Valor|Total|Custo|Desconto|Comissao|Saldo|Receber|Pagar","PrimoAutoEletrica\Services\RelatorioDatabaseService.cs","2445","TotalPaginas = 0"
"Preco|Valor|Total|Custo|Desconto|Comissao|Saldo|Receber|Pagar","PrimoAutoEletrica\Services\RelatorioDatabaseService.cs","2449","private static QueryPageResult<T> CriarResultadoPaginado<T>(List<T> itens, int paginaAtual, int itensPorPagina, int totalItens)"
"Preco|Valor|Total|Custo|Desconto|Comissao|Saldo|Receber|Pagar","PrimoAutoEletrica\Services\RelatorioDatabaseService.cs","2456","TotalItens = totalItens,"
"double","PrimoAutoEletrica\Services\RelatorioDatabaseService.cs","2457","TotalPaginas = totalItens == 0 ? 0 : (int)Math.Ceiling((double)totalItens / itensPorPagina)"
"Preco|Valor|Total|Custo|Desconto|Comissao|Saldo|Receber|Pagar","PrimoAutoEletrica\Services\RelatorioDatabaseService.cs","2457","TotalPaginas = totalItens == 0 ? 0 : (int)Math.Ceiling((double)totalItens / itensPorPagina)"
"Preco|Valor|Total|Custo|Desconto|Comissao|Saldo|Receber|Pagar","PrimoAutoEletrica\Services\RelatorioDatabaseService.cs","2469","var valorAtual = ObterFaturamentoTotal(dataInicioAtual, dataFimAtual);"
"Preco|Valor|Total|Custo|Desconto|Comissao|Saldo|Receber|Pagar","PrimoAutoEletrica\Services\RelatorioDatabaseService.cs","2470","var valorAnterior = ObterFaturamentoTotal(dataInicioAnterior, dataFimAnterior);"
"Preco|Valor|Total|Custo|Desconto|Comissao|Saldo|Receber|Pagar","PrimoAutoEletrica\Services\RelatorioDatabaseService.cs","2472","var variacao = valorAtual - valorAnterior;"
"Preco|Valor|Total|Custo|Desconto|Comissao|Saldo|Receber|Pagar","PrimoAutoEletrica\Services\RelatorioDatabaseService.cs","2473","var percentualVariacao = valorAnterior > 0 ? (variacao / valorAnterior) * 100 : 0;"
"Preco|Valor|Total|Custo|Desconto|Comissao|Saldo|Receber|Pagar","PrimoAutoEletrica\Services\RelatorioDatabaseService.cs","2481","ValorAtual = valorAtual,"
"Preco|Valor|Total|Custo|Desconto|Comissao|Saldo|Receber|Pagar","PrimoAutoEletrica\Services\RelatorioDatabaseService.cs","2482","ValorAnterior = valorAnterior,"
"decimal","PrimoAutoEletrica\Services\RelatorioDatabaseService.cs","2631","private static decimal LerDecimal(DbDataReader reader, int index)"
"decimal","PrimoAutoEletrica\Services\RelatorioDatabaseService.cs","2680","private static decimal ConverterParaDecimal(object? value)"
"Preco|Valor|Total|Custo|Desconto|Comissao|Saldo|Receber|Pagar","PrimoAutoEletrica\Services\RelatorioExportService.cs","42","List<DadoServicoRelatorio>? lucroPorServico = null)"
"Preco|Valor|Total|Custo|Desconto|Comissao|Saldo|Receber|Pagar","PrimoAutoEletrica\Services\RelatorioExportService.cs","49","lucroPorServico ??= new List<DadoServicoRelatorio>();"
"Preco|Valor|Total|Custo|Desconto|Comissao|Saldo|Receber|Pagar","PrimoAutoEletrica\Services\RelatorioExportService.cs","82","var faturamentoTotal = dadosFinanceiros.Where(d => d.Tipo == ""Receita"").Sum(d => d.Valor);"
"Preco|Valor|Total|Custo|Desconto|Comissao|Saldo|Receber|Pagar","PrimoAutoEletrica\Services\RelatorioExportService.cs","83","var despesasTotal = dadosFinanceiros.Where(d => d.Tipo == ""Despesa"").Sum(d => d.Valor);"
"Preco|Valor|Total|Custo|Desconto|Comissao|Saldo|Receber|Pagar","PrimoAutoEletrica\Services\RelatorioExportService.cs","84","var lucroLiquido = faturamentoTotal - despesasTotal;"
"Preco|Valor|Total|Custo|Desconto|Comissao|Saldo|Receber|Pagar","PrimoAutoEletrica\Services\RelatorioExportService.cs","86","grafico.DrawString($""Faturamento Total: {faturamentoTotal:C}"", fonteTexto, XBrushes.Black, 50, y); y += 15;"
"Preco|Valor|Total|Custo|Desconto|Comissao|Saldo|Receber|Pagar","PrimoAutoEletrica\Services\RelatorioExportService.cs","88","grafico.DrawString($""Lucro Líquido: {lucroLiquido:C}"", fonteNegrito, XBrushes.Green, 50, y); y += 30;"
"Preco|Valor|Total|Custo|Desconto|Comissao|Saldo|Receber|Pagar","PrimoAutoEletrica\Services\RelatorioExportService.cs","94","var totalVendas = dadosVendas.Count;"
"Preco|Valor|Total|Custo|Desconto|Comissao|Saldo|Receber|Pagar","PrimoAutoEletrica\Services\RelatorioExportService.cs","95","var valorTotalVendas = dadosVendas.Sum(v => v.ValorTotal);"
"Preco|Valor|Total|Custo|Desconto|Comissao|Saldo|Receber|Pagar","PrimoAutoEletrica\Services\RelatorioExportService.cs","96","var ticketMedio = totalVendas > 0 ? valorTotalVendas / totalVendas : 0;"
"Preco|Valor|Total|Custo|Desconto|Comissao|Saldo|Receber|Pagar","PrimoAutoEletrica\Services\RelatorioExportService.cs","98","grafico.DrawString($""Total de Vendas: {totalVendas}"", fonteTexto, XBrushes.Black, 50, y); y += 15;"
"Preco|Valor|Total|Custo|Desconto|Comissao|Saldo|Receber|Pagar","PrimoAutoEletrica\Services\RelatorioExportService.cs","99","grafico.DrawString($""Valor Total: {valorTotalVendas:C}"", fonteTexto, XBrushes.Black, 50, y); y += 15;"
"Preco|Valor|Total|Custo|Desconto|Comissao|Saldo|Receber|Pagar","PrimoAutoEletrica\Services\RelatorioExportService.cs","106","var servicoDestaque = lucroPorServico.OrderByDescending(item => item.LucroBruto).FirstOrDefault();"
"Preco|Valor|Total|Custo|Desconto|Comissao|Saldo|Receber|Pagar","PrimoAutoEletrica\Services\RelatorioExportService.cs","109","grafico.DrawString($""Maior lucro por servico: {servicoDestaque.Servico} ({servicoDestaque.LucroBruto:C})"", fonteTexto, XBrushes.Green, 50, y);"
"Preco|Valor|Total|Custo|Desconto|Comissao|Saldo|Receber|Pagar","PrimoAutoEletrica\Services\RelatorioExportService.cs","121","grafico.DrawString($""{dado.Data:dd/MM/yyyy} - {dado.Tipo}: {dado.Valor:C} - {dado.Descricao}"", fonteTexto, cor, 50, y);"
"Preco|Valor|Total|Custo|Desconto|Comissao|Saldo|Receber|Pagar","PrimoAutoEletrica\Services\RelatorioExportService.cs","140","List<DadoServicoRelatorio>? lucroPorServico = null)"
"Preco|Valor|Total|Custo|Desconto|Comissao|Saldo|Receber|Pagar","PrimoAutoEletrica\Services\RelatorioExportService.cs","147","lucroPorServico ??= new List<DadoServicoRelatorio>();"
"Preco|Valor|Total|Custo|Desconto|Comissao|Saldo|Receber|Pagar","PrimoAutoEletrica\Services\RelatorioExportService.cs","172","worksheetFinanceiro.Cells[""E5""].Value = ""Valor"";"
"Preco|Valor|Total|Custo|Desconto|Comissao|Saldo|Receber|Pagar","PrimoAutoEletrica\Services\RelatorioExportService.cs","190","worksheetFinanceiro.Cells[row, 5].Value = dado.Valor;"
"Preco|Valor|Total|Custo|Desconto|Comissao|Saldo|Receber|Pagar","PrimoAutoEletrica\Services\RelatorioExportService.cs","220","worksheetVendas.Cells[""D3""].Value = ""Valor Total"";"
"Preco|Valor|Total|Custo|Desconto|Comissao|Saldo|Receber|Pagar","PrimoAutoEletrica\Services\RelatorioExportService.cs","221","worksheetVendas.Cells[""E3""].Value = ""Desconto"";"
"Preco|Valor|Total|Custo|Desconto|Comissao|Saldo|Receber|Pagar","PrimoAutoEletrica\Services\RelatorioExportService.cs","222","worksheetVendas.Cells[""F3""].Value = ""Lucro"";"
"Preco|Valor|Total|Custo|Desconto|Comissao|Saldo|Receber|Pagar","PrimoAutoEletrica\Services\RelatorioExportService.cs","238","worksheetVendas.Cells[row, 4].Value = venda.ValorTotal;"
"Preco|Valor|Total|Custo|Desconto|Comissao|Saldo|Receber|Pagar","PrimoAutoEletrica\Services\RelatorioExportService.cs","240","worksheetVendas.Cells[row, 5].Value = venda.Desconto;"
"Preco|Valor|Total|Custo|Desconto|Comissao|Saldo|Receber|Pagar","PrimoAutoEletrica\Services\RelatorioExportService.cs","242","worksheetVendas.Cells[row, 6].Value = venda.Lucro;"
"Preco|Valor|Total|Custo|Desconto|Comissao|Saldo|Receber|Pagar","PrimoAutoEletrica\Services\RelatorioExportService.cs","266","worksheetOS.Cells[""F4""].Value = ""Valor"";"
"Preco|Valor|Total|Custo|Desconto|Comissao|Saldo|Receber|Pagar","PrimoAutoEletrica\Services\RelatorioExportService.cs","267","worksheetOS.Cells[""G4""].Value = ""Lucro"";"
"Preco|Valor|Total|Custo|Desconto|Comissao|Saldo|Receber|Pagar","PrimoAutoEletrica\Services\RelatorioExportService.cs","283","worksheetOS.Cells[row, 6].Value = ordem.ValorTotal;"
"Preco|Valor|Total|Custo|Desconto|Comissao|Saldo|Receber|Pagar","PrimoAutoEletrica\Services\RelatorioExportService.cs","285","worksheetOS.Cells[row, 7].Value = ordem.LucroBruto;"
"Preco|Valor|Total|Custo|Desconto|Comissao|Saldo|Receber|Pagar","PrimoAutoEletrica\Services\RelatorioExportService.cs","287","worksheetOS.Cells[row, 8].Value = ordem.TotalItens;"
"Preco|Valor|Total|Custo|Desconto|Comissao|Saldo|Receber|Pagar","PrimoAutoEletrica\Services\RelatorioExportService.cs","301","worksheetOS.Cells[row, 6].Value = ""Valor"";"
"Preco|Valor|Total|Custo|Desconto|Comissao|Saldo|Receber|Pagar","PrimoAutoEletrica\Services\RelatorioExportService.cs","302","worksheetOS.Cells[row, 7].Value = ""Lucro"";"
"Preco|Valor|Total|Custo|Desconto|Comissao|Saldo|Receber|Pagar","PrimoAutoEletrica\Services\RelatorioExportService.cs","318","worksheetOS.Cells[row, 6].Value = ordem.ValorTotal;"
"Preco|Valor|Total|Custo|Desconto|Comissao|Saldo|Receber|Pagar","PrimoAutoEletrica\Services\RelatorioExportService.cs","320","worksheetOS.Cells[row, 7].Value = ordem.LucroBruto;"
"Preco|Valor|Total|Custo|Desconto|Comissao|Saldo|Receber|Pagar","PrimoAutoEletrica\Services\RelatorioExportService.cs","322","worksheetOS.Cells[row, 8].Value = ordem.TotalItens;"
"Preco|Valor|Total|Custo|Desconto|Comissao|Saldo|Receber|Pagar","PrimoAutoEletrica\Services\RelatorioExportService.cs","341","worksheetServicos.Cells[""E4""].Value = ""Custo"";"
"Preco|Valor|Total|Custo|Desconto|Comissao|Saldo|Receber|Pagar","PrimoAutoEletrica\Services\RelatorioExportService.cs","342","worksheetServicos.Cells[""F4""].Value = ""Lucro"";"
"Preco|Valor|Total|Custo|Desconto|Comissao|Saldo|Receber|Pagar","PrimoAutoEletrica\Services\RelatorioExportService.cs","343","worksheetServicos.Cells[""G4""].Value = ""Margem"";"
"Preco|Valor|Total|Custo|Desconto|Comissao|Saldo|Receber|Pagar","PrimoAutoEletrica\Services\RelatorioExportService.cs","359","worksheetServicos.Cells[row, 5].Value = servico.CustoTotal;"
"Preco|Valor|Total|Custo|Desconto|Comissao|Saldo|Receber|Pagar","PrimoAutoEletrica\Services\RelatorioExportService.cs","361","worksheetServicos.Cells[row, 6].Value = servico.LucroBruto;"
"Preco|Valor|Total|Custo|Desconto|Comissao|Saldo|Receber|Pagar","PrimoAutoEletrica\Services\RelatorioExportService.cs","363","worksheetServicos.Cells[row, 7].Value = servico.MargemPercentual;"
"Preco|Valor|Total|Custo|Desconto|Comissao|Saldo|Receber|Pagar","PrimoAutoEletrica\Services\RelatorioExportService.cs","382","writer.WriteLine(""Tipo;Data;Categoria;Descrição;Valor;Forma Pagamento;Usuário"");"
"Preco|Valor|Total|Custo|Desconto|Comissao|Saldo|Receber|Pagar","PrimoAutoEletrica\Services\RelatorioExportService.cs","386","writer.WriteLine($""{dado.Tipo};{dado.Data:dd/MM/yyyy};{dado.Categoria};{dado.Descricao};{dado.Valor};{dado.FormaPagamento};{dado.Usuario}"");"
"double","PrimoAutoEletrica\Services\RelatorioExportService.cs","399","private void TryDrawLogo(XGraphics graphics, double x, double y, double maxWidth, double maxHeight)"
"decimal","PrimoAutoEletrica\Services\RelatorioFinanceiroService.cs","14","public void ExportarFluxoCaixaPDF(string caminho, DateTime dataInicio, DateTime dataFim, decimal entradas, decimal saidas, decimal saldo, List<dynamic> moviment"
"Preco|Valor|Total|Custo|Desconto|Comissao|Saldo|Receber|Pagar","PrimoAutoEletrica\Services\RelatorioFinanceiroService.cs","14","public void ExportarFluxoCaixaPDF(string caminho, DateTime dataInicio, DateTime dataFim, decimal entradas, decimal saidas, decimal saldo, List<dynamic> moviment"
"Preco|Valor|Total|Custo|Desconto|Comissao|Saldo|Receber|Pagar","PrimoAutoEletrica\Services\RelatorioFinanceiroService.cs","31","graphics.DrawString($""Saldo: R$ {saldo:N2}"", fontBold, XBrushes.Blue, 50, 180);"
"Preco|Valor|Total|Custo|Desconto|Comissao|Saldo|Receber|Pagar","PrimoAutoEletrica\Services\RelatorioFinanceiroService.cs","38","graphics.DrawString(""Valor"", fontBold, XBrushes.Black, 450, y);"
"Preco|Valor|Total|Custo|Desconto|Comissao|Saldo|Receber|Pagar","PrimoAutoEletrica\Services\RelatorioFinanceiroService.cs","50","graphics.DrawString($""R$ {mov.Valor:N2}"", font, XBrushes.Black, 450, y);"
"Preco|Valor|Total|Custo|Desconto|Comissao|Saldo|Receber|Pagar","PrimoAutoEletrica\Services\RelatorioFinanceiroService.cs","74","graphics.DrawString(""Relatório de Contas a Pagar"", fontTitle, XBrushes.Black, 50, 50);"
"Preco|Valor|Total|Custo|Desconto|Comissao|Saldo|Receber|Pagar","PrimoAutoEletrica\Services\RelatorioFinanceiroService.cs","82","graphics.DrawString(""Valor"", fontBold, XBrushes.Black, 450, y);"
"Preco|Valor|Total|Custo|Desconto|Comissao|Saldo|Receber|Pagar","PrimoAutoEletrica\Services\RelatorioFinanceiroService.cs","95","graphics.DrawString($""R$ {conta.Valor:N2}"", font, XBrushes.Black, 450, y);"
"Preco|Valor|Total|Custo|Desconto|Comissao|Saldo|Receber|Pagar","PrimoAutoEletrica\Services\RelatorioFinanceiroService.cs","120","graphics.DrawString(""Relatório de Contas a Receber"", fontTitle, XBrushes.Black, 50, 50);"
"Preco|Valor|Total|Custo|Desconto|Comissao|Saldo|Receber|Pagar","PrimoAutoEletrica\Services\RelatorioFinanceiroService.cs","128","graphics.DrawString(""Valor"", fontBold, XBrushes.Black, 450, y);"
"Preco|Valor|Total|Custo|Desconto|Comissao|Saldo|Receber|Pagar","PrimoAutoEletrica\Services\RelatorioFinanceiroService.cs","141","graphics.DrawString($""R$ {conta.Valor:N2}"", font, XBrushes.Black, 450, y);"
"Preco|Valor|Total|Custo|Desconto|Comissao|Saldo|Receber|Pagar","PrimoAutoEletrica\Services\RelatorioFinanceiroService.cs","166","var valores = new List<string>();"
"Preco|Valor|Total|Custo|Desconto|Comissao|Saldo|Receber|Pagar","PrimoAutoEletrica\Services\RelatorioFinanceiroService.cs","169","var valor = item.GetType().GetProperty(coluna)?.GetValue(item)?.ToString() ?? """";"
"Preco|Valor|Total|Custo|Desconto|Comissao|Saldo|Receber|Pagar","PrimoAutoEletrica\Services\RelatorioFinanceiroService.cs","170","valores.Add($""\""{valor}\"""");"
"Preco|Valor|Total|Custo|Desconto|Comissao|Saldo|Receber|Pagar","PrimoAutoEletrica\Services\RelatorioFinanceiroService.cs","172","writer.WriteLine(string.Join("";"", valores));"
"Preco|Valor|Total|Custo|Desconto|Comissao|Saldo|Receber|Pagar","PrimoAutoEletrica\Services\RelatorioFinanceiroService.cs","181","writer.WriteLine(""Id;Fornecedor;Descricao;Valor;DataVencimento;Status;Categoria;Observacoes"");"
"Preco|Valor|Total|Custo|Desconto|Comissao|Saldo|Receber|Pagar","PrimoAutoEletrica\Services\RelatorioFinanceiroService.cs","186","writer.WriteLine($""{conta.Id};\""{conta.Fornecedor}\"";\""{conta.Descricao}\"";{conta.Valor};{conta.DataVencimento:dd/MM/yyyy};\""{conta.Status}\"";\""{conta.Categoria"
"Preco|Valor|Total|Custo|Desconto|Comissao|Saldo|Receber|Pagar","PrimoAutoEletrica\Services\RelatorioFinanceiroService.cs","195","writer.WriteLine(""Id;Cliente;Descricao;Valor;DataVencimento;Status;FormaPagamento;Observacoes"");"
"Preco|Valor|Total|Custo|Desconto|Comissao|Saldo|Receber|Pagar","PrimoAutoEletrica\Services\RelatorioFinanceiroService.cs","200","writer.WriteLine($""{conta.Id};\""{conta.Cliente}\"";\""{conta.Descricao}\"";{conta.Valor};{conta.DataVencimento:dd/MM/yyyy};\""{conta.Status}\"";\""{conta.FormaPagamen"
"decimal","PrimoAutoEletrica\Services\RelatorioFinanceiroService.cs","204","public void ExportarDashboardPDF(string caminho, Dictionary<string, decimal> cards, Dictionary<string, double> formasPagamento)"
"double","PrimoAutoEletrica\Services\RelatorioFinanceiroService.cs","204","public void ExportarDashboardPDF(string caminho, Dictionary<string, decimal> cards, Dictionary<string, double> formasPagamento)"
"decimal","PrimoAutoEletrica\Services\RelatorioFinanceiroService.cs","245","Dictionary<string, decimal> cards,"
"double","PrimoAutoEletrica\Services\RelatorioFinanceiroService.cs","247","Dictionary<string, double> formasPagamento,"
"double","PrimoAutoEletrica\Services\RelatorioFinanceiroService.cs","258","const double margin = 40d;"
"double","PrimoAutoEletrica\Services\RelatorioFinanceiroService.cs","260","void EnsurePage(double extra = 20d)"
"double","PrimoAutoEletrica\Services\RelatorioFinanceiroService.cs","272","void WriteLine(string text, XFont currentFont, XBrush brush, double spacing = 16d)"
"Preco|Valor|Total|Custo|Desconto|Comissao|Saldo|Receber|Pagar","PrimoAutoEletrica\Services\RelatorioFinanceiroService.cs","301","WriteLine($""Contas a receber pendentes: R$ {demonstrativo.ContasReceberPendentes:N2}"", font, XBrushes.Black);"
"Preco|Valor|Total|Custo|Desconto|Comissao|Saldo|Receber|Pagar","PrimoAutoEletrica\Services\RelatorioFinanceiroService.cs","302","WriteLine($""Contas a pagar pendentes: R$ {demonstrativo.ContasPagarPendentes:N2}"", font, XBrushes.Black);"
"Preco|Valor|Total|Custo|Desconto|Comissao|Saldo|Receber|Pagar","PrimoAutoEletrica\Services\RelatorioFinanceiroService.cs","319","WriteSection(""Contas a pagar em aberto"");"
"Preco|Valor|Total|Custo|Desconto|Comissao|Saldo|Receber|Pagar","PrimoAutoEletrica\Services\RelatorioFinanceiroService.cs","327","WriteLine(""Nenhuma conta a pagar pendente."", font, XBrushes.DimGray);"
"Preco|Valor|Total|Custo|Desconto|Comissao|Saldo|Receber|Pagar","PrimoAutoEletrica\Services\RelatorioFinanceiroService.cs","333","WriteLine($""{conta.DataVencimento:dd/MM/yyyy} | {conta.Fornecedor} | {conta.Valor:C} | {conta.Status}"", font, XBrushes.Black);"
"Preco|Valor|Total|Custo|Desconto|Comissao|Saldo|Receber|Pagar","PrimoAutoEletrica\Services\RelatorioFinanceiroService.cs","337","WriteSection(""Contas a receber em aberto"");"
"Preco|Valor|Total|Custo|Desconto|Comissao|Saldo|Receber|Pagar","PrimoAutoEletrica\Services\RelatorioFinanceiroService.cs","347","WriteLine(""Nenhuma conta a receber pendente."", font, XBrushes.DimGray);"
"Preco|Valor|Total|Custo|Desconto|Comissao|Saldo|Receber|Pagar","PrimoAutoEletrica\Services\RelatorioFinanceiroService.cs","353","WriteLine($""{conta.DataVencimento:dd/MM/yyyy} | {conta.Cliente} | {conta.Valor:C} | {conta.Status}"", font, XBrushes.Black);"
"Preco|Valor|Total|Custo|Desconto|Comissao|Saldo|Receber|Pagar","PrimoAutoEletrica\Services\RelatorioFinanceiroService.cs","367","writer.WriteLine(""Secao;Campo;Valor"");"
"Preco|Valor|Total|Custo|Desconto|Comissao|Saldo|Receber|Pagar","PrimoAutoEletrica\Services\RelatorioFinanceiroService.cs","376","writer.WriteLine(""ContasPagar;Fornecedor;Descricao;Valor;DataVencimento;Status"");"
"Preco|Valor|Total|Custo|Desconto|Comissao|Saldo|Receber|Pagar","PrimoAutoEletrica\Services\RelatorioFinanceiroService.cs","379","writer.WriteLine($""ContasPagar;\""{conta.Fornecedor}\"";\""{conta.Descricao}\"";{conta.Valor};{conta.DataVencimento:yyyy-MM-dd};\""{conta.Status}\"""");"
"Preco|Valor|Total|Custo|Desconto|Comissao|Saldo|Receber|Pagar","PrimoAutoEletrica\Services\RelatorioFinanceiroService.cs","383","writer.WriteLine(""ContasReceber;Cliente;Descricao;Valor;DataVencimento;Status;FormaPagamento"");"
"Preco|Valor|Total|Custo|Desconto|Comissao|Saldo|Receber|Pagar","PrimoAutoEletrica\Services\RelatorioFinanceiroService.cs","386","writer.WriteLine($""ContasReceber;\""{conta.Cliente}\"";\""{conta.Descricao}\"";{conta.Valor};{conta.DataVencimento:yyyy-MM-dd};\""{conta.Status}\"";\""{conta.FormaPaga"
"Preco|Valor|Total|Custo|Desconto|Comissao|Saldo|Receber|Pagar","PrimoAutoEletrica\Services\SessionInactivityService.cs","67","_logger.LogInfo($""Monitor de inatividade iniciado com timeout de {_timeout.TotalMinutes:F0} minutos."");"
"double","PrimoAutoEletrica\Services\SidebarLayoutService.cs","12","public const double ExpandedWidth = 240d;"
"double","PrimoAutoEletrica\Services\SidebarLayoutService.cs","13","public const double CollapsedWidth = 68d;"
"double","PrimoAutoEletrica\Services\SidebarLayoutService.cs","22","public double CurrentWidth => _isExpanded ? ExpandedWidth : CollapsedWidth;"
"decimal","PrimoAutoEletrica\Services\SynchronizationService.cs","42","public void RegistrarVendaPDV(string vendaId, string numero, decimal valorTotal, string cliente)"
"Preco|Valor|Total|Custo|Desconto|Comissao|Saldo|Receber|Pagar","PrimoAutoEletrica\Services\SynchronizationService.cs","42","public void RegistrarVendaPDV(string vendaId, string numero, decimal valorTotal, string cliente)"
"Preco|Valor|Total|Custo|Desconto|Comissao|Saldo|Receber|Pagar","PrimoAutoEletrica\Services\SynchronizationService.cs","46","var payload = $""VendaId={vendaId};Numero={numero};Valor={valorTotal};Cliente={cliente}"";"
"decimal","PrimoAutoEletrica\Services\SynchronizationService.cs","58","public void RegistrarEventoFinanceiro(string tipo, string descricao, decimal valor)"
"Preco|Valor|Total|Custo|Desconto|Comissao|Saldo|Receber|Pagar","PrimoAutoEletrica\Services\SynchronizationService.cs","58","public void RegistrarEventoFinanceiro(string tipo, string descricao, decimal valor)"
"Preco|Valor|Total|Custo|Desconto|Comissao|Saldo|Receber|Pagar","PrimoAutoEletrica\Services\SynchronizationService.cs","62","var payload = $""Tipo={tipo};Descricao={descricao};Valor={valor}"";"
"Preco|Valor|Total|Custo|Desconto|Comissao|Saldo|Receber|Pagar","PrimoAutoEletrica\Services\SystemConfigurationService.cs","30","public string MessageTemplateOrcamento { get; set; } = ""Ola {Cliente}, seu orcamento {Numero} esta pronto para aprovacao. Total: {Total}."";"
"decimal","PrimoAutoEletrica\Services\SystemConfigurationService.cs","34","public decimal DefaultProductMarginPercent { get; set; } = 40m;"
"Preco|Valor|Total|Custo|Desconto|Comissao|Saldo|Receber|Pagar","PrimoAutoEletrica\Services\SystemConfigurationService.cs","153","UPDATE SET Valor = @Valor,"
"Preco|Valor|Total|Custo|Desconto|Comissao|Saldo|Receber|Pagar","PrimoAutoEletrica\Services\SystemConfigurationService.cs","161","Valor,"
"Preco|Valor|Total|Custo|Desconto|Comissao|Saldo|Receber|Pagar","PrimoAutoEletrica\Services\SystemConfigurationService.cs","169","@Valor,"
"Preco|Valor|Total|Custo|Desconto|Comissao|Saldo|Receber|Pagar","PrimoAutoEletrica\Services\SystemConfigurationService.cs","178","Valor,"
"Preco|Valor|Total|Custo|Desconto|Comissao|Saldo|Receber|Pagar","PrimoAutoEletrica\Services\SystemConfigurationService.cs","186","@Valor,"
"Preco|Valor|Total|Custo|Desconto|Comissao|Saldo|Receber|Pagar","PrimoAutoEletrica\Services\SystemConfigurationService.cs","192","Valor = excluded.Valor,"
"Preco|Valor|Total|Custo|Desconto|Comissao|Saldo|Receber|Pagar","PrimoAutoEletrica\Services\SystemConfigurationService.cs","197","command.Parameters.AddWithValue(""@Valor"", value);"
"Preco|Valor|Total|Custo|Desconto|Comissao|Saldo|Receber|Pagar","PrimoAutoEletrica\Services\SystemConfigurationService.cs","277","Valor NVARCHAR(MAX) NOT NULL,"
"Preco|Valor|Total|Custo|Desconto|Comissao|Saldo|Receber|Pagar","PrimoAutoEletrica\Services\SystemConfigurationService.cs","293","Valor TEXT NOT NULL,"
"Preco|Valor|Total|Custo|Desconto|Comissao|Saldo|Receber|Pagar","PrimoAutoEletrica\Services\SystemConfigurationService.cs","330","SELECT Chave, Valor"
"decimal","PrimoAutoEletrica\Services\SystemConfigurationService.cs","421","private static (string Key, string Value) Pair(string key, decimal value)"
"decimal","PrimoAutoEletrica\Services\SystemConfigurationService.cs","447","private static decimal ReadDecimal(IReadOnlyDictionary<string, string> values, string key, decimal fallback)"
"decimal","PrimoAutoEletrica\Services\SystemConfigurationService.cs","449","return values.TryGetValue(key, out var value) && decimal.TryParse(value, NumberStyles.Number, CultureInfo.InvariantCulture, out var parsed)"
"Preco|Valor|Total|Custo|Desconto|Comissao|Saldo|Receber|Pagar","PrimoAutoEletrica\Services\SystemConfigurationService.cs","482","configuration.MessageTemplateOrcamento = NormalizeText(configuration.MessageTemplateOrcamento, ""Ola {Cliente}, seu orcamento {Numero} esta pronto para aprovacao"
"Preco|Valor|Total|Custo|Desconto|Comissao|Saldo|Receber|Pagar","PrimoAutoEletrica\Services\ThemeResourceValidationService.cs","466","sb.AppendLine($""**Total de Erros:** {result.Errors.Count}"");"
"Preco|Valor|Total|Custo|Desconto|Comissao|Saldo|Receber|Pagar","PrimoAutoEletrica\Services\ThemeResourceValidationService.cs","467","sb.AppendLine($""**Total de Avisos:** {result.Warnings.Count}"");"
"Preco|Valor|Total|Custo|Desconto|Comissao|Saldo|Receber|Pagar","PrimoAutoEletrica\Services\UiSmokeTestService.Agendamentos.cs","189","orcamentosGerados.All(o => o.Itens.Count == 0 || o.Total <= 0))"
"Preco|Valor|Total|Custo|Desconto|Comissao|Saldo|Receber|Pagar","PrimoAutoEletrica\Services\UiSmokeTestService.Agendamentos.cs","195","var totalDepoisReprocessamento = orcamentoService"
"Preco|Valor|Total|Custo|Desconto|Comissao|Saldo|Receber|Pagar","PrimoAutoEletrica\Services\UiSmokeTestService.Agendamentos.cs","199","if (totalDepoisReprocessamento != orcamentosGerados.Count)"
"Preco|Valor|Total|Custo|Desconto|Comissao|Saldo|Receber|Pagar","PrimoAutoEletrica\Services\UiSmokeTestService.Assurance12.cs","239","PrecoCompra = 5m + (i % 20),"
"Preco|Valor|Total|Custo|Desconto|Comissao|Saldo|Receber|Pagar","PrimoAutoEletrica\Services\UiSmokeTestService.Assurance12.cs","240","PrecoVenda = 15m + (i % 50),"
"Preco|Valor|Total|Custo|Desconto|Comissao|Saldo|Receber|Pagar","PrimoAutoEletrica\Services\UiSmokeTestService.Assurance13.cs","152","PrecoCompra = 5m + (i % 20),"
"Preco|Valor|Total|Custo|Desconto|Comissao|Saldo|Receber|Pagar","PrimoAutoEletrica\Services\UiSmokeTestService.Assurance13.cs","153","PrecoVenda = 15m + (i % 50),"
"Preco|Valor|Total|Custo|Desconto|Comissao|Saldo|Receber|Pagar","PrimoAutoEletrica\Services\UiSmokeTestService.Assurance13.cs","204","ValorUnitario = produto.PrecoVenda,"
"Preco|Valor|Total|Custo|Desconto|Comissao|Saldo|Receber|Pagar","PrimoAutoEletrica\Services\UiSmokeTestService.Assurance13.cs","205","CustoUnitario = produto.PrecoCompra,"
"Preco|Valor|Total|Custo|Desconto|Comissao|Saldo|Receber|Pagar","PrimoAutoEletrica\Services\UiSmokeTestService.Assurance13.cs","232","PrecoUnitario = produto.PrecoVenda,"
"Preco|Valor|Total|Custo|Desconto|Comissao|Saldo|Receber|Pagar","PrimoAutoEletrica\Services\UiSmokeTestService.Assurance13.cs","233","PrecoCusto = produto.PrecoCompra,"
"Preco|Valor|Total|Custo|Desconto|Comissao|Saldo|Receber|Pagar","PrimoAutoEletrica\Services\UiSmokeTestService.Assurance13.cs","234","Subtotal = produto.PrecoVenda,"
"Preco|Valor|Total|Custo|Desconto|Comissao|Saldo|Receber|Pagar","PrimoAutoEletrica\Services\UiSmokeTestService.Assurance13.cs","248","Subtotal = item.Subtotal,"
"Preco|Valor|Total|Custo|Desconto|Comissao|Saldo|Receber|Pagar","PrimoAutoEletrica\Services\UiSmokeTestService.Assurance13.cs","249","Total = item.Subtotal,"
"Preco|Valor|Total|Custo|Desconto|Comissao|Saldo|Receber|Pagar","PrimoAutoEletrica\Services\UiSmokeTestService.Assurance13.cs","284","$""Saldo estoque divergente produto {p.Codigo}: esperado={stockExpected[p.Id]} atual={p.QuantidadeEstoque}"");"
"decimal","PrimoAutoEletrica\Services\UiSmokeTestService.Assurance13.cs","290","decimal expectedReceitas = 0;"
"decimal","PrimoAutoEletrica\Services\UiSmokeTestService.Assurance13.cs","291","decimal expectedDespesas = 0;"
"Preco|Valor|Total|Custo|Desconto|Comissao|Saldo|Receber|Pagar","PrimoAutoEletrica\Services\UiSmokeTestService.Assurance13.cs","294","var valor = 10m + (i % 90);"
"Preco|Valor|Total|Custo|Desconto|Comissao|Saldo|Receber|Pagar","PrimoAutoEletrica\Services\UiSmokeTestService.Assurance13.cs","302","valor: valor,"
"Preco|Valor|Total|Custo|Desconto|Comissao|Saldo|Receber|Pagar","PrimoAutoEletrica\Services\UiSmokeTestService.Assurance13.cs","310","expectedReceitas += valor;"
"Preco|Valor|Total|Custo|Desconto|Comissao|Saldo|Receber|Pagar","PrimoAutoEletrica\Services\UiSmokeTestService.Assurance13.cs","318","valor: valor,"
"Preco|Valor|Total|Custo|Desconto|Comissao|Saldo|Receber|Pagar","PrimoAutoEletrica\Services\UiSmokeTestService.Assurance13.cs","324","expectedDespesas += valor;"
"Preco|Valor|Total|Custo|Desconto|Comissao|Saldo|Receber|Pagar","PrimoAutoEletrica\Services\UiSmokeTestService.Assurance13.cs","395","""total_orphans,"" + orphans + ""\n"" +"
"Preco|Valor|Total|Custo|Desconto|Comissao|Saldo|Receber|Pagar","PrimoAutoEletrica\Services\UiSmokeTestService.Assurance13.cs","409","var cpuBefore = proc.TotalProcessorTime;"
"Preco|Valor|Total|Custo|Desconto|Comissao|Saldo|Receber|Pagar","PrimoAutoEletrica\Services\UiSmokeTestService.Assurance13.cs","432","var cpuAfter = proc.TotalProcessorTime;"
"Preco|Valor|Total|Custo|Desconto|Comissao|Saldo|Receber|Pagar","PrimoAutoEletrica\Services\UiSmokeTestService.Assurance13.cs","439","$""cpuBeforeMs={cpuBefore.TotalMilliseconds:F0};cpuAfterMs={cpuAfter.TotalMilliseconds:F0};at={DateTime.Now:o}"","
"Preco|Valor|Total|Custo|Desconto|Comissao|Saldo|Receber|Pagar","PrimoAutoEletrica\Services\UiSmokeTestService.Assurance13.cs","467","valor: 33.33m,"
"Preco|Valor|Total|Custo|Desconto|Comissao|Saldo|Receber|Pagar","PrimoAutoEletrica\Services\UiSmokeTestService.Assurance13.cs","481","valor: 33.33m,"
"double","PrimoAutoEletrica\Services\UiSmokeTestService.Assurance13.cs","507","$""Double-save produziu {count} registros (esperado 1). secondError={secondError?.GetType().Name}"");"
"Preco|Valor|Total|Custo|Desconto|Comissao|Saldo|Receber|Pagar","PrimoAutoEletrica\Services\UiSmokeTestService.AutoEletrica.cs","55","roteiro.ValoresEsperados.Count == 0 ||"
"Preco|Valor|Total|Custo|Desconto|Comissao|Saldo|Receber|Pagar","PrimoAutoEletrica\Services\UiSmokeTestService.AutoEletrica.cs","85","biblioteca.Any(item => item.Passos.Count == 0 || item.ValoresReferencia.Count == 0))"
"Preco|Valor|Total|Custo|Desconto|Comissao|Saldo|Receber|Pagar","PrimoAutoEletrica\Services\UiSmokeTestService.AutoEletrica.cs","110","servicos.Any(servico => servico.ValorPadrao <= 0 || servico.TempoMedioMinutos <= 0 || servico.GarantiaPadraoDias <= 0 || servico.PecasSugeridas.Count == 0))"
"Preco|Valor|Total|Custo|Desconto|Comissao|Saldo|Receber|Pagar","PrimoAutoEletrica\Services\UiSmokeTestService.AutoEletrica.cs","154","!prontuario.Campos.Any(campo => campo.Nome.Contains(""Tensao em repouso"", StringComparison.OrdinalIgnoreCase) && campo.Valor.Contains(""12,58"", StringComparison.O"
"Preco|Valor|Total|Custo|Desconto|Comissao|Saldo|Receber|Pagar","PrimoAutoEletrica\Services\UiSmokeTestService.AutoEletrica.cs","175","ValorMaoObra = 280m,"
"Preco|Valor|Total|Custo|Desconto|Comissao|Saldo|Receber|Pagar","PrimoAutoEletrica\Services\UiSmokeTestService.AutoEletrica.cs","186","!recarregado.Itens.Any(item => item.Tipo.Contains(""Servico"", StringComparison.OrdinalIgnoreCase) && item.Subtotal >= 280m) ||"
"REAL_sql","PrimoAutoEletrica\Services\UiSmokeTestService.CatalogoImport.cs","19","GarantirBancoIsoladoDoSmoke(""Catalogo Import Real"");"
"Preco|Valor|Total|Custo|Desconto|Comissao|Saldo|Receber|Pagar","PrimoAutoEletrica\Services\UiSmokeTestService.CatalogoImport.cs","31","if (previa.TotalItens < 5)"
"Preco|Valor|Total|Custo|Desconto|Comissao|Saldo|Receber|Pagar","PrimoAutoEletrica\Services\UiSmokeTestService.CatalogoImport.cs","33","throw new InvalidOperationException($""CSV DNI esperava >=5 itens, veio {previa.TotalItens}."");"
"Preco|Valor|Total|Custo|Desconto|Comissao|Saldo|Receber|Pagar","PrimoAutoEletrica\Services\UiSmokeTestService.CatalogoImport.cs","43","if (previa.TotalItens < 5)"
"Preco|Valor|Total|Custo|Desconto|Comissao|Saldo|Receber|Pagar","PrimoAutoEletrica\Services\UiSmokeTestService.CatalogoImport.cs","45","throw new InvalidOperationException($""CSV UETA esperava >=5 itens, veio {previa.TotalItens}."");"
"Preco|Valor|Total|Custo|Desconto|Comissao|Saldo|Receber|Pagar","PrimoAutoEletrica\Services\UiSmokeTestService.CatalogoImport.cs","56","if (previa.TotalItens < 4)"
"Preco|Valor|Total|Custo|Desconto|Comissao|Saldo|Receber|Pagar","PrimoAutoEletrica\Services\UiSmokeTestService.CatalogoImport.cs","58","throw new InvalidOperationException($""CSV BOSCH/NGK esperava >=4 itens, veio {previa.TotalItens}."");"
"Preco|Valor|Total|Custo|Desconto|Comissao|Saldo|Receber|Pagar","PrimoAutoEletrica\Services\UiSmokeTestService.CatalogoImport.cs","63","if (previa.TotalItens < 2)"
"Preco|Valor|Total|Custo|Desconto|Comissao|Saldo|Receber|Pagar","PrimoAutoEletrica\Services\UiSmokeTestService.CatalogoImport.cs","65","throw new InvalidOperationException($""PDF DNI mini esperava >=2 itens, veio {previa.TotalItens}."");"
"Preco|Valor|Total|Custo|Desconto|Comissao|Saldo|Receber|Pagar","PrimoAutoEletrica\Services\UiSmokeTestService.CatalogoImport.cs","92","if (previa.TotalItens == 0)"
"Preco|Valor|Total|Custo|Desconto|Comissao|Saldo|Receber|Pagar","PrimoAutoEletrica\Services\UiSmokeTestService.CatalogoImport.cs","110","if (previa.TotalItens == 0)"
"Preco|Valor|Total|Custo|Desconto|Comissao|Saldo|Receber|Pagar","PrimoAutoEletrica\Services\UiSmokeTestService.CatalogoImport.cs","122","if (previa.TotalItens == 0)"
"Preco|Valor|Total|Custo|Desconto|Comissao|Saldo|Receber|Pagar","PrimoAutoEletrica\Services\UiSmokeTestService.CatalogoImport.cs","140","if (previa.TotalItens < 500)"
"Preco|Valor|Total|Custo|Desconto|Comissao|Saldo|Receber|Pagar","PrimoAutoEletrica\Services\UiSmokeTestService.CatalogoImport.cs","142","throw new InvalidOperationException($""DNI full esperava >=500 itens, veio {previa.TotalItens}."");"
"Preco|Valor|Total|Custo|Desconto|Comissao|Saldo|Receber|Pagar","PrimoAutoEletrica\Services\UiSmokeTestService.CatalogoImport.cs","151","_logger.LogInfo($""CatalogoImport PdfDniFullReal previa: itens={previa.TotalItens}, comFoto={comFoto}"");"
"Preco|Valor|Total|Custo|Desconto|Comissao|Saldo|Receber|Pagar","PrimoAutoEletrica\Services\UiSmokeTestService.CatalogoImport.cs","174","_logger.LogInfo($""CatalogoImport {nome}: previa-only itens={previa.TotalItens}"");"
"Preco|Valor|Total|Custo|Desconto|Comissao|Saldo|Receber|Pagar","PrimoAutoEletrica\Services\UiSmokeTestService.CatalogoImport.cs","179","if (confirmacao.TotalImportados + confirmacao.TotalDuplicados <= 0 && previa.TotalItens > 0)"
"Preco|Valor|Total|Custo|Desconto|Comissao|Saldo|Receber|Pagar","PrimoAutoEletrica\Services\UiSmokeTestService.CatalogoImport.cs","182","$""Importacao {nome} nao persistiu itens. Status={confirmacao.Status}; Erros={confirmacao.TotalComErro}"");"
"Preco|Valor|Total|Custo|Desconto|Comissao|Saldo|Receber|Pagar","PrimoAutoEletrica\Services\UiSmokeTestService.CatalogoImport.cs","186","$""CatalogoImport {nome}: lidos={confirmacao.TotalLidos}, importados={confirmacao.TotalImportados}, "" +"
"Preco|Valor|Total|Custo|Desconto|Comissao|Saldo|Receber|Pagar","PrimoAutoEletrica\Services\UiSmokeTestService.CatalogoImport.cs","187","$""duplicados={confirmacao.TotalDuplicados}, erros={confirmacao.TotalComErro}, status={confirmacao.Status}"");"
"Preco|Valor|Total|Custo|Desconto|Comissao|Saldo|Receber|Pagar","PrimoAutoEletrica\Services\UiSmokeTestService.CatalogoImport.cs","208","var totalDb = pecasService.ObterTodos().Count;"
"Preco|Valor|Total|Custo|Desconto|Comissao|Saldo|Receber|Pagar","PrimoAutoEletrica\Services\UiSmokeTestService.CatalogoImport.cs","209","if (totalDb <= 0)"
"Preco|Valor|Total|Custo|Desconto|Comissao|Saldo|Receber|Pagar","PrimoAutoEletrica\Services\UiSmokeTestService.CatalogoImport.cs","226","$""CatalogoPecas pagina OK. DB={totalDb}, pendentes={resumo.PendentesRevisao}, grid={grid.Items.Count}"");"
"Preco|Valor|Total|Custo|Desconto|Comissao|Saldo|Receber|Pagar","PrimoAutoEletrica\Services\UiSmokeTestService.Configuracoes.cs","150","Valor = 120m,"
"Preco|Valor|Total|Custo|Desconto|Comissao|Saldo|Receber|Pagar","PrimoAutoEletrica\Services\UiSmokeTestService.Configuracoes.cs","162","ValorTotal = 120m,"
"Preco|Valor|Total|Custo|Desconto|Comissao|Saldo|Receber|Pagar","PrimoAutoEletrica\Services\UiSmokeTestService.Configuracoes.cs","189","precoCompra: 7m,"
"Preco|Valor|Total|Custo|Desconto|Comissao|Saldo|Receber|Pagar","PrimoAutoEletrica\Services\UiSmokeTestService.Configuracoes.cs","192","totalVendas: 1,"
"Preco|Valor|Total|Custo|Desconto|Comissao|Saldo|Receber|Pagar","PrimoAutoEletrica\Services\UiSmokeTestService.Configuracoes.cs","395","var margemText = FindElementByName<TextBox>(window, ""DefaultProductMarginTextBox"")?.Text;"
"Preco|Valor|Total|Custo|Desconto|Comissao|Saldo|Receber|Pagar","PrimoAutoEletrica\Services\UiSmokeTestService.Configuracoes.cs","399","string.IsNullOrWhiteSpace(margemText) ||"
"Preco|Valor|Total|Custo|Desconto|Comissao|Saldo|Receber|Pagar","PrimoAutoEletrica\Services\UiSmokeTestService.Configuracoes.cs","400","!margemText.Contains(""42"", StringComparison.Ordinal) ||"
"Preco|Valor|Total|Custo|Desconto|Comissao|Saldo|Receber|Pagar","PrimoAutoEletrica\Services\UiSmokeTestService.cs","198","var summary = $""Smoke test UI concluido. Total={result.TotalChecks}, Sucesso={result.PassedChecks}, Falhas={result.FailedChecks}."";"
"Preco|Valor|Total|Custo|Desconto|Comissao|Saldo|Receber|Pagar","PrimoAutoEletrica\Services\UiSmokeTestService.cs","465","if (result.TotalChecks == 0)"
"Preco|Valor|Total|Custo|Desconto|Comissao|Saldo|Receber|Pagar","PrimoAutoEletrica\Services\UiSmokeTestService.cs","474","private bool FiltroCombina(string valor)"
"Preco|Valor|Total|Custo|Desconto|Comissao|Saldo|Receber|Pagar","PrimoAutoEletrica\Services\UiSmokeTestService.cs","486","if (valor.Contains(token, StringComparison.OrdinalIgnoreCase) ||"
"Preco|Valor|Total|Custo|Desconto|Comissao|Saldo|Receber|Pagar","PrimoAutoEletrica\Services\UiSmokeTestService.cs","487","token.Contains(valor, StringComparison.OrdinalIgnoreCase))"
"Preco|Valor|Total|Custo|Desconto|Comissao|Saldo|Receber|Pagar","PrimoAutoEletrica\Services\UiSmokeTestService.cs","598","public int TotalChecks => Checks.Count;"
"Preco|Valor|Total|Custo|Desconto|Comissao|Saldo|Receber|Pagar","PrimoAutoEletrica\Services\UiSmokeTestService.Dashboard.cs","60","if (string.IsNullOrWhiteSpace(faturamentoMes.Valor))"
"Preco|Valor|Total|Custo|Desconto|Comissao|Saldo|Receber|Pagar","PrimoAutoEletrica\Services\UiSmokeTestService.Dashboard.cs","62","throw new InvalidOperationException(""Dashboard nao exibiu valor de faturamento do mes."");"
"Preco|Valor|Total|Custo|Desconto|Comissao|Saldo|Receber|Pagar","PrimoAutoEletrica\Services\UiSmokeTestService.DeepQa.cs","128","$""DeepQa long-run: {ciclos} ciclos, {navegacoes} navegacoes, {sw.Elapsed.TotalSeconds:F1}s."","
"Preco|Valor|Total|Custo|Desconto|Comissao|Saldo|Receber|Pagar","PrimoAutoEletrica\Services\UiSmokeTestService.Discovery.cs","142","ValorAnterior = ""Estoque=12; Reservado=0; Disponivel=12"","
"Preco|Valor|Total|Custo|Desconto|Comissao|Saldo|Receber|Pagar","PrimoAutoEletrica\Services\UiSmokeTestService.Discovery.cs","143","ValorNovo = ""Estoque=12; Reservado=2; Disponivel=10"""
"Preco|Valor|Total|Custo|Desconto|Comissao|Saldo|Receber|Pagar","PrimoAutoEletrica\Services\UiSmokeTestService.Discovery.cs","171","ValorLabel = ""Valor operacional"","
"Preco|Valor|Total|Custo|Desconto|Comissao|Saldo|Receber|Pagar","PrimoAutoEletrica\Services\UiSmokeTestService.Documentos.cs","116","Valor = 480m,"
"Preco|Valor|Total|Custo|Desconto|Comissao|Saldo|Receber|Pagar","PrimoAutoEletrica\Services\UiSmokeTestService.Documentos.cs","126","Valor = 120m,"
"Preco|Valor|Total|Custo|Desconto|Comissao|Saldo|Receber|Pagar","PrimoAutoEletrica\Services\UiSmokeTestService.Estoque.cs","86","$""Saldo operacional inconsistente apos entrada/saida. Estoque={quantidadeEstoque}; Reservado={quantidadeReservada}; Disponivel={quantidadeDisponivel}."");"
"Preco|Valor|Total|Custo|Desconto|Comissao|Saldo|Receber|Pagar","PrimoAutoEletrica\Services\UiSmokeTestService.Estoque.cs","114","precoCompra: 5m,"
"Preco|Valor|Total|Custo|Desconto|Comissao|Saldo|Receber|Pagar","PrimoAutoEletrica\Services\UiSmokeTestService.Estoque.cs","117","totalVendas: 7,"
"Preco|Valor|Total|Custo|Desconto|Comissao|Saldo|Receber|Pagar","PrimoAutoEletrica\Services\UiSmokeTestService.Estoque.cs","124","precoCompra: 100m,"
"Preco|Valor|Total|Custo|Desconto|Comissao|Saldo|Receber|Pagar","PrimoAutoEletrica\Services\UiSmokeTestService.Estoque.cs","127","totalVendas: 20,"
"Preco|Valor|Total|Custo|Desconto|Comissao|Saldo|Receber|Pagar","PrimoAutoEletrica\Services\UiSmokeTestService.Estoque.cs","134","precoCompra: 12m,"
"Preco|Valor|Total|Custo|Desconto|Comissao|Saldo|Receber|Pagar","PrimoAutoEletrica\Services\UiSmokeTestService.Estoque.cs","137","totalVendas: 1,"
"Preco|Valor|Total|Custo|Desconto|Comissao|Saldo|Receber|Pagar","PrimoAutoEletrica\Services\UiSmokeTestService.Estoque.cs","139","produtoSemPreco.PrecoVenda = 0m;"
"Preco|Valor|Total|Custo|Desconto|Comissao|Saldo|Receber|Pagar","PrimoAutoEletrica\Services\UiSmokeTestService.Estoque.cs","140","produtoSemPreco.MargemLucro = 0m;"
"Preco|Valor|Total|Custo|Desconto|Comissao|Saldo|Receber|Pagar","PrimoAutoEletrica\Services\UiSmokeTestService.Estoque.cs","148","precoCompra: 14m,"
"Preco|Valor|Total|Custo|Desconto|Comissao|Saldo|Receber|Pagar","PrimoAutoEletrica\Services\UiSmokeTestService.Estoque.cs","151","totalVendas: 2,"
"Preco|Valor|Total|Custo|Desconto|Comissao|Saldo|Receber|Pagar","PrimoAutoEletrica\Services\UiSmokeTestService.Estoque.cs","159","""MargemBaixa"","
"Preco|Valor|Total|Custo|Desconto|Comissao|Saldo|Receber|Pagar","PrimoAutoEletrica\Services\UiSmokeTestService.Estoque.cs","163","precoCompra: 10m,"
"Preco|Valor|Total|Custo|Desconto|Comissao|Saldo|Receber|Pagar","PrimoAutoEletrica\Services\UiSmokeTestService.Estoque.cs","166","totalVendas: 3,"
"Preco|Valor|Total|Custo|Desconto|Comissao|Saldo|Receber|Pagar","PrimoAutoEletrica\Services\UiSmokeTestService.Estoque.cs","168","produtoMargemBaixa.PrecoVenda = 11m;"
"Preco|Valor|Total|Custo|Desconto|Comissao|Saldo|Receber|Pagar","PrimoAutoEletrica\Services\UiSmokeTestService.Estoque.cs","169","produtoMargemBaixa.MargemLucro = Math.Round(((produtoMargemBaixa.PrecoVenda - produtoMargemBaixa.PrecoCompra) / produtoMargemBaixa.PrecoVenda) * 100m, 2);"
"Preco|Valor|Total|Custo|Desconto|Comissao|Saldo|Receber|Pagar","PrimoAutoEletrica\Services\UiSmokeTestService.Estoque.cs","190","ValidarFiltroEstoque(statusFiltro, dataGrid, ""Sem Preco"", produtoSemPreco.Nome, new[] { produtoAlto.Nome });"
"Preco|Valor|Total|Custo|Desconto|Comissao|Saldo|Receber|Pagar","PrimoAutoEletrica\Services\UiSmokeTestService.Estoque.cs","192","ValidarFiltroEstoque(statusFiltro, dataGrid, ""Margem Baixa"", produtoMargemBaixa.Nome, new[] { produtoAlto.Nome });"
"double","PrimoAutoEletrica\Services\UiSmokeTestService.ExhaustiveUi.cs","1324","public double ExecutionCoveragePct =>"
"Preco|Valor|Total|Custo|Desconto|Comissao|Saldo|Receber|Pagar","PrimoAutoEletrica\Services\UiSmokeTestService.Financeiro.cs","77","""Validacao automatizada de saldo projetado negativo."");"
"Preco|Valor|Total|Custo|Desconto|Comissao|Saldo|Receber|Pagar","PrimoAutoEletrica\Services\UiSmokeTestService.Financeiro.cs","87","referenciaExterna: $""receber-vencido-{token}-{Guid.NewGuid():N}"");"
"Preco|Valor|Total|Custo|Desconto|Comissao|Saldo|Receber|Pagar","PrimoAutoEletrica\Services\UiSmokeTestService.Financeiro.cs","141","PrecoUnitario = fixture.Produto.PrecoVenda,"
"Preco|Valor|Total|Custo|Desconto|Comissao|Saldo|Receber|Pagar","PrimoAutoEletrica\Services\UiSmokeTestService.Financeiro.cs","142","CustoUnitario = fixture.Produto.PrecoCompra"
"Preco|Valor|Total|Custo|Desconto|Comissao|Saldo|Receber|Pagar","PrimoAutoEletrica\Services\UiSmokeTestService.Financeiro.cs","149","PrecoUnitario = 160m,"
"Preco|Valor|Total|Custo|Desconto|Comissao|Saldo|Receber|Pagar","PrimoAutoEletrica\Services\UiSmokeTestService.Financeiro.cs","150","CustoUnitario = 35m"
"Preco|Valor|Total|Custo|Desconto|Comissao|Saldo|Receber|Pagar","PrimoAutoEletrica\Services\UiSmokeTestService.Financeiro.cs","176","if (!viewModel.FormasPagamentoGrafico.Any(item => string.Equals(item.Nome, ""PIX"", StringComparison.OrdinalIgnoreCase) && item.Valor > 0))"
"Preco|Valor|Total|Custo|Desconto|Comissao|Saldo|Receber|Pagar","PrimoAutoEletrica\Services\UiSmokeTestService.Financeiro.cs","195","""Contas a pagar vencidas"","
"Preco|Valor|Total|Custo|Desconto|Comissao|Saldo|Receber|Pagar","PrimoAutoEletrica\Services\UiSmokeTestService.Financeiro.cs","198","""Saldo projetado negativo"","
"Preco|Valor|Total|Custo|Desconto|Comissao|Saldo|Receber|Pagar","PrimoAutoEletrica\Services\UiSmokeTestService.Financeiro.cs","223","FindElementByName<DataGrid>(control, ""LucroOsFinanceiroGrid"") == null ||"
"Preco|Valor|Total|Custo|Desconto|Comissao|Saldo|Receber|Pagar","PrimoAutoEletrica\Services\UiSmokeTestService.Financeiro.cs","236","var pagarVencida = $""Pagar vencida smoke {token}"";"
"Preco|Valor|Total|Custo|Desconto|Comissao|Saldo|Receber|Pagar","PrimoAutoEletrica\Services\UiSmokeTestService.Financeiro.cs","237","var pagarHoje = $""Pagar hoje smoke {token}"";"
"Preco|Valor|Total|Custo|Desconto|Comissao|Saldo|Receber|Pagar","PrimoAutoEletrica\Services\UiSmokeTestService.Financeiro.cs","238","var pagarSemana = $""Pagar semana smoke {token}"";"
"Preco|Valor|Total|Custo|Desconto|Comissao|Saldo|Receber|Pagar","PrimoAutoEletrica\Services\UiSmokeTestService.Financeiro.cs","239","var receberVencida = $""Receber vencida smoke {token}"";"
"Preco|Valor|Total|Custo|Desconto|Comissao|Saldo|Receber|Pagar","PrimoAutoEletrica\Services\UiSmokeTestService.Financeiro.cs","240","var receberHoje = $""Receber hoje smoke {token}"";"
"Preco|Valor|Total|Custo|Desconto|Comissao|Saldo|Receber|Pagar","PrimoAutoEletrica\Services\UiSmokeTestService.Financeiro.cs","241","var receberSemana = $""Receber semana smoke {token}"";"
"Preco|Valor|Total|Custo|Desconto|Comissao|Saldo|Receber|Pagar","PrimoAutoEletrica\Services\UiSmokeTestService.Financeiro.cs","243","financeiro.AdicionarContaPagar(""Fornecedor Smoke Filtros"", pagarVencida, 101m, DateTime.Today.AddDays(-2), ""Smoke"");"
"Preco|Valor|Total|Custo|Desconto|Comissao|Saldo|Receber|Pagar","PrimoAutoEletrica\Services\UiSmokeTestService.Financeiro.cs","244","financeiro.AdicionarContaPagar(""Fornecedor Smoke Filtros"", pagarHoje, 102m, DateTime.Today, ""Smoke"");"
"Preco|Valor|Total|Custo|Desconto|Comissao|Saldo|Receber|Pagar","PrimoAutoEletrica\Services\UiSmokeTestService.Financeiro.cs","245","financeiro.AdicionarContaPagar(""Fornecedor Smoke Filtros"", pagarSemana, 103m, DateTime.Today.AddDays(4), ""Smoke"");"
"Preco|Valor|Total|Custo|Desconto|Comissao|Saldo|Receber|Pagar","PrimoAutoEletrica\Services\UiSmokeTestService.Financeiro.cs","246","financeiro.AdicionarContaReceber(""Cliente Smoke Filtros"", receberVencida, 201m, DateTime.Today.AddDays(-2), ""PIX"", origem: ""SmokeFinanceiro"");"
"Preco|Valor|Total|Custo|Desconto|Comissao|Saldo|Receber|Pagar","PrimoAutoEletrica\Services\UiSmokeTestService.Financeiro.cs","247","financeiro.AdicionarContaReceber(""Cliente Smoke Filtros"", receberHoje, 202m, DateTime.Today, ""PIX"", origem: ""SmokeFinanceiro"");"
"Preco|Valor|Total|Custo|Desconto|Comissao|Saldo|Receber|Pagar","PrimoAutoEletrica\Services\UiSmokeTestService.Financeiro.cs","248","financeiro.AdicionarContaReceber(""Cliente Smoke Filtros"", receberSemana, 203m, DateTime.Today.AddDays(4), ""PIX"", origem: ""SmokeFinanceiro"");"
"Preco|Valor|Total|Custo|Desconto|Comissao|Saldo|Receber|Pagar","PrimoAutoEletrica\Services\UiSmokeTestService.Financeiro.cs","260","() => control.ViewModel.ContasPagar.Any(conta => conta.Descricao == pagarHoje) &&"
"Preco|Valor|Total|Custo|Desconto|Comissao|Saldo|Receber|Pagar","PrimoAutoEletrica\Services\UiSmokeTestService.Financeiro.cs","261","control.ViewModel.ContasReceber.Any(conta => conta.Descricao == receberHoje),"
"Preco|Valor|Total|Custo|Desconto|Comissao|Saldo|Receber|Pagar","PrimoAutoEletrica\Services\UiSmokeTestService.Financeiro.cs","266","ValidarFiltroFinanceiro(control.ViewModel.ContasPagarFiltradas, pagarVencida, new[] { pagarHoje, pagarSemana }, ""pagar vencidas"");"
"Preco|Valor|Total|Custo|Desconto|Comissao|Saldo|Receber|Pagar","PrimoAutoEletrica\Services\UiSmokeTestService.Financeiro.cs","268","ValidarFiltroFinanceiro(control.ViewModel.ContasPagarFiltradas, pagarHoje, new[] { pagarVencida, pagarSemana }, ""pagar hoje"");"
"Preco|Valor|Total|Custo|Desconto|Comissao|Saldo|Receber|Pagar","PrimoAutoEletrica\Services\UiSmokeTestService.Financeiro.cs","270","ValidarFiltroFinanceiro(control.ViewModel.ContasPagarFiltradas, pagarSemana, new[] { pagarVencida }, ""pagar semana"");"
"Preco|Valor|Total|Custo|Desconto|Comissao|Saldo|Receber|Pagar","PrimoAutoEletrica\Services\UiSmokeTestService.Financeiro.cs","273","var contaPagar = control.ViewModel.ContasPagar.Single(conta => conta.Descricao == pagarHoje);"
"Preco|Valor|Total|Custo|Desconto|Comissao|Saldo|Receber|Pagar","PrimoAutoEletrica\Services\UiSmokeTestService.Financeiro.cs","279","var atualizada = control.ViewModel.ContasPagar.SingleOrDefault(conta => conta.Descricao == pagarHoje);"
"Preco|Valor|Total|Custo|Desconto|Comissao|Saldo|Receber|Pagar","PrimoAutoEletrica\Services\UiSmokeTestService.Financeiro.cs","285","""A baixa da conta a pagar selecionada nao foi refletida na tela."");"
"Preco|Valor|Total|Custo|Desconto|Comissao|Saldo|Receber|Pagar","PrimoAutoEletrica\Services\UiSmokeTestService.Financeiro.cs","288","ValidarFiltroFinanceiro(control.ViewModel.ContasReceberFiltradas, receberVencida, new[] { receberHoje, receberSemana }, ""receber vencidas"");"
"Preco|Valor|Total|Custo|Desconto|Comissao|Saldo|Receber|Pagar","PrimoAutoEletrica\Services\UiSmokeTestService.Financeiro.cs","290","ValidarFiltroFinanceiro(control.ViewModel.ContasReceberFiltradas, receberHoje, new[] { receberVencida, receberSemana }, ""receber hoje"");"
"Preco|Valor|Total|Custo|Desconto|Comissao|Saldo|Receber|Pagar","PrimoAutoEletrica\Services\UiSmokeTestService.Financeiro.cs","292","ValidarFiltroFinanceiro(control.ViewModel.ContasReceberFiltradas, receberSemana, new[] { receberVencida }, ""receber semana"");"
"Preco|Valor|Total|Custo|Desconto|Comissao|Saldo|Receber|Pagar","PrimoAutoEletrica\Services\UiSmokeTestService.Financeiro.cs","295","var contaReceber = control.ViewModel.ContasReceber.Single(conta => conta.Descricao == receberHoje);"
"Preco|Valor|Total|Custo|Desconto|Comissao|Saldo|Receber|Pagar","PrimoAutoEletrica\Services\UiSmokeTestService.Financeiro.cs","301","var atualizada = control.ViewModel.ContasReceber.SingleOrDefault(conta => conta.Descricao == receberHoje);"
"Preco|Valor|Total|Custo|Desconto|Comissao|Saldo|Receber|Pagar","PrimoAutoEletrica\Services\UiSmokeTestService.Financeiro.cs","307","""A baixa da conta a receber selecionada nao foi refletida na tela."");"
"Preco|Valor|Total|Custo|Desconto|Comissao|Saldo|Receber|Pagar","PrimoAutoEletrica\Services\UiSmokeTestService.Financeiro.cs","404","""Lucro por OS"","
"Preco|Valor|Total|Custo|Desconto|Comissao|Saldo|Receber|Pagar","PrimoAutoEletrica\Services\UiSmokeTestService.Financeiro.cs","405","""Lucro por produto"","
"Preco|Valor|Total|Custo|Desconto|Comissao|Saldo|Receber|Pagar","PrimoAutoEletrica\Services\UiSmokeTestService.Financeiro.cs","406","""Lucro por servico"","
"Preco|Valor|Total|Custo|Desconto|Comissao|Saldo|Receber|Pagar","PrimoAutoEletrica\Services\UiSmokeTestService.Financeiro.cs","420","if (!viewModel.LucroPorOrdemServico.Any(item => item.LucroBruto > 0))"
"Preco|Valor|Total|Custo|Desconto|Comissao|Saldo|Receber|Pagar","PrimoAutoEletrica\Services\UiSmokeTestService.Financeiro.cs","422","throw new InvalidOperationException(""Lucro por OS nao refletiu a OS sintetica."");"
"Preco|Valor|Total|Custo|Desconto|Comissao|Saldo|Receber|Pagar","PrimoAutoEletrica\Services\UiSmokeTestService.Financeiro.cs","425","if (!viewModel.LucroPorProduto.Any(item => item.LucroBruto > 0))"
"Preco|Valor|Total|Custo|Desconto|Comissao|Saldo|Receber|Pagar","PrimoAutoEletrica\Services\UiSmokeTestService.Financeiro.cs","427","throw new InvalidOperationException(""Lucro por produto nao refletiu venda ou OS sintetica."");"
"Preco|Valor|Total|Custo|Desconto|Comissao|Saldo|Receber|Pagar","PrimoAutoEletrica\Services\UiSmokeTestService.Financeiro.cs","430","if (!viewModel.LucroPorServico.Any(item =>"
"Preco|Valor|Total|Custo|Desconto|Comissao|Saldo|Receber|Pagar","PrimoAutoEletrica\Services\UiSmokeTestService.Financeiro.cs","431","item.LucroBruto > 0 &&"
"Preco|Valor|Total|Custo|Desconto|Comissao|Saldo|Receber|Pagar","PrimoAutoEletrica\Services\UiSmokeTestService.Financeiro.cs","435","throw new InvalidOperationException(""Lucro por servico nao refletiu servicos sinteticos."");"
"Preco|Valor|Total|Custo|Desconto|Comissao|Saldo|Receber|Pagar","PrimoAutoEletrica\Services\UiSmokeTestService.Financeiro.cs","438","if (!viewModel.DespesasPorTipo.Any(item => item.Tipo.Contains(""fix"", StringComparison.OrdinalIgnoreCase) && item.Valor > 0) ||"
"Preco|Valor|Total|Custo|Desconto|Comissao|Saldo|Receber|Pagar","PrimoAutoEletrica\Services\UiSmokeTestService.Financeiro.cs","439","!viewModel.DespesasPorTipo.Any(item => item.Tipo.Contains(""vari"", StringComparison.OrdinalIgnoreCase) && item.Valor > 0))"
"Preco|Valor|Total|Custo|Desconto|Comissao|Saldo|Receber|Pagar","PrimoAutoEletrica\Services\UiSmokeTestService.Financeiro.cs","446","item.Valor > 0))"
"Preco|Valor|Total|Custo|Desconto|Comissao|Saldo|Receber|Pagar","PrimoAutoEletrica\Services\UiSmokeTestService.Financeiro.cs","451","if (!viewModel.CaixaPorOperador.Any(item => item.TotalVendas > 0 || item.Entradas > 0))"
"Preco|Valor|Total|Custo|Desconto|Comissao|Saldo|Receber|Pagar","PrimoAutoEletrica\Services\UiSmokeTestService.Fixtures.cs","48","builder.AppendLine($""TotalChecks: {result.TotalChecks}"");"
"Preco|Valor|Total|Custo|Desconto|Comissao|Saldo|Receber|Pagar","PrimoAutoEletrica\Services\UiSmokeTestService.Fixtures.cs","124","TotalGasto = 1250.50m,"
"Preco|Valor|Total|Custo|Desconto|Comissao|Saldo|Receber|Pagar","PrimoAutoEletrica\Services\UiSmokeTestService.Fixtures.cs","125","TotalServicos = 4,"
"Preco|Valor|Total|Custo|Desconto|Comissao|Saldo|Receber|Pagar","PrimoAutoEletrica\Services\UiSmokeTestService.Fixtures.cs","138","Valor = 280m"
"Preco|Valor|Total|Custo|Desconto|Comissao|Saldo|Receber|Pagar","PrimoAutoEletrica\Services\UiSmokeTestService.Fixtures.cs","172","TotalCompras = 8450.35m"
"Preco|Valor|Total|Custo|Desconto|Comissao|Saldo|Receber|Pagar","PrimoAutoEletrica\Services\UiSmokeTestService.Fixtures.cs","192","PrecoCompra = 12.50m,"
"Preco|Valor|Total|Custo|Desconto|Comissao|Saldo|Receber|Pagar","PrimoAutoEletrica\Services\UiSmokeTestService.Fixtures.cs","193","PrecoVenda = 24.90m,"
"Preco|Valor|Total|Custo|Desconto|Comissao|Saldo|Receber|Pagar","PrimoAutoEletrica\Services\UiSmokeTestService.Fixtures.cs","220","Subtotal = 240m,"
"Preco|Valor|Total|Custo|Desconto|Comissao|Saldo|Receber|Pagar","PrimoAutoEletrica\Services\UiSmokeTestService.Fixtures.cs","221","Desconto = 10m,"
"Preco|Valor|Total|Custo|Desconto|Comissao|Saldo|Receber|Pagar","PrimoAutoEletrica\Services\UiSmokeTestService.Fixtures.cs","222","DescontoTipo = ""Valor"","
"Preco|Valor|Total|Custo|Desconto|Comissao|Saldo|Receber|Pagar","PrimoAutoEletrica\Services\UiSmokeTestService.Fixtures.cs","223","Total = 230m"
"Preco|Valor|Total|Custo|Desconto|Comissao|Saldo|Receber|Pagar","PrimoAutoEletrica\Services\UiSmokeTestService.Fixtures.cs","308","TotalCompras = 500m,"
"Preco|Valor|Total|Custo|Desconto|Comissao|Saldo|Receber|Pagar","PrimoAutoEletrica\Services\UiSmokeTestService.Fixtures.cs","334","TotalGasto = 420m,"
"Preco|Valor|Total|Custo|Desconto|Comissao|Saldo|Receber|Pagar","PrimoAutoEletrica\Services\UiSmokeTestService.Fixtures.cs","335","TotalServicos = 2,"
"Preco|Valor|Total|Custo|Desconto|Comissao|Saldo|Receber|Pagar","PrimoAutoEletrica\Services\UiSmokeTestService.Fixtures.cs","397","PrecoCompra = 10m,"
"Preco|Valor|Total|Custo|Desconto|Comissao|Saldo|Receber|Pagar","PrimoAutoEletrica\Services\UiSmokeTestService.Fixtures.cs","398","PrecoVenda = 25m,"
"Preco|Valor|Total|Custo|Desconto|Comissao|Saldo|Receber|Pagar","PrimoAutoEletrica\Services\UiSmokeTestService.Fixtures.cs","399","MargemLucro = 60m,"
"Preco|Valor|Total|Custo|Desconto|Comissao|Saldo|Receber|Pagar","PrimoAutoEletrica\Services\UiSmokeTestService.Fixtures.cs","400","ValorTotalEstoque = 200m,"
"decimal","PrimoAutoEletrica\Services\UiSmokeTestService.Fixtures.cs","418","decimal precoCompra,"
"Preco|Valor|Total|Custo|Desconto|Comissao|Saldo|Receber|Pagar","PrimoAutoEletrica\Services\UiSmokeTestService.Fixtures.cs","418","decimal precoCompra,"
"Preco|Valor|Total|Custo|Desconto|Comissao|Saldo|Receber|Pagar","PrimoAutoEletrica\Services\UiSmokeTestService.Fixtures.cs","421","int totalVendas,"
"Preco|Valor|Total|Custo|Desconto|Comissao|Saldo|Receber|Pagar","PrimoAutoEletrica\Services\UiSmokeTestService.Fixtures.cs","440","PrecoCompra = precoCompra,"
"Preco|Valor|Total|Custo|Desconto|Comissao|Saldo|Receber|Pagar","PrimoAutoEletrica\Services\UiSmokeTestService.Fixtures.cs","441","PrecoVenda = precoCompra * 2m,"
"Preco|Valor|Total|Custo|Desconto|Comissao|Saldo|Receber|Pagar","PrimoAutoEletrica\Services\UiSmokeTestService.Fixtures.cs","442","MargemLucro = 50m,"
"Preco|Valor|Total|Custo|Desconto|Comissao|Saldo|Receber|Pagar","PrimoAutoEletrica\Services\UiSmokeTestService.Fixtures.cs","443","ValorTotalEstoque = quantidadeEstoque * precoCompra,"
"Preco|Valor|Total|Custo|Desconto|Comissao|Saldo|Receber|Pagar","PrimoAutoEletrica\Services\UiSmokeTestService.Fixtures.cs","454","TotalVendas = totalVendas,"
"Preco|Valor|Total|Custo|Desconto|Comissao|Saldo|Receber|Pagar","PrimoAutoEletrica\Services\UiSmokeTestService.Fixtures.cs","455","TotalFaturado = totalVendas * precoCompra * 2m,"
"Preco|Valor|Total|Custo|Desconto|Comissao|Saldo|Receber|Pagar","PrimoAutoEletrica\Services\UiSmokeTestService.Fixtures.cs","457","VendasUltimoTrimestre = totalVendas,"
"Preco|Valor|Total|Custo|Desconto|Comissao|Saldo|Receber|Pagar","PrimoAutoEletrica\Services\UiSmokeTestService.Fixtures.cs","480","PrecoUnitario = produto.PrecoVenda,"
"Preco|Valor|Total|Custo|Desconto|Comissao|Saldo|Receber|Pagar","PrimoAutoEletrica\Services\UiSmokeTestService.Fixtures.cs","481","PrecoCusto = produto.PrecoCompra,"
"Preco|Valor|Total|Custo|Desconto|Comissao|Saldo|Receber|Pagar","PrimoAutoEletrica\Services\UiSmokeTestService.Fixtures.cs","482","Desconto = 0,"
"Preco|Valor|Total|Custo|Desconto|Comissao|Saldo|Receber|Pagar","PrimoAutoEletrica\Services\UiSmokeTestService.Fixtures.cs","483","Subtotal = produto.PrecoVenda,"
"Preco|Valor|Total|Custo|Desconto|Comissao|Saldo|Receber|Pagar","PrimoAutoEletrica\Services\UiSmokeTestService.Fixtures.cs","484","LucroEstimado = produto.PrecoVenda - produto.PrecoCompra,"
"Preco|Valor|Total|Custo|Desconto|Comissao|Saldo|Receber|Pagar","PrimoAutoEletrica\Services\UiSmokeTestService.Fixtures.cs","485","MargemLucro = produto.MargemLucro,"
"Preco|Valor|Total|Custo|Desconto|Comissao|Saldo|Receber|Pagar","PrimoAutoEletrica\Services\UiSmokeTestService.Fixtures.cs","502","Subtotal = item.Subtotal,"
"Preco|Valor|Total|Custo|Desconto|Comissao|Saldo|Receber|Pagar","PrimoAutoEletrica\Services\UiSmokeTestService.Fixtures.cs","503","Desconto = 0,"
"Preco|Valor|Total|Custo|Desconto|Comissao|Saldo|Receber|Pagar","PrimoAutoEletrica\Services\UiSmokeTestService.Fixtures.cs","504","DescontoTipo = ""Valor"","
"Preco|Valor|Total|Custo|Desconto|Comissao|Saldo|Receber|Pagar","PrimoAutoEletrica\Services\UiSmokeTestService.Fixtures.cs","506","Total = item.Subtotal,"
"Preco|Valor|Total|Custo|Desconto|Comissao|Saldo|Receber|Pagar","PrimoAutoEletrica\Services\UiSmokeTestService.Fixtures.cs","507","MargemLucro = item.MargemLucro,"
"Preco|Valor|Total|Custo|Desconto|Comissao|Saldo|Receber|Pagar","PrimoAutoEletrica\Services\UiSmokeTestService.Fixtures.cs","508","LucroEstimado = item.LucroEstimado,"
"Preco|Valor|Total|Custo|Desconto|Comissao|Saldo|Receber|Pagar","PrimoAutoEletrica\Services\UiSmokeTestService.Fixtures.cs","553","ValorUnitario = produto.PrecoVenda,"
"Preco|Valor|Total|Custo|Desconto|Comissao|Saldo|Receber|Pagar","PrimoAutoEletrica\Services\UiSmokeTestService.Fixtures.cs","554","CustoUnitario = produto.PrecoCompra,"
"Preco|Valor|Total|Custo|Desconto|Comissao|Saldo|Receber|Pagar","PrimoAutoEletrica\Services\UiSmokeTestService.Fixtures.cs","562","ValorUnitario = 80m,"
"Preco|Valor|Total|Custo|Desconto|Comissao|Saldo|Receber|Pagar","PrimoAutoEletrica\Services\UiSmokeTestService.Fixtures.cs","563","CustoUnitario = 0,"
"Preco|Valor|Total|Custo|Desconto|Comissao|Saldo|Receber|Pagar","PrimoAutoEletrica\Services\UiSmokeTestService.Fixtures.cs","604","ClienteTotalGasto = cliente.TotalGasto,"
"Preco|Valor|Total|Custo|Desconto|Comissao|Saldo|Receber|Pagar","PrimoAutoEletrica\Services\UiSmokeTestService.Fixtures.cs","605","ClienteAtendimentos = cliente.TotalServicos,"
"Preco|Valor|Total|Custo|Desconto|Comissao|Saldo|Receber|Pagar","PrimoAutoEletrica\Services\UiSmokeTestService.Fixtures.cs","619","ValorEstimado = produto.PrecoVenda + 90m,"
"Preco|Valor|Total|Custo|Desconto|Comissao|Saldo|Receber|Pagar","PrimoAutoEletrica\Services\UiSmokeTestService.Fixtures.cs","620","ValorReal = produto.PrecoVenda + 90m,"
"Preco|Valor|Total|Custo|Desconto|Comissao|Saldo|Receber|Pagar","PrimoAutoEletrica\Services\UiSmokeTestService.Fixtures.cs","621","ValorProdutos = produto.PrecoVenda,"
"Preco|Valor|Total|Custo|Desconto|Comissao|Saldo|Receber|Pagar","PrimoAutoEletrica\Services\UiSmokeTestService.Fixtures.cs","622","ValorServicos = 90m,"
"Preco|Valor|Total|Custo|Desconto|Comissao|Saldo|Receber|Pagar","PrimoAutoEletrica\Services\UiSmokeTestService.Fixtures.cs","633","PrecoUnitario = produto.PrecoVenda,"
"Preco|Valor|Total|Custo|Desconto|Comissao|Saldo|Receber|Pagar","PrimoAutoEletrica\Services\UiSmokeTestService.Fixtures.cs","634","PrecoTotal = produto.PrecoVenda,"
"Preco|Valor|Total|Custo|Desconto|Comissao|Saldo|Receber|Pagar","PrimoAutoEletrica\Services\UiSmokeTestService.Fixtures.cs","645","Valor = 90m,"
"Preco|Valor|Total|Custo|Desconto|Comissao|Saldo|Receber|Pagar","PrimoAutoEletrica\Services\UiSmokeTestService.Fixtures.cs","701","Desconto = 0,"
"Preco|Valor|Total|Custo|Desconto|Comissao|Saldo|Receber|Pagar","PrimoAutoEletrica\Services\UiSmokeTestService.Fixtures.cs","702","Total = produto.PrecoVenda,"
"Preco|Valor|Total|Custo|Desconto|Comissao|Saldo|Receber|Pagar","PrimoAutoEletrica\Services\UiSmokeTestService.Fixtures.cs","709","PrecoUnitario = produto.PrecoVenda,"
"Preco|Valor|Total|Custo|Desconto|Comissao|Saldo|Receber|Pagar","PrimoAutoEletrica\Services\UiSmokeTestService.Fixtures.cs","710","Desconto = 0"
"Preco|Valor|Total|Custo|Desconto|Comissao|Saldo|Receber|Pagar","PrimoAutoEletrica\Services\UiSmokeTestService.Fornecedores.cs","66","if (vinculo.ValorCompras <= 0 || vinculo.PrecoUltimaCompra <= 0)"
"Preco|Valor|Total|Custo|Desconto|Comissao|Saldo|Receber|Pagar","PrimoAutoEletrica\Services\UiSmokeTestService.Fornecedores.cs","68","throw new InvalidOperationException(""ProdutoFornecedor nao calculou valor/preco de compra da NF-e sintetica."");"
"Preco|Valor|Total|Custo|Desconto|Comissao|Saldo|Receber|Pagar","PrimoAutoEletrica\Services\UiSmokeTestService.Fornecedores.cs","94","insights.ValorContasPagarAberto <= 0 ||"
"Preco|Valor|Total|Custo|Desconto|Comissao|Saldo|Receber|Pagar","PrimoAutoEletrica\Services\UiSmokeTestService.Fornecedores.cs","97","throw new InvalidOperationException(""A ficha operacional nao consolidou contas a pagar vinculadas ao fornecedor."");"
"Preco|Valor|Total|Custo|Desconto|Comissao|Saldo|Receber|Pagar","PrimoAutoEletrica\Services\UiSmokeTestService.Fornecedores.cs","400","var valorUnitario = produto.PrecoCompra > 0 ? produto.PrecoCompra : 10m;"
"Preco|Valor|Total|Custo|Desconto|Comissao|Saldo|Receber|Pagar","PrimoAutoEletrica\Services\UiSmokeTestService.Fornecedores.cs","401","var valorTotal = quantidade * valorUnitario;"
"Preco|Valor|Total|Custo|Desconto|Comissao|Saldo|Receber|Pagar","PrimoAutoEletrica\Services\UiSmokeTestService.Fornecedores.cs","419","ValorTotal,"
"Preco|Valor|Total|Custo|Desconto|Comissao|Saldo|Receber|Pagar","PrimoAutoEletrica\Services\UiSmokeTestService.Fornecedores.cs","420","ValorProdutos,"
"Preco|Valor|Total|Custo|Desconto|Comissao|Saldo|Receber|Pagar","PrimoAutoEletrica\Services\UiSmokeTestService.Fornecedores.cs","438","@ValorTotal,"
"Preco|Valor|Total|Custo|Desconto|Comissao|Saldo|Receber|Pagar","PrimoAutoEletrica\Services\UiSmokeTestService.Fornecedores.cs","439","@ValorProdutos,"
"Preco|Valor|Total|Custo|Desconto|Comissao|Saldo|Receber|Pagar","PrimoAutoEletrica\Services\UiSmokeTestService.Fornecedores.cs","455","command.Parameters.AddWithValue(""@ValorTotal"", valorTotal);"
"Preco|Valor|Total|Custo|Desconto|Comissao|Saldo|Receber|Pagar","PrimoAutoEletrica\Services\UiSmokeTestService.Fornecedores.cs","456","command.Parameters.AddWithValue(""@ValorProdutos"", valorTotal);"
"Preco|Valor|Total|Custo|Desconto|Comissao|Saldo|Receber|Pagar","PrimoAutoEletrica\Services\UiSmokeTestService.Fornecedores.cs","481","ValorUnitario,"
"Preco|Valor|Total|Custo|Desconto|Comissao|Saldo|Receber|Pagar","PrimoAutoEletrica\Services\UiSmokeTestService.Fornecedores.cs","482","ValorTotal,"
"Preco|Valor|Total|Custo|Desconto|Comissao|Saldo|Receber|Pagar","PrimoAutoEletrica\Services\UiSmokeTestService.Fornecedores.cs","497","@ValorUnitario,"
"Preco|Valor|Total|Custo|Desconto|Comissao|Saldo|Receber|Pagar","PrimoAutoEletrica\Services\UiSmokeTestService.Fornecedores.cs","498","@ValorTotal,"
"Preco|Valor|Total|Custo|Desconto|Comissao|Saldo|Receber|Pagar","PrimoAutoEletrica\Services\UiSmokeTestService.Fornecedores.cs","511","command.Parameters.AddWithValue(""@ValorUnitario"", valorUnitario);"
"Preco|Valor|Total|Custo|Desconto|Comissao|Saldo|Receber|Pagar","PrimoAutoEletrica\Services\UiSmokeTestService.Fornecedores.cs","512","command.Parameters.AddWithValue(""@ValorTotal"", valorTotal);"
"REAL_sql","PrimoAutoEletrica\Services\UiSmokeTestService.Funcionarios.cs","305","""Clique real em Bloquear nao atualizou o acesso do funcionario."");"
"REAL_sql","PrimoAutoEletrica\Services\UiSmokeTestService.Funcionarios.cs","328","""Clique real em Reativar nao restaurou o acesso do funcionario."");"
"Preco|Valor|Total|Custo|Desconto|Comissao|Saldo|Receber|Pagar","PrimoAutoEletrica\Services\UiSmokeTestService.Funcionarios.cs","384","ValorMaoObra = @ValorMaoObra"
"Preco|Valor|Total|Custo|Desconto|Comissao|Saldo|Receber|Pagar","PrimoAutoEletrica\Services\UiSmokeTestService.Funcionarios.cs","389","command.Parameters.AddWithValue(""@ValorMaoObra"", 180m);"
"Preco|Valor|Total|Custo|Desconto|Comissao|Saldo|Receber|Pagar","PrimoAutoEletrica\Services\UiSmokeTestService.Funcionarios.cs","407","ValorAbertura,"
"Preco|Valor|Total|Custo|Desconto|Comissao|Saldo|Receber|Pagar","PrimoAutoEletrica\Services\UiSmokeTestService.Funcionarios.cs","408","ValorEsperado,"
"Preco|Valor|Total|Custo|Desconto|Comissao|Saldo|Receber|Pagar","PrimoAutoEletrica\Services\UiSmokeTestService.Funcionarios.cs","409","ValorInformadoFechamento,"
"Preco|Valor|Total|Custo|Desconto|Comissao|Saldo|Receber|Pagar","PrimoAutoEletrica\Services\UiSmokeTestService.Funcionarios.cs","410","TotalVendas,"
"Preco|Valor|Total|Custo|Desconto|Comissao|Saldo|Receber|Pagar","PrimoAutoEletrica\Services\UiSmokeTestService.Funcionarios.cs","411","TotalSangrias,"
"Preco|Valor|Total|Custo|Desconto|Comissao|Saldo|Receber|Pagar","PrimoAutoEletrica\Services\UiSmokeTestService.Funcionarios.cs","412","TotalSuprimentos,"
"Preco|Valor|Total|Custo|Desconto|Comissao|Saldo|Receber|Pagar","PrimoAutoEletrica\Services\UiSmokeTestService.Funcionarios.cs","428","@ValorAbertura,"
"Preco|Valor|Total|Custo|Desconto|Comissao|Saldo|Receber|Pagar","PrimoAutoEletrica\Services\UiSmokeTestService.Funcionarios.cs","429","@ValorEsperado,"
"Preco|Valor|Total|Custo|Desconto|Comissao|Saldo|Receber|Pagar","PrimoAutoEletrica\Services\UiSmokeTestService.Funcionarios.cs","430","@ValorInformadoFechamento,"
"Preco|Valor|Total|Custo|Desconto|Comissao|Saldo|Receber|Pagar","PrimoAutoEletrica\Services\UiSmokeTestService.Funcionarios.cs","431","@TotalVendas,"
"Preco|Valor|Total|Custo|Desconto|Comissao|Saldo|Receber|Pagar","PrimoAutoEletrica\Services\UiSmokeTestService.Funcionarios.cs","447","command.Parameters.AddWithValue(""@ValorAbertura"", 100m);"
"Preco|Valor|Total|Custo|Desconto|Comissao|Saldo|Receber|Pagar","PrimoAutoEletrica\Services\UiSmokeTestService.Funcionarios.cs","448","command.Parameters.AddWithValue(""@ValorEsperado"", 340m);"
"Preco|Valor|Total|Custo|Desconto|Comissao|Saldo|Receber|Pagar","PrimoAutoEletrica\Services\UiSmokeTestService.Funcionarios.cs","449","command.Parameters.AddWithValue(""@ValorInformadoFechamento"", 340m);"
"Preco|Valor|Total|Custo|Desconto|Comissao|Saldo|Receber|Pagar","PrimoAutoEletrica\Services\UiSmokeTestService.Funcionarios.cs","450","command.Parameters.AddWithValue(""@TotalVendas"", 240m);"
"Preco|Valor|Total|Custo|Desconto|Comissao|Saldo|Receber|Pagar","PrimoAutoEletrica\Services\UiSmokeTestService.Funcionarios.cs","467","Total,"
"Preco|Valor|Total|Custo|Desconto|Comissao|Saldo|Receber|Pagar","PrimoAutoEletrica\Services\UiSmokeTestService.Funcionarios.cs","469","Desconto,"
"Preco|Valor|Total|Custo|Desconto|Comissao|Saldo|Receber|Pagar","PrimoAutoEletrica\Services\UiSmokeTestService.Funcionarios.cs","514","ValorMovimento,"
"Preco|Valor|Total|Custo|Desconto|Comissao|Saldo|Receber|Pagar","PrimoAutoEletrica\Services\UiSmokeTestService.Funcionarios.cs","515","ValorInicial,"
"Preco|Valor|Total|Custo|Desconto|Comissao|Saldo|Receber|Pagar","PrimoAutoEletrica\Services\UiSmokeTestService.Funcionarios.cs","516","ValorFinal,"
"Preco|Valor|Total|Custo|Desconto|Comissao|Saldo|Receber|Pagar","PrimoAutoEletrica\Services\UiSmokeTestService.Funcionarios.cs","555","if (painel.TotalAcoesAuditadas <= 0)"
"Preco|Valor|Total|Custo|Desconto|Comissao|Saldo|Receber|Pagar","PrimoAutoEletrica\Services\UiSmokeTestService.Funcionarios.cs","560","if (painel.TotalLogins <= 0 || !painel.UltimoLogin.HasValue)"
"Preco|Valor|Total|Custo|Desconto|Comissao|Saldo|Receber|Pagar","PrimoAutoEletrica\Services\UiSmokeTestService.Funcionarios.cs","565","if (painel.OrdensExecutadas <= 0 || painel.OrdensFinalizadas <= 0 || painel.ValorOrdensExecutadas <= 0)"
"Preco|Valor|Total|Custo|Desconto|Comissao|Saldo|Receber|Pagar","PrimoAutoEletrica\Services\UiSmokeTestService.Funcionarios.cs","570","if (painel.VendasRealizadas <= 0 || painel.ValorVendasRealizadas <= 0)"
"Preco|Valor|Total|Custo|Desconto|Comissao|Saldo|Receber|Pagar","PrimoAutoEletrica\Services\UiSmokeTestService.Funcionarios.cs","575","if (painel.CaixasOperados <= 0 || painel.MovimentacoesCaixa <= 0 || painel.ValorCaixaOperado <= 0)"
"Preco|Valor|Total|Custo|Desconto|Comissao|Saldo|Receber|Pagar","PrimoAutoEletrica\Services\UiSmokeTestService.Funcionarios.cs","580","if (painel.TotalPermissoes <= 0 || painel.ModulosLiberados.Count == 0)"
"Preco|Valor|Total|Custo|Desconto|Comissao|Saldo|Receber|Pagar","PrimoAutoEletrica\Services\UiSmokeTestService.Funcionarios.cs","591","if (painel.TotalPermissoesSensiveis <= 0)"
"Preco|Valor|Total|Custo|Desconto|Comissao|Saldo|Receber|Pagar","PrimoAutoEletrica\Services\UiSmokeTestService.Helpers.cs","938","if (lowered.Contains(""valor"") || lowered.Contains(""preco"") || lowered.Contains(""desconto"") || lowered.Contains(""salario"") || lowered.Contains(""total""))"
"Preco|Valor|Total|Custo|Desconto|Comissao|Saldo|Receber|Pagar","PrimoAutoEletrica\Services\UiSmokeTestService.NFe.cs","46","ValorTotal = 20m,"
"Preco|Valor|Total|Custo|Desconto|Comissao|Saldo|Receber|Pagar","PrimoAutoEletrica\Services\UiSmokeTestService.NFe.cs","47","ValorProdutos = 20m,"
"Preco|Valor|Total|Custo|Desconto|Comissao|Saldo|Receber|Pagar","PrimoAutoEletrica\Services\UiSmokeTestService.NFe.cs","64","ValorUnitario = 10m,"
"Preco|Valor|Total|Custo|Desconto|Comissao|Saldo|Receber|Pagar","PrimoAutoEletrica\Services\UiSmokeTestService.NFe.cs","65","ValorTotal = 20m,"
"Preco|Valor|Total|Custo|Desconto|Comissao|Saldo|Receber|Pagar","PrimoAutoEletrica\Services\UiSmokeTestService.NFe.cs","71","MargemAplicada = 100m,"
"Preco|Valor|Total|Custo|Desconto|Comissao|Saldo|Receber|Pagar","PrimoAutoEletrica\Services\UiSmokeTestService.NFe.cs","72","PrecoVendaSugerido = 20m"
"decimal","PrimoAutoEletrica\Services\UiSmokeTestService.NFe.cs","99","(decimal)contasPagarNFe[0].Valor != importada.ValorTotal ||"
"Preco|Valor|Total|Custo|Desconto|Comissao|Saldo|Receber|Pagar","PrimoAutoEletrica\Services\UiSmokeTestService.NFe.cs","99","(decimal)contasPagarNFe[0].Valor != importada.ValorTotal ||"
"Preco|Valor|Total|Custo|Desconto|Comissao|Saldo|Receber|Pagar","PrimoAutoEletrica\Services\UiSmokeTestService.NFe.cs","102","throw new InvalidOperationException(""Importacao NF-e nao gerou conta a pagar integrada ao financeiro."");"
"Preco|Valor|Total|Custo|Desconto|Comissao|Saldo|Receber|Pagar","PrimoAutoEletrica\Services\UiSmokeTestService.NFe.cs","112","throw new InvalidOperationException(""Upsert da conta a pagar da NF-e duplicou o compromisso financeiro."");"
"Preco|Valor|Total|Custo|Desconto|Comissao|Saldo|Receber|Pagar","PrimoAutoEletrica\Services\UiSmokeTestService.NFe.cs","116","var totalRollbacksAntes = importacaoRepository.ObterTotalRollbacksAuditados();"
"Preco|Valor|Total|Custo|Desconto|Comissao|Saldo|Receber|Pagar","PrimoAutoEletrica\Services\UiSmokeTestService.NFe.cs","132","if (importacaoRepository.ObterTotalRollbacksAuditados() <= totalRollbacksAntes)"
"Preco|Valor|Total|Custo|Desconto|Comissao|Saldo|Receber|Pagar","PrimoAutoEletrica\Services\UiSmokeTestService.NFe.cs","153","PrecoCompra = 10m,"
"Preco|Valor|Total|Custo|Desconto|Comissao|Saldo|Receber|Pagar","PrimoAutoEletrica\Services\UiSmokeTestService.NFe.cs","154","PrecoVenda = 20m,"
"Preco|Valor|Total|Custo|Desconto|Comissao|Saldo|Receber|Pagar","PrimoAutoEletrica\Services\UiSmokeTestService.NFe.cs","155","MargemLucro = 50m,"
"Preco|Valor|Total|Custo|Desconto|Comissao|Saldo|Receber|Pagar","PrimoAutoEletrica\Services\UiSmokeTestService.NFe.cs","156","ValorTotalEstoque = 50m,"
"Preco|Valor|Total|Custo|Desconto|Comissao|Saldo|Receber|Pagar","PrimoAutoEletrica\Services\UiSmokeTestService.NFe.cs","184","ValorTotal = 36m,"
"Preco|Valor|Total|Custo|Desconto|Comissao|Saldo|Receber|Pagar","PrimoAutoEletrica\Services\UiSmokeTestService.NFe.cs","185","ValorProdutos = 36m,"
"Preco|Valor|Total|Custo|Desconto|Comissao|Saldo|Receber|Pagar","PrimoAutoEletrica\Services\UiSmokeTestService.NFe.cs","202","ValorUnitario = 12m,"
"Preco|Valor|Total|Custo|Desconto|Comissao|Saldo|Receber|Pagar","PrimoAutoEletrica\Services\UiSmokeTestService.NFe.cs","203","ValorTotal = 36m,"
"Preco|Valor|Total|Custo|Desconto|Comissao|Saldo|Receber|Pagar","PrimoAutoEletrica\Services\UiSmokeTestService.NFe.cs","210","MargemAplicada = 150m,"
"Preco|Valor|Total|Custo|Desconto|Comissao|Saldo|Receber|Pagar","PrimoAutoEletrica\Services\UiSmokeTestService.NFe.cs","211","PrecoVendaSugerido = 30m"
"Preco|Valor|Total|Custo|Desconto|Comissao|Saldo|Receber|Pagar","PrimoAutoEletrica\Services\UiSmokeTestService.NFe.cs","235","produtoAtualizado.PrecoCompra != 12m ||"
"Preco|Valor|Total|Custo|Desconto|Comissao|Saldo|Receber|Pagar","PrimoAutoEletrica\Services\UiSmokeTestService.NFe.cs","236","produtoAtualizado.PrecoVenda != 30m ||"
"Preco|Valor|Total|Custo|Desconto|Comissao|Saldo|Receber|Pagar","PrimoAutoEletrica\Services\UiSmokeTestService.NFe.cs","242","var totalRollbacksAntes = importacaoRepository.ObterTotalRollbacksAuditados();"
"Preco|Valor|Total|Custo|Desconto|Comissao|Saldo|Receber|Pagar","PrimoAutoEletrica\Services\UiSmokeTestService.NFe.cs","260","produtoRestaurado.PrecoCompra != produtoExistente.PrecoCompra ||"
"Preco|Valor|Total|Custo|Desconto|Comissao|Saldo|Receber|Pagar","PrimoAutoEletrica\Services\UiSmokeTestService.NFe.cs","261","produtoRestaurado.PrecoVenda != produtoExistente.PrecoVenda ||"
"Preco|Valor|Total|Custo|Desconto|Comissao|Saldo|Receber|Pagar","PrimoAutoEletrica\Services\UiSmokeTestService.NFe.cs","270","if (importacaoRepository.ObterTotalRollbacksAuditados() <= totalRollbacksAntes)"
"REAL_sql","PrimoAutoEletrica\Services\UiSmokeTestService.NFe.cs","319","throw new InvalidOperationException($""XML real temporario nao foi preparado corretamente: {notaSimulada.Status} - {notaSimulada.Erro}"");"
"REAL_sql","PrimoAutoEletrica\Services\UiSmokeTestService.NFe.cs","324","throw new InvalidOperationException(""XML real temporario deveria preparar apenas produtos novos para permitir rollback completo."");"
"Preco|Valor|Total|Custo|Desconto|Comissao|Saldo|Receber|Pagar","PrimoAutoEletrica\Services\UiSmokeTestService.NFe.cs","356","var totalImportacoesText = FindElementByName<TextBlock>(control, ""TotalImportacoesText"")"
"Preco|Valor|Total|Custo|Desconto|Comissao|Saldo|Receber|Pagar","PrimoAutoEletrica\Services\UiSmokeTestService.NFe.cs","357","?? throw new InvalidOperationException(""Card Total de importacoes nao foi localizado."");"
"Preco|Valor|Total|Custo|Desconto|Comissao|Saldo|Receber|Pagar","PrimoAutoEletrica\Services\UiSmokeTestService.NFe.cs","380","var totalAntes = ParseIntText(totalImportacoesText.Text, ""Total de importacoes"");"
"Preco|Valor|Total|Custo|Desconto|Comissao|Saldo|Receber|Pagar","PrimoAutoEletrica\Services\UiSmokeTestService.NFe.cs","381","if (totalAntes != historicoDataGrid.Items.Count || totalAntes < 2)"
"Preco|Valor|Total|Custo|Desconto|Comissao|Saldo|Receber|Pagar","PrimoAutoEletrica\Services\UiSmokeTestService.NFe.cs","383","throw new InvalidOperationException($""Card Total de importacoes divergiu da grade. Card={totalAntes}; Grade={historicoDataGrid.Items.Count}."");"
"REAL_sql","PrimoAutoEletrica\Services\UiSmokeTestService.NFe.cs","411","""O clique real em Desfazer produtos nao removeu os produtos seguros da importacao selecionada."");"
"REAL_sql","PrimoAutoEletrica\Services\UiSmokeTestService.NFe.cs","425","throw new InvalidOperationException(""O clique real em Desfazer produtos nao registrou auditoria de rollback."");"
"REAL_sql","PrimoAutoEletrica\Services\UiSmokeTestService.NFe.cs","434","""O clique real em Excluir XML selecionado nao removeu a nota do historico."");"
"Preco|Valor|Total|Custo|Desconto|Comissao|Saldo|Receber|Pagar","PrimoAutoEletrica\Services\UiSmokeTestService.NFe.cs","451","var totalDepoisExclusao = ParseIntText(totalImportacoesText.Text, ""Total de importacoes apos exclusao"");"
"Preco|Valor|Total|Custo|Desconto|Comissao|Saldo|Receber|Pagar","PrimoAutoEletrica\Services\UiSmokeTestService.NFe.cs","452","if (totalDepoisExclusao != totalAntes - 1 || totalDepoisExclusao != historicoDataGrid.Items.Count)"
"Preco|Valor|Total|Custo|Desconto|Comissao|Saldo|Receber|Pagar","PrimoAutoEletrica\Services\UiSmokeTestService.NFe.cs","454","throw new InvalidOperationException(""Card Total de importacoes nao foi atualizado corretamente apos excluir o XML selecionado."");"
"REAL_sql","PrimoAutoEletrica\Services\UiSmokeTestService.NFe.cs","459","throw new InvalidOperationException(""O clique real em Excluir XML selecionado nao registrou auditoria."");"
"Preco|Valor|Total|Custo|Desconto|Comissao|Saldo|Receber|Pagar","PrimoAutoEletrica\Services\UiSmokeTestService.NFe.cs","480","var totalDepoisRelancamento = ParseIntText(totalImportacoesText.Text, ""Total de importacoes apos relancamento"");"
"Preco|Valor|Total|Custo|Desconto|Comissao|Saldo|Receber|Pagar","PrimoAutoEletrica\Services\UiSmokeTestService.NFe.cs","481","if (totalDepoisRelancamento != totalAntes || totalDepoisRelancamento != historicoDataGrid.Items.Count)"
"Preco|Valor|Total|Custo|Desconto|Comissao|Saldo|Receber|Pagar","PrimoAutoEletrica\Services\UiSmokeTestService.NFe.cs","483","throw new InvalidOperationException(""Historico/card nao voltaram ao total esperado apos relancar o mesmo XML."");"
"Preco|Valor|Total|Custo|Desconto|Comissao|Saldo|Receber|Pagar","PrimoAutoEletrica\Services\UiSmokeTestService.NFe.cs","529","var valor = item.GetType()"
"Preco|Valor|Total|Custo|Desconto|Comissao|Saldo|Receber|Pagar","PrimoAutoEletrica\Services\UiSmokeTestService.NFe.cs","533","return valor is Guid id ? id : Guid.Empty;"
"Preco|Valor|Total|Custo|Desconto|Comissao|Saldo|Receber|Pagar","PrimoAutoEletrica\Services\UiSmokeTestService.NFe.cs","558","var valor = item.GetType()"
"Preco|Valor|Total|Custo|Desconto|Comissao|Saldo|Receber|Pagar","PrimoAutoEletrica\Services\UiSmokeTestService.NFe.cs","562","return valor == null"
"Preco|Valor|Total|Custo|Desconto|Comissao|Saldo|Receber|Pagar","PrimoAutoEletrica\Services\UiSmokeTestService.NFe.cs","564",": Convert.ToInt32(valor, System.Globalization.CultureInfo.InvariantCulture);"
"REAL_sql","PrimoAutoEletrica\Services\UiSmokeTestService.NFe.cs","623","throw new InvalidOperationException($""A {etapa} do XML real nao concluiu: {importacao.Status} - {importacao.Erro}"");"
"REAL_sql","PrimoAutoEletrica\Services\UiSmokeTestService.NFe.cs","628","throw new InvalidOperationException($""A {etapa} do XML real retornou chave divergente."");"
"REAL_sql","PrimoAutoEletrica\Services\UiSmokeTestService.NFe.cs","634","throw new InvalidOperationException($""A {etapa} do XML real nao criou todos os produtos esperados."");"
"REAL_sql","PrimoAutoEletrica\Services\UiSmokeTestService.NFe.cs","670","""Limpeza defensiva do smoke XML real NF-e."");"
"REAL_sql","PrimoAutoEletrica\Services\UiSmokeTestService.NFe.cs","682","""Limpeza defensiva do smoke XML real NF-e."");"
"REAL_sql","PrimoAutoEletrica\Services\UiSmokeTestService.NFe.cs","701","?? throw new InvalidOperationException(""XML real de NF-e nao possui tag infNFe."");"
"REAL_sql","PrimoAutoEletrica\Services\UiSmokeTestService.NFe.cs","714","produto.Element(ns + ""xProd"")?.SetValue($""Item Smoke NF-e Real {token[^8..]} {item:D2}"");"
"Preco|Valor|Total|Custo|Desconto|Comissao|Saldo|Receber|Pagar","PrimoAutoEletrica\Services\UiSmokeTestService.OficinaKanban.cs","39","card.ValorEstimado <= 0)"
"Preco|Valor|Total|Custo|Desconto|Comissao|Saldo|Receber|Pagar","PrimoAutoEletrica\Services\UiSmokeTestService.OficinaKanban.cs","89","!mensagem.Contains(""Valor total:"", StringComparison.OrdinalIgnoreCase) ||"
"Preco|Valor|Total|Custo|Desconto|Comissao|Saldo|Receber|Pagar","PrimoAutoEletrica\Services\UiSmokeTestService.Orcamentos.cs","143","ordemPersistida.Desconto != convertidoEmOs.Desconto ||"
"Preco|Valor|Total|Custo|Desconto|Comissao|Saldo|Receber|Pagar","PrimoAutoEletrica\Services\UiSmokeTestService.Orcamentos.cs","149","throw new InvalidOperationException(""OS gerada pelo orcamento nao manteve cliente, veiculo, diagnostico, valores, origem ou itens esperados."");"
"decimal","PrimoAutoEletrica\Services\UiSmokeTestService.Orcamentos.cs","179","(decimal)conta.Valor > 0);"
"Preco|Valor|Total|Custo|Desconto|Comissao|Saldo|Receber|Pagar","PrimoAutoEletrica\Services\UiSmokeTestService.Orcamentos.cs","179","(decimal)conta.Valor > 0);"
"Preco|Valor|Total|Custo|Desconto|Comissao|Saldo|Receber|Pagar","PrimoAutoEletrica\Services\UiSmokeTestService.Orcamentos.cs","182","throw new InvalidOperationException(""Conversao do orcamento em venda nao integrou conta a receber ao financeiro."");"
"Preco|Valor|Total|Custo|Desconto|Comissao|Saldo|Receber|Pagar","PrimoAutoEletrica\Services\UiSmokeTestService.OrdensServico.cs","94","servico.ValorUnitario = 180m;"
"Preco|Valor|Total|Custo|Desconto|Comissao|Saldo|Receber|Pagar","PrimoAutoEletrica\Services\UiSmokeTestService.OrdensServico.cs","95","servico.CustoUnitario = 40m;"
"Preco|Valor|Total|Custo|Desconto|Comissao|Saldo|Receber|Pagar","PrimoAutoEletrica\Services\UiSmokeTestService.OrdensServico.cs","105","SetTextBoxValue(window, ""DescontoTextBox"", ""5,00"");"
"decimal","PrimoAutoEletrica\Services\UiSmokeTestService.OrdensServico.cs","329","(decimal)conta.Valor > 0);"
"Preco|Valor|Total|Custo|Desconto|Comissao|Saldo|Receber|Pagar","PrimoAutoEletrica\Services\UiSmokeTestService.OrdensServico.cs","329","(decimal)conta.Valor > 0);"
"Preco|Valor|Total|Custo|Desconto|Comissao|Saldo|Receber|Pagar","PrimoAutoEletrica\Services\UiSmokeTestService.OrdensServico.cs","333","throw new InvalidOperationException(""OS entregue nao gerou conta a receber integrada ao financeiro."");"
"Preco|Valor|Total|Custo|Desconto|Comissao|Saldo|Receber|Pagar","PrimoAutoEletrica\Services\UiSmokeTestService.OvernightQa.cs","91","$""elapsed={sw.Elapsed.TotalSeconds:F1}s peakWS={peakWs / (1024 * 1024)}MB"","
"Preco|Valor|Total|Custo|Desconto|Comissao|Saldo|Receber|Pagar","PrimoAutoEletrica\Services\UiSmokeTestService.PDV.cs","147","() => control.ViewModel.SaldoCaixaAtual > 0,"
"Preco|Valor|Total|Custo|Desconto|Comissao|Saldo|Receber|Pagar","PrimoAutoEletrica\Services\UiSmokeTestService.PDV.cs","149","""O suprimento de caixa nao refletiu no saldo operacional."");"
"Preco|Valor|Total|Custo|Desconto|Comissao|Saldo|Receber|Pagar","PrimoAutoEletrica\Services\UiSmokeTestService.PDV.cs","160","SetTextBoxValue(control, ""DescontoTextBox"", ""1,00"");"
"Preco|Valor|Total|Custo|Desconto|Comissao|Saldo|Receber|Pagar","PrimoAutoEletrica\Services\UiSmokeTestService.PDV.cs","163","() => control.ViewModel.Total > 0 && control.ViewModel.Carrinho.Count > 0,"
"Preco|Valor|Total|Custo|Desconto|Comissao|Saldo|Receber|Pagar","PrimoAutoEletrica\Services\UiSmokeTestService.PDV.cs","203","$""Subtotal={control.ViewModel.Subtotal:F2}; Total={control.ViewModel.Total:F2}; "" +"
"Preco|Valor|Total|Custo|Desconto|Comissao|Saldo|Receber|Pagar","PrimoAutoEletrica\Services\UiSmokeTestService.PDV.cs","204","$""CaixaAberto={control.ViewModel.CaixaAberto}; SaldoCaixa={control.ViewModel.SaldoCaixaAtual:F2}; "" +"
"decimal","PrimoAutoEletrica\Services\UiSmokeTestService.PDV.cs","231","(decimal)movimentacao.Valor > 0))"
"Preco|Valor|Total|Custo|Desconto|Comissao|Saldo|Receber|Pagar","PrimoAutoEletrica\Services\UiSmokeTestService.PDV.cs","231","(decimal)movimentacao.Valor > 0))"
"Preco|Valor|Total|Custo|Desconto|Comissao|Saldo|Receber|Pagar","PrimoAutoEletrica\Services\UiSmokeTestService.PDV.cs","253","throw new InvalidOperationException(""Cancelamento do PDV nao estornou o estoque ao saldo anterior."");"
"decimal","PrimoAutoEletrica\Services\UiSmokeTestService.PDV.cs","260","(decimal)movimentacao.Valor > 0))"
"Preco|Valor|Total|Custo|Desconto|Comissao|Saldo|Receber|Pagar","PrimoAutoEletrica\Services\UiSmokeTestService.PDV.cs","260","(decimal)movimentacao.Valor > 0))"
"Preco|Valor|Total|Custo|Desconto|Comissao|Saldo|Receber|Pagar","PrimoAutoEletrica\Services\UiSmokeTestService.PDV.cs","293","sessaoAberta.ValorEsperado,"
"double","PrimoAutoEletrica\Services\UiSmokeTestService.PrimoxQa.CompleteUi.cs","454","if (!double.IsNaN(maxW) && maxW > 280)"
"Preco|Valor|Total|Custo|Desconto|Comissao|Saldo|Receber|Pagar","PrimoAutoEletrica\Services\UiSmokeTestService.PrimoxQa.CompleteUi.cs","594","""emitir nfe"", ""transmitir"", ""pagar"", ""estornar"""
"Preco|Valor|Total|Custo|Desconto|Comissao|Saldo|Receber|Pagar","PrimoAutoEletrica\Services\UiSmokeTestService.PrimoxQa.Coverage.cs","82","servico.ValorUnitario = 150m;"
"Preco|Valor|Total|Custo|Desconto|Comissao|Saldo|Receber|Pagar","PrimoAutoEletrica\Services\UiSmokeTestService.PrimoxQa.Coverage.cs","83","servico.CustoUnitario = 40m;"
"Preco|Valor|Total|Custo|Desconto|Comissao|Saldo|Receber|Pagar","PrimoAutoEletrica\Services\UiSmokeTestService.PrimoxQa.Coverage.cs","90","SetTextBoxValue(window, ""DescontoTextBox"", ""0"");"
"Preco|Valor|Total|Custo|Desconto|Comissao|Saldo|Receber|Pagar","PrimoAutoEletrica\Services\UiSmokeTestService.PrimoxQa.Coverage.cs","187","orcamento.Desconto = 5m;"
"Preco|Valor|Total|Custo|Desconto|Comissao|Saldo|Receber|Pagar","PrimoAutoEletrica\Services\UiSmokeTestService.PrimoxQa.Coverage.cs","188","orcamento.Total = Math.Max(0, orcamento.Subtotal - orcamento.Desconto);"
"Preco|Valor|Total|Custo|Desconto|Comissao|Saldo|Receber|Pagar","PrimoAutoEletrica\Services\UiSmokeTestService.PrimoxQa.Coverage.cs","340","precoCompra: 15m,"
"Preco|Valor|Total|Custo|Desconto|Comissao|Saldo|Receber|Pagar","PrimoAutoEletrica\Services\UiSmokeTestService.PrimoxQa.Coverage.cs","343","totalVendas: 1,"
"Preco|Valor|Total|Custo|Desconto|Comissao|Saldo|Receber|Pagar","PrimoAutoEletrica\Services\UiSmokeTestService.PrimoxQa.Coverage.cs","396","var descricao = $""QA Receber baixa {token}"";"
"Preco|Valor|Total|Custo|Desconto|Comissao|Saldo|Receber|Pagar","PrimoAutoEletrica\Services\UiSmokeTestService.PrimoxQa.Coverage.cs","418","""Conta receber QA nao carregou."");"
"Preco|Valor|Total|Custo|Desconto|Comissao|Saldo|Receber|Pagar","PrimoAutoEletrica\Services\UiSmokeTestService.PrimoxQa.Coverage.cs","440","""Baixa de conta receber nao refletiu na UI."");"
"Preco|Valor|Total|Custo|Desconto|Comissao|Saldo|Receber|Pagar","PrimoAutoEletrica\Services\UiSmokeTestService.PrimoxQa.Coverage.cs","648","ValorTotal = 40m,"
"Preco|Valor|Total|Custo|Desconto|Comissao|Saldo|Receber|Pagar","PrimoAutoEletrica\Services\UiSmokeTestService.PrimoxQa.Coverage.cs","649","ValorProdutos = 40m,"
"Preco|Valor|Total|Custo|Desconto|Comissao|Saldo|Receber|Pagar","PrimoAutoEletrica\Services\UiSmokeTestService.PrimoxQa.Coverage.cs","666","ValorUnitario = 20m,"
"Preco|Valor|Total|Custo|Desconto|Comissao|Saldo|Receber|Pagar","PrimoAutoEletrica\Services\UiSmokeTestService.PrimoxQa.Coverage.cs","667","ValorTotal = 40m,"
"Preco|Valor|Total|Custo|Desconto|Comissao|Saldo|Receber|Pagar","PrimoAutoEletrica\Services\UiSmokeTestService.PrimoxQa.Coverage.cs","673","MargemAplicada = 100m,"
"Preco|Valor|Total|Custo|Desconto|Comissao|Saldo|Receber|Pagar","PrimoAutoEletrica\Services\UiSmokeTestService.PrimoxQa.Coverage.cs","674","PrecoVendaSugerido = 40m"
"Preco|Valor|Total|Custo|Desconto|Comissao|Saldo|Receber|Pagar","PrimoAutoEletrica\Services\UiSmokeTestService.PrimoxQa.cs","59","var totalBotoes = 0;"
"Preco|Valor|Total|Custo|Desconto|Comissao|Saldo|Receber|Pagar","PrimoAutoEletrica\Services\UiSmokeTestService.PrimoxQa.cs","77","totalBotoes += botoes.Count;"
"Preco|Valor|Total|Custo|Desconto|Comissao|Saldo|Receber|Pagar","PrimoAutoEletrica\Services\UiSmokeTestService.PrimoxQa.cs","97","_qaEngineReport!.BotoesDescobertos = totalBotoes;"
"Preco|Valor|Total|Custo|Desconto|Comissao|Saldo|Receber|Pagar","PrimoAutoEletrica\Services\UiSmokeTestService.PrimoxQa.cs","98","if (totalBotoes < 50)"
"Preco|Valor|Total|Custo|Desconto|Comissao|Saldo|Receber|Pagar","PrimoAutoEletrica\Services\UiSmokeTestService.PrimoxQa.cs","100","throw new InvalidOperationException($""QaEngine: poucos botoes runtime ({totalBotoes})."");"
"Preco|Valor|Total|Custo|Desconto|Comissao|Saldo|Receber|Pagar","PrimoAutoEletrica\Services\UiSmokeTestService.PrimoxQa.cs","103","App.Logger.LogInfo($""QaEngine botoes runtime: {totalBotoes}."", ""Smoke"");"
"decimal","PrimoAutoEletrica\Services\UiSmokeTestService.PrimoxQa.cs","152","if (!decimal.TryParse(salarioBox.Text, NumberStyles.Number, CultureInfo.CurrentCulture, out var salarioUi) &&"
"decimal","PrimoAutoEletrica\Services\UiSmokeTestService.PrimoxQa.cs","153","!decimal.TryParse(salarioBox.Text, NumberStyles.Number, CultureInfo.InvariantCulture, out salarioUi))"
"Preco|Valor|Total|Custo|Desconto|Comissao|Saldo|Receber|Pagar","PrimoAutoEletrica\Services\UiSmokeTestService.PrimoxQa.cs","387","throw new InvalidOperationException($""Falha ao limpar NomeTextBox (valor='{nomeBox.Text}')."");"
"REAL_sql","PrimoAutoEletrica\Services\UiSmokeTestService.PrimoxQa.cs","731","throw new InvalidOperationException(""Exclusao real ocorreu fora do ambiente esperado."");"
"Preco|Valor|Total|Custo|Desconto|Comissao|Saldo|Receber|Pagar","PrimoAutoEletrica\Services\UiSmokeTestService.PrimoxQa.cs","792","$""QaEngine LongRun: ciclos={ciclos}, navegacoes={navegacoes}, {sw.Elapsed.TotalSeconds:F1}s."","
"decimal","PrimoAutoEletrica\Services\UiSmokeTestService.PrimoxQa.cs","878","decimal salario)"
"REAL_sql","PrimoAutoEletrica\Services\UiSmokeTestService.PrimoxQa.Finalization.cs","221","AddRow(""BTN"", modulo, modulo, name, identity, ""Destructive"", ""Dialog only"", ""DESTRUCTIVE — DIALOG VERIFIED"", ""nao executado real"");"
"REAL_sql","PrimoAutoEletrica\Services\UiSmokeTestService.PrimoxQa.Finalization.cs","386","AddRow(""REL"", ""NFe"", ""Emissao real"", ""SEFAZ"", ""Transmitir"", ""Fiscal"", ""Nao"", ""NOT TESTABLE — requires production integration"", ""nunca emitir real"");"
"Preco|Valor|Total|Custo|Desconto|Comissao|Saldo|Receber|Pagar","PrimoAutoEletrica\Services\UiSmokeTestService.PrimoxQa.Finalization.cs","438","AddRow(""PERF"", ""Shell"", ""MainWindow"", ""LongRun"", ""5 ciclos"", ""Performance"", ""Sim"", ""PASS"", $""{sw.Elapsed.TotalSeconds:F1}s / {navegacoes} nav"");"
"Preco|Valor|Total|Custo|Desconto|Comissao|Saldo|Receber|Pagar","PrimoAutoEletrica\Services\UiSmokeTestService.PrimoxQa.Finalization.cs","440","$""QaEngine Finalization LongRun5: ciclos={ciclos}, navegacoes={navegacoes}, {sw.Elapsed.TotalSeconds:F1}s."","
"REAL_sql","PrimoAutoEletrica\Services\UiSmokeTestService.PrimoxQa.Finalization.cs","471","sb.AppendLine(""- Cobertura 100% de TODOS os botoes com execucao real: **NAO reivindicada**"");"
"REAL_sql","PrimoAutoEletrica\Services\UiSmokeTestService.Produtos.cs","174","SetTextBoxValue(window, ""DescricaoTextBox"", ""Produto cadastrado pela janela real durante smoke test."");"
"Preco|Valor|Total|Custo|Desconto|Comissao|Saldo|Receber|Pagar","PrimoAutoEletrica\Services\UiSmokeTestService.Produtos.cs","193","SelectTabByHeader(window, ""Precos e Margem"");"
"Preco|Valor|Total|Custo|Desconto|Comissao|Saldo|Receber|Pagar","PrimoAutoEletrica\Services\UiSmokeTestService.Produtos.cs","194","SetTextBoxValue(window, ""PrecoCompraTextBox"", ""10,50"");"
"Preco|Valor|Total|Custo|Desconto|Comissao|Saldo|Receber|Pagar","PrimoAutoEletrica\Services\UiSmokeTestService.Produtos.cs","195","SetTextBoxValue(window, ""PrecoVendaTextBox"", ""25,90"");"
"Preco|Valor|Total|Custo|Desconto|Comissao|Saldo|Receber|Pagar","PrimoAutoEletrica\Services\UiSmokeTestService.Produtos.cs","245","produtoCriado.PrecoCompra != 10.50m ||"
"Preco|Valor|Total|Custo|Desconto|Comissao|Saldo|Receber|Pagar","PrimoAutoEletrica\Services\UiSmokeTestService.Produtos.cs","246","produtoCriado.PrecoVenda != 25.90m ||"
"Preco|Valor|Total|Custo|Desconto|Comissao|Saldo|Receber|Pagar","PrimoAutoEletrica\Services\UiSmokeTestService.Relatorios.cs","110","Total = (fixture.Produto.PrecoVenda * 2) + 140m,"
"Preco|Valor|Total|Custo|Desconto|Comissao|Saldo|Receber|Pagar","PrimoAutoEletrica\Services\UiSmokeTestService.Relatorios.cs","120","PrecoUnitario = fixture.Produto.PrecoVenda,"
"Preco|Valor|Total|Custo|Desconto|Comissao|Saldo|Receber|Pagar","PrimoAutoEletrica\Services\UiSmokeTestService.Relatorios.cs","121","CustoUnitario = fixture.Produto.PrecoCompra"
"Preco|Valor|Total|Custo|Desconto|Comissao|Saldo|Receber|Pagar","PrimoAutoEletrica\Services\UiSmokeTestService.Relatorios.cs","128","PrecoUnitario = 140m,"
"Preco|Valor|Total|Custo|Desconto|Comissao|Saldo|Receber|Pagar","PrimoAutoEletrica\Services\UiSmokeTestService.Relatorios.cs","129","CustoUnitario = 20m"
"Preco|Valor|Total|Custo|Desconto|Comissao|Saldo|Receber|Pagar","PrimoAutoEletrica\Services\UiSmokeTestService.Relatorios.cs","143","ordemFinalizada.ValorMaoObra = 60m;"
"Preco|Valor|Total|Custo|Desconto|Comissao|Saldo|Receber|Pagar","PrimoAutoEletrica\Services\UiSmokeTestService.Relatorios.cs","150","venda.Total,"
"Preco|Valor|Total|Custo|Desconto|Comissao|Saldo|Receber|Pagar","PrimoAutoEletrica\Services\UiSmokeTestService.Relatorios.cs","159","fixture.Produto.PrecoCompra,"
"Preco|Valor|Total|Custo|Desconto|Comissao|Saldo|Receber|Pagar","PrimoAutoEletrica\Services\UiSmokeTestService.Relatorios.cs","194","if (!viewModel.MargemPorProduto.Any(item =>"
"Preco|Valor|Total|Custo|Desconto|Comissao|Saldo|Receber|Pagar","PrimoAutoEletrica\Services\UiSmokeTestService.Relatorios.cs","197","item.LucroBruto > 0))"
"Preco|Valor|Total|Custo|Desconto|Comissao|Saldo|Receber|Pagar","PrimoAutoEletrica\Services\UiSmokeTestService.Relatorios.cs","199","throw new InvalidOperationException(""Relatorio Margem por produto nao refletiu a venda sintetica."");"
"Preco|Valor|Total|Custo|Desconto|Comissao|Saldo|Receber|Pagar","PrimoAutoEletrica\Services\UiSmokeTestService.Relatorios.cs","202","ValidarResumoRelatorio(viewModel.ResumoMargemProdutos, ""Margem por produto"", ""ainda nao carregada"");"
"Preco|Valor|Total|Custo|Desconto|Comissao|Saldo|Receber|Pagar","PrimoAutoEletrica\Services\UiSmokeTestService.Relatorios.cs","225","if (!viewModel.OrdensServicoFinalizadas.Any(item => item.Id == ordemFinalizada.Id && item.LucroBruto > 0))"
"Preco|Valor|Total|Custo|Desconto|Comissao|Saldo|Receber|Pagar","PrimoAutoEletrica\Services\UiSmokeTestService.Relatorios.cs","244","if (!viewModel.LucroPorServico.Any(item =>"
"Preco|Valor|Total|Custo|Desconto|Comissao|Saldo|Receber|Pagar","PrimoAutoEletrica\Services\UiSmokeTestService.Relatorios.cs","246","item.LucroBruto > 0))"
"Preco|Valor|Total|Custo|Desconto|Comissao|Saldo|Receber|Pagar","PrimoAutoEletrica\Services\UiSmokeTestService.Relatorios.cs","248","throw new InvalidOperationException(""Relatorio de lucro por servico nao refletiu margem dos servicos sinteticos."");"
"Preco|Valor|Total|Custo|Desconto|Comissao|Saldo|Receber|Pagar","PrimoAutoEletrica\Services\UiSmokeTestService.Relatorios.cs","269","""LucroPorServicoRelatorioGrid"""
"Preco|Valor|Total|Custo|Desconto|Comissao|Saldo|Receber|Pagar","PrimoAutoEletrica\Services\UiSmokeTestService.Relatorios.cs","338","!manifesto.Contains(""MargemPorProduto="", StringComparison.OrdinalIgnoreCase) ||"
"double","PrimoAutoEletrica\Services\UiSmokeTestService.Theme.cs","168","private static double ObterDoubleResource(string resourceKey)"
"Preco|Valor|Total|Custo|Desconto|Comissao|Saldo|Receber|Pagar","PrimoAutoEletrica\Services\UiSmokeTestService.Theme.cs","170","var valor = Application.Current?.TryFindResource(resourceKey)"
"Preco|Valor|Total|Custo|Desconto|Comissao|Saldo|Receber|Pagar","PrimoAutoEletrica\Services\UiSmokeTestService.Theme.cs","173","return valor switch"
"double","PrimoAutoEletrica\Services\UiSmokeTestService.Theme.cs","175","double numero => numero,"
"double","PrimoAutoEletrica\Services\UiSmokeTestService.Theme.cs","181","private static double CalcularRazaoContraste(Color primeira, Color segunda)"
"double","PrimoAutoEletrica\Services\UiSmokeTestService.Theme.cs","190","private static double CalcularLuminanciaRelativa(Color color)"
"double","PrimoAutoEletrica\Services\UiSmokeTestService.Theme.cs","192","static double Linearizar(byte componente)"
"Preco|Valor|Total|Custo|Desconto|Comissao|Saldo|Receber|Pagar","PrimoAutoEletrica\Services\UiSmokeTestService.Types.cs","125","TrySetText(window, ""ValorTextBox"", ""10,00"", overwrite: true);"
"Preco|Valor|Total|Custo|Desconto|Comissao|Saldo|Receber|Pagar","PrimoAutoEletrica\Services\VendaComprovanteService.cs","77","$""{item.NomeExibicao} | Qtd {item.Quantidade} | Unit {item.PrecoUnitario:C} | Desc {item.Desconto:C} | Subtotal {item.Subtotal:C}""))"
"Preco|Valor|Total|Custo|Desconto|Comissao|Saldo|Receber|Pagar","PrimoAutoEletrica\Services\VendaComprovanteService.cs","84","$""Forma de pagamento: {venda.FormaPagamento}\nDesconto geral: {venda.Desconto:C}\nTotal: {venda.Total:C}\nStatus: {venda.Status}""))"
"Preco|Valor|Total|Custo|Desconto|Comissao|Saldo|Receber|Pagar","PrimoAutoEletrica\Services\VendaComprovanteService.cs","114","resumo.AppendLine($""Total: {venda.Total:C}"");"
"decimal","PrimoAutoEletrica\Services\VendaService.cs","21","decimal PrecoCompra,"
"Preco|Valor|Total|Custo|Desconto|Comissao|Saldo|Receber|Pagar","PrimoAutoEletrica\Services\VendaService.cs","21","decimal PrecoCompra,"
"Preco|Valor|Total|Custo|Desconto|Comissao|Saldo|Receber|Pagar","PrimoAutoEletrica\Services\VendaService.cs","72","Logger.LogInfo($""Venda '{venda.Id}' registrada com {venda.Itens.Count} item(ns) e total {venda.Total:C}."");"
"Preco|Valor|Total|Custo|Desconto|Comissao|Saldo|Receber|Pagar","PrimoAutoEletrica\Services\VendaService.cs","78","$""Total={venda.Total:C}; Itens={venda.Itens.Count}; Cliente={venda.Cliente?.Nome ?? ""Nao informado""}; FormaPagamento={venda.FormaPagamento}; CaixaSessao={venda."
"Preco|Valor|Total|Custo|Desconto|Comissao|Saldo|Receber|Pagar","PrimoAutoEletrica\Services\VendaService.cs","82","App.SendLocalSyncMessage($""VendaRegistrada:{venda.Id}:{venda.Total}"");"
"Preco|Valor|Total|Custo|Desconto|Comissao|Saldo|Receber|Pagar","PrimoAutoEletrica\Services\VendaService.cs","145","detalhes: $""Total={venda.Total:C}; Motivo={motivo}; ReverteuEstoque={reverterEstoque}; FormaPagamento={venda.FormaPagamento}"","
"Preco|Valor|Total|Custo|Desconto|Comissao|Saldo|Receber|Pagar","PrimoAutoEletrica\Services\VendaService.cs","146","valorAnterior: venda.Total.ToString(""F2""),"
"Preco|Valor|Total|Custo|Desconto|Comissao|Saldo|Receber|Pagar","PrimoAutoEletrica\Services\VendaService.cs","147","valorNovo: ""0.00"");"
"Preco|Valor|Total|Custo|Desconto|Comissao|Saldo|Receber|Pagar","PrimoAutoEletrica\Services\VendaService.cs","151","App.SendLocalSyncMessage($""VendaCancelada:{vendaId}:{venda.Total}"");"
"decimal","PrimoAutoEletrica\Services\VendaService.cs","198","decimal subtotalItens = 0;"
"Preco|Valor|Total|Custo|Desconto|Comissao|Saldo|Receber|Pagar","PrimoAutoEletrica\Services\VendaService.cs","198","decimal subtotalItens = 0;"
"Preco|Valor|Total|Custo|Desconto|Comissao|Saldo|Receber|Pagar","PrimoAutoEletrica\Services\VendaService.cs","205","item.CustoUnitario = Math.Max(0m, item.CustoUnitario);"
"Preco|Valor|Total|Custo|Desconto|Comissao|Saldo|Receber|Pagar","PrimoAutoEletrica\Services\VendaService.cs","208","ComercialValidationHelper.GarantirValorMaiorOuIgualZero(item.PrecoUnitario, $""o preco unitario do item '{item.NomeExibicao}'"");"
"Preco|Valor|Total|Custo|Desconto|Comissao|Saldo|Receber|Pagar","PrimoAutoEletrica\Services\VendaService.cs","209","ComercialValidationHelper.GarantirValorMaiorOuIgualZero(item.Desconto, $""o desconto do item '{item.NomeExibicao}'"");"
"Preco|Valor|Total|Custo|Desconto|Comissao|Saldo|Receber|Pagar","PrimoAutoEletrica\Services\VendaService.cs","210","ComercialValidationHelper.GarantirValorMaiorOuIgualZero(item.CustoUnitario, $""o custo do item '{item.NomeExibicao}'"");"
"Preco|Valor|Total|Custo|Desconto|Comissao|Saldo|Receber|Pagar","PrimoAutoEletrica\Services\VendaService.cs","212","var subtotalItem = ComercialValidationHelper.CalcularSubtotal(item.Quantidade, item.PrecoUnitario, item.Desconto);"
"Preco|Valor|Total|Custo|Desconto|Comissao|Saldo|Receber|Pagar","PrimoAutoEletrica\Services\VendaService.cs","213","subtotalItens += subtotalItem;"
"Preco|Valor|Total|Custo|Desconto|Comissao|Saldo|Receber|Pagar","PrimoAutoEletrica\Services\VendaService.cs","239","ComercialValidationHelper.GarantirDescontoValido(venda.Desconto, subtotalItens, ""O desconto geral"");"
"Preco|Valor|Total|Custo|Desconto|Comissao|Saldo|Receber|Pagar","PrimoAutoEletrica\Services\VendaService.cs","240","venda.Total = subtotalItens - venda.Desconto;"
"Preco|Valor|Total|Custo|Desconto|Comissao|Saldo|Receber|Pagar","PrimoAutoEletrica\Services\VendaService.cs","241","ComercialValidationHelper.GarantirValorMaiorQueZero(venda.Total, ""o total da venda"");"
"Preco|Valor|Total|Custo|Desconto|Comissao|Saldo|Receber|Pagar","PrimoAutoEletrica\Services\VendaService.cs","258","PrecoUnitario,"
"Preco|Valor|Total|Custo|Desconto|Comissao|Saldo|Receber|Pagar","PrimoAutoEletrica\Services\VendaService.cs","259","CustoUnitario,"
"Preco|Valor|Total|Custo|Desconto|Comissao|Saldo|Receber|Pagar","PrimoAutoEletrica\Services\VendaService.cs","260","Desconto,"
"Preco|Valor|Total|Custo|Desconto|Comissao|Saldo|Receber|Pagar","PrimoAutoEletrica\Services\VendaService.cs","261","Subtotal"
"Preco|Valor|Total|Custo|Desconto|Comissao|Saldo|Receber|Pagar","PrimoAutoEletrica\Services\VendaService.cs","272","@PrecoUnitario,"
"Preco|Valor|Total|Custo|Desconto|Comissao|Saldo|Receber|Pagar","PrimoAutoEletrica\Services\VendaService.cs","273","@CustoUnitario,"
"Preco|Valor|Total|Custo|Desconto|Comissao|Saldo|Receber|Pagar","PrimoAutoEletrica\Services\VendaService.cs","274","@Desconto,"
"Preco|Valor|Total|Custo|Desconto|Comissao|Saldo|Receber|Pagar","PrimoAutoEletrica\Services\VendaService.cs","275","@Subtotal"
"Preco|Valor|Total|Custo|Desconto|Comissao|Saldo|Receber|Pagar","PrimoAutoEletrica\Services\VendaService.cs","285","command.Parameters.AddWithValue(""@PrecoUnitario"", item.PrecoUnitario);"
"Preco|Valor|Total|Custo|Desconto|Comissao|Saldo|Receber|Pagar","PrimoAutoEletrica\Services\VendaService.cs","286","command.Parameters.AddWithValue(""@CustoUnitario"", item.CustoUnitario);"
"Preco|Valor|Total|Custo|Desconto|Comissao|Saldo|Receber|Pagar","PrimoAutoEletrica\Services\VendaService.cs","287","command.Parameters.AddWithValue(""@Desconto"", item.Desconto);"
"Preco|Valor|Total|Custo|Desconto|Comissao|Saldo|Receber|Pagar","PrimoAutoEletrica\Services\VendaService.cs","288","command.Parameters.AddWithValue(""@Subtotal"", item.Subtotal);"
"Preco|Valor|Total|Custo|Desconto|Comissao|Saldo|Receber|Pagar","PrimoAutoEletrica\Services\VendaService.cs","314","ValorTotalEstoque = (QuantidadeEstoque - @QuantidadeVendida) * @PrecoCompra,"
"Preco|Valor|Total|Custo|Desconto|Comissao|Saldo|Receber|Pagar","PrimoAutoEletrica\Services\VendaService.cs","317","TotalVendas = TotalVendas + @QuantidadeVendida,"
"Preco|Valor|Total|Custo|Desconto|Comissao|Saldo|Receber|Pagar","PrimoAutoEletrica\Services\VendaService.cs","326","command.Parameters.AddWithValue(""@PrecoCompra"", produtoAtual.precoCompra);"
"Preco|Valor|Total|Custo|Desconto|Comissao|Saldo|Receber|Pagar","PrimoAutoEletrica\Services\VendaService.cs","344","produtoAtual.precoCompra,"
"Preco|Valor|Total|Custo|Desconto|Comissao|Saldo|Receber|Pagar","PrimoAutoEletrica\Services\VendaService.cs","364","var valorTotalEstoque = novaQuantidade * produtoAtual.precoCompra;"
"Preco|Valor|Total|Custo|Desconto|Comissao|Saldo|Receber|Pagar","PrimoAutoEletrica\Services\VendaService.cs","372","ValorTotalEstoque = @ValorTotalEstoque,"
"Preco|Valor|Total|Custo|Desconto|Comissao|Saldo|Receber|Pagar","PrimoAutoEletrica\Services\VendaService.cs","377","command.Parameters.AddWithValue(""@ValorTotalEstoque"", valorTotalEstoque);"
"Preco|Valor|Total|Custo|Desconto|Comissao|Saldo|Receber|Pagar","PrimoAutoEletrica\Services\VendaService.cs","386","produtoAtual.precoCompra,"
"Preco|Valor|Total|Custo|Desconto|Comissao|Saldo|Receber|Pagar","PrimoAutoEletrica\Services\VendaService.cs","408","PrecoUnitario,"
"Preco|Valor|Total|Custo|Desconto|Comissao|Saldo|Receber|Pagar","PrimoAutoEletrica\Services\VendaService.cs","409","CustoUnitario,"
"Preco|Valor|Total|Custo|Desconto|Comissao|Saldo|Receber|Pagar","PrimoAutoEletrica\Services\VendaService.cs","410","Desconto"
"Preco|Valor|Total|Custo|Desconto|Comissao|Saldo|Receber|Pagar","PrimoAutoEletrica\Services\VendaService.cs","435","PrecoCompra = ReadDecimal(reader, 6)"
"Preco|Valor|Total|Custo|Desconto|Comissao|Saldo|Receber|Pagar","PrimoAutoEletrica\Services\VendaService.cs","439","PrecoUnitario = ReadDecimal(reader, 5),"
"Preco|Valor|Total|Custo|Desconto|Comissao|Saldo|Receber|Pagar","PrimoAutoEletrica\Services\VendaService.cs","440","CustoUnitario = ReadDecimal(reader, 6),"
"Preco|Valor|Total|Custo|Desconto|Comissao|Saldo|Receber|Pagar","PrimoAutoEletrica\Services\VendaService.cs","441","Desconto = ReadDecimal(reader, 7)"
"Preco|Valor|Total|Custo|Desconto|Comissao|Saldo|Receber|Pagar","PrimoAutoEletrica\Services\VendaService.cs","458","Total,"
"Preco|Valor|Total|Custo|Desconto|Comissao|Saldo|Receber|Pagar","PrimoAutoEletrica\Services\VendaService.cs","460","Desconto,"
"Preco|Valor|Total|Custo|Desconto|Comissao|Saldo|Receber|Pagar","PrimoAutoEletrica\Services\VendaService.cs","491","Total = ReadDecimal(reader, 4),"
"Preco|Valor|Total|Custo|Desconto|Comissao|Saldo|Receber|Pagar","PrimoAutoEletrica\Services\VendaService.cs","493","Desconto = ReadDecimal(reader, 6),"
"Preco|Valor|Total|Custo|Desconto|Comissao|Saldo|Receber|Pagar","PrimoAutoEletrica\Services\VendaService.cs","521","valorAnterior: EstoqueOperationalService.CriarSnapshot(auditoria.Codigo, auditoria.Nome, auditoria.PrecoCompra, auditoria.EstoqueAnterior, auditoria.ReservadoAn"
"Preco|Valor|Total|Custo|Desconto|Comissao|Saldo|Receber|Pagar","PrimoAutoEletrica\Services\VendaService.cs","522","valorNovo: EstoqueOperationalService.CriarSnapshot(auditoria.Codigo, auditoria.Nome, auditoria.PrecoCompra, auditoria.EstoqueNovo, auditoria.ReservadoNovo),"
"decimal","PrimoAutoEletrica\Services\VendaService.cs","534","private static (int quantidadeEstoque, decimal precoCompra, int quantidadeReservada, string codigo, string nome)? ObterProdutoEstoqueAtual(DbConnection connecti"
"Preco|Valor|Total|Custo|Desconto|Comissao|Saldo|Receber|Pagar","PrimoAutoEletrica\Services\VendaService.cs","534","private static (int quantidadeEstoque, decimal precoCompra, int quantidadeReservada, string codigo, string nome)? ObterProdutoEstoqueAtual(DbConnection connecti"
"Preco|Valor|Total|Custo|Desconto|Comissao|Saldo|Receber|Pagar","PrimoAutoEletrica\Services\VendaService.cs","539","SELECT {TopOne(connection)} QuantidadeEstoque, PrecoCompra, Codigo, Nome"
"decimal","PrimoAutoEletrica\Services\VendaService.cs","546","decimal precoCompra;"
"Preco|Valor|Total|Custo|Desconto|Comissao|Saldo|Receber|Pagar","PrimoAutoEletrica\Services\VendaService.cs","546","decimal precoCompra;"
"Preco|Valor|Total|Custo|Desconto|Comissao|Saldo|Receber|Pagar","PrimoAutoEletrica\Services\VendaService.cs","557","precoCompra = ReadDecimal(reader, 1);"
"Preco|Valor|Total|Custo|Desconto|Comissao|Saldo|Receber|Pagar","PrimoAutoEletrica\Services\VendaService.cs","563","return (quantidade, precoCompra, quantidadeReservada, codigo, nome);"
"decimal","PrimoAutoEletrica\Services\VendaService.cs","634","private static decimal ReadDecimal(DbDataReader reader, int ordinal)"
"Preco|Valor|Total|Custo|Desconto|Comissao|Saldo|Receber|Pagar","PrimoAutoEletrica\Services\XmlProdutoParser.cs","33","ValorTotal = ParseValorTotal(xml, ns),"
"Preco|Valor|Total|Custo|Desconto|Comissao|Saldo|Receber|Pagar","PrimoAutoEletrica\Services\XmlProdutoParser.cs","34","ValorProdutos = ParseValorProdutos(xml, ns)"
"Preco|Valor|Total|Custo|Desconto|Comissao|Saldo|Receber|Pagar","PrimoAutoEletrica\Services\XmlProdutoParser.cs","122","ValorUnitario = ParseDecimal(prod.Element(XName.Get(""vUnCom"", ns.NamespaceName))?.Value),"
"Preco|Valor|Total|Custo|Desconto|Comissao|Saldo|Receber|Pagar","PrimoAutoEletrica\Services\XmlProdutoParser.cs","123","ValorTotal = ParseDecimal(prod.Element(XName.Get(""vProd"", ns.NamespaceName))?.Value),"
"Preco|Valor|Total|Custo|Desconto|Comissao|Saldo|Receber|Pagar","PrimoAutoEletrica\Services\XmlProdutoParser.cs","141","else if (produtoImportado.ValorUnitario <= 0)"
"Preco|Valor|Total|Custo|Desconto|Comissao|Saldo|Receber|Pagar","PrimoAutoEletrica\Services\XmlProdutoParser.cs","144","produtoImportado.MotivoIgnorado = ""Valor unitario invalido"";"
"decimal","PrimoAutoEletrica\Services\XmlProdutoParser.cs","246","private decimal ParseValorTotal(XDocument xml, XNamespace ns)"
"Preco|Valor|Total|Custo|Desconto|Comissao|Saldo|Receber|Pagar","PrimoAutoEletrica\Services\XmlProdutoParser.cs","250","var total = xml.Descendants(XName.Get(""total"", ns.NamespaceName)).FirstOrDefault();"
"Preco|Valor|Total|Custo|Desconto|Comissao|Saldo|Receber|Pagar","PrimoAutoEletrica\Services\XmlProdutoParser.cs","251","if (total == null)"
"Preco|Valor|Total|Custo|Desconto|Comissao|Saldo|Receber|Pagar","PrimoAutoEletrica\Services\XmlProdutoParser.cs","256","var icmsTot = total.Element(XName.Get(""ICMSTot"", ns.NamespaceName));"
"Preco|Valor|Total|Custo|Desconto|Comissao|Saldo|Receber|Pagar","PrimoAutoEletrica\Services\XmlProdutoParser.cs","257","var valorNota = icmsTot?.Element(XName.Get(""vNF"", ns.NamespaceName))?.Value ?? ""0"";"
"Preco|Valor|Total|Custo|Desconto|Comissao|Saldo|Receber|Pagar","PrimoAutoEletrica\Services\XmlProdutoParser.cs","258","return ParseDecimal(valorNota);"
"Preco|Valor|Total|Custo|Desconto|Comissao|Saldo|Receber|Pagar","PrimoAutoEletrica\Services\XmlProdutoParser.cs","262","Logger.LogError(""Erro ao parsear valor total da NF-e."", ex);"
"decimal","PrimoAutoEletrica\Services\XmlProdutoParser.cs","268","private decimal ParseValorProdutos(XDocument xml, XNamespace ns)"
"Preco|Valor|Total|Custo|Desconto|Comissao|Saldo|Receber|Pagar","PrimoAutoEletrica\Services\XmlProdutoParser.cs","272","var total = xml.Descendants(XName.Get(""total"", ns.NamespaceName)).FirstOrDefault();"
"Preco|Valor|Total|Custo|Desconto|Comissao|Saldo|Receber|Pagar","PrimoAutoEletrica\Services\XmlProdutoParser.cs","273","if (total != null)"
"Preco|Valor|Total|Custo|Desconto|Comissao|Saldo|Receber|Pagar","PrimoAutoEletrica\Services\XmlProdutoParser.cs","275","var icmsTot = total.Element(XName.Get(""ICMSTot"", ns.NamespaceName));"
"Preco|Valor|Total|Custo|Desconto|Comissao|Saldo|Receber|Pagar","PrimoAutoEletrica\Services\XmlProdutoParser.cs","285","Logger.LogError(""Erro ao parsear valor total dos produtos da NF-e."", ex);"
"decimal","PrimoAutoEletrica\Services\XmlProdutoParser.cs","291","private decimal ParseDecimal(string? value)"
"decimal","PrimoAutoEletrica\Services\XmlProdutoParser.cs","298","if (decimal.TryParse("
"decimal","PrimoAutoEletrica\Services\XmlProdutoParser.cs","307","if (decimal.TryParse(value.Replace(""."", "",""), out var result2))"
"Preco|Valor|Total|Custo|Desconto|Comissao|Saldo|Receber|Pagar","PrimoAutoEletrica\Simulation\TradeSimulationService.cs","37","EntryPrice = 1m // preço de referência (qualquer unidade)"
"decimal","PrimoAutoEletrica\Simulation\TradeSimulationService.cs","71","public decimal EntryPrice { get; set; }"
"decimal","PrimoAutoEletrica\Simulation\TradeSimulationService.cs","72","public decimal Target { get; set; }"
"decimal","PrimoAutoEletrica\Simulation\TradeSimulationService.cs","73","public decimal Stop { get; set; }"
"Preco|Valor|Total|Custo|Desconto|Comissao|Saldo|Receber|Pagar","PrimoAutoEletrica\UserControls\AutoEletricaTecnicaControl.xaml.cs","86","RoteiroValoresItemsControl.ItemsSource = roteiro.ValoresEsperados.Select(valor => $""- {valor}"");"
"Preco|Valor|Total|Custo|Desconto|Comissao|Saldo|Receber|Pagar","PrimoAutoEletrica\UserControls\AutoEletricaTecnicaControl.xaml.cs","128","ValorMaoObra = servico.ValorPadrao,"
"Preco|Valor|Total|Custo|Desconto|Comissao|Saldo|Receber|Pagar","PrimoAutoEletrica\UserControls\CatalogoPecasControl.xaml.cs","216","TotalItensText.Text = resumo.TotalItens.ToString(CultureInfo.InvariantCulture);"
"Preco|Valor|Total|Custo|Desconto|Comissao|Saldo|Receber|Pagar","PrimoAutoEletrica\UserControls\ClientesControl.xaml.cs","180","var totalHistorico = ordens.Sum(o => Math.Max(0, o.Itens.Sum(i => i.Total) - o.Desconto));"
"Preco|Valor|Total|Custo|Desconto|Comissao|Saldo|Receber|Pagar","PrimoAutoEletrica\UserControls\ClientesControl.xaml.cs","184","$""Total histórico OS: {totalHistorico:C}\n"" +"
"Preco|Valor|Total|Custo|Desconto|Comissao|Saldo|Receber|Pagar","PrimoAutoEletrica\UserControls\ClientesControl.xaml.cs","186","$""Total gasto (cadastro): {cliente.TotalGasto:C}"";"
"Preco|Valor|Total|Custo|Desconto|Comissao|Saldo|Receber|Pagar","PrimoAutoEletrica\UserControls\ClientesControl.xaml.cs","194","private static string Escapar(string? valor)"
"Preco|Valor|Total|Custo|Desconto|Comissao|Saldo|Receber|Pagar","PrimoAutoEletrica\UserControls\ClientesControl.xaml.cs","196","return string.IsNullOrWhiteSpace(valor)"
"Preco|Valor|Total|Custo|Desconto|Comissao|Saldo|Receber|Pagar","PrimoAutoEletrica\UserControls\ClientesControl.xaml.cs","198",": valor.Replace(';', ',').Trim();"
"Preco|Valor|Total|Custo|Desconto|Comissao|Saldo|Receber|Pagar","PrimoAutoEletrica\UserControls\ClientesControl.xaml.cs","389","""Nome;TipoPessoa;Documento;RG_IE;Contato;WhatsApp;Email;UltimaVisita;TotalGasto;TotalServicos;Veiculos;Status;LGPD;ContatoWhatsApp"""
"Preco|Valor|Total|Custo|Desconto|Comissao|Saldo|Receber|Pagar","PrimoAutoEletrica\UserControls\ClientesControl.xaml.cs","402","item.Cliente.TotalGasto.ToString(""F2"", CultureInfo.InvariantCulture),"
"Preco|Valor|Total|Custo|Desconto|Comissao|Saldo|Receber|Pagar","PrimoAutoEletrica\UserControls\ClientesControl.xaml.cs","403","item.Cliente.TotalServicos.ToString(CultureInfo.InvariantCulture),"
"Preco|Valor|Total|Custo|Desconto|Comissao|Saldo|Receber|Pagar","PrimoAutoEletrica\UserControls\DashboardControl.xaml.cs","79","public sealed record DashboardMetric(string Titulo, string Valor, string Detalhe, string Icone);"
"double","PrimoAutoEletrica\UserControls\DashboardControl.xaml.cs","81","public sealed record DashboardRevenueBar(string Dia, string ValorFormatado, double Percentual);"
"Preco|Valor|Total|Custo|Desconto|Comissao|Saldo|Receber|Pagar","PrimoAutoEletrica\UserControls\DashboardControl.xaml.cs","81","public sealed record DashboardRevenueBar(string Dia, string ValorFormatado, double Percentual);"
"decimal","PrimoAutoEletrica\UserControls\EstoqueControl.xaml.cs","18","private const decimal MargemBaixaPercentual = 20m;"
"Preco|Valor|Total|Custo|Desconto|Comissao|Saldo|Receber|Pagar","PrimoAutoEletrica\UserControls\EstoqueControl.xaml.cs","18","private const decimal MargemBaixaPercentual = 20m;"
"double","PrimoAutoEletrica\UserControls\EstoqueControl.xaml.cs","76","if (EstoqueActionBar.MaxHeight <= 0 || double.IsInfinity(EstoqueActionBar.MaxHeight) || EstoqueActionBar.MaxHeight > 140)"
"Preco|Valor|Total|Custo|Desconto|Comissao|Saldo|Receber|Pagar","PrimoAutoEletrica\UserControls\EstoqueControl.xaml.cs","235","$""dataGridH={ProdutosDataGrid?.ActualHeight:0}; gridItems={gridCount}; totalTxt={TotalProdutosText?.Text}"","
"Preco|Valor|Total|Custo|Desconto|Comissao|Saldo|Receber|Pagar","PrimoAutoEletrica\UserControls\EstoqueControl.xaml.cs","246","var valorEstoque = _todosProdutos.Sum(produto => produto.ValorTotalEstoque);"
"Preco|Valor|Total|Custo|Desconto|Comissao|Saldo|Receber|Pagar","PrimoAutoEletrica\UserControls\EstoqueControl.xaml.cs","250",".Where(item => item.TotalVendas > 0)"
"Preco|Valor|Total|Custo|Desconto|Comissao|Saldo|Receber|Pagar","PrimoAutoEletrica\UserControls\EstoqueControl.xaml.cs","251",".OrderByDescending(item => item.TotalVendas)"
"Preco|Valor|Total|Custo|Desconto|Comissao|Saldo|Receber|Pagar","PrimoAutoEletrica\UserControls\EstoqueControl.xaml.cs","258","TotalProdutosText.Text = _todosProdutos.Count.ToString();"
"Preco|Valor|Total|Custo|Desconto|Comissao|Saldo|Receber|Pagar","PrimoAutoEletrica\UserControls\EstoqueControl.xaml.cs","259","ValorEstoqueText.Text = valorEstoque.ToString(""C2"");"
"Preco|Valor|Total|Custo|Desconto|Comissao|Saldo|Receber|Pagar","PrimoAutoEletrica\UserControls\EstoqueControl.xaml.cs","268",": $""{maisVendido.Nome}\n{maisVendido.TotalVendas} un. | {maisVendido.ReceitaEstimadaTotal:C2}"";"
"Preco|Valor|Total|Custo|Desconto|Comissao|Saldo|Receber|Pagar","PrimoAutoEletrica\UserControls\EstoqueControl.xaml.cs","295","""Sem Preco"","
"Preco|Valor|Total|Custo|Desconto|Comissao|Saldo|Receber|Pagar","PrimoAutoEletrica\UserControls\EstoqueControl.xaml.cs","297","""Margem Baixa"","
"Preco|Valor|Total|Custo|Desconto|Comissao|Saldo|Receber|Pagar","PrimoAutoEletrica\UserControls\EstoqueControl.xaml.cs","298","""Margem Negativa"","
"Preco|Valor|Total|Custo|Desconto|Comissao|Saldo|Receber|Pagar","PrimoAutoEletrica\UserControls\EstoqueControl.xaml.cs","327","var altaMargem = _gridItems.Where(item => item.MargemLucro >= 50m).Take(3).Select(item => item.Nome).ToList();"
"Preco|Valor|Total|Custo|Desconto|Comissao|Saldo|Receber|Pagar","PrimoAutoEletrica\UserControls\EstoqueControl.xaml.cs","328","var baixaMargem = _gridItems.Where(item => item.MargemBaixa).Take(3).Select(item => item.Nome).ToList();"
"Preco|Valor|Total|Custo|Desconto|Comissao|Saldo|Receber|Pagar","PrimoAutoEletrica\UserControls\EstoqueControl.xaml.cs","331",".Where(item => item.TotalVendas > 0)"
"Preco|Valor|Total|Custo|Desconto|Comissao|Saldo|Receber|Pagar","PrimoAutoEletrica\UserControls\EstoqueControl.xaml.cs","332",".OrderByDescending(item => item.TotalVendas)"
"Preco|Valor|Total|Custo|Desconto|Comissao|Saldo|Receber|Pagar","PrimoAutoEletrica\UserControls\EstoqueControl.xaml.cs","335",".Select(item => $""{item.Nome} ({item.TotalVendas} un.)"")"
"Preco|Valor|Total|Custo|Desconto|Comissao|Saldo|Receber|Pagar","PrimoAutoEletrica\UserControls\EstoqueControl.xaml.cs","347","var semPreco = _gridItems.Count(item => item.PrecoVenda <= 0);"
"Preco|Valor|Total|Custo|Desconto|Comissao|Saldo|Receber|Pagar","PrimoAutoEletrica\UserControls\EstoqueControl.xaml.cs","349","var totalBaixaMargem = _gridItems.Count(item => item.MargemBaixa);"
"Preco|Valor|Total|Custo|Desconto|Comissao|Saldo|Receber|Pagar","PrimoAutoEletrica\UserControls\EstoqueControl.xaml.cs","354",".OrderByDescending(item => item.ValorTotalEstoque)"
"Preco|Valor|Total|Custo|Desconto|Comissao|Saldo|Receber|Pagar","PrimoAutoEletrica\UserControls\EstoqueControl.xaml.cs","358","var valorMedio = _gridItems.Count == 0 ? 0m : _gridItems.Average(item => item.ValorTotalEstoque);"
"Preco|Valor|Total|Custo|Desconto|Comissao|Saldo|Receber|Pagar","PrimoAutoEletrica\UserControls\EstoqueControl.xaml.cs","375","? ""Sem oportunidades de margem elevada identificadas hoje."""
"Preco|Valor|Total|Custo|Desconto|Comissao|Saldo|Receber|Pagar","PrimoAutoEletrica\UserControls\EstoqueControl.xaml.cs","376",": $""{altaMargem.Count} itens com margem acima de 50%: {string.Join("", "", altaMargem)}."";"
"Preco|Valor|Total|Custo|Desconto|Comissao|Saldo|Receber|Pagar","PrimoAutoEletrica\UserControls\EstoqueControl.xaml.cs","377","var resumoAlertasComerciais = $""Alertas comerciais: {semPreco} sem preco, {semFornecedor} sem fornecedor e {totalBaixaMargem} com margem baixa."";"
"Preco|Valor|Total|Custo|Desconto|Comissao|Saldo|Receber|Pagar","PrimoAutoEletrica\UserControls\EstoqueControl.xaml.cs","390","? ""Curva ABC sem valor de estoque suficiente para classificar itens A/B/C."""
"Preco|Valor|Total|Custo|Desconto|Comissao|Saldo|Receber|Pagar","PrimoAutoEletrica\UserControls\EstoqueControl.xaml.cs","394","ValorMedioProdutoResumoText.Text = $""Valor medio por item em estoque: {valorMedio:C}."";"
"Preco|Valor|Total|Custo|Desconto|Comissao|Saldo|Receber|Pagar","PrimoAutoEletrica\UserControls\EstoqueControl.xaml.cs","457","""Sem Preco"" => consulta.Where(item => item.PrecoVenda <= 0),"
"Preco|Valor|Total|Custo|Desconto|Comissao|Saldo|Receber|Pagar","PrimoAutoEletrica\UserControls\EstoqueControl.xaml.cs","459","""Margem Baixa"" => consulta.Where(item => item.MargemBaixa),"
"Preco|Valor|Total|Custo|Desconto|Comissao|Saldo|Receber|Pagar","PrimoAutoEletrica\UserControls\EstoqueControl.xaml.cs","460","""Margem Negativa"" => consulta.Where(item => item.MargemLucro < 0),"
"Preco|Valor|Total|Custo|Desconto|Comissao|Saldo|Receber|Pagar","PrimoAutoEletrica\UserControls\EstoqueControl.xaml.cs","465",".Where(item => item.TotalVendas > 0)"
"Preco|Valor|Total|Custo|Desconto|Comissao|Saldo|Receber|Pagar","PrimoAutoEletrica\UserControls\EstoqueControl.xaml.cs","466",".OrderByDescending(item => item.TotalVendas)"
"Preco|Valor|Total|Custo|Desconto|Comissao|Saldo|Receber|Pagar","PrimoAutoEletrica\UserControls\EstoqueControl.xaml.cs","519","$""Custo: {produto.PrecoCompra:C2} | Venda: {produto.PrecoVenda:C2}\n"" +"
"Preco|Valor|Total|Custo|Desconto|Comissao|Saldo|Receber|Pagar","PrimoAutoEletrica\UserControls\EstoqueControl.xaml.cs","645","""Voce nao possui permissao para ajustar estoque ou reajustar precos."","
"Preco|Valor|Total|Custo|Desconto|Comissao|Saldo|Receber|Pagar","PrimoAutoEletrica\UserControls\EstoqueControl.xaml.cs","717","ValorLabel = ""Quantidade"","
"Preco|Valor|Total|Custo|Desconto|Comissao|Saldo|Receber|Pagar","PrimoAutoEletrica\UserControls\EstoqueControl.xaml.cs","722","ValorInicial = 1"
"decimal","PrimoAutoEletrica\UserControls\EstoqueControl.xaml.cs","732","if (decimal.Truncate(dialog.ValorInformado) != dialog.ValorInformado ||"
"Preco|Valor|Total|Custo|Desconto|Comissao|Saldo|Receber|Pagar","PrimoAutoEletrica\UserControls\EstoqueControl.xaml.cs","732","if (decimal.Truncate(dialog.ValorInformado) != dialog.ValorInformado ||"
"Preco|Valor|Total|Custo|Desconto|Comissao|Saldo|Receber|Pagar","PrimoAutoEletrica\UserControls\EstoqueControl.xaml.cs","733","dialog.ValorInformado > int.MaxValue)"
"decimal","PrimoAutoEletrica\UserControls\EstoqueControl.xaml.cs","739","var quantidade = decimal.ToInt32(dialog.ValorInformado);"
"Preco|Valor|Total|Custo|Desconto|Comissao|Saldo|Receber|Pagar","PrimoAutoEletrica\UserControls\EstoqueControl.xaml.cs","739","var quantidade = decimal.ToInt32(dialog.ValorInformado);"
"Preco|Valor|Total|Custo|Desconto|Comissao|Saldo|Receber|Pagar","PrimoAutoEletrica\UserControls\EstoqueControl.xaml.cs","819","ValorLabel = ""Quantidade contada"","
"Preco|Valor|Total|Custo|Desconto|Comissao|Saldo|Receber|Pagar","PrimoAutoEletrica\UserControls\EstoqueControl.xaml.cs","824","ValorInicial = produto.QuantidadeEstoque"
"decimal","PrimoAutoEletrica\UserControls\EstoqueControl.xaml.cs","834","if (decimal.Truncate(dialog.ValorInformado) != dialog.ValorInformado)"
"Preco|Valor|Total|Custo|Desconto|Comissao|Saldo|Receber|Pagar","PrimoAutoEletrica\UserControls\EstoqueControl.xaml.cs","834","if (decimal.Truncate(dialog.ValorInformado) != dialog.ValorInformado)"
"decimal","PrimoAutoEletrica\UserControls\EstoqueControl.xaml.cs","844","decimal.ToInt32(dialog.ValorInformado),"
"Preco|Valor|Total|Custo|Desconto|Comissao|Saldo|Receber|Pagar","PrimoAutoEletrica\UserControls\EstoqueControl.xaml.cs","844","decimal.ToInt32(dialog.ValorInformado),"
"Preco|Valor|Total|Custo|Desconto|Comissao|Saldo|Receber|Pagar","PrimoAutoEletrica\UserControls\EstoqueControl.xaml.cs","923","sb.AppendLine(""Codigo;SKU;Nome;Marca;Categoria;Qtd;Min;Max;Localizacao;Prateleira;Gaveta;PrecoCompra;PrecoVenda;Ativo"");"
"Preco|Valor|Total|Custo|Desconto|Comissao|Saldo|Receber|Pagar","PrimoAutoEletrica\UserControls\EstoqueControl.xaml.cs","938","p.PrecoCompra.ToString(""F2"", System.Globalization.CultureInfo.InvariantCulture),"
"Preco|Valor|Total|Custo|Desconto|Comissao|Saldo|Receber|Pagar","PrimoAutoEletrica\UserControls\EstoqueControl.xaml.cs","939","p.PrecoVenda.ToString(""F2"", System.Globalization.CultureInfo.InvariantCulture),"
"Preco|Valor|Total|Custo|Desconto|Comissao|Saldo|Receber|Pagar","PrimoAutoEletrica\UserControls\EstoqueControl.xaml.cs","1161","$""Preco compra: {produto.PrecoCompra:C2}\n"" +"
"Preco|Valor|Total|Custo|Desconto|Comissao|Saldo|Receber|Pagar","PrimoAutoEletrica\UserControls\EstoqueControl.xaml.cs","1162","$""Preco venda: {produto.PrecoVenda:C2}\n"" +"
"Preco|Valor|Total|Custo|Desconto|Comissao|Saldo|Receber|Pagar","PrimoAutoEletrica\UserControls\EstoqueControl.xaml.cs","1163","$""Margem: {produto.MargemLucro:N1}%\n"" +"
"Preco|Valor|Total|Custo|Desconto|Comissao|Saldo|Receber|Pagar","PrimoAutoEletrica\UserControls\EstoqueControl.xaml.cs","1288","|| produto.PrecoVenda <= 0;"
"Preco|Valor|Total|Custo|Desconto|Comissao|Saldo|Receber|Pagar","PrimoAutoEletrica\UserControls\EstoqueControl.xaml.cs","1296","var diasSemSaida = (int)Math.Max(0, (DateTime.Today - ultimaSaida.Date).TotalDays);"
"Preco|Valor|Total|Custo|Desconto|Comissao|Saldo|Receber|Pagar","PrimoAutoEletrica\UserControls\EstoqueControl.xaml.cs","1300","var margemBaixa = produto.PrecoVenda > 0 && produto.MargemLucro < MargemBaixaPercentual;"
"Preco|Valor|Total|Custo|Desconto|Comissao|Saldo|Receber|Pagar","PrimoAutoEletrica\UserControls\EstoqueControl.xaml.cs","1324","else if (produto.PrecoVenda <= 0)"
"Preco|Valor|Total|Custo|Desconto|Comissao|Saldo|Receber|Pagar","PrimoAutoEletrica\UserControls\EstoqueControl.xaml.cs","1326","alerta = ""Sem preco de venda"";"
"Preco|Valor|Total|Custo|Desconto|Comissao|Saldo|Receber|Pagar","PrimoAutoEletrica\UserControls\EstoqueControl.xaml.cs","1328","else if (produto.MargemLucro < 0)"
"Preco|Valor|Total|Custo|Desconto|Comissao|Saldo|Receber|Pagar","PrimoAutoEletrica\UserControls\EstoqueControl.xaml.cs","1330","alerta = ""Margem negativa"";"
"Preco|Valor|Total|Custo|Desconto|Comissao|Saldo|Receber|Pagar","PrimoAutoEletrica\UserControls\EstoqueControl.xaml.cs","1332","else if (margemBaixa)"
"Preco|Valor|Total|Custo|Desconto|Comissao|Saldo|Receber|Pagar","PrimoAutoEletrica\UserControls\EstoqueControl.xaml.cs","1334","alerta = ""Margem baixa"";"
"Preco|Valor|Total|Custo|Desconto|Comissao|Saldo|Receber|Pagar","PrimoAutoEletrica\UserControls\EstoqueControl.xaml.cs","1371","PrecoCompra = produto.PrecoCompra,"
"Preco|Valor|Total|Custo|Desconto|Comissao|Saldo|Receber|Pagar","PrimoAutoEletrica\UserControls\EstoqueControl.xaml.cs","1372","PrecoVenda = produto.PrecoVenda,"
"Preco|Valor|Total|Custo|Desconto|Comissao|Saldo|Receber|Pagar","PrimoAutoEletrica\UserControls\EstoqueControl.xaml.cs","1373","MargemLucro = produto.MargemLucro,"
"Preco|Valor|Total|Custo|Desconto|Comissao|Saldo|Receber|Pagar","PrimoAutoEletrica\UserControls\EstoqueControl.xaml.cs","1374","ValorTotalEstoque = produto.ValorTotalEstoque,"
"Preco|Valor|Total|Custo|Desconto|Comissao|Saldo|Receber|Pagar","PrimoAutoEletrica\UserControls\EstoqueControl.xaml.cs","1377","TotalVendas = produto.TotalVendas,"
"Preco|Valor|Total|Custo|Desconto|Comissao|Saldo|Receber|Pagar","PrimoAutoEletrica\UserControls\EstoqueControl.xaml.cs","1380","ReceitaEstimadaTotal = produto.TotalVendas * produto.PrecoVenda,"
"Preco|Valor|Total|Custo|Desconto|Comissao|Saldo|Receber|Pagar","PrimoAutoEletrica\UserControls\EstoqueControl.xaml.cs","1381","ReceitaEstimadaMes = produto.VendasUltimoMes * produto.PrecoVenda,"
"Preco|Valor|Total|Custo|Desconto|Comissao|Saldo|Receber|Pagar","PrimoAutoEletrica\UserControls\EstoqueControl.xaml.cs","1390","MargemBaixa = margemBaixa,"
"Preco|Valor|Total|Custo|Desconto|Comissao|Saldo|Receber|Pagar","PrimoAutoEletrica\UserControls\EstoqueControl.xaml.cs","1401","var valorTotalEstoque = itens.Sum(item => Math.Max(0m, item.ValorTotalEstoque));"
"Preco|Valor|Total|Custo|Desconto|Comissao|Saldo|Receber|Pagar","PrimoAutoEletrica\UserControls\EstoqueControl.xaml.cs","1402","if (valorTotalEstoque <= 0)"
"Preco|Valor|Total|Custo|Desconto|Comissao|Saldo|Receber|Pagar","PrimoAutoEletrica\UserControls\EstoqueControl.xaml.cs","1406","item.CurvaAbc = ""Sem valor"";"
"decimal","PrimoAutoEletrica\UserControls\EstoqueControl.xaml.cs","1414","decimal acumulado = 0m;"
"Preco|Valor|Total|Custo|Desconto|Comissao|Saldo|Receber|Pagar","PrimoAutoEletrica\UserControls\EstoqueControl.xaml.cs","1416",".OrderByDescending(item => item.ValorTotalEstoque)"
"Preco|Valor|Total|Custo|Desconto|Comissao|Saldo|Receber|Pagar","PrimoAutoEletrica\UserControls\EstoqueControl.xaml.cs","1419","var valorItem = Math.Max(0m, item.ValorTotalEstoque);"
"Preco|Valor|Total|Custo|Desconto|Comissao|Saldo|Receber|Pagar","PrimoAutoEletrica\UserControls\EstoqueControl.xaml.cs","1420","var acumuladoAntes = acumulado / valorTotalEstoque * 100m;"
"Preco|Valor|Total|Custo|Desconto|Comissao|Saldo|Receber|Pagar","PrimoAutoEletrica\UserControls\EstoqueControl.xaml.cs","1421","acumulado += valorItem;"
"Preco|Valor|Total|Custo|Desconto|Comissao|Saldo|Receber|Pagar","PrimoAutoEletrica\UserControls\EstoqueControl.xaml.cs","1423","var participacao = valorItem / valorTotalEstoque * 100m;"
"Preco|Valor|Total|Custo|Desconto|Comissao|Saldo|Receber|Pagar","PrimoAutoEletrica\UserControls\EstoqueControl.xaml.cs","1424","var acumuladoPercentual = acumulado / valorTotalEstoque * 100m;"
"decimal","PrimoAutoEletrica\UserControls\EstoqueControl.xaml.cs","1522","public decimal PrecoCompra { get; init; }"
"Preco|Valor|Total|Custo|Desconto|Comissao|Saldo|Receber|Pagar","PrimoAutoEletrica\UserControls\EstoqueControl.xaml.cs","1522","public decimal PrecoCompra { get; init; }"
"decimal","PrimoAutoEletrica\UserControls\EstoqueControl.xaml.cs","1523","public decimal PrecoVenda { get; init; }"
"Preco|Valor|Total|Custo|Desconto|Comissao|Saldo|Receber|Pagar","PrimoAutoEletrica\UserControls\EstoqueControl.xaml.cs","1523","public decimal PrecoVenda { get; init; }"
"decimal","PrimoAutoEletrica\UserControls\EstoqueControl.xaml.cs","1524","public decimal MargemLucro { get; init; }"
"Preco|Valor|Total|Custo|Desconto|Comissao|Saldo|Receber|Pagar","PrimoAutoEletrica\UserControls\EstoqueControl.xaml.cs","1524","public decimal MargemLucro { get; init; }"
"decimal","PrimoAutoEletrica\UserControls\EstoqueControl.xaml.cs","1525","public decimal ValorTotalEstoque { get; init; }"
"Preco|Valor|Total|Custo|Desconto|Comissao|Saldo|Receber|Pagar","PrimoAutoEletrica\UserControls\EstoqueControl.xaml.cs","1525","public decimal ValorTotalEstoque { get; init; }"
"Preco|Valor|Total|Custo|Desconto|Comissao|Saldo|Receber|Pagar","PrimoAutoEletrica\UserControls\EstoqueControl.xaml.cs","1526","public string CurvaAbc { get; set; } = ""Sem valor"";"
"decimal","PrimoAutoEletrica\UserControls\EstoqueControl.xaml.cs","1527","public decimal ParticipacaoEstoquePercentual { get; set; }"
"decimal","PrimoAutoEletrica\UserControls\EstoqueControl.xaml.cs","1528","public decimal ParticipacaoAcumuladaPercentual { get; set; }"
"Preco|Valor|Total|Custo|Desconto|Comissao|Saldo|Receber|Pagar","PrimoAutoEletrica\UserControls\EstoqueControl.xaml.cs","1531","public int TotalVendas { get; init; }"
"decimal","PrimoAutoEletrica\UserControls\EstoqueControl.xaml.cs","1534","public decimal ReceitaEstimadaTotal { get; init; }"
"decimal","PrimoAutoEletrica\UserControls\EstoqueControl.xaml.cs","1535","public decimal ReceitaEstimadaMes { get; init; }"
"Preco|Valor|Total|Custo|Desconto|Comissao|Saldo|Receber|Pagar","PrimoAutoEletrica\UserControls\EstoqueControl.xaml.cs","1544","public bool MargemBaixa { get; init; }"
"Preco|Valor|Total|Custo|Desconto|Comissao|Saldo|Receber|Pagar","PrimoAutoEletrica\UserControls\FinanceiroControl.xaml.cs","142","private void ComissaoTecnicosButton_Click(object sender, RoutedEventArgs e)"
"Preco|Valor|Total|Custo|Desconto|Comissao|Saldo|Receber|Pagar","PrimoAutoEletrica\UserControls\FinanceiroControl.xaml.cs","146","var win = new Views.ComissaoSettlementWindow { Owner = Window.GetWindow(this) };"
"Preco|Valor|Total|Custo|Desconto|Comissao|Saldo|Receber|Pagar","PrimoAutoEletrica\UserControls\FinanceiroControl.xaml.cs","151","MessageBox.Show(ex.Message, ""Comissao"", MessageBoxButton.OK, MessageBoxImage.Error);"
"decimal","PrimoAutoEletrica\UserControls\FinanceiroControl.xaml.cs","196","new Dictionary<string, decimal>"
"Preco|Valor|Total|Custo|Desconto|Comissao|Saldo|Receber|Pagar","PrimoAutoEletrica\UserControls\FinanceiroControl.xaml.cs","198","{ ""Saldo Atual"", _viewModel.SaldoAtual },"
"Preco|Valor|Total|Custo|Desconto|Comissao|Saldo|Receber|Pagar","PrimoAutoEletrica\UserControls\FinanceiroControl.xaml.cs","199","{ ""Entradas"", _viewModel.TotalEntradas },"
"Preco|Valor|Total|Custo|Desconto|Comissao|Saldo|Receber|Pagar","PrimoAutoEletrica\UserControls\FinanceiroControl.xaml.cs","200","{ ""Saidas"", _viewModel.TotalSaidas },"
"Preco|Valor|Total|Custo|Desconto|Comissao|Saldo|Receber|Pagar","PrimoAutoEletrica\UserControls\FinanceiroControl.xaml.cs","201","{ ""Saldo Projetado"", _viewModel.SaldoPrevisto }"
"Preco|Valor|Total|Custo|Desconto|Comissao|Saldo|Receber|Pagar","PrimoAutoEletrica\UserControls\FinanceiroControl.xaml.cs","252","var (entradas, saidas, saldo) = financeiroDbService.ObterResumoFinanceiro("
"Preco|Valor|Total|Custo|Desconto|Comissao|Saldo|Receber|Pagar","PrimoAutoEletrica\UserControls\FinanceiroControl.xaml.cs","261","saldo,"
"Preco|Valor|Total|Custo|Desconto|Comissao|Saldo|Receber|Pagar","PrimoAutoEletrica\UserControls\FinanceiroControl.xaml.cs","349","var (entradas, saidas, saldo) = financeiroDbService.ObterResumoFinanceiro(inicio, fim);"
"Preco|Valor|Total|Custo|Desconto|Comissao|Saldo|Receber|Pagar","PrimoAutoEletrica\UserControls\FinanceiroControl.xaml.cs","372","AdicionarResumoFinanceiro(documento, entradas, saidas, saldo);"
"decimal","PrimoAutoEletrica\UserControls\FinanceiroControl.xaml.cs","379","private static void AdicionarResumoFinanceiro(FlowDocument documento, decimal entradas, decimal saidas, decimal saldo)"
"Preco|Valor|Total|Custo|Desconto|Comissao|Saldo|Receber|Pagar","PrimoAutoEletrica\UserControls\FinanceiroControl.xaml.cs","379","private static void AdicionarResumoFinanceiro(FlowDocument documento, decimal entradas, decimal saidas, decimal saldo)"
"Preco|Valor|Total|Custo|Desconto|Comissao|Saldo|Receber|Pagar","PrimoAutoEletrica\UserControls\FinanceiroControl.xaml.cs","389","AdicionarLinha(tabela, true, ""Entradas"", ""Saidas"", ""Saldo"");"
"Preco|Valor|Total|Custo|Desconto|Comissao|Saldo|Receber|Pagar","PrimoAutoEletrica\UserControls\FinanceiroControl.xaml.cs","390","AdicionarLinha(tabela, false, entradas.ToString(""C""), saidas.ToString(""C""), saldo.ToString(""C""));"
"Preco|Valor|Total|Custo|Desconto|Comissao|Saldo|Receber|Pagar","PrimoAutoEletrica\UserControls\FinanceiroControl.xaml.cs","396","documento.Blocks.Add(new Paragraph(new Run(""Contas a pagar""))"
"Preco|Valor|Total|Custo|Desconto|Comissao|Saldo|Receber|Pagar","PrimoAutoEletrica\UserControls\FinanceiroControl.xaml.cs","405","documento.Blocks.Add(new Paragraph(new Run(""Nenhuma conta a pagar no filtro atual."")));"
"Preco|Valor|Total|Custo|Desconto|Comissao|Saldo|Receber|Pagar","PrimoAutoEletrica\UserControls\FinanceiroControl.xaml.cs","410","AdicionarLinha(tabela, true, ""Fornecedor"", ""Vencimento"", ""Status"", ""Valor"");"
"Preco|Valor|Total|Custo|Desconto|Comissao|Saldo|Receber|Pagar","PrimoAutoEletrica\UserControls\FinanceiroControl.xaml.cs","419","conta.Valor.ToString(""C""));"
"Preco|Valor|Total|Custo|Desconto|Comissao|Saldo|Receber|Pagar","PrimoAutoEletrica\UserControls\FinanceiroControl.xaml.cs","427","documento.Blocks.Add(new Paragraph(new Run(""Contas a receber""))"
"Preco|Valor|Total|Custo|Desconto|Comissao|Saldo|Receber|Pagar","PrimoAutoEletrica\UserControls\FinanceiroControl.xaml.cs","436","documento.Blocks.Add(new Paragraph(new Run(""Nenhuma conta a receber no filtro atual."")));"
"Preco|Valor|Total|Custo|Desconto|Comissao|Saldo|Receber|Pagar","PrimoAutoEletrica\UserControls\FinanceiroControl.xaml.cs","441","AdicionarLinha(tabela, true, ""Cliente"", ""Vencimento"", ""Status"", ""Valor"");"
"Preco|Valor|Total|Custo|Desconto|Comissao|Saldo|Receber|Pagar","PrimoAutoEletrica\UserControls\FinanceiroControl.xaml.cs","450","conta.Valor.ToString(""C""));"
"Preco|Valor|Total|Custo|Desconto|Comissao|Saldo|Receber|Pagar","PrimoAutoEletrica\UserControls\FinanceiroControl.xaml.cs","474","private static void AdicionarLinha(Table tabela, bool cabecalho, params string[] valores)"
"Preco|Valor|Total|Custo|Desconto|Comissao|Saldo|Receber|Pagar","PrimoAutoEletrica\UserControls\FinanceiroControl.xaml.cs","477","foreach (var valor in valores)"
"Preco|Valor|Total|Custo|Desconto|Comissao|Saldo|Receber|Pagar","PrimoAutoEletrica\UserControls\FinanceiroControl.xaml.cs","479","var paragrafo = new Paragraph(new Run(valor))"
"Preco|Valor|Total|Custo|Desconto|Comissao|Saldo|Receber|Pagar","PrimoAutoEletrica\UserControls\FinanceiroControl.xaml.cs","499","ExibirMensagem(""Filtros avancados disponiveis nos botoes de filtro das secoes de Contas a Pagar e Contas a Receber."", ""Filtros"", MessageBoxImage.Information);"
"Preco|Valor|Total|Custo|Desconto|Comissao|Saldo|Receber|Pagar","PrimoAutoEletrica\UserControls\FinanceiroControl.xaml.cs","547","ExibirMensagem(""Selecione uma conta a pagar para registrar a baixa."", ""Financeiro"", MessageBoxImage.Information);"
"Preco|Valor|Total|Custo|Desconto|Comissao|Saldo|Receber|Pagar","PrimoAutoEletrica\UserControls\FinanceiroControl.xaml.cs","561","WindowTitle = ""Baixar conta a pagar"","
"Preco|Valor|Total|Custo|Desconto|Comissao|Saldo|Receber|Pagar","PrimoAutoEletrica\UserControls\FinanceiroControl.xaml.cs","564","Details = $""Fornecedor: {conta.Fornecedor}\nVencimento: {conta.DataVencimento:dd/MM/yyyy}\nValor: {conta.Valor:C}"","
"Preco|Valor|Total|Custo|Desconto|Comissao|Saldo|Receber|Pagar","PrimoAutoEletrica\UserControls\FinanceiroControl.xaml.cs","578","ExibirMensagem(""Conta a pagar liquidada com sucesso!"", ""Financeiro"", MessageBoxImage.Information);"
"Preco|Valor|Total|Custo|Desconto|Comissao|Saldo|Receber|Pagar","PrimoAutoEletrica\UserControls\FinanceiroControl.xaml.cs","582","global::PrimoAutoEletrica.App.Logger.LogError(""Falha ao liquidar conta a pagar selecionada."", ex, ""Financeiro"");"
"Preco|Valor|Total|Custo|Desconto|Comissao|Saldo|Receber|Pagar","PrimoAutoEletrica\UserControls\FinanceiroControl.xaml.cs","583","ExibirMensagem($""Erro ao baixar conta a pagar:\n\n{ex.Message}"", UiText.T(""Error""), MessageBoxImage.Error, ex);"
"Preco|Valor|Total|Custo|Desconto|Comissao|Saldo|Receber|Pagar","PrimoAutoEletrica\UserControls\FinanceiroControl.xaml.cs","592","ExibirMensagem(""Selecione uma conta a receber para registrar o recebimento."", ""Financeiro"", MessageBoxImage.Information);"
"Preco|Valor|Total|Custo|Desconto|Comissao|Saldo|Receber|Pagar","PrimoAutoEletrica\UserControls\FinanceiroControl.xaml.cs","607","WindowTitle = ""Receber conta a receber"","
"Preco|Valor|Total|Custo|Desconto|Comissao|Saldo|Receber|Pagar","PrimoAutoEletrica\UserControls\FinanceiroControl.xaml.cs","610","Details = $""Cliente: {conta.Cliente}\nVencimento: {conta.DataVencimento:dd/MM/yyyy}\nValor: {conta.Valor:C}"","
"Preco|Valor|Total|Custo|Desconto|Comissao|Saldo|Receber|Pagar","PrimoAutoEletrica\UserControls\FinanceiroControl.xaml.cs","612","Keyword = ""RECEBER"","
"Preco|Valor|Total|Custo|Desconto|Comissao|Saldo|Receber|Pagar","PrimoAutoEletrica\UserControls\FinanceiroControl.xaml.cs","624","ExibirMensagem(""Conta a receber liquidada com sucesso!"", ""Financeiro"", MessageBoxImage.Information);"
"Preco|Valor|Total|Custo|Desconto|Comissao|Saldo|Receber|Pagar","PrimoAutoEletrica\UserControls\FinanceiroControl.xaml.cs","628","global::PrimoAutoEletrica.App.Logger.LogError(""Falha ao liquidar conta a receber selecionada."", ex, ""Financeiro"");"
"Preco|Valor|Total|Custo|Desconto|Comissao|Saldo|Receber|Pagar","PrimoAutoEletrica\UserControls\FinanceiroControl.xaml.cs","638","ExibirMensagem(""Selecione uma conta a receber para abrir a origem."", ""Financeiro"", MessageBoxImage.Information);"
"Preco|Valor|Total|Custo|Desconto|Comissao|Saldo|Receber|Pagar","PrimoAutoEletrica\UserControls\FinanceiroControl.xaml.cs","719","App.Logger.LogError(""Falha ao abrir origem da conta a receber."", ex, ""Financeiro"");"
"Preco|Valor|Total|Custo|Desconto|Comissao|Saldo|Receber|Pagar","PrimoAutoEletrica\UserControls\FinanceiroControl.xaml.cs","758","var (entradas, saidas, saldo) = financeiroDbService.ObterResumoFinanceiro("
"Preco|Valor|Total|Custo|Desconto|Comissao|Saldo|Receber|Pagar","PrimoAutoEletrica\UserControls\FinanceiroControl.xaml.cs","767","saldo,"
"Preco|Valor|Total|Custo|Desconto|Comissao|Saldo|Receber|Pagar","PrimoAutoEletrica\UserControls\FornecedoresControl.xaml.cs","56","if (TotalFornecedoresText != null)"
"Preco|Valor|Total|Custo|Desconto|Comissao|Saldo|Receber|Pagar","PrimoAutoEletrica\UserControls\FornecedoresControl.xaml.cs","77","if (TotalFornecedoresText != null)"
"Preco|Valor|Total|Custo|Desconto|Comissao|Saldo|Receber|Pagar","PrimoAutoEletrica\UserControls\FornecedoresControl.xaml.cs","78","TotalFornecedoresText.Text = _todosFornecedores.Count.ToString();"
"Preco|Valor|Total|Custo|Desconto|Comissao|Saldo|Receber|Pagar","PrimoAutoEletrica\UserControls\FornecedoresControl.xaml.cs","91",".ThenByDescending(f => f.TotalCompras)"
"Preco|Valor|Total|Custo|Desconto|Comissao|Saldo|Receber|Pagar","PrimoAutoEletrica\UserControls\FornecedoresControl.xaml.cs","140","private static bool Contem(string? valor, string busca)"
"Preco|Valor|Total|Custo|Desconto|Comissao|Saldo|Receber|Pagar","PrimoAutoEletrica\UserControls\FornecedoresControl.xaml.cs","142","return !string.IsNullOrWhiteSpace(valor)"
"Preco|Valor|Total|Custo|Desconto|Comissao|Saldo|Receber|Pagar","PrimoAutoEletrica\UserControls\FornecedoresControl.xaml.cs","143","&& valor.Contains(busca, StringComparison.OrdinalIgnoreCase);"
"Preco|Valor|Total|Custo|Desconto|Comissao|Saldo|Receber|Pagar","PrimoAutoEletrica\UserControls\FornecedoresControl.xaml.cs","146","private static string ObterTextoComboBox(ComboBox comboBox, string valorPadrao)"
"Preco|Valor|Total|Custo|Desconto|Comissao|Saldo|Receber|Pagar","PrimoAutoEletrica\UserControls\FornecedoresControl.xaml.cs","149","return valorPadrao;"
"Preco|Valor|Total|Custo|Desconto|Comissao|Saldo|Receber|Pagar","PrimoAutoEletrica\UserControls\FornecedoresControl.xaml.cs","152","return item.Content.ToString() ?? valorPadrao;"
"Preco|Valor|Total|Custo|Desconto|Comissao|Saldo|Receber|Pagar","PrimoAutoEletrica\UserControls\FornecedoresControl.xaml.cs","154","return valorPadrao;"
"Preco|Valor|Total|Custo|Desconto|Comissao|Saldo|Receber|Pagar","PrimoAutoEletrica\UserControls\FuncionariosControl.xaml.cs","95","TotalFuncionariosTextBlock.Text = _funcionarios.Count.ToString();"
"double","PrimoAutoEletrica\UserControls\HelpControl.xaml.cs","316","if (expander.Content is FrameworkElement fe) fe.Height = double.NaN;"
"Preco|Valor|Total|Custo|Desconto|Comissao|Saldo|Receber|Pagar","PrimoAutoEletrica\UserControls\HelpControl.xaml.cs","526","""pdv"" => MockLines(""PDV"", ""Total R$ 420,00"", ""Pagamento PIX""),"
"Preco|Valor|Total|Custo|Desconto|Comissao|Saldo|Receber|Pagar","PrimoAutoEletrica\UserControls\HelpControl.xaml.cs","529","""financeiro"" => MockLines(""Financeiro"", ""A receber R$ 12.450"", ""A pagar R$ 4.820""),"
"Preco|Valor|Total|Custo|Desconto|Comissao|Saldo|Receber|Pagar","PrimoAutoEletrica\UserControls\HelpControl.xaml.cs","534","_ => MockLines(""Exemplo"", ""Campo · Valor"")"
"double","PrimoAutoEletrica\UserControls\HelpControl.xaml.cs","589","private TextBlock Tb(string text, double size, FontWeight weight, string brush,"
"double","PrimoAutoEletrica\UserControls\HelpControl.xaml.cs","590","double l = 0, double t = 0, double r = 0, double b = 0, bool wrap = true)"
"Preco|Valor|Total|Custo|Desconto|Comissao|Saldo|Receber|Pagar","PrimoAutoEletrica\UserControls\HelpTopicsCatalog.cs","19","Purpose = ""Se você acabou de instalar o programa e não quer pagar treinamento: siga esta página na ordem. Não pule."","
"Preco|Valor|Total|Custo|Desconto|Comissao|Saldo|Receber|Pagar","PrimoAutoEletrica\UserControls\HelpTopicsCatalog.cs","34","""Receber o dinheiro (Financeiro ou PDV)"","
"Preco|Valor|Total|Custo|Desconto|Comissao|Saldo|Receber|Pagar","PrimoAutoEletrica\UserControls\HelpTopicsCatalog.cs","126","""Menu → PDV. Se pedir para abrir caixa, abra com um valor (ex.: 100)."","
"Preco|Valor|Total|Custo|Desconto|Comissao|Saldo|Receber|Pagar","PrimoAutoEletrica\UserControls\HelpTopicsCatalog.cs","236","""FINANCEIRO — contas a pagar e a receber (o dinheiro “de verdade”)"","
"Preco|Valor|Total|Custo|Desconto|Comissao|Saldo|Receber|Pagar","PrimoAutoEletrica\UserControls\HelpTopicsCatalog.cs","302","""Manhã: PDV → Abrir caixa (conte o troco na mão e digite o valor)"","
"Preco|Valor|Total|Custo|Desconto|Comissao|Saldo|Receber|Pagar","PrimoAutoEletrica\UserControls\HelpTopicsCatalog.cs","312","""Troco errado = prejuízo: confira antes de finalizar"""
"Preco|Valor|Total|Custo|Desconto|Comissao|Saldo|Receber|Pagar","PrimoAutoEletrica\UserControls\HelpTopicsCatalog.cs","333","""Não finalize sem lançar peça — o estoque mente e o lucro some"","
"Preco|Valor|Total|Custo|Desconto|Comissao|Saldo|Receber|Pagar","PrimoAutoEletrica\UserControls\HelpTopicsCatalog.cs","341","Title = ""Como treinar sua equipe (sem pagar curso)"","
"REAL_sql","PrimoAutoEletrica\UserControls\HelpTopicsCatalog.cs","351","""NÓS FAZEMOS: ele clica, você corrige ao lado (1 atendimento real simples)."","
"REAL_sql","PrimoAutoEletrica\UserControls\HelpTopicsCatalog.cs","511","""Se pedir CPF/CNPJ, preencha só com dados de teste (nunca use documento real de terceiro)."","
"Preco|Valor|Total|Custo|Desconto|Comissao|Saldo|Receber|Pagar","PrimoAutoEletrica\UserControls\HelpTopicsCatalog.cs","535","""Mostrar ao cliente o que será feito e o preço ANTES de executar."","
"Preco|Valor|Total|Custo|Desconto|Comissao|Saldo|Receber|Pagar","PrimoAutoEletrica\UserControls\HelpTopicsCatalog.cs","542","""Revise o total. Clique em “Salvar” ou “Salvar rascunho”, conforme o botão disponível."","
"Preco|Valor|Total|Custo|Desconto|Comissao|Saldo|Receber|Pagar","PrimoAutoEletrica\UserControls\HelpTopicsCatalog.cs","570","""Se aparecer “Abrir caixa”, clique e informe o valor inicial da gaveta (ex.: 100,00). Confirme."","
"Preco|Valor|Total|Custo|Desconto|Comissao|Saldo|Receber|Pagar","PrimoAutoEletrica\UserControls\HelpTopicsCatalog.cs","573","""Clique em finalizar/receber e confirme."","
"Preco|Valor|Total|Custo|Desconto|Comissao|Saldo|Receber|Pagar","PrimoAutoEletrica\UserControls\HelpTopicsCatalog.cs","626","new[] { ""Saldos"", ""Alertas"", ""Movimentações"" }, new[] { ""Cadastrar"", ""Entrar peça"", ""Olhar mínimo"" }, ""estoque"");"
"Preco|Valor|Total|Custo|Desconto|Comissao|Saldo|Receber|Pagar","PrimoAutoEletrica\UserControls\HelpTopicsCatalog.cs","633","AddMod(t, ""modulo-financeiro"", ""Financeiro"", ""Contas a pagar e receber."","
"Preco|Valor|Total|Custo|Desconto|Comissao|Saldo|Receber|Pagar","PrimoAutoEletrica\UserControls\HelpTopicsCatalog.cs","634","new[] { ""A receber"", ""A pagar"", ""Saldo"" }, new[] { ""Baixar recebimento"", ""Lançar despesa"" }, ""financeiro"");"
"Preco|Valor|Total|Custo|Desconto|Comissao|Saldo|Receber|Pagar","PrimoAutoEletrica\UserControls\HelpTopicsCatalog.cs","689","""Precisa cobrar / pagar? → Financeiro"","
"Preco|Valor|Total|Custo|Desconto|Comissao|Saldo|Receber|Pagar","PrimoAutoEletrica\UserControls\HelpTopicsCatalog.cs","734","""Receber (Financeiro ou PDV, conforme o caso)"","
"Preco|Valor|Total|Custo|Desconto|Comissao|Saldo|Receber|Pagar","PrimoAutoEletrica\UserControls\HelpTopicsCatalog.cs","780","""Filtrar contas a receber vencidas / de hoje"","
"Preco|Valor|Total|Custo|Desconto|Comissao|Saldo|Receber|Pagar","PrimoAutoEletrica\UserControls\HelpTopicsCatalog.cs","782","""Conferir contas a pagar e lançar despesas quando for o caso"","
"Preco|Valor|Total|Custo|Desconto|Comissao|Saldo|Receber|Pagar","PrimoAutoEletrica\UserControls\HelpTopicsCatalog.cs","788","""Não baixe conta sem conferir valor e forma de pagamento"","
"Preco|Valor|Total|Custo|Desconto|Comissao|Saldo|Receber|Pagar","PrimoAutoEletrica\UserControls\HelpTopicsCatalog.cs","799","""Localize as abas ou listas de Contas a Receber e Contas a Pagar."","
"REAL_sql","PrimoAutoEletrica\UserControls\HelpTopicsCatalog.cs","802","""Use o botão de baixa / receber / pagar conforme o rótulo real da tela."","
"Preco|Valor|Total|Custo|Desconto|Comissao|Saldo|Receber|Pagar","PrimoAutoEletrica\UserControls\HelpTopicsCatalog.cs","802","""Use o botão de baixa / receber / pagar conforme o rótulo real da tela."","
"Preco|Valor|Total|Custo|Desconto|Comissao|Saldo|Receber|Pagar","PrimoAutoEletrica\UserControls\HelpTopicsCatalog.cs","803","""Confirme o valor e a forma de pagamento (ex.: PIX, Dinheiro)."","
"Preco|Valor|Total|Custo|Desconto|Comissao|Saldo|Receber|Pagar","PrimoAutoEletrica\UserControls\HelpTopicsCatalog.cs","878","E(""Estoque não atualizou"", ""Saldo mente."", ""Confira se a venda passou no PDV ou se a peça foi lançada na OS.""),"
"Preco|Valor|Total|Custo|Desconto|Comissao|Saldo|Receber|Pagar","PrimoAutoEletrica\UserControls\HelpTopicsCatalog.cs","1062","E(""OS sem peça lançada"", ""Estoque e lucro mentem."", ""Lance as peças na OS ou faça saída no estoque com o gerente.""),"
"REAL_sql","PrimoAutoEletrica\UserControls\HelpTopicsCatalog.cs","1063","E(""Status esquecido"", ""Kanban mente, carro some na fila."", ""Atualize o status no momento real."")"
"Preco|Valor|Total|Custo|Desconto|Comissao|Saldo|Receber|Pagar","PrimoAutoEletrica\UserControls\HelpTopicsCatalog.cs","1073","E(""NF-e importada 2 vezes"", ""Estoque inflado."", ""Ajuste o saldo com o gerente e não reimporte a mesma nota."")"
"Preco|Valor|Total|Custo|Desconto|Comissao|Saldo|Receber|Pagar","PrimoAutoEletrica\UserControls\HelpTopicsCatalog.cs","1105","G(""Orçamentos"", ""Proposta de preço."", new[] { ""Itens"", ""Total"", ""Status"" }, new[] { ""Envie no mesmo atendimento."" }, new[] { ""Não é OS ainda."" }, new[] { ""Conve"
"Preco|Valor|Total|Custo|Desconto|Comissao|Saldo|Receber|Pagar","PrimoAutoEletrica\UserControls\HelpTopicsCatalog.cs","1108","G(""PDV"", ""Caixa do balcão."", new[] { ""Venda"", ""Pagamento"", ""Caixa"" }, new[] { ""Abrir e fechar todo dia."" }, new[] { ""Troco e forma de pagamento."" }, new[] { ""Do"
"Preco|Valor|Total|Custo|Desconto|Comissao|Saldo|Receber|Pagar","PrimoAutoEletrica\UserControls\HelpTopicsCatalog.cs","1110","G(""Estoque / NF-e"", ""Peças e entrada."", new[] { ""Saldo"", ""Alertas"", ""XML"" }, new[] { ""Olhe alertas de manhã."" }, new[] { ""Ajuste sem contar a prateleira."" }, ne"
"Preco|Valor|Total|Custo|Desconto|Comissao|Saldo|Receber|Pagar","PrimoAutoEletrica\UserControls\HelpTopicsCatalog.cs","1111","G(""Financeiro / Relatórios"", ""Dinheiro e números."", new[] { ""A receber"", ""A pagar"", ""PDF"" }, new[] { ""Baixe recebimento no dia."" }, new[] { ""Período errado no r"
"Preco|Valor|Total|Custo|Desconto|Comissao|Saldo|Receber|Pagar","PrimoAutoEletrica\UserControls\ImportarNFeControl.xaml.cs","112","ValorTotal = notaResumo.ValorTotal,"
"Preco|Valor|Total|Custo|Desconto|Comissao|Saldo|Receber|Pagar","PrimoAutoEletrica\UserControls\ImportarNFeControl.xaml.cs","240","TotalImportacoesText.Text = itens.Count.ToString(CultureInfo.InvariantCulture);"
"Preco|Valor|Total|Custo|Desconto|Comissao|Saldo|Receber|Pagar","PrimoAutoEletrica\UserControls\ImportarNFeControl.xaml.cs","262","EmptyStateDescriptionText.Text = ""Importe um XML para criar ou atualizar produtos do estoque com conferencia de fornecedor, valores e dados fiscais."";"
"Preco|Valor|Total|Custo|Desconto|Comissao|Saldo|Receber|Pagar","PrimoAutoEletrica\UserControls\ImportarNFeControl.xaml.cs","555","$""Valor total: {item.ValorTotal:C}\n"" +"
"Preco|Valor|Total|Custo|Desconto|Comissao|Saldo|Receber|Pagar","PrimoAutoEletrica\UserControls\ImportarNFeControl.xaml.cs","672","private static bool Contem(string valor, string busca)"
"Preco|Valor|Total|Custo|Desconto|Comissao|Saldo|Receber|Pagar","PrimoAutoEletrica\UserControls\ImportarNFeControl.xaml.cs","674","return valor.Contains(busca, StringComparison.OrdinalIgnoreCase);"
"Preco|Valor|Total|Custo|Desconto|Comissao|Saldo|Receber|Pagar","PrimoAutoEletrica\UserControls\ImportarNFeControl.xaml.cs","677","private static string TextoOuPadrao(string? valor)"
"Preco|Valor|Total|Custo|Desconto|Comissao|Saldo|Receber|Pagar","PrimoAutoEletrica\UserControls\ImportarNFeControl.xaml.cs","679","return string.IsNullOrWhiteSpace(valor) ? ""-"" : valor.Trim();"
"decimal","PrimoAutoEletrica\UserControls\ImportarNFeControl.xaml.cs","697","public decimal ValorTotal { get; init; }"
"Preco|Valor|Total|Custo|Desconto|Comissao|Saldo|Receber|Pagar","PrimoAutoEletrica\UserControls\ImportarNFeControl.xaml.cs","697","public decimal ValorTotal { get; init; }"
"Preco|Valor|Total|Custo|Desconto|Comissao|Saldo|Receber|Pagar","PrimoAutoEletrica\UserControls\OrcamentoCarrinhoControl.xaml.cs","47","item.Subtotal = item.Quantidade * item.PrecoUnitario;"
"Preco|Valor|Total|Custo|Desconto|Comissao|Saldo|Receber|Pagar","PrimoAutoEletrica\UserControls\OrcamentoCarrinhoControl.xaml.cs","48","item.LucroEstimado = (item.PrecoUnitario - item.PrecoCusto) * item.Quantidade;"
"Preco|Valor|Total|Custo|Desconto|Comissao|Saldo|Receber|Pagar","PrimoAutoEletrica\UserControls\OrcamentoCarrinhoControl.xaml.cs","49","item.MargemLucro = item.PrecoUnitario > 0 ? ((item.PrecoUnitario - item.PrecoCusto) / item.PrecoUnitario) * 100 : 0;"
"Preco|Valor|Total|Custo|Desconto|Comissao|Saldo|Receber|Pagar","PrimoAutoEletrica\UserControls\OrcamentoCarrinhoControl.xaml.cs","93","PrecoUnitario = item.PrecoUnitario,"
"Preco|Valor|Total|Custo|Desconto|Comissao|Saldo|Receber|Pagar","PrimoAutoEletrica\UserControls\OrcamentoCarrinhoControl.xaml.cs","94","PrecoCusto = item.PrecoCusto,"
"Preco|Valor|Total|Custo|Desconto|Comissao|Saldo|Receber|Pagar","PrimoAutoEletrica\UserControls\OrcamentoCarrinhoControl.xaml.cs","95","Desconto = item.Desconto,"
"Preco|Valor|Total|Custo|Desconto|Comissao|Saldo|Receber|Pagar","PrimoAutoEletrica\UserControls\OrcamentoCarrinhoControl.xaml.cs","117","PrecoCompra = item.PrecoCusto,"
"Preco|Valor|Total|Custo|Desconto|Comissao|Saldo|Receber|Pagar","PrimoAutoEletrica\UserControls\OrcamentoCarrinhoControl.xaml.cs","118","PrecoVenda = item.PrecoUnitario,"
"Preco|Valor|Total|Custo|Desconto|Comissao|Saldo|Receber|Pagar","PrimoAutoEletrica\UserControls\OrcamentoCarrinhoControl.xaml.cs","119","MargemLucro = item.MargemLucro,"
"Preco|Valor|Total|Custo|Desconto|Comissao|Saldo|Receber|Pagar","PrimoAutoEletrica\UserControls\OrcamentosControl.xaml.cs","225","return $""Ola {cliente.Nome}! Segue seu orcamento {orcamento.Numero}{textoVeiculo} no valor de {orcamento.Total:C}. Validade: {validade}. Aguardamos seu retorno!"
"Preco|Valor|Total|Custo|Desconto|Comissao|Saldo|Receber|Pagar","PrimoAutoEletrica\UserControls\OrcamentosControl.xaml.cs","252","var corpo = $""Ola {orcamento.Cliente.Nome}!\n\nSegue seu orcamento {orcamento.Numero} no valor de {orcamento.Total:C}.\n\nData de Criacao: {orcamento.DataCriaca"
"Preco|Valor|Total|Custo|Desconto|Comissao|Saldo|Receber|Pagar","PrimoAutoEletrica\UserControls\OrcamentosControl.xaml.cs","293","Details = $""Cliente: {orcamento.Cliente?.Nome ?? ""Nao informado""}\nItens: {orcamento.Itens.Count}\nTotal: {orcamento.Total:C}"","
"Preco|Valor|Total|Custo|Desconto|Comissao|Saldo|Receber|Pagar","PrimoAutoEletrica\UserControls\OrcamentosControl.xaml.cs","311","detalhes: $""Numero={orcamento.Numero}; Cliente={orcamento.Cliente?.Nome ?? ""Nao informado""}; Total={orcamento.Total:C}"","
"Preco|Valor|Total|Custo|Desconto|Comissao|Saldo|Receber|Pagar","PrimoAutoEletrica\UserControls\OrcamentosControl.xaml.cs","312","valorAnterior: $""Status={statusAnterior}"","
"Preco|Valor|Total|Custo|Desconto|Comissao|Saldo|Receber|Pagar","PrimoAutoEletrica\UserControls\OrcamentosControl.xaml.cs","313","valorNovo: ""Status=Aprovado"");"
"REAL_sql","PrimoAutoEletrica\UserControls\OrcamentosControl.xaml.cs","339","Summary = $""Voce esta prestes a converter o orcamento {orcamento.Numero} em venda real."","
"Preco|Valor|Total|Custo|Desconto|Comissao|Saldo|Receber|Pagar","PrimoAutoEletrica\UserControls\OrcamentosControl.xaml.cs","340","Details = $""Cliente: {orcamento.Cliente?.Nome ?? ""Nao informado""}\nItens: {orcamento.Itens.Count}\nTotal: {orcamento.Total:C}\nCondicao de pagamento: {orcamento"
"REAL_sql","PrimoAutoEletrica\UserControls\OrcamentosControl.xaml.cs","341","Impact = ""O sistema vai registrar uma venda real, movimentar estoque e integrar o valor ao financeiro."","
"Preco|Valor|Total|Custo|Desconto|Comissao|Saldo|Receber|Pagar","PrimoAutoEletrica\UserControls\OrcamentosControl.xaml.cs","341","Impact = ""O sistema vai registrar uma venda real, movimentar estoque e integrar o valor ao financeiro."","
"Preco|Valor|Total|Custo|Desconto|Comissao|Saldo|Receber|Pagar","PrimoAutoEletrica\UserControls\OrcamentosControl.xaml.cs","360","detalhes: $""Numero={orcamento.Numero}; Cliente={orcamento.Cliente?.Nome ?? ""Nao informado""}; Itens={orcamento.Itens.Count}; Total={orcamento.Total:C}"","
"Preco|Valor|Total|Custo|Desconto|Comissao|Saldo|Receber|Pagar","PrimoAutoEletrica\UserControls\OrcamentosControl.xaml.cs","361","valorAnterior: $""Status={statusAnterior}"","
"Preco|Valor|Total|Custo|Desconto|Comissao|Saldo|Receber|Pagar","PrimoAutoEletrica\UserControls\OrcamentosControl.xaml.cs","362","valorNovo: ""Status=Convertido em Venda"");"
"Preco|Valor|Total|Custo|Desconto|Comissao|Saldo|Receber|Pagar","PrimoAutoEletrica\UserControls\OrcamentosControl.xaml.cs","401","Details = $""Cliente: {orcamento.Cliente?.Nome ?? ""Nao informado""}\nItens: {orcamento.Itens.Count}\nTotal: {orcamento.Total:C}"","
"Preco|Valor|Total|Custo|Desconto|Comissao|Saldo|Receber|Pagar","PrimoAutoEletrica\UserControls\OrcamentosControl.xaml.cs","419","detalhes: $""Numero={orcamento.Numero}; OrdemServico={ordem.Numero}; Cliente={orcamento.Cliente?.Nome ?? ""Nao informado""}; Total={orcamento.Total:C}"","
"Preco|Valor|Total|Custo|Desconto|Comissao|Saldo|Receber|Pagar","PrimoAutoEletrica\UserControls\OrcamentosControl.xaml.cs","420","valorAnterior: $""Status={statusAnterior}"","
"Preco|Valor|Total|Custo|Desconto|Comissao|Saldo|Receber|Pagar","PrimoAutoEletrica\UserControls\OrcamentosControl.xaml.cs","421","valorNovo: $""Status=Convertido em OS; OrdemServicoId={ordem.Id}"");"
"Preco|Valor|Total|Custo|Desconto|Comissao|Saldo|Receber|Pagar","PrimoAutoEletrica\UserControls\OrcamentosControl.xaml.cs","486","Details = $""Cliente: {orcamento.Cliente?.Nome ?? ""Nao informado""}\nItens: {orcamento.Itens.Count}\nStatus: {orcamento.Status}\nTotal: {orcamento.Total:C}"","
"Preco|Valor|Total|Custo|Desconto|Comissao|Saldo|Receber|Pagar","PrimoAutoEletrica\UserControls\OrcamentosControl.xaml.cs","503","detalhes: $""Numero={orcamento.Numero}; Cliente={orcamento.Cliente?.Nome ?? ""Nao informado""}; Total={orcamento.Total:C}"","
"Preco|Valor|Total|Custo|Desconto|Comissao|Saldo|Receber|Pagar","PrimoAutoEletrica\UserControls\OrcamentosControl.xaml.cs","504","valorAnterior: $""Status={orcamento.Status}"","
"Preco|Valor|Total|Custo|Desconto|Comissao|Saldo|Receber|Pagar","PrimoAutoEletrica\UserControls\OrcamentosControl.xaml.cs","505","valorNovo: UiText.T(""Deleted""));"
"Preco|Valor|Total|Custo|Desconto|Comissao|Saldo|Receber|Pagar","PrimoAutoEletrica\UserControls\OrcamentosControl.xaml.cs","652","Total = 230m"
"Preco|Valor|Total|Custo|Desconto|Comissao|Saldo|Receber|Pagar","PrimoAutoEletrica\UserControls\OrcamentosControl.xaml.cs","664","details: $""Total integrado: {orcamento.Total:C}"","
"Preco|Valor|Total|Custo|Desconto|Comissao|Saldo|Receber|Pagar","PrimoAutoEletrica\UserControls\OrdensServicoControl.xaml.cs","182","TotalAbertasText.Text = abertas.Count.ToString();"
"Preco|Valor|Total|Custo|Desconto|Comissao|Saldo|Receber|Pagar","PrimoAutoEletrica\UserControls\OrdensServicoControl.xaml.cs","189","FaturamentoPrevistoText.Text = abertas.Sum(o => o.Total).ToString(""C"");"
"double","PrimoAutoEletrica\UserControls\OrdensServicoControl.xaml.cs","368","const double margin = 50d;"
"double","PrimoAutoEletrica\UserControls\OrdensServicoControl.xaml.cs","383","double LarguraUtil()"
"double","PrimoAutoEletrica\UserControls\OrdensServicoControl.xaml.cs","388","void GarantirEspaco(double altura)"
"double","PrimoAutoEletrica\UserControls\OrdensServicoControl.xaml.cs","396","void Linha(string texto, PdfSharpCore.Drawing.XFont fonte, PdfSharpCore.Drawing.XBrush brush, double espacamento = 15)"
"Preco|Valor|Total|Custo|Desconto|Comissao|Saldo|Receber|Pagar","PrimoAutoEletrica\UserControls\OrdensServicoControl.xaml.cs","455","Linha($""{linha.Descricao} | {linha.Resumo} | {linha.TotalFormatado}"", font, PdfSharpCore.Drawing.XBrushes.Black);"
"Preco|Valor|Total|Custo|Desconto|Comissao|Saldo|Receber|Pagar","PrimoAutoEletrica\UserControls\OrdensServicoControl.xaml.cs","460","Linha($""Pecas: {item.TotalPecasFormatado}"", font, PdfSharpCore.Drawing.XBrushes.Black);"
"Preco|Valor|Total|Custo|Desconto|Comissao|Saldo|Receber|Pagar","PrimoAutoEletrica\UserControls\OrdensServicoControl.xaml.cs","461","Linha($""Servicos: {item.TotalServicosFormatado}"", font, PdfSharpCore.Drawing.XBrushes.Black);"
"Preco|Valor|Total|Custo|Desconto|Comissao|Saldo|Receber|Pagar","PrimoAutoEletrica\UserControls\OrdensServicoControl.xaml.cs","462","Linha($""Desconto: {item.DescontoFormatado}"", font, PdfSharpCore.Drawing.XBrushes.Firebrick);"
"Preco|Valor|Total|Custo|Desconto|Comissao|Saldo|Receber|Pagar","PrimoAutoEletrica\UserControls\OrdensServicoControl.xaml.cs","463","Linha($""Total da OS: {item.TotalFormatado}"", boldFont, PdfSharpCore.Drawing.XBrushes.DarkOrange, 18);"
"double","PrimoAutoEletrica\UserControls\OrdensServicoControl.xaml.cs","489","double larguraMaxima)"
"Preco|Valor|Total|Custo|Desconto|Comissao|Saldo|Receber|Pagar","PrimoAutoEletrica\UserControls\OrdensServicoControl.xaml.cs","561","$""Conta a receber atualizada para a OS {ordem.Numero}."","
"Preco|Valor|Total|Custo|Desconto|Comissao|Saldo|Receber|Pagar","PrimoAutoEletrica\UserControls\OrdensServicoControl.xaml.cs","788","$""Cliente: {item.ClienteNome}\nVeiculo: {item.VeiculoResumo}\nTotal previsto: {item.TotalFormatado}"","
"Preco|Valor|Total|Custo|Desconto|Comissao|Saldo|Receber|Pagar","PrimoAutoEletrica\UserControls\OrdensServicoControl.xaml.cs","798","$""Numero={item.Numero}; Cliente={item.ClienteNome}; Total={item.TotalFormatado}"");"
"Preco|Valor|Total|Custo|Desconto|Comissao|Saldo|Receber|Pagar","PrimoAutoEletrica\UserControls\OrdensServicoControl.xaml.cs","954","$""Total previsto: {item.TotalFormatado}\n"" +"
"double","PrimoAutoEletrica\UserControls\OrdensServicoControl.xaml.cs","970","ColumnWidth = double.PositiveInfinity,"
"Preco|Valor|Total|Custo|Desconto|Comissao|Saldo|Receber|Pagar","PrimoAutoEletrica\UserControls\OrdensServicoControl.xaml.cs","1195","cabecalho.Cells.Add(CriarCelulaTabelaImpressao(""Total"", true, TextAlignment.Right));"
"Preco|Valor|Total|Custo|Desconto|Comissao|Saldo|Receber|Pagar","PrimoAutoEletrica\UserControls\OrdensServicoControl.xaml.cs","1207","vazio.Cells.Add(CriarCelulaTabelaImpressao(item.TotalFormatado, false, TextAlignment.Right));"
"Preco|Valor|Total|Custo|Desconto|Comissao|Saldo|Receber|Pagar","PrimoAutoEletrica\UserControls\OrdensServicoControl.xaml.cs","1221","row.Cells.Add(CriarCelulaTabelaImpressao(linha.TotalFormatado, false, TextAlignment.Right));"
"Preco|Valor|Total|Custo|Desconto|Comissao|Saldo|Receber|Pagar","PrimoAutoEletrica\UserControls\OrdensServicoControl.xaml.cs","1242","grid.Children.Add(CriarCardFinanceiro(""Pecas"", item.TotalPecasFormatado, ""#F8FAFC"", ""#1F2937"", 0));"
"Preco|Valor|Total|Custo|Desconto|Comissao|Saldo|Receber|Pagar","PrimoAutoEletrica\UserControls\OrdensServicoControl.xaml.cs","1243","grid.Children.Add(CriarCardFinanceiro(""Servicos"", item.TotalServicosFormatado, ""#F8FAFC"", ""#1F2937"", 1));"
"Preco|Valor|Total|Custo|Desconto|Comissao|Saldo|Receber|Pagar","PrimoAutoEletrica\UserControls\OrdensServicoControl.xaml.cs","1244","grid.Children.Add(CriarCardFinanceiro(""Desconto"", item.DescontoFormatado, ""#FFF1F2"", ""#B91C1C"", 2));"
"Preco|Valor|Total|Custo|Desconto|Comissao|Saldo|Receber|Pagar","PrimoAutoEletrica\UserControls\OrdensServicoControl.xaml.cs","1245","grid.Children.Add(CriarCardFinanceiro(""Total"", item.TotalFormatado, ""#FFF7ED"", ""#C2410C"", 3, destaque: true));"
"Preco|Valor|Total|Custo|Desconto|Comissao|Saldo|Receber|Pagar","PrimoAutoEletrica\UserControls\OrdensServicoControl.xaml.cs","1396","private static Border CriarCardFinanceiro(string titulo, string valor, string fundoHex, string valorHex, int column, bool destaque = false)"
"Preco|Valor|Total|Custo|Desconto|Comissao|Saldo|Receber|Pagar","PrimoAutoEletrica\UserControls\OrdensServicoControl.xaml.cs","1418","Text = valor,"
"Preco|Valor|Total|Custo|Desconto|Comissao|Saldo|Receber|Pagar","PrimoAutoEletrica\UserControls\OrdensServicoControl.xaml.cs","1422","Foreground = CriarBrush(valorHex)"
"Preco|Valor|Total|Custo|Desconto|Comissao|Saldo|Receber|Pagar","PrimoAutoEletrica\UserControls\OrdensServicoControl.xaml.cs","1463","private static void AdicionarResumoCelula(Grid grid, int row, int column, string titulo, string valor)"
"Preco|Valor|Total|Custo|Desconto|Comissao|Saldo|Receber|Pagar","PrimoAutoEletrica\UserControls\OrdensServicoControl.xaml.cs","1478","Text = TextoOuPadrao(valor, ""-""),"
"Preco|Valor|Total|Custo|Desconto|Comissao|Saldo|Receber|Pagar","PrimoAutoEletrica\UserControls\OrdensServicoControl.xaml.cs","1540","Desconto = ordem.Desconto;"
"Preco|Valor|Total|Custo|Desconto|Comissao|Saldo|Receber|Pagar","PrimoAutoEletrica\UserControls\OrdensServicoControl.xaml.cs","1545","TotalPecas = ordem.Itens"
"Preco|Valor|Total|Custo|Desconto|Comissao|Saldo|Receber|Pagar","PrimoAutoEletrica\UserControls\OrdensServicoControl.xaml.cs","1547",".Sum(i => i.Total);"
"Preco|Valor|Total|Custo|Desconto|Comissao|Saldo|Receber|Pagar","PrimoAutoEletrica\UserControls\OrdensServicoControl.xaml.cs","1549","TotalServicos = ordem.Itens"
"Preco|Valor|Total|Custo|Desconto|Comissao|Saldo|Receber|Pagar","PrimoAutoEletrica\UserControls\OrdensServicoControl.xaml.cs","1551",".Sum(i => i.Total);"
"Preco|Valor|Total|Custo|Desconto|Comissao|Saldo|Receber|Pagar","PrimoAutoEletrica\UserControls\OrdensServicoControl.xaml.cs","1553","CustoTotal = ordem.Itens.Sum(i => i.CustoTotal);"
"Preco|Valor|Total|Custo|Desconto|Comissao|Saldo|Receber|Pagar","PrimoAutoEletrica\UserControls\OrdensServicoControl.xaml.cs","1554","Total = Math.Max(0, TotalPecas + TotalServicos - Desconto);"
"Preco|Valor|Total|Custo|Desconto|Comissao|Saldo|Receber|Pagar","PrimoAutoEletrica\UserControls\OrdensServicoControl.xaml.cs","1555","Lucro = Total - CustoTotal;"
"decimal","PrimoAutoEletrica\UserControls\OrdensServicoControl.xaml.cs","1641","public decimal TotalPecas { get; }"
"Preco|Valor|Total|Custo|Desconto|Comissao|Saldo|Receber|Pagar","PrimoAutoEletrica\UserControls\OrdensServicoControl.xaml.cs","1641","public decimal TotalPecas { get; }"
"decimal","PrimoAutoEletrica\UserControls\OrdensServicoControl.xaml.cs","1642","public decimal TotalServicos { get; }"
"Preco|Valor|Total|Custo|Desconto|Comissao|Saldo|Receber|Pagar","PrimoAutoEletrica\UserControls\OrdensServicoControl.xaml.cs","1642","public decimal TotalServicos { get; }"
"decimal","PrimoAutoEletrica\UserControls\OrdensServicoControl.xaml.cs","1643","public decimal Desconto { get; }"
"Preco|Valor|Total|Custo|Desconto|Comissao|Saldo|Receber|Pagar","PrimoAutoEletrica\UserControls\OrdensServicoControl.xaml.cs","1643","public decimal Desconto { get; }"
"decimal","PrimoAutoEletrica\UserControls\OrdensServicoControl.xaml.cs","1644","public decimal Total { get; }"
"Preco|Valor|Total|Custo|Desconto|Comissao|Saldo|Receber|Pagar","PrimoAutoEletrica\UserControls\OrdensServicoControl.xaml.cs","1644","public decimal Total { get; }"
"decimal","PrimoAutoEletrica\UserControls\OrdensServicoControl.xaml.cs","1645","public decimal CustoTotal { get; }"
"Preco|Valor|Total|Custo|Desconto|Comissao|Saldo|Receber|Pagar","PrimoAutoEletrica\UserControls\OrdensServicoControl.xaml.cs","1645","public decimal CustoTotal { get; }"
"decimal","PrimoAutoEletrica\UserControls\OrdensServicoControl.xaml.cs","1646","public decimal Lucro { get; }"
"Preco|Valor|Total|Custo|Desconto|Comissao|Saldo|Receber|Pagar","PrimoAutoEletrica\UserControls\OrdensServicoControl.xaml.cs","1646","public decimal Lucro { get; }"
"Preco|Valor|Total|Custo|Desconto|Comissao|Saldo|Receber|Pagar","PrimoAutoEletrica\UserControls\OrdensServicoControl.xaml.cs","1660","public string TotalPecasFormatado => TotalPecas.ToString(""C"");"
"Preco|Valor|Total|Custo|Desconto|Comissao|Saldo|Receber|Pagar","PrimoAutoEletrica\UserControls\OrdensServicoControl.xaml.cs","1661","public string TotalServicosFormatado => TotalServicos.ToString(""C"");"
"Preco|Valor|Total|Custo|Desconto|Comissao|Saldo|Receber|Pagar","PrimoAutoEletrica\UserControls\OrdensServicoControl.xaml.cs","1662","public string DescontoFormatado => Desconto.ToString(""C"");"
"Preco|Valor|Total|Custo|Desconto|Comissao|Saldo|Receber|Pagar","PrimoAutoEletrica\UserControls\OrdensServicoControl.xaml.cs","1663","public string TotalFormatado => Total.ToString(""C"");"
"Preco|Valor|Total|Custo|Desconto|Comissao|Saldo|Receber|Pagar","PrimoAutoEletrica\UserControls\OrdensServicoControl.xaml.cs","1664","public string LucroFormatado => Lucro.ToString(""C"");"
"REAL_sql","PrimoAutoEletrica\UserControls\OrdensServicoControl.xaml.cs","1710","$""Previsto {FormatarMinutos(TempoPrevistoMinutos)} | Real {FormatarMinutos(TempoRealMinutos)}"";"
"Preco|Valor|Total|Custo|Desconto|Comissao|Saldo|Receber|Pagar","PrimoAutoEletrica\UserControls\OrdensServicoControl.xaml.cs","1753","Resumo = $""{item.Tipo} - Qtd {item.Quantidade:N2} - Unit. {item.ValorUnitario:C}"";"
"Preco|Valor|Total|Custo|Desconto|Comissao|Saldo|Receber|Pagar","PrimoAutoEletrica\UserControls\OrdensServicoControl.xaml.cs","1754","TotalFormatado = item.Total.ToString(""C"");"
"Preco|Valor|Total|Custo|Desconto|Comissao|Saldo|Receber|Pagar","PrimoAutoEletrica\UserControls\OrdensServicoControl.xaml.cs","1799","public string TotalFormatado { get; }"
"Preco|Valor|Total|Custo|Desconto|Comissao|Saldo|Receber|Pagar","PrimoAutoEletrica\UserControls\PDVControl.Caixa.xaml.cs","49","Subheader = ""Informe o valor inicial que entra no caixa nesta sessao operacional."","
"Preco|Valor|Total|Custo|Desconto|Comissao|Saldo|Receber|Pagar","PrimoAutoEletrica\UserControls\PDVControl.Caixa.xaml.cs","50","ValorLabel = ""Valor de abertura"","
"Preco|Valor|Total|Custo|Desconto|Comissao|Saldo|Receber|Pagar","PrimoAutoEletrica\UserControls\PDVControl.Caixa.xaml.cs","64","var sessao = _caixaService.AbrirCaixa(dialog.ValorInformado, dialog.ObservacoesInformadas);"
"Preco|Valor|Total|Custo|Desconto|Comissao|Saldo|Receber|Pagar","PrimoAutoEletrica\UserControls\PDVControl.Caixa.xaml.cs","69","$""Caixa {sessao.NumeroCaixa} aberto com sucesso.\nSaldo inicial: {sessao.ValorAbertura:C}"","
"Preco|Valor|Total|Custo|Desconto|Comissao|Saldo|Receber|Pagar","PrimoAutoEletrica\UserControls\PDVControl.Caixa.xaml.cs","100","Subheader = ""Registre o valor que esta entrando no caixa fora do fluxo de venda."","
"Preco|Valor|Total|Custo|Desconto|Comissao|Saldo|Receber|Pagar","PrimoAutoEletrica\UserControls\PDVControl.Caixa.xaml.cs","101","ValorLabel = ""Valor do suprimento"","
"Preco|Valor|Total|Custo|Desconto|Comissao|Saldo|Receber|Pagar","PrimoAutoEletrica\UserControls\PDVControl.Caixa.xaml.cs","115","dialog.ValorInformado,"
"Preco|Valor|Total|Custo|Desconto|Comissao|Saldo|Receber|Pagar","PrimoAutoEletrica\UserControls\PDVControl.Caixa.xaml.cs","122","$""Suprimento registrado.\nSaldo esperado atual: {sessao.ValorEsperado:C}"","
"Preco|Valor|Total|Custo|Desconto|Comissao|Saldo|Receber|Pagar","PrimoAutoEletrica\UserControls\PDVControl.Caixa.xaml.cs","162","Subheader = $""Saldo esperado atual: {sessao.ValorEsperado:C}\nInforme o valor que sera retirado do caixa."","
"Preco|Valor|Total|Custo|Desconto|Comissao|Saldo|Receber|Pagar","PrimoAutoEletrica\UserControls\PDVControl.Caixa.xaml.cs","163","ValorLabel = ""Valor da sangria"","
"Preco|Valor|Total|Custo|Desconto|Comissao|Saldo|Receber|Pagar","PrimoAutoEletrica\UserControls\PDVControl.Caixa.xaml.cs","178","dialog.ValorInformado,"
"Preco|Valor|Total|Custo|Desconto|Comissao|Saldo|Receber|Pagar","PrimoAutoEletrica\UserControls\PDVControl.Caixa.xaml.cs","185","$""Sangria registrada.\nSaldo esperado atual: {sessaoAtualizada.ValorEsperado:C}"","
"Preco|Valor|Total|Custo|Desconto|Comissao|Saldo|Receber|Pagar","PrimoAutoEletrica\UserControls\PDVControl.Caixa.xaml.cs","225","Subheader = $""Valor esperado no sistema: {sessao.ValorEsperado:C}\nInforme o valor contado em caixa."","
"Preco|Valor|Total|Custo|Desconto|Comissao|Saldo|Receber|Pagar","PrimoAutoEletrica\UserControls\PDVControl.Caixa.xaml.cs","226","ValorLabel = ""Valor contado"","
"Preco|Valor|Total|Custo|Desconto|Comissao|Saldo|Receber|Pagar","PrimoAutoEletrica\UserControls\PDVControl.Caixa.xaml.cs","229","ValorInicial = sessao.ValorEsperado"
"Preco|Valor|Total|Custo|Desconto|Comissao|Saldo|Receber|Pagar","PrimoAutoEletrica\UserControls\PDVControl.Caixa.xaml.cs","239","var diferenca = dialog.ValorInformado - sessao.ValorEsperado;"
"Preco|Valor|Total|Custo|Desconto|Comissao|Saldo|Receber|Pagar","PrimoAutoEletrica\UserControls\PDVControl.Caixa.xaml.cs","248","Details = $""Valor esperado: {sessao.ValorEsperado:C}\nValor informado: {dialog.ValorInformado:C}\nDiferenca: {diferenca:C}\nVendas da sessao: {sessao.Quantidade"
"Preco|Valor|Total|Custo|Desconto|Comissao|Saldo|Receber|Pagar","PrimoAutoEletrica\UserControls\PDVControl.Caixa.xaml.cs","261","var sessaoFechada = _caixaService.FecharCaixa(dialog.ValorInformado, dialog.ObservacoesInformadas);"
"Preco|Valor|Total|Custo|Desconto|Comissao|Saldo|Receber|Pagar","PrimoAutoEletrica\UserControls\PDVControl.Caixa.xaml.cs","266","$""Caixa fechado com sucesso.\nValor esperado: {sessaoFechada.ValorEsperado:C}\nValor informado: {sessaoFechada.ValorInformadoFechamento.GetValueOrDefault():C}\n"
"Preco|Valor|Total|Custo|Desconto|Comissao|Saldo|Receber|Pagar","PrimoAutoEletrica\UserControls\PDVControl.Carrinho.xaml.cs","39","$""Preço unitário: {item.PrecoUnitario:C}\n"" +"
"Preco|Valor|Total|Custo|Desconto|Comissao|Saldo|Receber|Pagar","PrimoAutoEletrica\UserControls\PDVControl.Carrinho.xaml.cs","40","$""Custo unitário: {item.CustoUnitario:C}\n"" +"
"Preco|Valor|Total|Custo|Desconto|Comissao|Saldo|Receber|Pagar","PrimoAutoEletrica\UserControls\PDVControl.Carrinho.xaml.cs","41","$""Desconto do item: {item.Desconto:C}\n"" +"
"Preco|Valor|Total|Custo|Desconto|Comissao|Saldo|Receber|Pagar","PrimoAutoEletrica\UserControls\PDVControl.Carrinho.xaml.cs","42","$""Subtotal: {item.Subtotal:C}"";"
"Preco|Valor|Total|Custo|Desconto|Comissao|Saldo|Receber|Pagar","PrimoAutoEletrica\UserControls\PDVControl.Carrinho.xaml.cs","55","$""Preço venda atual: {produto.PrecoVenda:C}"";"
"Preco|Valor|Total|Custo|Desconto|Comissao|Saldo|Receber|Pagar","PrimoAutoEletrica\UserControls\PDVControl.Carrinho.xaml.cs","145","private void DescontoTextBox_KeyDown(object sender, KeyEventArgs e)"
"Preco|Valor|Total|Custo|Desconto|Comissao|Saldo|Receber|Pagar","PrimoAutoEletrica\UserControls\PDVControl.Carrinho.xaml.cs","156","if (!ValidarPermissao(""PDV_APLICAR_DESCONTO"", ""Voce nao possui permissao para aplicar descontos no PDV.""))"
"Preco|Valor|Total|Custo|Desconto|Comissao|Saldo|Receber|Pagar","PrimoAutoEletrica\UserControls\PDVControl.Carrinho.xaml.cs","161","var descontoAnterior = _viewModel.DescontoGeral;"
"Preco|Valor|Total|Custo|Desconto|Comissao|Saldo|Receber|Pagar","PrimoAutoEletrica\UserControls\PDVControl.Carrinho.xaml.cs","163","if (TryParseDecimalFlexible(DescontoTextBox.Text, out var desconto))"
"Preco|Valor|Total|Custo|Desconto|Comissao|Saldo|Receber|Pagar","PrimoAutoEletrica\UserControls\PDVControl.Carrinho.xaml.cs","167","ComercialValidationHelper.GarantirValorMaiorOuIgualZero(desconto, ""o desconto"");"
"Preco|Valor|Total|Custo|Desconto|Comissao|Saldo|Receber|Pagar","PrimoAutoEletrica\UserControls\PDVControl.Carrinho.xaml.cs","168","ComercialValidationHelper.GarantirDescontoValido(desconto, _viewModel.Subtotal, ""O desconto"");"
"Preco|Valor|Total|Custo|Desconto|Comissao|Saldo|Receber|Pagar","PrimoAutoEletrica\UserControls\PDVControl.Carrinho.xaml.cs","172","ExibirMensagem(ex.Message, ""Desconto"", MessageBoxButton.OK, MessageBoxImage.Warning);"
"Preco|Valor|Total|Custo|Desconto|Comissao|Saldo|Receber|Pagar","PrimoAutoEletrica\UserControls\PDVControl.Carrinho.xaml.cs","176","_viewModel.DescontoGeral = desconto;"
"Preco|Valor|Total|Custo|Desconto|Comissao|Saldo|Receber|Pagar","PrimoAutoEletrica\UserControls\PDVControl.Carrinho.xaml.cs","181","acao: ""DescontoAplicado"","
"Preco|Valor|Total|Custo|Desconto|Comissao|Saldo|Receber|Pagar","PrimoAutoEletrica\UserControls\PDVControl.Carrinho.xaml.cs","184","detalhes: $""Subtotal={_viewModel.Subtotal:C}; Total={_viewModel.Total:C}"","
"Preco|Valor|Total|Custo|Desconto|Comissao|Saldo|Receber|Pagar","PrimoAutoEletrica\UserControls\PDVControl.Carrinho.xaml.cs","185","valorAnterior: descontoAnterior.ToString(""F2""),"
"Preco|Valor|Total|Custo|Desconto|Comissao|Saldo|Receber|Pagar","PrimoAutoEletrica\UserControls\PDVControl.Carrinho.xaml.cs","186","valorNovo: desconto.ToString(""F2""));"
"Preco|Valor|Total|Custo|Desconto|Comissao|Saldo|Receber|Pagar","PrimoAutoEletrica\UserControls\PDVControl.Carrinho.xaml.cs","189","$""Desconto de R$ {desconto:F2} aplicado!"","
"Preco|Valor|Total|Custo|Desconto|Comissao|Saldo|Receber|Pagar","PrimoAutoEletrica\UserControls\PDVControl.Carrinho.xaml.cs","190","""Desconto"","
"Preco|Valor|Total|Custo|Desconto|Comissao|Saldo|Receber|Pagar","PrimoAutoEletrica\UserControls\PDVControl.Carrinho.xaml.cs","198","""Valor de desconto invalido!"","
"decimal","PrimoAutoEletrica\UserControls\PDVControl.Carrinho.xaml.cs","209","private static bool TryParseDecimalFlexible(string? text, out decimal value)"
"decimal","PrimoAutoEletrica\UserControls\PDVControl.Carrinho.xaml.cs","211","return decimal.TryParse(text, NumberStyles.Number, CultureInfo.CurrentCulture, out value)"
"decimal","PrimoAutoEletrica\UserControls\PDVControl.Carrinho.xaml.cs","212","|| decimal.TryParse(text, NumberStyles.Number, CultureInfo.InvariantCulture, out value);"
"Preco|Valor|Total|Custo|Desconto|Comissao|Saldo|Receber|Pagar","PrimoAutoEletrica\UserControls\PDVControl.Helpers.xaml.cs","49","Subheader = $""Venda {venda.Id.ToString()[..8]} | Total {venda.Total:C}\nInforme o motivo do cancelamento para estornar estoque, caixa e financeiro."","
"Preco|Valor|Total|Custo|Desconto|Comissao|Saldo|Receber|Pagar","PrimoAutoEletrica\UserControls\PDVControl.Helpers.xaml.cs","70","Details = $""Cliente: {venda.Cliente?.Nome ?? ""Consumidor final""}\nTotal: {venda.Total:C}\nForma de pagamento: {venda.FormaPagamento}\nMotivo: {motivoDialog.Obse"
"Preco|Valor|Total|Custo|Desconto|Comissao|Saldo|Receber|Pagar","PrimoAutoEletrica\UserControls\PDVControl.Helpers.xaml.cs","129","_viewModel.DescontoGeral = 0;"
"Preco|Valor|Total|Custo|Desconto|Comissao|Saldo|Receber|Pagar","PrimoAutoEletrica\UserControls\PDVControl.Helpers.xaml.cs","136","DescontoTextBox.Clear();"
"Preco|Valor|Total|Custo|Desconto|Comissao|Saldo|Receber|Pagar","PrimoAutoEletrica\UserControls\PDVControl.Helpers.xaml.cs","165","var totalSuspenso = VendasSuspensas.Sum(venda => venda.Total);"
"Preco|Valor|Total|Custo|Desconto|Comissao|Saldo|Receber|Pagar","PrimoAutoEletrica\UserControls\PDVControl.Helpers.xaml.cs","174","totalSuspenso.ToString(""C""),"
"Preco|Valor|Total|Custo|Desconto|Comissao|Saldo|Receber|Pagar","PrimoAutoEletrica\UserControls\PDVControl.Helpers.xaml.cs","176","ultima.Total.ToString(""C""));"
"Preco|Valor|Total|Custo|Desconto|Comissao|Saldo|Receber|Pagar","PrimoAutoEletrica\UserControls\PDVControl.Helpers.xaml.cs","353","PrecoUnitario = item.PrecoUnitario,"
"Preco|Valor|Total|Custo|Desconto|Comissao|Saldo|Receber|Pagar","PrimoAutoEletrica\UserControls\PDVControl.Helpers.xaml.cs","354","CustoUnitario = item.CustoUnitario,"
"Preco|Valor|Total|Custo|Desconto|Comissao|Saldo|Receber|Pagar","PrimoAutoEletrica\UserControls\PDVControl.Helpers.xaml.cs","355","Desconto = item.Desconto"
"decimal","PrimoAutoEletrica\UserControls\PDVControl.Helpers.xaml.cs","364","decimal DescontoGeral,"
"Preco|Valor|Total|Custo|Desconto|Comissao|Saldo|Receber|Pagar","PrimoAutoEletrica\UserControls\PDVControl.Helpers.xaml.cs","364","decimal DescontoGeral,"
"decimal","PrimoAutoEletrica\UserControls\PDVControl.Helpers.xaml.cs","369","public decimal Total => Math.Max(0m, Itens.Sum(item => item.Subtotal) - DescontoGeral);"
"Preco|Valor|Total|Custo|Desconto|Comissao|Saldo|Receber|Pagar","PrimoAutoEletrica\UserControls\PDVControl.Helpers.xaml.cs","369","public decimal Total => Math.Max(0m, Itens.Sum(item => item.Subtotal) - DescontoGeral);"
"Preco|Valor|Total|Custo|Desconto|Comissao|Saldo|Receber|Pagar","PrimoAutoEletrica\UserControls\PDVControl.Impressao.xaml.cs","59","$""FormaPagamento={venda.FormaPagamento}; Total={venda.Total:C}; Modo=AutomatedTest; Impressoras={snapshot.BuildSummary()}"");"
"Preco|Valor|Total|Custo|Desconto|Comissao|Saldo|Receber|Pagar","PrimoAutoEletrica\UserControls\PDVControl.Impressao.xaml.cs","79","App.Audit.RegistrarAcaoCritica(""PDV"", ""VendaReimpressaFallback"", ""Venda"", venda.Id.ToString(), $""FallbackXaml={filePath}; Total={venda.Total:C}"");"
"REAL_sql","PrimoAutoEletrica\UserControls\PDVControl.Impressao.xaml.cs","134","""A reimpressao do PDV foi enviada para uma impressora virtual. A homologacao final continua dependendo de uma impressora fisica real."","
"Preco|Valor|Total|Custo|Desconto|Comissao|Saldo|Receber|Pagar","PrimoAutoEletrica\UserControls\PDVControl.Impressao.xaml.cs","143","$""FormaPagamento={venda.FormaPagamento}; Total={venda.Total:C}; Impressora={printerSelecionada.Name}; Driver={printerSelecionada.DriverName}; Porta={printerSele"
"Preco|Valor|Total|Custo|Desconto|Comissao|Saldo|Receber|Pagar","PrimoAutoEletrica\UserControls\PDVControl.Pagamento.xaml.cs","46","var total = _viewModel.Total;"
"Preco|Valor|Total|Custo|Desconto|Comissao|Saldo|Receber|Pagar","PrimoAutoEletrica\UserControls\PDVControl.Pagamento.xaml.cs","48","if (total <= 0)"
"Preco|Valor|Total|Custo|Desconto|Comissao|Saldo|Receber|Pagar","PrimoAutoEletrica\UserControls\PDVControl.Pagamento.xaml.cs","51","""O total da venda precisa ser maior que zero."","
"Preco|Valor|Total|Custo|Desconto|Comissao|Saldo|Receber|Pagar","PrimoAutoEletrica\UserControls\PDVControl.Pagamento.xaml.cs","59","var formaPagamento = ResolverFormaPagamentoFinal(total);"
"Preco|Valor|Total|Custo|Desconto|Comissao|Saldo|Receber|Pagar","PrimoAutoEletrica\UserControls\PDVControl.Pagamento.xaml.cs","73","Details = $""Forma de pagamento: {formaPagamento}\nItens: {_viewModel.Carrinho.Count}\nCliente: {_viewModel.ClienteSelecionado?.Nome ?? ""Consumidor final""}\nTota"
"Preco|Valor|Total|Custo|Desconto|Comissao|Saldo|Receber|Pagar","PrimoAutoEletrica\UserControls\PDVControl.Pagamento.xaml.cs","75","Keyword = ""PAGAR"","
"Preco|Valor|Total|Custo|Desconto|Comissao|Saldo|Receber|Pagar","PrimoAutoEletrica\UserControls\PDVControl.Pagamento.xaml.cs","81","FinalizarVenda(total, sessaoCaixa, formaPagamento);"
"decimal","PrimoAutoEletrica\UserControls\PDVControl.Pagamento.xaml.cs","85","private string? ResolverFormaPagamentoFinal(decimal total)"
"Preco|Valor|Total|Custo|Desconto|Comissao|Saldo|Receber|Pagar","PrimoAutoEletrica\UserControls\PDVControl.Pagamento.xaml.cs","85","private string? ResolverFormaPagamentoFinal(decimal total)"
"decimal","PrimoAutoEletrica\UserControls\PDVControl.Pagamento.xaml.cs","99","var primeiraParte = decimal.Round(total / 2m, 2);"
"Preco|Valor|Total|Custo|Desconto|Comissao|Saldo|Receber|Pagar","PrimoAutoEletrica\UserControls\PDVControl.Pagamento.xaml.cs","99","var primeiraParte = decimal.Round(total / 2m, 2);"
"Preco|Valor|Total|Custo|Desconto|Comissao|Saldo|Receber|Pagar","PrimoAutoEletrica\UserControls\PDVControl.Pagamento.xaml.cs","100","var segundaParte = total - primeiraParte;"
"Preco|Valor|Total|Custo|Desconto|Comissao|Saldo|Receber|Pagar","PrimoAutoEletrica\UserControls\PDVControl.Pagamento.xaml.cs","112","var dialog = new PagamentoMistoWindow(total);"
"decimal","PrimoAutoEletrica\UserControls\PDVControl.Pagamento.xaml.cs","124","private void FinalizarVenda(decimal total, CaixaSessaoOperacional sessaoCaixa, string formaPagamento)"
"Preco|Valor|Total|Custo|Desconto|Comissao|Saldo|Receber|Pagar","PrimoAutoEletrica\UserControls\PDVControl.Pagamento.xaml.cs","124","private void FinalizarVenda(decimal total, CaixaSessaoOperacional sessaoCaixa, string formaPagamento)"
"Preco|Valor|Total|Custo|Desconto|Comissao|Saldo|Receber|Pagar","PrimoAutoEletrica\UserControls\PDVControl.Pagamento.xaml.cs","135","var descontoAplicado = Math.Min(_viewModel.DescontoGeral, _viewModel.Subtotal);"
"Preco|Valor|Total|Custo|Desconto|Comissao|Saldo|Receber|Pagar","PrimoAutoEletrica\UserControls\PDVControl.Pagamento.xaml.cs","137","if (descontoAplicado != _viewModel.DescontoGeral)"
"Preco|Valor|Total|Custo|Desconto|Comissao|Saldo|Receber|Pagar","PrimoAutoEletrica\UserControls\PDVControl.Pagamento.xaml.cs","139","_viewModel.DescontoGeral = descontoAplicado;"
"Preco|Valor|Total|Custo|Desconto|Comissao|Saldo|Receber|Pagar","PrimoAutoEletrica\UserControls\PDVControl.Pagamento.xaml.cs","143","total = _viewModel.Total;"
"Preco|Valor|Total|Custo|Desconto|Comissao|Saldo|Receber|Pagar","PrimoAutoEletrica\UserControls\PDVControl.Pagamento.xaml.cs","145","if (total <= 0)"
"Preco|Valor|Total|Custo|Desconto|Comissao|Saldo|Receber|Pagar","PrimoAutoEletrica\UserControls\PDVControl.Pagamento.xaml.cs","148","""O total da venda precisa ser maior que zero."","
"Preco|Valor|Total|Custo|Desconto|Comissao|Saldo|Receber|Pagar","PrimoAutoEletrica\UserControls\PDVControl.Pagamento.xaml.cs","161","Total = total,"
"Preco|Valor|Total|Custo|Desconto|Comissao|Saldo|Receber|Pagar","PrimoAutoEletrica\UserControls\PDVControl.Pagamento.xaml.cs","162","Desconto = _viewModel.DescontoGeral,"
"Preco|Valor|Total|Custo|Desconto|Comissao|Saldo|Receber|Pagar","PrimoAutoEletrica\UserControls\PDVControl.Pagamento.xaml.cs","176","$""Total={total:C}; Itens={venda.Itens.Count}; FormaPagamento={venda.FormaPagamento}; Caixa={sessaoCaixa.NumeroCaixa}"");"
"Preco|Valor|Total|Custo|Desconto|Comissao|Saldo|Receber|Pagar","PrimoAutoEletrica\UserControls\PDVControl.Pagamento.xaml.cs","179","$""Venda realizada com sucesso!\nForma de pagamento: {venda.FormaPagamento}\nTotal: R$ {total:F2}"","
"Preco|Valor|Total|Custo|Desconto|Comissao|Saldo|Receber|Pagar","PrimoAutoEletrica\UserControls\PDVControl.Produtos.xaml.cs","240","PrecoUnitario = produto.PrecoVenda,"
"Preco|Valor|Total|Custo|Desconto|Comissao|Saldo|Receber|Pagar","PrimoAutoEletrica\UserControls\PDVControl.Produtos.xaml.cs","241","CustoUnitario = produto.PrecoCompra,"
"Preco|Valor|Total|Custo|Desconto|Comissao|Saldo|Receber|Pagar","PrimoAutoEletrica\UserControls\PDVControl.Produtos.xaml.cs","242","Desconto = 0"
"Preco|Valor|Total|Custo|Desconto|Comissao|Saldo|Receber|Pagar","PrimoAutoEletrica\UserControls\PDVControl.VendasSuspensas.xaml.cs","42","$""Itens no carrinho: {_viewModel.Carrinho.Count}\nTotal atual: {_viewModel.Total:C}\nCliente selecionado: {_viewModel.ClienteSelecionado?.Nome ?? ""Nao informado"
"Preco|Valor|Total|Custo|Desconto|Comissao|Saldo|Receber|Pagar","PrimoAutoEletrica\UserControls\PDVControl.VendasSuspensas.xaml.cs","43","""O carrinho, o desconto aplicado e o cliente selecionado serao descartados desta sessao do PDV.""))"
"Preco|Valor|Total|Custo|Desconto|Comissao|Saldo|Receber|Pagar","PrimoAutoEletrica\UserControls\PDVControl.VendasSuspensas.xaml.cs","50","$""Itens={_viewModel.Carrinho.Count}; Total={_viewModel.Total:C}"");"
"Preco|Valor|Total|Custo|Desconto|Comissao|Saldo|Receber|Pagar","PrimoAutoEletrica\UserControls\PDVControl.VendasSuspensas.xaml.cs","79","_viewModel.DescontoGeral,"
"Preco|Valor|Total|Custo|Desconto|Comissao|Saldo|Receber|Pagar","PrimoAutoEletrica\UserControls\PDVControl.VendasSuspensas.xaml.cs","91","$""Itens={suspensa.Itens.Count}; Total={suspensa.Total:C}; Cliente={suspensa.Cliente?.Nome ?? ""Consumidor final""}; Operador={suspensa.Operador}"");"
"Preco|Valor|Total|Custo|Desconto|Comissao|Saldo|Receber|Pagar","PrimoAutoEletrica\UserControls\PDVControl.VendasSuspensas.xaml.cs","97","$""Venda suspensa com sucesso.\nTotal: {suspensa.Total:C}"","
"Preco|Valor|Total|Custo|Desconto|Comissao|Saldo|Receber|Pagar","PrimoAutoEletrica\UserControls\PDVControl.VendasSuspensas.xaml.cs","129","Details = $""Itens atuais: {_viewModel.Carrinho.Count}\nTotal atual: {_viewModel.Total:C}"","
"Preco|Valor|Total|Custo|Desconto|Comissao|Saldo|Receber|Pagar","PrimoAutoEletrica\UserControls\PDVControl.VendasSuspensas.xaml.cs","152","_viewModel.DescontoGeral = suspensa.DescontoGeral;"
"Preco|Valor|Total|Custo|Desconto|Comissao|Saldo|Receber|Pagar","PrimoAutoEletrica\UserControls\PDVControl.VendasSuspensas.xaml.cs","165","$""Itens={suspensa.Itens.Count}; Total={suspensa.Total:C}; Cliente={suspensa.Cliente?.Nome ?? ""Consumidor final""}; Operador={App.Session.UserName}"");"
"Preco|Valor|Total|Custo|Desconto|Comissao|Saldo|Receber|Pagar","PrimoAutoEletrica\UserControls\PDVControl.VendasSuspensas.xaml.cs","168","$""Venda suspensa retomada.\nTotal: {_viewModel.Total:C}"","
"Preco|Valor|Total|Custo|Desconto|Comissao|Saldo|Receber|Pagar","PrimoAutoEletrica\UserControls\PDVControl.xaml.cs","192","DescontoTextBox.Focus();"
"Preco|Valor|Total|Custo|Desconto|Comissao|Saldo|Receber|Pagar","PrimoAutoEletrica\UserControls\PDVControl.xaml.cs","193","DescontoTextBox.SelectAll();"
"Preco|Valor|Total|Custo|Desconto|Comissao|Saldo|Receber|Pagar","PrimoAutoEletrica\UserControls\RelatoriosControl.xaml.cs","105","$""Pacote de evidencias gerado com {pacote.TotalArquivos} arquivo(s):\n{pacote.Diretorio}"","
"Preco|Valor|Total|Custo|Desconto|Comissao|Saldo|Receber|Pagar","PrimoAutoEletrica\UserControls\VeiculosControl.xaml.cs","210","private static string Csv(string? valor)"
"Preco|Valor|Total|Custo|Desconto|Comissao|Saldo|Receber|Pagar","PrimoAutoEletrica\UserControls\VeiculosControl.xaml.cs","212","var texto = (valor ?? string.Empty).Replace(""\"""", ""\""\"""");"
"Preco|Valor|Total|Custo|Desconto|Comissao|Saldo|Receber|Pagar","PrimoAutoEletrica\UserControls\VeiculosControl.xaml.cs","621","private static string TextoOuTraco(string? valor)"
"Preco|Valor|Total|Custo|Desconto|Comissao|Saldo|Receber|Pagar","PrimoAutoEletrica\UserControls\VeiculosControl.xaml.cs","623","return string.IsNullOrWhiteSpace(valor) ? ""-"" : valor.Trim();"
"decimal","PrimoAutoEletrica\ViewModels\AgendamentosViewModel.cs","51","private decimal _faturamentoPrevisto;"
"decimal","PrimoAutoEletrica\ViewModels\AgendamentosViewModel.cs","52","private decimal _ticketMedio;"
"decimal","PrimoAutoEletrica\ViewModels\AgendamentosViewModel.cs","57","private decimal _taxaOcupacao;"
"decimal","PrimoAutoEletrica\ViewModels\AgendamentosViewModel.cs","58","private decimal _taxaRetornoClientes;"
"Preco|Valor|Total|Custo|Desconto|Comissao|Saldo|Receber|Pagar","PrimoAutoEletrica\ViewModels\AgendamentosViewModel.cs","186","public int TotalAgendamentosHoje"
"decimal","PrimoAutoEletrica\ViewModels\AgendamentosViewModel.cs","222","public decimal FaturamentoPrevisto"
"decimal","PrimoAutoEletrica\ViewModels\AgendamentosViewModel.cs","228","public decimal TicketMedio"
"decimal","PrimoAutoEletrica\ViewModels\AgendamentosViewModel.cs","258","public decimal TaxaOcupacao"
"decimal","PrimoAutoEletrica\ViewModels\AgendamentosViewModel.cs","264","public decimal TaxaRetornoClientes"
"Preco|Valor|Total|Custo|Desconto|Comissao|Saldo|Receber|Pagar","PrimoAutoEletrica\ViewModels\AgendamentosViewModel.cs","700","TotalAgendamentosHoje = agendamentosHoje.Count;"
"Preco|Valor|Total|Custo|Desconto|Comissao|Saldo|Receber|Pagar","PrimoAutoEletrica\ViewModels\AgendamentosViewModel.cs","706","FaturamentoPrevisto = agendamentosHoje.Sum(a => a.ValorEstimado);"
"Preco|Valor|Total|Custo|Desconto|Comissao|Saldo|Receber|Pagar","PrimoAutoEletrica\ViewModels\AgendamentosViewModel.cs","707","var agendamentosComValor = todosAgendamentos.Where(a => a.ValorReal > 0).ToList();"
"Preco|Valor|Total|Custo|Desconto|Comissao|Saldo|Receber|Pagar","PrimoAutoEletrica\ViewModels\AgendamentosViewModel.cs","708","TicketMedio = agendamentosComValor.Count > 0 ? agendamentosComValor.Average(a => a.ValorReal) : 0;"
"decimal","PrimoAutoEletrica\ViewModels\AgendamentosViewModel.cs","713","? (decimal)ServicosEmAndamento / TecnicosAtivos * 100"
"decimal","PrimoAutoEletrica\ViewModels\AgendamentosViewModel.cs","725","TaxaRetornoClientes = clientesUnicos > 0 ? (decimal)clientesRecorrentes / clientesUnicos * 100 : 0;"
"Preco|Valor|Total|Custo|Desconto|Comissao|Saldo|Receber|Pagar","PrimoAutoEletrica\ViewModels\AgendamentosViewModel.cs","740","Valor = TotalAgendamentosHoje,"
"REAL_sql","PrimoAutoEletrica\ViewModels\AgendamentosViewModel.cs","741","Comparacao = ""Contagem real do dia"","
"Preco|Valor|Total|Custo|Desconto|Comissao|Saldo|Receber|Pagar","PrimoAutoEletrica\ViewModels\AgendamentosViewModel.cs","749","Valor = ServicosConcluidos,"
"REAL_sql","PrimoAutoEletrica\ViewModels\AgendamentosViewModel.cs","751","Tendencia = ""Status real"","
"Preco|Valor|Total|Custo|Desconto|Comissao|Saldo|Receber|Pagar","PrimoAutoEletrica\ViewModels\AgendamentosViewModel.cs","758","Valor = ServicosEmAndamento,"
"REAL_sql","PrimoAutoEletrica\ViewModels\AgendamentosViewModel.cs","760","Tendencia = ""Status real"","
"Preco|Valor|Total|Custo|Desconto|Comissao|Saldo|Receber|Pagar","PrimoAutoEletrica\ViewModels\AgendamentosViewModel.cs","767","Valor = ServicosPendentes,"
"REAL_sql","PrimoAutoEletrica\ViewModels\AgendamentosViewModel.cs","769","Tendencia = ""Status real"","
"Preco|Valor|Total|Custo|Desconto|Comissao|Saldo|Receber|Pagar","PrimoAutoEletrica\ViewModels\AgendamentosViewModel.cs","776","Valor = ServicosCancelados,"
"REAL_sql","PrimoAutoEletrica\ViewModels\AgendamentosViewModel.cs","778","Tendencia = ""Status real"","
"Preco|Valor|Total|Custo|Desconto|Comissao|Saldo|Receber|Pagar","PrimoAutoEletrica\ViewModels\AgendamentosViewModel.cs","785","Valor = $""R$ {FaturamentoPrevisto:F2}"","
"Preco|Valor|Total|Custo|Desconto|Comissao|Saldo|Receber|Pagar","PrimoAutoEletrica\ViewModels\AgendamentosViewModel.cs","786","Comparacao = ""Soma de ValorEstimado do dia"","
"decimal","PrimoAutoEletrica\ViewModels\AgendamentosViewModel.cs","824","Produtividade = servicosConcluidos > 0 ? (decimal)servicosConcluidos / (servicosConcluidos + servicosAndamento) * 100 : 0,"
"Preco|Valor|Total|Custo|Desconto|Comissao|Saldo|Receber|Pagar","PrimoAutoEletrica\ViewModels\AgendamentosViewModel.cs","907","Vip = cliente.TotalGasto > 5000,"
"Preco|Valor|Total|Custo|Desconto|Comissao|Saldo|Receber|Pagar","PrimoAutoEletrica\ViewModels\AgendamentosViewModel.cs","908","TotalGasto = cliente.TotalGasto,"
"Preco|Valor|Total|Custo|Desconto|Comissao|Saldo|Receber|Pagar","PrimoAutoEletrica\ViewModels\AgendamentosViewModel.cs","1079","ValorEstimado = 0,"
"Preco|Valor|Total|Custo|Desconto|Comissao|Saldo|Receber|Pagar","PrimoAutoEletrica\ViewModels\AgendamentosViewModel.cs","1080","ValorReal = 0,"
"Preco|Valor|Total|Custo|Desconto|Comissao|Saldo|Receber|Pagar","PrimoAutoEletrica\ViewModels\AgendamentosViewModel.cs","1081","ValorPago = 0,"
"Preco|Valor|Total|Custo|Desconto|Comissao|Saldo|Receber|Pagar","PrimoAutoEletrica\ViewModels\AgendamentosViewModel.cs","1084","ValorProdutos = 0,"
"Preco|Valor|Total|Custo|Desconto|Comissao|Saldo|Receber|Pagar","PrimoAutoEletrica\ViewModels\AgendamentosViewModel.cs","1085","ValorServicos = 0,"
"Preco|Valor|Total|Custo|Desconto|Comissao|Saldo|Receber|Pagar","PrimoAutoEletrica\ViewModels\AgendamentosViewModel.cs","1313","ValorEstimado = AgendamentoSelecionado.ValorEstimado,"
"Preco|Valor|Total|Custo|Desconto|Comissao|Saldo|Receber|Pagar","PrimoAutoEletrica\ViewModels\AgendamentosViewModel.cs","1419","Details = $""Cliente: {agendamento.ClienteNome}\nVeiculo: {agendamento.VeiculoPlaca}\nValor estimado: {agendamento.ValorEstimado:C}"","
"Preco|Valor|Total|Custo|Desconto|Comissao|Saldo|Receber|Pagar","PrimoAutoEletrica\ViewModels\AgendamentosViewModel.cs","1888","$""Total: {reportData.TotalAgendamentos} | Concluidos: {reportData.AgendamentosConcluidos} | Pendentes: {reportData.AgendamentosPendentes} | Em andamento: {repor"
"Preco|Valor|Total|Custo|Desconto|Comissao|Saldo|Receber|Pagar","PrimoAutoEletrica\ViewModels\AgendamentosViewModel.cs","2011","if (venda.Itens.Count == 0 || venda.Total <= 0)"
"Preco|Valor|Total|Custo|Desconto|Comissao|Saldo|Receber|Pagar","PrimoAutoEletrica\ViewModels\AgendamentosViewModel.cs","2043","""Sem itens ou valor operacional para gerar orcamento."");"
"Preco|Valor|Total|Custo|Desconto|Comissao|Saldo|Receber|Pagar","PrimoAutoEletrica\ViewModels\AgendamentosViewModel.cs","2076","var precoUnitario = produtoAgendamento.PrecoUnitario > 0"
"Preco|Valor|Total|Custo|Desconto|Comissao|Saldo|Receber|Pagar","PrimoAutoEletrica\ViewModels\AgendamentosViewModel.cs","2077","? produtoAgendamento.PrecoUnitario"
"Preco|Valor|Total|Custo|Desconto|Comissao|Saldo|Receber|Pagar","PrimoAutoEletrica\ViewModels\AgendamentosViewModel.cs","2078",": produto?.PrecoVenda ?? 0m;"
"Preco|Valor|Total|Custo|Desconto|Comissao|Saldo|Receber|Pagar","PrimoAutoEletrica\ViewModels\AgendamentosViewModel.cs","2079","var precoCusto = produto?.PrecoCompra ?? 0m;"
"Preco|Valor|Total|Custo|Desconto|Comissao|Saldo|Receber|Pagar","PrimoAutoEletrica\ViewModels\AgendamentosViewModel.cs","2097","PrecoUnitario = precoUnitario,"
"Preco|Valor|Total|Custo|Desconto|Comissao|Saldo|Receber|Pagar","PrimoAutoEletrica\ViewModels\AgendamentosViewModel.cs","2098","PrecoCusto = precoCusto,"
"Preco|Valor|Total|Custo|Desconto|Comissao|Saldo|Receber|Pagar","PrimoAutoEletrica\ViewModels\AgendamentosViewModel.cs","2106","var valor = servicoAgendamento.Valor > 0 ? servicoAgendamento.Valor : agendamento.ValorServicos;"
"Preco|Valor|Total|Custo|Desconto|Comissao|Saldo|Receber|Pagar","PrimoAutoEletrica\ViewModels\AgendamentosViewModel.cs","2122","PrecoUnitario = Math.Max(0m, valor),"
"Preco|Valor|Total|Custo|Desconto|Comissao|Saldo|Receber|Pagar","PrimoAutoEletrica\ViewModels\AgendamentosViewModel.cs","2123","PrecoCusto = 0m,"
"Preco|Valor|Total|Custo|Desconto|Comissao|Saldo|Receber|Pagar","PrimoAutoEletrica\ViewModels\AgendamentosViewModel.cs","2130","var valorReferencia = agendamento.ValorReal > 0 ? agendamento.ValorReal : agendamento.ValorEstimado;"
"Preco|Valor|Total|Custo|Desconto|Comissao|Saldo|Receber|Pagar","PrimoAutoEletrica\ViewModels\AgendamentosViewModel.cs","2131","if (valorReferencia <= 0)"
"Preco|Valor|Total|Custo|Desconto|Comissao|Saldo|Receber|Pagar","PrimoAutoEletrica\ViewModels\AgendamentosViewModel.cs","2151","PrecoUnitario = valorReferencia,"
"Preco|Valor|Total|Custo|Desconto|Comissao|Saldo|Receber|Pagar","PrimoAutoEletrica\ViewModels\AgendamentosViewModel.cs","2152","PrecoCusto = 0m,"
"Preco|Valor|Total|Custo|Desconto|Comissao|Saldo|Receber|Pagar","PrimoAutoEletrica\ViewModels\AgendamentosViewModel.cs","2175","DescontoTipo = ""Valor"","
"Preco|Valor|Total|Custo|Desconto|Comissao|Saldo|Receber|Pagar","PrimoAutoEletrica\ViewModels\AgendamentosViewModel.cs","2202",".Where(s => s.Valor > 0 || !string.IsNullOrWhiteSpace(s.Nome))"
"Preco|Valor|Total|Custo|Desconto|Comissao|Saldo|Receber|Pagar","PrimoAutoEletrica\ViewModels\AgendamentosViewModel.cs","2208",".Where(s => s.Valor > 0 || !string.IsNullOrWhiteSpace(s.Nome))"
"Preco|Valor|Total|Custo|Desconto|Comissao|Saldo|Receber|Pagar","PrimoAutoEletrica\ViewModels\AgendamentosViewModel.cs","2246","PrecoUnitario = produtoAgendamento.PrecoUnitario,"
"Preco|Valor|Total|Custo|Desconto|Comissao|Saldo|Receber|Pagar","PrimoAutoEletrica\ViewModels\AgendamentosViewModel.cs","2247","Desconto = 0"
"Preco|Valor|Total|Custo|Desconto|Comissao|Saldo|Receber|Pagar","PrimoAutoEletrica\ViewModels\AgendamentosViewModel.cs","2251","venda.Total = venda.Itens.Sum(i => i.Subtotal);"
"Preco|Valor|Total|Custo|Desconto|Comissao|Saldo|Receber|Pagar","PrimoAutoEletrica\ViewModels\CatalogoPecasViewModel.cs","54","private int totalItens;"
"Preco|Valor|Total|Custo|Desconto|Comissao|Saldo|Receber|Pagar","PrimoAutoEletrica\ViewModels\CatalogoPecasViewModel.cs","97","TotalItens = _todosItens.Count;"
"Preco|Valor|Total|Custo|Desconto|Comissao|Saldo|Receber|Pagar","PrimoAutoEletrica\ViewModels\CatalogoPecasViewModel.cs","102","MensagemStatus = $""Catálogo carregado com {TotalItens} itens."";"
"Preco|Valor|Total|Custo|Desconto|Comissao|Saldo|Receber|Pagar","PrimoAutoEletrica\ViewModels\CatalogoPecasViewModel.cs","176","MensagemStatus = $""Exibindo {_itensFiltrados.Count} de {TotalItens} itens."";"
"Preco|Valor|Total|Custo|Desconto|Comissao|Saldo|Receber|Pagar","PrimoAutoEletrica\ViewModels\ClientesViewModel.cs","33","public string TotalClientesText"
"Preco|Valor|Total|Custo|Desconto|Comissao|Saldo|Receber|Pagar","PrimoAutoEletrica\ViewModels\ClientesViewModel.cs","91","TotalClientesText = clientes.Count.ToString();"
"Preco|Valor|Total|Custo|Desconto|Comissao|Saldo|Receber|Pagar","PrimoAutoEletrica\ViewModels\ClientesViewModel.cs","115","var ticketMedio = cliente.TotalServicos > 0 ? cliente.TotalGasto / cliente.TotalServicos : 0m;"
"Preco|Valor|Total|Custo|Desconto|Comissao|Saldo|Receber|Pagar","PrimoAutoEletrica\ViewModels\DashboardViewModel.cs","129","var totalClientes = await CountSafeAsync(connection, ""SELECT COUNT(1) FROM Clientes"");"
"Preco|Valor|Total|Custo|Desconto|Comissao|Saldo|Receber|Pagar","PrimoAutoEletrica\ViewModels\DashboardViewModel.cs","130","var totalProdutos = await CountSafeAsync(connection, ""SELECT COUNT(1) FROM Produtos WHERE Ativo = 1"");"
"Preco|Valor|Total|Custo|Desconto|Comissao|Saldo|Receber|Pagar","PrimoAutoEletrica\ViewModels\DashboardViewModel.cs","143","Metrics.Add(new DashboardMetric(L(""MetricClients""), totalClientes.ToString(""N0"", PtBr), L(""MetricClientsDetail""), ""CL""));"
"Preco|Valor|Total|Custo|Desconto|Comissao|Saldo|Receber|Pagar","PrimoAutoEletrica\ViewModels\DashboardViewModel.cs","144","Metrics.Add(new DashboardMetric(L(""MetricStockProducts""), totalProdutos.ToString(""N0"", PtBr), L(""MetricStockProductsDetail""), ""PR""));"
"Preco|Valor|Total|Custo|Desconto|Comissao|Saldo|Receber|Pagar","PrimoAutoEletrica\ViewModels\DashboardViewModel.cs","271","var rows = await connection.QueryAsync<(string Status, int Total)>("
"Preco|Valor|Total|Custo|Desconto|Comissao|Saldo|Receber|Pagar","PrimoAutoEletrica\ViewModels\DashboardViewModel.cs","272","@""SELECT COALESCE(Status, 'Rascunho') as Status, COUNT(1) as Total"
"Preco|Valor|Total|Custo|Desconto|Comissao|Saldo|Receber|Pagar","PrimoAutoEletrica\ViewModels\DashboardViewModel.cs","279","contagens[row.Status] = row.Total;"
"Preco|Valor|Total|Custo|Desconto|Comissao|Saldo|Receber|Pagar","PrimoAutoEletrica\ViewModels\DashboardViewModel.cs","289","var total = SomarStatusEquivalente(contagens, stage);"
"Preco|Valor|Total|Custo|Desconto|Comissao|Saldo|Receber|Pagar","PrimoAutoEletrica\ViewModels\DashboardViewModel.cs","290","FlowStages.Add(new DashboardFlowStage(stage, total));"
"decimal","PrimoAutoEletrica\ViewModels\DashboardViewModel.cs","344","var revenueData = (await connection.QueryAsync<(string Dia, decimal Total)>("
"Preco|Valor|Total|Custo|Desconto|Comissao|Saldo|Receber|Pagar","PrimoAutoEletrica\ViewModels\DashboardViewModel.cs","344","var revenueData = (await connection.QueryAsync<(string Dia, decimal Total)>("
"Preco|Valor|Total|Custo|Desconto|Comissao|Saldo|Receber|Pagar","PrimoAutoEletrica\ViewModels\DashboardViewModel.cs","345","@""SELECT strftime('%d/%m', Data) as Dia, COALESCE(SUM(Valor), 0) as Total"
"double","PrimoAutoEletrica\ViewModels\DashboardViewModel.cs","358","var max = revenueData.Max(r => (double)r.Total);"
"Preco|Valor|Total|Custo|Desconto|Comissao|Saldo|Receber|Pagar","PrimoAutoEletrica\ViewModels\DashboardViewModel.cs","358","var max = revenueData.Max(r => (double)r.Total);"
"double","PrimoAutoEletrica\ViewModels\DashboardViewModel.cs","363","var percentual = Math.Max(2, ((double)item.Total / max) * 100);"
"Preco|Valor|Total|Custo|Desconto|Comissao|Saldo|Receber|Pagar","PrimoAutoEletrica\ViewModels\DashboardViewModel.cs","363","var percentual = Math.Max(2, ((double)item.Total / max) * 100);"
"Preco|Valor|Total|Custo|Desconto|Comissao|Saldo|Receber|Pagar","PrimoAutoEletrica\ViewModels\DashboardViewModel.cs","364","RevenueBars.Add(new DashboardRevenueBar(item.Dia, item.Total.ToString(""C0"", PtBr), percentual));"
"Preco|Valor|Total|Custo|Desconto|Comissao|Saldo|Receber|Pagar","PrimoAutoEletrica\ViewModels\DashboardViewModel.cs","377","var total = 0;"
"Preco|Valor|Total|Custo|Desconto|Comissao|Saldo|Receber|Pagar","PrimoAutoEletrica\ViewModels\DashboardViewModel.cs","382","total += kv.Value;"
"Preco|Valor|Total|Custo|Desconto|Comissao|Saldo|Receber|Pagar","PrimoAutoEletrica\ViewModels\DashboardViewModel.cs","386","return total;"
"decimal","PrimoAutoEletrica\ViewModels\DashboardViewModel.cs","442","private static async Task<decimal> SumVendasMesAsync(IDbConnection connection)"
"decimal","PrimoAutoEletrica\ViewModels\DashboardViewModel.cs","446","return await connection.ExecuteScalarAsync<decimal>("
"Preco|Valor|Total|Custo|Desconto|Comissao|Saldo|Receber|Pagar","PrimoAutoEletrica\ViewModels\DashboardViewModel.cs","447","@""SELECT COALESCE(SUM(Valor),0) FROM Vendas"
"decimal","PrimoAutoEletrica\ViewModels\DashboardViewModel.cs","455","return await connection.ExecuteScalarAsync<decimal>("
"Preco|Valor|Total|Custo|Desconto|Comissao|Saldo|Receber|Pagar","PrimoAutoEletrica\ViewModels\DashboardViewModel.cs","456","@""SELECT COALESCE(SUM(Valor),0) FROM Vendas"
"Preco|Valor|Total|Custo|Desconto|Comissao|Saldo|Receber|Pagar","PrimoAutoEletrica\ViewModels\EstoqueViewModel.cs","38","public string TotalProdutosText { get => _totalProdutosText; set => SetField(ref _totalProdutosText, value); }"
"Preco|Valor|Total|Custo|Desconto|Comissao|Saldo|Receber|Pagar","PrimoAutoEletrica\ViewModels\EstoqueViewModel.cs","40","public string ValorTotalEstoqueText { get => _valorTotalEstoqueText; set => SetField(ref _valorTotalEstoqueText, value); }"
"Preco|Valor|Total|Custo|Desconto|Comissao|Saldo|Receber|Pagar","PrimoAutoEletrica\ViewModels\EstoqueViewModel.cs","120","_totalPages = Math.Max(1, paged.TotalPages);"
"Preco|Valor|Total|Custo|Desconto|Comissao|Saldo|Receber|Pagar","PrimoAutoEletrica\ViewModels\EstoqueViewModel.cs","127","PageInfoText = $""Pagina {Page}/{_totalPages} ({paged.TotalItems} produtos)"";"
"Preco|Valor|Total|Custo|Desconto|Comissao|Saldo|Receber|Pagar","PrimoAutoEletrica\ViewModels\EstoqueViewModel.cs","134","var valorTotal = produtos.Sum(p => p.PrecoVenda * Math.Max(p.QuantidadeEstoque, 0));"
"Preco|Valor|Total|Custo|Desconto|Comissao|Saldo|Receber|Pagar","PrimoAutoEletrica\ViewModels\EstoqueViewModel.cs","139","if (p.PrecoVenda > 0)"
"Preco|Valor|Total|Custo|Desconto|Comissao|Saldo|Receber|Pagar","PrimoAutoEletrica\ViewModels\EstoqueViewModel.cs","140","p.MargemLucro = ((p.PrecoVenda - p.PrecoCompra) / p.PrecoVenda) * 100m;"
"Preco|Valor|Total|Custo|Desconto|Comissao|Saldo|Receber|Pagar","PrimoAutoEletrica\ViewModels\EstoqueViewModel.cs","141","p.ValorTotalEstoque = p.PrecoVenda * p.QuantidadeEstoque;"
"Preco|Valor|Total|Custo|Desconto|Comissao|Saldo|Receber|Pagar","PrimoAutoEletrica\ViewModels\EstoqueViewModel.cs","146","p.ReceitaEstimadaTotal = p.PrecoVenda * p.TotalVendas;"
"Preco|Valor|Total|Custo|Desconto|Comissao|Saldo|Receber|Pagar","PrimoAutoEletrica\ViewModels\EstoqueViewModel.cs","153","foreach (var p in produtos.OrderByDescending(x => x.ValorTotalEstoque))"
"Preco|Valor|Total|Custo|Desconto|Comissao|Saldo|Receber|Pagar","PrimoAutoEletrica\ViewModels\EstoqueViewModel.cs","155","acumulado += Math.Max(p.ValorTotalEstoque, 0);"
"Preco|Valor|Total|Custo|Desconto|Comissao|Saldo|Receber|Pagar","PrimoAutoEletrica\ViewModels\EstoqueViewModel.cs","156","var pct = valorTotal <= 0 ? 100m : acumulado / valorTotal * 100m;"
"Preco|Valor|Total|Custo|Desconto|Comissao|Saldo|Receber|Pagar","PrimoAutoEletrica\ViewModels\EstoqueViewModel.cs","157","p.ParticipacaoEstoquePercentual = valorTotal <= 0 ? 0 : (p.ValorTotalEstoque / valorTotal) * 100m;"
"Preco|Valor|Total|Custo|Desconto|Comissao|Saldo|Receber|Pagar","PrimoAutoEletrica\ViewModels\EstoqueViewModel.cs","164","TotalProdutosText = _filtrados.Count.ToString(""N0"");"
"Preco|Valor|Total|Custo|Desconto|Comissao|Saldo|Receber|Pagar","PrimoAutoEletrica\ViewModels\EstoqueViewModel.cs","166","ValorTotalEstoqueText = _filtrados.Sum(p => p.PrecoVenda * p.QuantidadeEstoque).ToString(""C2"");"
"decimal","PrimoAutoEletrica\ViewModels\FinanceiroViewModel.cs","15","public decimal Entradas { get; set; }"
"decimal","PrimoAutoEletrica\ViewModels\FinanceiroViewModel.cs","16","public decimal Saidas { get; set; }"
"decimal","PrimoAutoEletrica\ViewModels\FinanceiroViewModel.cs","17","public decimal Lucro { get; set; }"
"Preco|Valor|Total|Custo|Desconto|Comissao|Saldo|Receber|Pagar","PrimoAutoEletrica\ViewModels\FinanceiroViewModel.cs","17","public decimal Lucro { get; set; }"
"double","PrimoAutoEletrica\ViewModels\FinanceiroViewModel.cs","18","public double EntradasAltura { get; set; }"
"double","PrimoAutoEletrica\ViewModels\FinanceiroViewModel.cs","19","public double SaidasAltura { get; set; }"
"Preco|Valor|Total|Custo|Desconto|Comissao|Saldo|Receber|Pagar","PrimoAutoEletrica\ViewModels\FinanceiroViewModel.cs","20","public string LucroCor { get; set; } = ""#10B981"";"
"decimal","PrimoAutoEletrica\ViewModels\FinanceiroViewModel.cs","26","public decimal Valor { get; set; }"
"Preco|Valor|Total|Custo|Desconto|Comissao|Saldo|Receber|Pagar","PrimoAutoEletrica\ViewModels\FinanceiroViewModel.cs","26","public decimal Valor { get; set; }"
"double","PrimoAutoEletrica\ViewModels\FinanceiroViewModel.cs","27","public double Percentual { get; set; }"
"double","PrimoAutoEletrica\ViewModels\FinanceiroViewModel.cs","28","public double LarguraBarra { get; set; }"
"Preco|Valor|Total|Custo|Desconto|Comissao|Saldo|Receber|Pagar","PrimoAutoEletrica\ViewModels\FinanceiroViewModel.cs","30","public string ParticipacaoTexto => $""{Percentual:P0} do total"";"
"decimal","PrimoAutoEletrica\ViewModels\FinanceiroViewModel.cs","39","public decimal Valor { get; set; }"
"Preco|Valor|Total|Custo|Desconto|Comissao|Saldo|Receber|Pagar","PrimoAutoEletrica\ViewModels\FinanceiroViewModel.cs","39","public decimal Valor { get; set; }"
"decimal","PrimoAutoEletrica\ViewModels\FinanceiroViewModel.cs","59","private decimal _valor = 0;"
"decimal","PrimoAutoEletrica\ViewModels\FinanceiroViewModel.cs","60","public decimal Valor"
"Preco|Valor|Total|Custo|Desconto|Comissao|Saldo|Receber|Pagar","PrimoAutoEletrica\ViewModels\FinanceiroViewModel.cs","60","public decimal Valor"
"decimal","PrimoAutoEletrica\ViewModels\FinanceiroViewModel.cs","100","public decimal Valor { get; set; }"
"Preco|Valor|Total|Custo|Desconto|Comissao|Saldo|Receber|Pagar","PrimoAutoEletrica\ViewModels\FinanceiroViewModel.cs","100","public decimal Valor { get; set; }"
"decimal","PrimoAutoEletrica\ViewModels\FinanceiroViewModel.cs","122","public decimal Valor { get; set; }"
"Preco|Valor|Total|Custo|Desconto|Comissao|Saldo|Receber|Pagar","PrimoAutoEletrica\ViewModels\FinanceiroViewModel.cs","122","public decimal Valor { get; set; }"
"decimal","PrimoAutoEletrica\ViewModels\FinanceiroViewModel.cs","190","private decimal _totalEntradas = 0;"
"decimal","PrimoAutoEletrica\ViewModels\FinanceiroViewModel.cs","191","public decimal TotalEntradas"
"Preco|Valor|Total|Custo|Desconto|Comissao|Saldo|Receber|Pagar","PrimoAutoEletrica\ViewModels\FinanceiroViewModel.cs","191","public decimal TotalEntradas"
"decimal","PrimoAutoEletrica\ViewModels\FinanceiroViewModel.cs","197","private decimal _totalSaidas = 0;"
"decimal","PrimoAutoEletrica\ViewModels\FinanceiroViewModel.cs","198","public decimal TotalSaidas"
"Preco|Valor|Total|Custo|Desconto|Comissao|Saldo|Receber|Pagar","PrimoAutoEletrica\ViewModels\FinanceiroViewModel.cs","198","public decimal TotalSaidas"
"decimal","PrimoAutoEletrica\ViewModels\FinanceiroViewModel.cs","204","private decimal _saldoAtual = 0;"
"decimal","PrimoAutoEletrica\ViewModels\FinanceiroViewModel.cs","205","public decimal SaldoAtual"
"Preco|Valor|Total|Custo|Desconto|Comissao|Saldo|Receber|Pagar","PrimoAutoEletrica\ViewModels\FinanceiroViewModel.cs","205","public decimal SaldoAtual"
"decimal","PrimoAutoEletrica\ViewModels\FinanceiroViewModel.cs","211","private decimal _saldoPrevisto = 0;"
"decimal","PrimoAutoEletrica\ViewModels\FinanceiroViewModel.cs","212","public decimal SaldoPrevisto"
"Preco|Valor|Total|Custo|Desconto|Comissao|Saldo|Receber|Pagar","PrimoAutoEletrica\ViewModels\FinanceiroViewModel.cs","212","public decimal SaldoPrevisto"
"Preco|Valor|Total|Custo|Desconto|Comissao|Saldo|Receber|Pagar","PrimoAutoEletrica\ViewModels\FinanceiroViewModel.cs","252","public ObservableCollection<LucroFinanceiroItem> LucroPorOrdemServico { get; } = new();"
"Preco|Valor|Total|Custo|Desconto|Comissao|Saldo|Receber|Pagar","PrimoAutoEletrica\ViewModels\FinanceiroViewModel.cs","253","public ObservableCollection<LucroFinanceiroItem> LucroPorProduto { get; } = new();"
"Preco|Valor|Total|Custo|Desconto|Comissao|Saldo|Receber|Pagar","PrimoAutoEletrica\ViewModels\FinanceiroViewModel.cs","254","public ObservableCollection<LucroFinanceiroItem> LucroPorServico { get; } = new();"
"Preco|Valor|Total|Custo|Desconto|Comissao|Saldo|Receber|Pagar","PrimoAutoEletrica\ViewModels\FinanceiroViewModel.cs","329","return ""Selecione uma conta a pagar ou a receber para ver a ficha operacional."";"
"decimal","PrimoAutoEletrica\ViewModels\FinanceiroViewModel.cs","362","decimal entradasMes = 0, saidasMes = 0, entradasHoje = 0, saidasHoje = 0;"
"Preco|Valor|Total|Custo|Desconto|Comissao|Saldo|Receber|Pagar","PrimoAutoEletrica\ViewModels\FinanceiroViewModel.cs","369","if (TipoMovimentoEh(mov.Tipo, ""Entrada"")) entradasMes += Convert.ToDecimal(mov.Valor);"
"Preco|Valor|Total|Custo|Desconto|Comissao|Saldo|Receber|Pagar","PrimoAutoEletrica\ViewModels\FinanceiroViewModel.cs","370","if (TipoMovimentoEh(mov.Tipo, ""Saida"")) saidasMes += Convert.ToDecimal(mov.Valor);"
"Preco|Valor|Total|Custo|Desconto|Comissao|Saldo|Receber|Pagar","PrimoAutoEletrica\ViewModels\FinanceiroViewModel.cs","374","if (TipoMovimentoEh(mov.Tipo, ""Entrada"")) entradasHoje += Convert.ToDecimal(mov.Valor);"
"Preco|Valor|Total|Custo|Desconto|Comissao|Saldo|Receber|Pagar","PrimoAutoEletrica\ViewModels\FinanceiroViewModel.cs","375","if (TipoMovimentoEh(mov.Tipo, ""Saida"")) saidasHoje += Convert.ToDecimal(mov.Valor);"
"decimal","PrimoAutoEletrica\ViewModels\FinanceiroViewModel.cs","379","decimal saldoAtual = entradasMes - saidasMes;"
"Preco|Valor|Total|Custo|Desconto|Comissao|Saldo|Receber|Pagar","PrimoAutoEletrica\ViewModels\FinanceiroViewModel.cs","379","decimal saldoAtual = entradasMes - saidasMes;"
"decimal","PrimoAutoEletrica\ViewModels\FinanceiroViewModel.cs","380","decimal lucroHoje = entradasHoje - saidasHoje;"
"Preco|Valor|Total|Custo|Desconto|Comissao|Saldo|Receber|Pagar","PrimoAutoEletrica\ViewModels\FinanceiroViewModel.cs","380","decimal lucroHoje = entradasHoje - saidasHoje;"
"Preco|Valor|Total|Custo|Desconto|Comissao|Saldo|Receber|Pagar","PrimoAutoEletrica\ViewModels\FinanceiroViewModel.cs","386","Titulo = ""Saldo Atual"","
"Preco|Valor|Total|Custo|Desconto|Comissao|Saldo|Receber|Pagar","PrimoAutoEletrica\ViewModels\FinanceiroViewModel.cs","387","Valor = saldoAtual,"
"Preco|Valor|Total|Custo|Desconto|Comissao|Saldo|Receber|Pagar","PrimoAutoEletrica\ViewModels\FinanceiroViewModel.cs","390","CorComparacao = saldoAtual >= 0 ? ""#28A745"" : ""#DC3545"""
"Preco|Valor|Total|Custo|Desconto|Comissao|Saldo|Receber|Pagar","PrimoAutoEletrica\ViewModels\FinanceiroViewModel.cs","396","Valor = entradasHoje,"
"Preco|Valor|Total|Custo|Desconto|Comissao|Saldo|Receber|Pagar","PrimoAutoEletrica\ViewModels\FinanceiroViewModel.cs","405","Valor = saidasHoje,"
"Preco|Valor|Total|Custo|Desconto|Comissao|Saldo|Receber|Pagar","PrimoAutoEletrica\ViewModels\FinanceiroViewModel.cs","413","Titulo = ""Lucro do Dia"","
"Preco|Valor|Total|Custo|Desconto|Comissao|Saldo|Receber|Pagar","PrimoAutoEletrica\ViewModels\FinanceiroViewModel.cs","414","Valor = lucroHoje,"
"Preco|Valor|Total|Custo|Desconto|Comissao|Saldo|Receber|Pagar","PrimoAutoEletrica\ViewModels\FinanceiroViewModel.cs","417","CorComparacao = lucroHoje >= 0 ? ""#28A745"" : ""#DC3545"""
"Preco|Valor|Total|Custo|Desconto|Comissao|Saldo|Receber|Pagar","PrimoAutoEletrica\ViewModels\FinanceiroViewModel.cs","423","Valor = entradasMes,"
"decimal","PrimoAutoEletrica\ViewModels\FinanceiroViewModel.cs","432","decimal totalPagar = 0, totalReceber = 0, totalVencidas = 0;"
"Preco|Valor|Total|Custo|Desconto|Comissao|Saldo|Receber|Pagar","PrimoAutoEletrica\ViewModels\FinanceiroViewModel.cs","432","decimal totalPagar = 0, totalReceber = 0, totalVencidas = 0;"
"Preco|Valor|Total|Custo|Desconto|Comissao|Saldo|Receber|Pagar","PrimoAutoEletrica\ViewModels\FinanceiroViewModel.cs","440","totalVencidas += Convert.ToDecimal(c.Valor);"
"Preco|Valor|Total|Custo|Desconto|Comissao|Saldo|Receber|Pagar","PrimoAutoEletrica\ViewModels\FinanceiroViewModel.cs","445","totalPagar += Convert.ToDecimal(c.Valor);"
"Preco|Valor|Total|Custo|Desconto|Comissao|Saldo|Receber|Pagar","PrimoAutoEletrica\ViewModels\FinanceiroViewModel.cs","456","totalReceber += Convert.ToDecimal(c.Valor);"
"Preco|Valor|Total|Custo|Desconto|Comissao|Saldo|Receber|Pagar","PrimoAutoEletrica\ViewModels\FinanceiroViewModel.cs","467","Valor = totalVencidas,"
"Preco|Valor|Total|Custo|Desconto|Comissao|Saldo|Receber|Pagar","PrimoAutoEletrica\ViewModels\FinanceiroViewModel.cs","470","CorComparacao = totalVencidas > 0 ? ""#DC3545"" : ""#28A745"""
"Preco|Valor|Total|Custo|Desconto|Comissao|Saldo|Receber|Pagar","PrimoAutoEletrica\ViewModels\FinanceiroViewModel.cs","475","Titulo = ""Contas a Receber"","
"Preco|Valor|Total|Custo|Desconto|Comissao|Saldo|Receber|Pagar","PrimoAutoEletrica\ViewModels\FinanceiroViewModel.cs","476","Valor = totalReceber,"
"Preco|Valor|Total|Custo|Desconto|Comissao|Saldo|Receber|Pagar","PrimoAutoEletrica\ViewModels\FinanceiroViewModel.cs","484","Titulo = ""Contas a Pagar"","
"Preco|Valor|Total|Custo|Desconto|Comissao|Saldo|Receber|Pagar","PrimoAutoEletrica\ViewModels\FinanceiroViewModel.cs","485","Valor = totalPagar,"
"Preco|Valor|Total|Custo|Desconto|Comissao|Saldo|Receber|Pagar","PrimoAutoEletrica\ViewModels\FinanceiroViewModel.cs","494","Valor = saldoAtual,"
"Preco|Valor|Total|Custo|Desconto|Comissao|Saldo|Receber|Pagar","PrimoAutoEletrica\ViewModels\FinanceiroViewModel.cs","497","CorComparacao = saldoAtual >= 0 ? ""#28A745"" : ""#DC3545"""
"Preco|Valor|Total|Custo|Desconto|Comissao|Saldo|Receber|Pagar","PrimoAutoEletrica\ViewModels\FinanceiroViewModel.cs","502","Titulo = ""Valor em Bancos"","
"Preco|Valor|Total|Custo|Desconto|Comissao|Saldo|Receber|Pagar","PrimoAutoEletrica\ViewModels\FinanceiroViewModel.cs","503","Valor = 0, // Implementar integração bancária se necessário"
"decimal","PrimoAutoEletrica\ViewModels\FinanceiroViewModel.cs","510","var formasPagamento = new Dictionary<string, decimal>(StringComparer.OrdinalIgnoreCase);"
"Preco|Valor|Total|Custo|Desconto|Comissao|Saldo|Receber|Pagar","PrimoAutoEletrica\ViewModels\FinanceiroViewModel.cs","520","formasPagamento[forma] += Convert.ToDecimal(mov.Valor);"
"Preco|Valor|Total|Custo|Desconto|Comissao|Saldo|Receber|Pagar","PrimoAutoEletrica\ViewModels\FinanceiroViewModel.cs","524","var totalPix = ObterTotalForma(formasPagamento, ""PIX"");"
"Preco|Valor|Total|Custo|Desconto|Comissao|Saldo|Receber|Pagar","PrimoAutoEletrica\ViewModels\FinanceiroViewModel.cs","525","var totalCartao = ObterTotalForma(formasPagamento, ""Debito"", ""Débito"") + ObterTotalForma(formasPagamento, ""Credito"", ""Crédito"");"
"Preco|Valor|Total|Custo|Desconto|Comissao|Saldo|Receber|Pagar","PrimoAutoEletrica\ViewModels\FinanceiroViewModel.cs","530","Titulo = ""Total em PIX"","
"Preco|Valor|Total|Custo|Desconto|Comissao|Saldo|Receber|Pagar","PrimoAutoEletrica\ViewModels\FinanceiroViewModel.cs","531","Valor = totalPix,"
"Preco|Valor|Total|Custo|Desconto|Comissao|Saldo|Receber|Pagar","PrimoAutoEletrica\ViewModels\FinanceiroViewModel.cs","539","Titulo = ""Total em Cartão"","
"Preco|Valor|Total|Custo|Desconto|Comissao|Saldo|Receber|Pagar","PrimoAutoEletrica\ViewModels\FinanceiroViewModel.cs","540","Valor = totalCartao,"
"decimal","PrimoAutoEletrica\ViewModels\FinanceiroViewModel.cs","556","decimal ticketMedio = qtdEntradas > 0 ? entradasMes / qtdEntradas : 0;"
"Preco|Valor|Total|Custo|Desconto|Comissao|Saldo|Receber|Pagar","PrimoAutoEletrica\ViewModels\FinanceiroViewModel.cs","561","Valor = ticketMedio,"
"Preco|Valor|Total|Custo|Desconto|Comissao|Saldo|Receber|Pagar","PrimoAutoEletrica\ViewModels\FinanceiroViewModel.cs","571","Valor = 0, // Implementar se houver dados"
"Preco|Valor|Total|Custo|Desconto|Comissao|Saldo|Receber|Pagar","PrimoAutoEletrica\ViewModels\FinanceiroViewModel.cs","580","Valor = totalVencidas,"
"Preco|Valor|Total|Custo|Desconto|Comissao|Saldo|Receber|Pagar","PrimoAutoEletrica\ViewModels\FinanceiroViewModel.cs","587","TotalEntradas = entradasMes;"
"Preco|Valor|Total|Custo|Desconto|Comissao|Saldo|Receber|Pagar","PrimoAutoEletrica\ViewModels\FinanceiroViewModel.cs","588","TotalSaidas = saidasMes;"
"Preco|Valor|Total|Custo|Desconto|Comissao|Saldo|Receber|Pagar","PrimoAutoEletrica\ViewModels\FinanceiroViewModel.cs","589","SaldoAtual = saldoAtual;"
"Preco|Valor|Total|Custo|Desconto|Comissao|Saldo|Receber|Pagar","PrimoAutoEletrica\ViewModels\FinanceiroViewModel.cs","590","SaldoPrevisto = saldoAtual + totalReceber - totalPagar;"
"double","PrimoAutoEletrica\ViewModels\FinanceiroViewModel.cs","606","var entradasPorDia = new double[diasNoMes];"
"double","PrimoAutoEletrica\ViewModels\FinanceiroViewModel.cs","607","var saidasPorDia = new double[diasNoMes];"
"Preco|Valor|Total|Custo|Desconto|Comissao|Saldo|Receber|Pagar","PrimoAutoEletrica\ViewModels\FinanceiroViewModel.cs","617","entradasPorDia[dia] += Convert.ToDouble(mov.Valor);"
"Preco|Valor|Total|Custo|Desconto|Comissao|Saldo|Receber|Pagar","PrimoAutoEletrica\ViewModels\FinanceiroViewModel.cs","619","saidasPorDia[dia] += Convert.ToDouble(mov.Valor);"
"double","PrimoAutoEletrica\ViewModels\FinanceiroViewModel.cs","624","var lucroPorDia = new double[diasNoMes];"
"Preco|Valor|Total|Custo|Desconto|Comissao|Saldo|Receber|Pagar","PrimoAutoEletrica\ViewModels\FinanceiroViewModel.cs","624","var lucroPorDia = new double[diasNoMes];"
"Preco|Valor|Total|Custo|Desconto|Comissao|Saldo|Receber|Pagar","PrimoAutoEletrica\ViewModels\FinanceiroViewModel.cs","627","lucroPorDia[i] = entradasPorDia[i] - saidasPorDia[i];"
"Preco|Valor|Total|Custo|Desconto|Comissao|Saldo|Receber|Pagar","PrimoAutoEletrica\ViewModels\FinanceiroViewModel.cs","643","Lucro = Convert.ToDecimal(lucroPorDia[i]),"
"Preco|Valor|Total|Custo|Desconto|Comissao|Saldo|Receber|Pagar","PrimoAutoEletrica\ViewModels\FinanceiroViewModel.cs","646","LucroCor = lucroPorDia[i] >= 0 ? ""#10B981"" : ""#EF4444"""
"double","PrimoAutoEletrica\ViewModels\FinanceiroViewModel.cs","650","var formasPagamento = new Dictionary<string, double>(StringComparer.OrdinalIgnoreCase);"
"Preco|Valor|Total|Custo|Desconto|Comissao|Saldo|Receber|Pagar","PrimoAutoEletrica\ViewModels\FinanceiroViewModel.cs","660","formasPagamento[forma] += Convert.ToDouble(mov.Valor);"
"Preco|Valor|Total|Custo|Desconto|Comissao|Saldo|Receber|Pagar","PrimoAutoEletrica\ViewModels\FinanceiroViewModel.cs","675","var totalFormas = formasPagamento.Values.Sum();"
"double","PrimoAutoEletrica\ViewModels\FinanceiroViewModel.cs","676","const double larguraMaximaBarra = 220d;"
"Preco|Valor|Total|Custo|Desconto|Comissao|Saldo|Receber|Pagar","PrimoAutoEletrica\ViewModels\FinanceiroViewModel.cs","681","var percentual = totalFormas <= 0 ? 0 : kvp.Value / totalFormas;"
"Preco|Valor|Total|Custo|Desconto|Comissao|Saldo|Receber|Pagar","PrimoAutoEletrica\ViewModels\FinanceiroViewModel.cs","687","Valor = Convert.ToDecimal(kvp.Value),"
"Preco|Valor|Total|Custo|Desconto|Comissao|Saldo|Receber|Pagar","PrimoAutoEletrica\ViewModels\FinanceiroViewModel.cs","695","var melhorDia = FluxoCaixaGrafico.OrderByDescending(item => item.Lucro).FirstOrDefault();"
"Preco|Valor|Total|Custo|Desconto|Comissao|Saldo|Receber|Pagar","PrimoAutoEletrica\ViewModels\FinanceiroViewModel.cs","696","var piorDia = FluxoCaixaGrafico.OrderBy(item => item.Lucro).FirstOrDefault();"
"Preco|Valor|Total|Custo|Desconto|Comissao|Saldo|Receber|Pagar","PrimoAutoEletrica\ViewModels\FinanceiroViewModel.cs","699",": $""{diasComMovimento} dia(s) com movimento. Melhor dia: {melhorDia?.Dia} ({melhorDia?.Lucro:C}); ponto de atencao: {piorDia?.Dia} ({piorDia?.Lucro:C})."";"
"Preco|Valor|Total|Custo|Desconto|Comissao|Saldo|Receber|Pagar","PrimoAutoEletrica\ViewModels\FinanceiroViewModel.cs","701","var principalForma = FormasPagamentoGrafico.OrderByDescending(item => item.Valor).FirstOrDefault();"
"Preco|Valor|Total|Custo|Desconto|Comissao|Saldo|Receber|Pagar","PrimoAutoEletrica\ViewModels\FinanceiroViewModel.cs","704",": $""Principal forma: {principalForma.Nome} com {principalForma.Valor:C} ({principalForma.Percentual:P0})."";"
"Preco|Valor|Total|Custo|Desconto|Comissao|Saldo|Receber|Pagar","PrimoAutoEletrica\ViewModels\FinanceiroViewModel.cs","741","Valor = conta.Valor,"
"Preco|Valor|Total|Custo|Desconto|Comissao|Saldo|Receber|Pagar","PrimoAutoEletrica\ViewModels\FinanceiroViewModel.cs","766","Valor = conta.Valor,"
"Preco|Valor|Total|Custo|Desconto|Comissao|Saldo|Receber|Pagar","PrimoAutoEletrica\ViewModels\FinanceiroViewModel.cs","801","ReplaceCollection(LucroPorOrdemServico, _financeiroDatabaseService.ObterLucroPorOrdemServico(inicio, fim, 8));"
"Preco|Valor|Total|Custo|Desconto|Comissao|Saldo|Receber|Pagar","PrimoAutoEletrica\ViewModels\FinanceiroViewModel.cs","802","ReplaceCollection(LucroPorProduto, _financeiroDatabaseService.ObterLucroPorProduto(inicio, fim, 8));"
"Preco|Valor|Total|Custo|Desconto|Comissao|Saldo|Receber|Pagar","PrimoAutoEletrica\ViewModels\FinanceiroViewModel.cs","803","ReplaceCollection(LucroPorServico, _financeiroDatabaseService.ObterLucroPorServico(inicio, fim, 8));"
"Preco|Valor|Total|Custo|Desconto|Comissao|Saldo|Receber|Pagar","PrimoAutoEletrica\ViewModels\FinanceiroViewModel.cs","814","Valor = resumo.FaturamentoPeriodo,"
"Preco|Valor|Total|Custo|Desconto|Comissao|Saldo|Receber|Pagar","PrimoAutoEletrica\ViewModels\FinanceiroViewModel.cs","821","Titulo = ""Lucro por OS"","
"Preco|Valor|Total|Custo|Desconto|Comissao|Saldo|Receber|Pagar","PrimoAutoEletrica\ViewModels\FinanceiroViewModel.cs","822","Valor = resumo.LucroOrdensServico,"
"Preco|Valor|Total|Custo|Desconto|Comissao|Saldo|Receber|Pagar","PrimoAutoEletrica\ViewModels\FinanceiroViewModel.cs","823","Comparacao = $""{LucroPorOrdemServico.Count} OS analisada(s)"","
"Preco|Valor|Total|Custo|Desconto|Comissao|Saldo|Receber|Pagar","PrimoAutoEletrica\ViewModels\FinanceiroViewModel.cs","824","CorComparacao = resumo.LucroOrdensServico >= 0 ? ""#10B981"" : ""#EF4444"""
"Preco|Valor|Total|Custo|Desconto|Comissao|Saldo|Receber|Pagar","PrimoAutoEletrica\ViewModels\FinanceiroViewModel.cs","829","Titulo = ""Lucro por produto"","
"Preco|Valor|Total|Custo|Desconto|Comissao|Saldo|Receber|Pagar","PrimoAutoEletrica\ViewModels\FinanceiroViewModel.cs","830","Valor = resumo.LucroProdutos,"
"Preco|Valor|Total|Custo|Desconto|Comissao|Saldo|Receber|Pagar","PrimoAutoEletrica\ViewModels\FinanceiroViewModel.cs","831","Comparacao = $""{LucroPorProduto.Count} produto(s)"","
"Preco|Valor|Total|Custo|Desconto|Comissao|Saldo|Receber|Pagar","PrimoAutoEletrica\ViewModels\FinanceiroViewModel.cs","832","CorComparacao = resumo.LucroProdutos >= 0 ? ""#10B981"" : ""#EF4444"""
"Preco|Valor|Total|Custo|Desconto|Comissao|Saldo|Receber|Pagar","PrimoAutoEletrica\ViewModels\FinanceiroViewModel.cs","837","Titulo = ""Lucro por servico"","
"Preco|Valor|Total|Custo|Desconto|Comissao|Saldo|Receber|Pagar","PrimoAutoEletrica\ViewModels\FinanceiroViewModel.cs","838","Valor = resumo.LucroServicos,"
"Preco|Valor|Total|Custo|Desconto|Comissao|Saldo|Receber|Pagar","PrimoAutoEletrica\ViewModels\FinanceiroViewModel.cs","839","Comparacao = $""{LucroPorServico.Count} servico(s)"","
"Preco|Valor|Total|Custo|Desconto|Comissao|Saldo|Receber|Pagar","PrimoAutoEletrica\ViewModels\FinanceiroViewModel.cs","840","CorComparacao = resumo.LucroServicos >= 0 ? ""#10B981"" : ""#EF4444"""
"Preco|Valor|Total|Custo|Desconto|Comissao|Saldo|Receber|Pagar","PrimoAutoEletrica\ViewModels\FinanceiroViewModel.cs","846","Valor = resumo.DespesasFixas,"
"Preco|Valor|Total|Custo|Desconto|Comissao|Saldo|Receber|Pagar","PrimoAutoEletrica\ViewModels\FinanceiroViewModel.cs","854","Valor = resumo.DespesasVariaveis,"
"Preco|Valor|Total|Custo|Desconto|Comissao|Saldo|Receber|Pagar","PrimoAutoEletrica\ViewModels\FinanceiroViewModel.cs","862","Valor = resumo.RecebimentosPorForma,"
"Preco|Valor|Total|Custo|Desconto|Comissao|Saldo|Receber|Pagar","PrimoAutoEletrica\ViewModels\FinanceiroViewModel.cs","870","Valor = resumo.SaldoCaixaOperadores,"
"Preco|Valor|Total|Custo|Desconto|Comissao|Saldo|Receber|Pagar","PrimoAutoEletrica\ViewModels\FinanceiroViewModel.cs","872","CorComparacao = resumo.SaldoCaixaOperadores >= 0 ? ""#10B981"" : ""#EF4444"""
"Preco|Valor|Total|Custo|Desconto|Comissao|Saldo|Receber|Pagar","PrimoAutoEletrica\ViewModels\FinanceiroViewModel.cs","878","Valor = resumo.Inadimplencia,"
"Preco|Valor|Total|Custo|Desconto|Comissao|Saldo|Receber|Pagar","PrimoAutoEletrica\ViewModels\FinanceiroViewModel.cs","883","var topProduto = LucroPorProduto.OrderByDescending(item => item.LucroBruto).FirstOrDefault();"
"Preco|Valor|Total|Custo|Desconto|Comissao|Saldo|Receber|Pagar","PrimoAutoEletrica\ViewModels\FinanceiroViewModel.cs","884","var topServico = LucroPorServico.OrderByDescending(item => item.LucroBruto).FirstOrDefault();"
"Preco|Valor|Total|Custo|Desconto|Comissao|Saldo|Receber|Pagar","PrimoAutoEletrica\ViewModels\FinanceiroViewModel.cs","905","var receberPagasSemData = ContasReceber"
"Preco|Valor|Total|Custo|Desconto|Comissao|Saldo|Receber|Pagar","PrimoAutoEletrica\ViewModels\FinanceiroViewModel.cs","908","var pagarPagasSemData = ContasPagar"
"Preco|Valor|Total|Custo|Desconto|Comissao|Saldo|Receber|Pagar","PrimoAutoEletrica\ViewModels\FinanceiroViewModel.cs","915","""Contas a pagar vencidas"","
"Preco|Valor|Total|Custo|Desconto|Comissao|Saldo|Receber|Pagar","PrimoAutoEletrica\ViewModels\FinanceiroViewModel.cs","918","contasPagarVencidas.Sum(conta => conta.Valor),"
"Preco|Valor|Total|Custo|Desconto|Comissao|Saldo|Receber|Pagar","PrimoAutoEletrica\ViewModels\FinanceiroViewModel.cs","927","$""{contasReceberVencidas.Count} titulo(s) vencido(s) a receber."","
"Preco|Valor|Total|Custo|Desconto|Comissao|Saldo|Receber|Pagar","PrimoAutoEletrica\ViewModels\FinanceiroViewModel.cs","929","contasReceberVencidas.Sum(conta => conta.Valor),"
"Preco|Valor|Total|Custo|Desconto|Comissao|Saldo|Receber|Pagar","PrimoAutoEletrica\ViewModels\FinanceiroViewModel.cs","930","""Priorize cobranca e conciliacao antes de considerar o valor no caixa disponivel."","
"Preco|Valor|Total|Custo|Desconto|Comissao|Saldo|Receber|Pagar","PrimoAutoEletrica\ViewModels\FinanceiroViewModel.cs","934","if (receberPagasSemData.Count > 0 || pagarPagasSemData.Count > 0)"
"Preco|Valor|Total|Custo|Desconto|Comissao|Saldo|Receber|Pagar","PrimoAutoEletrica\ViewModels\FinanceiroViewModel.cs","938","$""{receberPagasSemData.Count + pagarPagasSemData.Count} titulo(s) liquidado(s) sem data de pagamento."","
"Preco|Valor|Total|Custo|Desconto|Comissao|Saldo|Receber|Pagar","PrimoAutoEletrica\ViewModels\FinanceiroViewModel.cs","940","receberPagasSemData.Sum(conta => conta.Valor) + pagarPagasSemData.Sum(conta => conta.Valor),"
"Preco|Valor|Total|Custo|Desconto|Comissao|Saldo|Receber|Pagar","PrimoAutoEletrica\ViewModels\FinanceiroViewModel.cs","945","if (SaldoPrevisto < 0)"
"Preco|Valor|Total|Custo|Desconto|Comissao|Saldo|Receber|Pagar","PrimoAutoEletrica\ViewModels\FinanceiroViewModel.cs","948","""Saldo projetado negativo"","
"Preco|Valor|Total|Custo|Desconto|Comissao|Saldo|Receber|Pagar","PrimoAutoEletrica\ViewModels\FinanceiroViewModel.cs","949","$""Saldo projetado em {SaldoPrevisto:C}."","
"Preco|Valor|Total|Custo|Desconto|Comissao|Saldo|Receber|Pagar","PrimoAutoEletrica\ViewModels\FinanceiroViewModel.cs","951","Math.Abs(SaldoPrevisto),"
"Preco|Valor|Total|Custo|Desconto|Comissao|Saldo|Receber|Pagar","PrimoAutoEletrica\ViewModels\FinanceiroViewModel.cs","952","""O contas a pagar pendente supera caixa e recebiveis do periodo."","
"Preco|Valor|Total|Custo|Desconto|Comissao|Saldo|Receber|Pagar","PrimoAutoEletrica\ViewModels\FinanceiroViewModel.cs","956","if (TotalSaidas > TotalEntradas && TotalEntradas > 0)"
"Preco|Valor|Total|Custo|Desconto|Comissao|Saldo|Receber|Pagar","PrimoAutoEletrica\ViewModels\FinanceiroViewModel.cs","960","$""Saidas do mes superam entradas em {(TotalSaidas - TotalEntradas):C}."","
"Preco|Valor|Total|Custo|Desconto|Comissao|Saldo|Receber|Pagar","PrimoAutoEletrica\ViewModels\FinanceiroViewModel.cs","962","TotalSaidas - TotalEntradas,"
"decimal","PrimoAutoEletrica\ViewModels\FinanceiroViewModel.cs","979","movimentacoesEntradaSemForma.Sum(mov => (decimal)mov.Valor),"
"Preco|Valor|Total|Custo|Desconto|Comissao|Saldo|Receber|Pagar","PrimoAutoEletrica\ViewModels\FinanceiroViewModel.cs","979","movimentacoesEntradaSemForma.Sum(mov => (decimal)mov.Valor),"
"Preco|Valor|Total|Custo|Desconto|Comissao|Saldo|Receber|Pagar","PrimoAutoEletrica\ViewModels\FinanceiroViewModel.cs","984","var diferencaFluxoDre = Math.Abs((TotalEntradas - TotalSaidas) - DemonstrativoResultado.ResultadoOperacional);"
"decimal","PrimoAutoEletrica\ViewModels\FinanceiroViewModel.cs","1002","private void AdicionarAlerta(string tipo, string mensagem, string severidade, decimal valor, string detalhes, string cor)"
"Preco|Valor|Total|Custo|Desconto|Comissao|Saldo|Receber|Pagar","PrimoAutoEletrica\ViewModels\FinanceiroViewModel.cs","1002","private void AdicionarAlerta(string tipo, string mensagem, string severidade, decimal valor, string detalhes, string cor)"
"Preco|Valor|Total|Custo|Desconto|Comissao|Saldo|Receber|Pagar","PrimoAutoEletrica\ViewModels\FinanceiroViewModel.cs","1009","Valor = valor,"
"decimal","PrimoAutoEletrica\ViewModels\FinanceiroViewModel.cs","1020","public void AtualizarDadosDoPDV(decimal valorVenda, string formaPagamento)"
"Preco|Valor|Total|Custo|Desconto|Comissao|Saldo|Receber|Pagar","PrimoAutoEletrica\ViewModels\FinanceiroViewModel.cs","1020","public void AtualizarDadosDoPDV(decimal valorVenda, string formaPagamento)"
"Preco|Valor|Total|Custo|Desconto|Comissao|Saldo|Receber|Pagar","PrimoAutoEletrica\ViewModels\FinanceiroViewModel.cs","1023","TotalEntradas += valorVenda;"
"Preco|Valor|Total|Custo|Desconto|Comissao|Saldo|Receber|Pagar","PrimoAutoEletrica\ViewModels\FinanceiroViewModel.cs","1024","SaldoAtual += valorVenda;"
"Preco|Valor|Total|Custo|Desconto|Comissao|Saldo|Receber|Pagar","PrimoAutoEletrica\ViewModels\FinanceiroViewModel.cs","1029","CardsFinanceirosLinha1[1].Valor += valorVenda;"
"Preco|Valor|Total|Custo|Desconto|Comissao|Saldo|Receber|Pagar","PrimoAutoEletrica\ViewModels\FinanceiroViewModel.cs","1035","CardsFinanceirosLinha1[3].Valor += valorVenda * 0.3m; // Assumindo 30% de lucro"
"Preco|Valor|Total|Custo|Desconto|Comissao|Saldo|Receber|Pagar","PrimoAutoEletrica\ViewModels\FinanceiroViewModel.cs","1038","OnPropertyChanged(nameof(TotalEntradas));"
"Preco|Valor|Total|Custo|Desconto|Comissao|Saldo|Receber|Pagar","PrimoAutoEletrica\ViewModels\FinanceiroViewModel.cs","1039","OnPropertyChanged(nameof(SaldoAtual));"
"Preco|Valor|Total|Custo|Desconto|Comissao|Saldo|Receber|Pagar","PrimoAutoEletrica\ViewModels\FinanceiroViewModel.cs","1049","$""Baixa operacional da conta a pagar '{conta.Descricao}'."");"
"Preco|Valor|Total|Custo|Desconto|Comissao|Saldo|Receber|Pagar","PrimoAutoEletrica\ViewModels\FinanceiroViewModel.cs","1060","$""Baixa operacional da conta a receber '{conta.Descricao}'."");"
"Preco|Valor|Total|Custo|Desconto|Comissao|Saldo|Receber|Pagar","PrimoAutoEletrica\ViewModels\FinanceiroViewModel.cs","1159","var receberPendentes = ContasReceber.Where(c => !ContaReceberEstaLiquidada(c.Status)).ToList();"
"Preco|Valor|Total|Custo|Desconto|Comissao|Saldo|Receber|Pagar","PrimoAutoEletrica\ViewModels\FinanceiroViewModel.cs","1160","var pagarPendentes = ContasPagar.Where(c => !ContaPagarEstaLiquidada(c.Status)).ToList();"
"Preco|Valor|Total|Custo|Desconto|Comissao|Saldo|Receber|Pagar","PrimoAutoEletrica\ViewModels\FinanceiroViewModel.cs","1162","PulseReceberText = receberPendentes.Sum(c => c.Valor).ToString(""C2"");"
"Preco|Valor|Total|Custo|Desconto|Comissao|Saldo|Receber|Pagar","PrimoAutoEletrica\ViewModels\FinanceiroViewModel.cs","1163","PulsePagarText = pagarPendentes.Sum(c => c.Valor).ToString(""C2"");"
"Preco|Valor|Total|Custo|Desconto|Comissao|Saldo|Receber|Pagar","PrimoAutoEletrica\ViewModels\FinanceiroViewModel.cs","1165","receberPendentes.Count(c => c.DataVencimento.Date == hoje) +"
"Preco|Valor|Total|Custo|Desconto|Comissao|Saldo|Receber|Pagar","PrimoAutoEletrica\ViewModels\FinanceiroViewModel.cs","1166","pagarPendentes.Count(c => c.DataVencimento.Date == hoje)).ToString();"
"Preco|Valor|Total|Custo|Desconto|Comissao|Saldo|Receber|Pagar","PrimoAutoEletrica\ViewModels\FinanceiroViewModel.cs","1168","receberPendentes.Count(c => c.DataVencimento.Date < hoje) +"
"Preco|Valor|Total|Custo|Desconto|Comissao|Saldo|Receber|Pagar","PrimoAutoEletrica\ViewModels\FinanceiroViewModel.cs","1169","pagarPendentes.Count(c => c.DataVencimento.Date < hoje)).ToString();"
"Preco|Valor|Total|Custo|Desconto|Comissao|Saldo|Receber|Pagar","PrimoAutoEletrica\ViewModels\FinanceiroViewModel.cs","1170","PulseSaldoText = SaldoAtual.ToString(""C2"");"
"Preco|Valor|Total|Custo|Desconto|Comissao|Saldo|Receber|Pagar","PrimoAutoEletrica\ViewModels\FinanceiroViewModel.cs","1181","$""Conta a pagar #{conta.Id}\n"" +"
"Preco|Valor|Total|Custo|Desconto|Comissao|Saldo|Receber|Pagar","PrimoAutoEletrica\ViewModels\FinanceiroViewModel.cs","1184","$""Valor: {conta.Valor:C2}\n"" +"
"Preco|Valor|Total|Custo|Desconto|Comissao|Saldo|Receber|Pagar","PrimoAutoEletrica\ViewModels\FinanceiroViewModel.cs","1194","$""Conta a receber #{conta.Id}\n"" +"
"Preco|Valor|Total|Custo|Desconto|Comissao|Saldo|Receber|Pagar","PrimoAutoEletrica\ViewModels\FinanceiroViewModel.cs","1197","$""Valor: {conta.Valor:C2}\n"" +"
"double","PrimoAutoEletrica\ViewModels\FinanceiroViewModel.cs","1218","public Dictionary<string, double> ObterResumoFormasPagamentoAtual()"
"Preco|Valor|Total|Custo|Desconto|Comissao|Saldo|Receber|Pagar","PrimoAutoEletrica\ViewModels\FinanceiroViewModel.cs","1222","item => Convert.ToDouble(item.Valor));"
"decimal","PrimoAutoEletrica\ViewModels\FinanceiroViewModel.cs","1249","private static decimal ObterTotalForma(IReadOnlyDictionary<string, decimal> formasPagamento, params string[] aliases)"
"Preco|Valor|Total|Custo|Desconto|Comissao|Saldo|Receber|Pagar","PrimoAutoEletrica\ViewModels\FuncionariosViewModel.cs","32","public string TotalFuncionariosText"
"Preco|Valor|Total|Custo|Desconto|Comissao|Saldo|Receber|Pagar","PrimoAutoEletrica\ViewModels\FuncionariosViewModel.cs","97","TotalFuncionariosText = _funcionarios.Count.ToString(""N0"");"
"decimal","PrimoAutoEletrica\ViewModels\FuncionariosViewModel.cs","152","public decimal? Salario { get; set; }"
"decimal","PrimoAutoEletrica\ViewModels\NovoAgendamentoPremiumViewModel.cs","34","private decimal _valorEstimado = 0;"
"decimal","PrimoAutoEletrica\ViewModels\NovoAgendamentoPremiumViewModel.cs","38","private decimal _valorServico = 0;"
"decimal","PrimoAutoEletrica\ViewModels\NovoAgendamentoPremiumViewModel.cs","40","private decimal _desconto = 0;"
"decimal","PrimoAutoEletrica\ViewModels\NovoAgendamentoPremiumViewModel.cs","41","private decimal _valorFinal = 0;"
"decimal","PrimoAutoEletrica\ViewModels\NovoAgendamentoPremiumViewModel.cs","184","public decimal ValorEstimado"
"Preco|Valor|Total|Custo|Desconto|Comissao|Saldo|Receber|Pagar","PrimoAutoEletrica\ViewModels\NovoAgendamentoPremiumViewModel.cs","184","public decimal ValorEstimado"
"decimal","PrimoAutoEletrica\ViewModels\NovoAgendamentoPremiumViewModel.cs","208","public decimal ValorServico"
"Preco|Valor|Total|Custo|Desconto|Comissao|Saldo|Receber|Pagar","PrimoAutoEletrica\ViewModels\NovoAgendamentoPremiumViewModel.cs","208","public decimal ValorServico"
"decimal","PrimoAutoEletrica\ViewModels\NovoAgendamentoPremiumViewModel.cs","220","public decimal Desconto"
"Preco|Valor|Total|Custo|Desconto|Comissao|Saldo|Receber|Pagar","PrimoAutoEletrica\ViewModels\NovoAgendamentoPremiumViewModel.cs","220","public decimal Desconto"
"decimal","PrimoAutoEletrica\ViewModels\NovoAgendamentoPremiumViewModel.cs","226","public decimal ValorFinal"
"Preco|Valor|Total|Custo|Desconto|Comissao|Saldo|Receber|Pagar","PrimoAutoEletrica\ViewModels\NovoAgendamentoPremiumViewModel.cs","226","public decimal ValorFinal"
"Preco|Valor|Total|Custo|Desconto|Comissao|Saldo|Receber|Pagar","PrimoAutoEletrica\ViewModels\NovoAgendamentoPremiumViewModel.cs","246","ValorFinal = ValorServico - Desconto;"
"Preco|Valor|Total|Custo|Desconto|Comissao|Saldo|Receber|Pagar","PrimoAutoEletrica\ViewModels\NovoAgendamentoPremiumViewModel.cs","247","if (ValorFinal < 0) ValorFinal = 0;"
"Preco|Valor|Total|Custo|Desconto|Comissao|Saldo|Receber|Pagar","PrimoAutoEletrica\ViewModels\NovoAgendamentoPremiumViewModel.cs","274","ValorEstimado = ValorEstimado,"
"Preco|Valor|Total|Custo|Desconto|Comissao|Saldo|Receber|Pagar","PrimoAutoEletrica\ViewModels\NovoAgendamentoPremiumViewModel.cs","278","ValorReal = ValorEstimado,"
"decimal","PrimoAutoEletrica\ViewModels\OrcamentosViewModel.cs","59","private decimal _subtotal;"
"decimal","PrimoAutoEletrica\ViewModels\OrcamentosViewModel.cs","60","public decimal Subtotal"
"Preco|Valor|Total|Custo|Desconto|Comissao|Saldo|Receber|Pagar","PrimoAutoEletrica\ViewModels\OrcamentosViewModel.cs","60","public decimal Subtotal"
"decimal","PrimoAutoEletrica\ViewModels\OrcamentosViewModel.cs","66","private decimal _desconto;"
"decimal","PrimoAutoEletrica\ViewModels\OrcamentosViewModel.cs","67","public decimal Desconto"
"Preco|Valor|Total|Custo|Desconto|Comissao|Saldo|Receber|Pagar","PrimoAutoEletrica\ViewModels\OrcamentosViewModel.cs","67","public decimal Desconto"
"decimal","PrimoAutoEletrica\ViewModels\OrcamentosViewModel.cs","73","private decimal _acrescimo;"
"decimal","PrimoAutoEletrica\ViewModels\OrcamentosViewModel.cs","74","public decimal Acrescimo"
"decimal","PrimoAutoEletrica\ViewModels\OrcamentosViewModel.cs","80","private decimal _total;"
"decimal","PrimoAutoEletrica\ViewModels\OrcamentosViewModel.cs","81","public decimal Total"
"Preco|Valor|Total|Custo|Desconto|Comissao|Saldo|Receber|Pagar","PrimoAutoEletrica\ViewModels\OrcamentosViewModel.cs","81","public decimal Total"
"decimal","PrimoAutoEletrica\ViewModels\OrcamentosViewModel.cs","87","private decimal _margemLucro;"
"decimal","PrimoAutoEletrica\ViewModels\OrcamentosViewModel.cs","88","public decimal MargemLucro"
"Preco|Valor|Total|Custo|Desconto|Comissao|Saldo|Receber|Pagar","PrimoAutoEletrica\ViewModels\OrcamentosViewModel.cs","88","public decimal MargemLucro"
"decimal","PrimoAutoEletrica\ViewModels\OrcamentosViewModel.cs","94","private decimal _lucroEstimado;"
"decimal","PrimoAutoEletrica\ViewModels\OrcamentosViewModel.cs","95","public decimal LucroEstimado"
"Preco|Valor|Total|Custo|Desconto|Comissao|Saldo|Receber|Pagar","PrimoAutoEletrica\ViewModels\OrcamentosViewModel.cs","95","public decimal LucroEstimado"
"decimal","PrimoAutoEletrica\ViewModels\OrcamentosViewModel.cs","137","private decimal _comissaoVendedor;"
"decimal","PrimoAutoEletrica\ViewModels\OrcamentosViewModel.cs","138","public decimal ComissaoVendedor"
"Preco|Valor|Total|Custo|Desconto|Comissao|Saldo|Receber|Pagar","PrimoAutoEletrica\ViewModels\OrcamentosViewModel.cs","138","public decimal ComissaoVendedor"
"decimal","PrimoAutoEletrica\ViewModels\OrcamentosViewModel.cs","144","private decimal _impostosEstimados;"
"decimal","PrimoAutoEletrica\ViewModels\OrcamentosViewModel.cs","145","public decimal ImpostosEstimados"
"Preco|Valor|Total|Custo|Desconto|Comissao|Saldo|Receber|Pagar","PrimoAutoEletrica\ViewModels\OrcamentosViewModel.cs","190","OnPropertyChanged(nameof(ValorTotalGastoResumo));"
"Preco|Valor|Total|Custo|Desconto|Comissao|Saldo|Receber|Pagar","PrimoAutoEletrica\ViewModels\OrcamentosViewModel.cs","198",": $""{ClienteAtual.TotalServicos} servico(s) e {ClienteAtual.PontosFidelidade} ponto(s) de fidelidade"";"
"decimal","PrimoAutoEletrica\ViewModels\OrcamentosViewModel.cs","200","public decimal ValorTotalGastoResumo => ClienteAtual?.TotalGasto ?? 0m;"
"Preco|Valor|Total|Custo|Desconto|Comissao|Saldo|Receber|Pagar","PrimoAutoEletrica\ViewModels\OrcamentosViewModel.cs","200","public decimal ValorTotalGastoResumo => ClienteAtual?.TotalGasto ?? 0m;"
"Preco|Valor|Total|Custo|Desconto|Comissao|Saldo|Receber|Pagar","PrimoAutoEletrica\ViewModels\OrcamentosViewModel.cs","262","var valorTotal = orcamentos.Sum(o => o.Total);"
"decimal","PrimoAutoEletrica\ViewModels\OrcamentosViewModel.cs","274","var taxaConversao = orcamentos.Count > 0 ? ((decimal)convertidos / orcamentos.Count * 100).ToString(""F0"") + ""%"" : ""0%"";"
"Preco|Valor|Total|Custo|Desconto|Comissao|Saldo|Receber|Pagar","PrimoAutoEletrica\ViewModels\OrcamentosViewModel.cs","275","var ticketMedio = orcamentos.Count > 0 ? orcamentos.Average(o => o.Total) : 0;"
"Preco|Valor|Total|Custo|Desconto|Comissao|Saldo|Receber|Pagar","PrimoAutoEletrica\ViewModels\OrcamentosViewModel.cs","276","var lucroTotal = orcamentos.Sum(o => o.LucroEstimado);"
"Preco|Valor|Total|Custo|Desconto|Comissao|Saldo|Receber|Pagar","PrimoAutoEletrica\ViewModels\OrcamentosViewModel.cs","284","DashboardCards.Add(new DashboardCard { Icone = ""*"", Titulo = UiText.T(""QuotesToday""), Valor = orcamentosHoje, Comparacao = ""+8%"" });"
"Preco|Valor|Total|Custo|Desconto|Comissao|Saldo|Receber|Pagar","PrimoAutoEletrica\ViewModels\OrcamentosViewModel.cs","285","DashboardCards.Add(new DashboardCard { Icone = ""*"", Titulo = UiText.T(""TotalQuotedValue""), Valor = valorTotal.ToString(""C""), Comparacao = ""+12%"" });"
"Preco|Valor|Total|Custo|Desconto|Comissao|Saldo|Receber|Pagar","PrimoAutoEletrica\ViewModels\OrcamentosViewModel.cs","286","DashboardCards.Add(new DashboardCard { Icone = ""*"", Titulo = UiText.T(""ApprovedPlural""), Valor = aprovados, Comparacao = ""+3%"" });"
"Preco|Valor|Total|Custo|Desconto|Comissao|Saldo|Receber|Pagar","PrimoAutoEletrica\ViewModels\OrcamentosViewModel.cs","287","DashboardCards.Add(new DashboardCard { Icone = ""*"", Titulo = UiText.T(""Pending""), Valor = pendentes, Comparacao = ""-2%"" });"
"Preco|Valor|Total|Custo|Desconto|Comissao|Saldo|Receber|Pagar","PrimoAutoEletrica\ViewModels\OrcamentosViewModel.cs","288","DashboardCards.Add(new DashboardCard { Icone = ""*"", Titulo = UiText.T(""LostPlural""), Valor = perdidos, Comparacao = ""-1%"" });"
"Preco|Valor|Total|Custo|Desconto|Comissao|Saldo|Receber|Pagar","PrimoAutoEletrica\ViewModels\OrcamentosViewModel.cs","289","DashboardCards.Add(new DashboardCard { Icone = ""*"", Titulo = UiText.T(""ConversionRate""), Valor = taxaConversao, Comparacao = ""+5%"" });"
"Preco|Valor|Total|Custo|Desconto|Comissao|Saldo|Receber|Pagar","PrimoAutoEletrica\ViewModels\OrcamentosViewModel.cs","290","DashboardCards.Add(new DashboardCard { Icone = ""*"", Titulo = UiText.T(""AverageTicket""), Valor = ticketMedio.ToString(""C""), Comparacao = ""+7%"" });"
"Preco|Valor|Total|Custo|Desconto|Comissao|Saldo|Receber|Pagar","PrimoAutoEletrica\ViewModels\OrcamentosViewModel.cs","291","DashboardCards.Add(new DashboardCard { Icone = ""*"", Titulo = ""Cliente que Mais Orça"", Valor = ""João Silva"", Comparacao = """" });"
"Preco|Valor|Total|Custo|Desconto|Comissao|Saldo|Receber|Pagar","PrimoAutoEletrica\ViewModels\OrcamentosViewModel.cs","292","DashboardCards.Add(new DashboardCard { Icone = ""*"", Titulo = ""Produto Mais Orçado"", Valor = ""Bateria 60Ah"", Comparacao = """" });"
"Preco|Valor|Total|Custo|Desconto|Comissao|Saldo|Receber|Pagar","PrimoAutoEletrica\ViewModels\OrcamentosViewModel.cs","293","DashboardCards.Add(new DashboardCard { Icone = ""*"", Titulo = UiText.T(""EstimatedProfit""), Valor = lucroTotal.ToString(""C""), Comparacao = ""+9%"" });"
"Preco|Valor|Total|Custo|Desconto|Comissao|Saldo|Receber|Pagar","PrimoAutoEletrica\ViewModels\OrcamentosViewModel.cs","294","DashboardCards.Add(new DashboardCard { Icone = ""*"", Titulo = UiText.T(""SalesFromQuotes""), Valor = convertidos, Comparacao = ""+2%"" });"
"Preco|Valor|Total|Custo|Desconto|Comissao|Saldo|Receber|Pagar","PrimoAutoEletrica\ViewModels\OrcamentosViewModel.cs","295","DashboardCards.Add(new DashboardCard { Icone = ""*"", Titulo = UiText.T(""QuotesExpiring""), Valor = vencendo, Comparacao = """" });"
"Preco|Valor|Total|Custo|Desconto|Comissao|Saldo|Receber|Pagar","PrimoAutoEletrica\ViewModels\OrcamentosViewModel.cs","328","Subtotal = 0;"
"Preco|Valor|Total|Custo|Desconto|Comissao|Saldo|Receber|Pagar","PrimoAutoEletrica\ViewModels\OrcamentosViewModel.cs","329","Desconto = 0;"
"Preco|Valor|Total|Custo|Desconto|Comissao|Saldo|Receber|Pagar","PrimoAutoEletrica\ViewModels\OrcamentosViewModel.cs","331","Total = 0;"
"Preco|Valor|Total|Custo|Desconto|Comissao|Saldo|Receber|Pagar","PrimoAutoEletrica\ViewModels\OrcamentosViewModel.cs","332","MargemLucro = 0;"
"Preco|Valor|Total|Custo|Desconto|Comissao|Saldo|Receber|Pagar","PrimoAutoEletrica\ViewModels\OrcamentosViewModel.cs","333","LucroEstimado = 0;"
"Preco|Valor|Total|Custo|Desconto|Comissao|Saldo|Receber|Pagar","PrimoAutoEletrica\ViewModels\OrcamentosViewModel.cs","357","itemExistente.Subtotal = itemExistente.Quantidade * itemExistente.PrecoUnitario;"
"Preco|Valor|Total|Custo|Desconto|Comissao|Saldo|Receber|Pagar","PrimoAutoEletrica\ViewModels\OrcamentosViewModel.cs","358","itemExistente.LucroEstimado = (itemExistente.PrecoUnitario - itemExistente.PrecoCusto) * itemExistente.Quantidade;"
"Preco|Valor|Total|Custo|Desconto|Comissao|Saldo|Receber|Pagar","PrimoAutoEletrica\ViewModels\OrcamentosViewModel.cs","374","PrecoUnitario = produto.PrecoVenda,"
"Preco|Valor|Total|Custo|Desconto|Comissao|Saldo|Receber|Pagar","PrimoAutoEletrica\ViewModels\OrcamentosViewModel.cs","375","PrecoCusto = produto.PrecoCompra,"
"Preco|Valor|Total|Custo|Desconto|Comissao|Saldo|Receber|Pagar","PrimoAutoEletrica\ViewModels\OrcamentosViewModel.cs","376","Desconto = 0,"
"Preco|Valor|Total|Custo|Desconto|Comissao|Saldo|Receber|Pagar","PrimoAutoEletrica\ViewModels\OrcamentosViewModel.cs","377","Subtotal = quantidade * produto.PrecoVenda,"
"Preco|Valor|Total|Custo|Desconto|Comissao|Saldo|Receber|Pagar","PrimoAutoEletrica\ViewModels\OrcamentosViewModel.cs","378","LucroEstimado = (produto.PrecoVenda - produto.PrecoCompra) * quantidade,"
"Preco|Valor|Total|Custo|Desconto|Comissao|Saldo|Receber|Pagar","PrimoAutoEletrica\ViewModels\OrcamentosViewModel.cs","379","MargemLucro = produto.PrecoVenda > 0 ? ((produto.PrecoVenda - produto.PrecoCompra) / produto.PrecoVenda * 100) : 0,"
"decimal","PrimoAutoEletrica\ViewModels\OrcamentosViewModel.cs","389","public void AdicionarMaoDeObraAoCarrinho(string descricao, int quantidade = 1, decimal precoUnitario = 0m, decimal precoCusto = 0m)"
"Preco|Valor|Total|Custo|Desconto|Comissao|Saldo|Receber|Pagar","PrimoAutoEletrica\ViewModels\OrcamentosViewModel.cs","389","public void AdicionarMaoDeObraAoCarrinho(string descricao, int quantidade = 1, decimal precoUnitario = 0m, decimal precoCusto = 0m)"
"Preco|Valor|Total|Custo|Desconto|Comissao|Saldo|Receber|Pagar","PrimoAutoEletrica\ViewModels\OrcamentosViewModel.cs","407","PrecoUnitario = Math.Max(0m, precoUnitario),"
"Preco|Valor|Total|Custo|Desconto|Comissao|Saldo|Receber|Pagar","PrimoAutoEletrica\ViewModels\OrcamentosViewModel.cs","408","PrecoCusto = Math.Max(0m, precoCusto),"
"Preco|Valor|Total|Custo|Desconto|Comissao|Saldo|Receber|Pagar","PrimoAutoEletrica\ViewModels\OrcamentosViewModel.cs","409","Desconto = 0,"
"Preco|Valor|Total|Custo|Desconto|Comissao|Saldo|Receber|Pagar","PrimoAutoEletrica\ViewModels\OrcamentosViewModel.cs","424","Subtotal = ItensCarrinho.Sum(i => i.Subtotal);"
"Preco|Valor|Total|Custo|Desconto|Comissao|Saldo|Receber|Pagar","PrimoAutoEletrica\ViewModels\OrcamentosViewModel.cs","425","Total = Subtotal - Desconto + Acrescimo;"
"Preco|Valor|Total|Custo|Desconto|Comissao|Saldo|Receber|Pagar","PrimoAutoEletrica\ViewModels\OrcamentosViewModel.cs","427","LucroEstimado = ItensCarrinho.Sum(i => i.LucroEstimado);"
"Preco|Valor|Total|Custo|Desconto|Comissao|Saldo|Receber|Pagar","PrimoAutoEletrica\ViewModels\OrcamentosViewModel.cs","428","MargemLucro = Total > 0 ? (LucroEstimado / Total * 100) : 0;"
"Preco|Valor|Total|Custo|Desconto|Comissao|Saldo|Receber|Pagar","PrimoAutoEletrica\ViewModels\OrcamentosViewModel.cs","436","OrcamentoAtual.Subtotal = Subtotal;"
"Preco|Valor|Total|Custo|Desconto|Comissao|Saldo|Receber|Pagar","PrimoAutoEletrica\ViewModels\OrcamentosViewModel.cs","437","OrcamentoAtual.Desconto = Desconto;"
"Preco|Valor|Total|Custo|Desconto|Comissao|Saldo|Receber|Pagar","PrimoAutoEletrica\ViewModels\OrcamentosViewModel.cs","439","OrcamentoAtual.Total = Total;"
"Preco|Valor|Total|Custo|Desconto|Comissao|Saldo|Receber|Pagar","PrimoAutoEletrica\ViewModels\OrcamentosViewModel.cs","440","OrcamentoAtual.MargemLucro = MargemLucro;"
"Preco|Valor|Total|Custo|Desconto|Comissao|Saldo|Receber|Pagar","PrimoAutoEletrica\ViewModels\OrcamentosViewModel.cs","441","OrcamentoAtual.LucroEstimado = LucroEstimado;"
"Preco|Valor|Total|Custo|Desconto|Comissao|Saldo|Receber|Pagar","PrimoAutoEletrica\ViewModels\OrcamentosViewModel.cs","442","OrcamentoAtual.ComissaoVendedor = Total * 0.05m; // 5% de comissão"
"Preco|Valor|Total|Custo|Desconto|Comissao|Saldo|Receber|Pagar","PrimoAutoEletrica\ViewModels\OrcamentosViewModel.cs","443","OrcamentoAtual.ImpostosEstimados = Total * 0.18m; // 18% de impostos"
"Preco|Valor|Total|Custo|Desconto|Comissao|Saldo|Receber|Pagar","PrimoAutoEletrica\ViewModels\OrcamentosViewModel.cs","473","DescontoTipo = orcamentoOriginal.DescontoTipo,"
"Preco|Valor|Total|Custo|Desconto|Comissao|Saldo|Receber|Pagar","PrimoAutoEletrica\ViewModels\OrcamentosViewModel.cs","474","DescontoPercentual = orcamentoOriginal.DescontoPercentual,"
"Preco|Valor|Total|Custo|Desconto|Comissao|Saldo|Receber|Pagar","PrimoAutoEletrica\ViewModels\OrcamentosViewModel.cs","493","PrecoUnitario = item.PrecoUnitario,"
"Preco|Valor|Total|Custo|Desconto|Comissao|Saldo|Receber|Pagar","PrimoAutoEletrica\ViewModels\OrcamentosViewModel.cs","494","PrecoCusto = item.PrecoCusto,"
"Preco|Valor|Total|Custo|Desconto|Comissao|Saldo|Receber|Pagar","PrimoAutoEletrica\ViewModels\OrcamentosViewModel.cs","495","Desconto = item.Desconto,"
"Preco|Valor|Total|Custo|Desconto|Comissao|Saldo|Receber|Pagar","PrimoAutoEletrica\ViewModels\OrcamentosViewModel.cs","496","Subtotal = item.Subtotal,"
"Preco|Valor|Total|Custo|Desconto|Comissao|Saldo|Receber|Pagar","PrimoAutoEletrica\ViewModels\OrcamentosViewModel.cs","497","LucroEstimado = item.LucroEstimado,"
"Preco|Valor|Total|Custo|Desconto|Comissao|Saldo|Receber|Pagar","PrimoAutoEletrica\ViewModels\OrcamentosViewModel.cs","498","MargemLucro = item.MargemLucro,"
"Preco|Valor|Total|Custo|Desconto|Comissao|Saldo|Receber|Pagar","PrimoAutoEletrica\ViewModels\OrcamentosViewModel.cs","504","novoOrcamento.Subtotal = novoOrcamento.Itens.Sum(i => i.Subtotal);"
"Preco|Valor|Total|Custo|Desconto|Comissao|Saldo|Receber|Pagar","PrimoAutoEletrica\ViewModels\OrcamentosViewModel.cs","505","novoOrcamento.Desconto = Math.Min(orcamentoOriginal.Desconto, novoOrcamento.Subtotal);"
"Preco|Valor|Total|Custo|Desconto|Comissao|Saldo|Receber|Pagar","PrimoAutoEletrica\ViewModels\OrcamentosViewModel.cs","507","novoOrcamento.Total = Math.Max(0m, novoOrcamento.Subtotal - novoOrcamento.Desconto + novoOrcamento.Acrescimo);"
"Preco|Valor|Total|Custo|Desconto|Comissao|Saldo|Receber|Pagar","PrimoAutoEletrica\ViewModels\OrcamentosViewModel.cs","508","novoOrcamento.LucroEstimado = novoOrcamento.Itens.Sum(i => i.LucroEstimado);"
"Preco|Valor|Total|Custo|Desconto|Comissao|Saldo|Receber|Pagar","PrimoAutoEletrica\ViewModels\OrcamentosViewModel.cs","558","PrecoUnitario = item.PrecoUnitario,"
"Preco|Valor|Total|Custo|Desconto|Comissao|Saldo|Receber|Pagar","PrimoAutoEletrica\ViewModels\OrcamentosViewModel.cs","559","CustoUnitario = item.PrecoCusto,"
"Preco|Valor|Total|Custo|Desconto|Comissao|Saldo|Receber|Pagar","PrimoAutoEletrica\ViewModels\OrcamentosViewModel.cs","560","Desconto = item.Desconto"
"Preco|Valor|Total|Custo|Desconto|Comissao|Saldo|Receber|Pagar","PrimoAutoEletrica\ViewModels\OrcamentosViewModel.cs","569","PrecoUnitario = item.PrecoUnitario,"
"Preco|Valor|Total|Custo|Desconto|Comissao|Saldo|Receber|Pagar","PrimoAutoEletrica\ViewModels\OrcamentosViewModel.cs","570","CustoUnitario = item.PrecoCusto,"
"Preco|Valor|Total|Custo|Desconto|Comissao|Saldo|Receber|Pagar","PrimoAutoEletrica\ViewModels\OrcamentosViewModel.cs","571","Desconto = item.Desconto"
"Preco|Valor|Total|Custo|Desconto|Comissao|Saldo|Receber|Pagar","PrimoAutoEletrica\ViewModels\OrcamentosViewModel.cs","580","Total = orcamento.Total,"
"Preco|Valor|Total|Custo|Desconto|Comissao|Saldo|Receber|Pagar","PrimoAutoEletrica\ViewModels\OrcamentosViewModel.cs","582","Desconto = orcamento.Desconto,"
"Preco|Valor|Total|Custo|Desconto|Comissao|Saldo|Receber|Pagar","PrimoAutoEletrica\ViewModels\OrcamentosViewModel.cs","643","var totalItens = orcamento.Itens.Sum(item => item.Subtotal);"
"Preco|Valor|Total|Custo|Desconto|Comissao|Saldo|Receber|Pagar","PrimoAutoEletrica\ViewModels\OrcamentosViewModel.cs","665","ObservacoesInternas = $""Condicoes de pagamento: {orcamento.CondicoesPagamento}; Prazo de entrega: {orcamento.PrazoEntrega}; Desconto: {orcamento.Desconto:C} ({o"
"Preco|Valor|Total|Custo|Desconto|Comissao|Saldo|Receber|Pagar","PrimoAutoEletrica\ViewModels\OrcamentosViewModel.cs","674","Desconto = Math.Min(orcamento.Desconto, totalItens),"
"Preco|Valor|Total|Custo|Desconto|Comissao|Saldo|Receber|Pagar","PrimoAutoEletrica\ViewModels\OrcamentosViewModel.cs","682","ValorUnitario = item.PrecoUnitario,"
"Preco|Valor|Total|Custo|Desconto|Comissao|Saldo|Receber|Pagar","PrimoAutoEletrica\ViewModels\OrcamentosViewModel.cs","683","CustoUnitario = item.PrecoCusto,"
"Preco|Valor|Total|Custo|Desconto|Comissao|Saldo|Receber|Pagar","PrimoAutoEletrica\ViewModels\OrcamentosViewModel.cs","742","Subtotal = 0;"
"Preco|Valor|Total|Custo|Desconto|Comissao|Saldo|Receber|Pagar","PrimoAutoEletrica\ViewModels\OrcamentosViewModel.cs","743","Desconto = 0;"
"Preco|Valor|Total|Custo|Desconto|Comissao|Saldo|Receber|Pagar","PrimoAutoEletrica\ViewModels\OrcamentosViewModel.cs","745","Total = 0;"
"Preco|Valor|Total|Custo|Desconto|Comissao|Saldo|Receber|Pagar","PrimoAutoEletrica\ViewModels\OrcamentosViewModel.cs","746","MargemLucro = 0;"
"Preco|Valor|Total|Custo|Desconto|Comissao|Saldo|Receber|Pagar","PrimoAutoEletrica\ViewModels\OrcamentosViewModel.cs","747","LucroEstimado = 0;"
"Preco|Valor|Total|Custo|Desconto|Comissao|Saldo|Receber|Pagar","PrimoAutoEletrica\ViewModels\OrcamentosViewModel.cs","761","Subtotal = orcamento.Subtotal;"
"Preco|Valor|Total|Custo|Desconto|Comissao|Saldo|Receber|Pagar","PrimoAutoEletrica\ViewModels\OrcamentosViewModel.cs","762","Desconto = orcamento.Desconto;"
"Preco|Valor|Total|Custo|Desconto|Comissao|Saldo|Receber|Pagar","PrimoAutoEletrica\ViewModels\OrcamentosViewModel.cs","764","Total = orcamento.Total;"
"Preco|Valor|Total|Custo|Desconto|Comissao|Saldo|Receber|Pagar","PrimoAutoEletrica\ViewModels\OrcamentosViewModel.cs","765","MargemLucro = orcamento.MargemLucro;"
"Preco|Valor|Total|Custo|Desconto|Comissao|Saldo|Receber|Pagar","PrimoAutoEletrica\ViewModels\OrcamentosViewModel.cs","766","LucroEstimado = orcamento.LucroEstimado;"
"Preco|Valor|Total|Custo|Desconto|Comissao|Saldo|Receber|Pagar","PrimoAutoEletrica\ViewModels\OrcamentosViewModel.cs","803","HistoricoCompras.Add($""{cliente.TotalServicos} servico(s) concluido(s)"");"
"Preco|Valor|Total|Custo|Desconto|Comissao|Saldo|Receber|Pagar","PrimoAutoEletrica\ViewModels\OrcamentosViewModel.cs","804","if (cliente.TotalGasto > 0)"
"Preco|Valor|Total|Custo|Desconto|Comissao|Saldo|Receber|Pagar","PrimoAutoEletrica\ViewModels\OrcamentosViewModel.cs","806","HistoricoCompras.Add($""Total gasto: {cliente.TotalGasto:C}"");"
"Preco|Valor|Total|Custo|Desconto|Comissao|Saldo|Receber|Pagar","PrimoAutoEletrica\ViewModels\OrcamentosViewModel.cs","900","public object Valor"
"decimal","PrimoAutoEletrica\ViewModels\PDVViewModel.cs","42","private decimal _total;"
"decimal","PrimoAutoEletrica\ViewModels\PDVViewModel.cs","43","public decimal Total"
"Preco|Valor|Total|Custo|Desconto|Comissao|Saldo|Receber|Pagar","PrimoAutoEletrica\ViewModels\PDVViewModel.cs","43","public decimal Total"
"decimal","PrimoAutoEletrica\ViewModels\PDVViewModel.cs","49","private decimal _descontoGeral;"
"decimal","PrimoAutoEletrica\ViewModels\PDVViewModel.cs","50","public decimal DescontoGeral"
"Preco|Valor|Total|Custo|Desconto|Comissao|Saldo|Receber|Pagar","PrimoAutoEletrica\ViewModels\PDVViewModel.cs","50","public decimal DescontoGeral"
"Preco|Valor|Total|Custo|Desconto|Comissao|Saldo|Receber|Pagar","PrimoAutoEletrica\ViewModels\PDVViewModel.cs","55","var valorSeguro = Math.Max(0m, value);"
"Preco|Valor|Total|Custo|Desconto|Comissao|Saldo|Receber|Pagar","PrimoAutoEletrica\ViewModels\PDVViewModel.cs","57","if (SetProperty(ref _descontoGeral, valorSeguro))"
"Preco|Valor|Total|Custo|Desconto|Comissao|Saldo|Receber|Pagar","PrimoAutoEletrica\ViewModels\PDVViewModel.cs","59","OnPropertyChanged(nameof(Total));"
"decimal","PrimoAutoEletrica\ViewModels\PDVViewModel.cs","71","private decimal _subtotal;"
"decimal","PrimoAutoEletrica\ViewModels\PDVViewModel.cs","72","public decimal Subtotal"
"Preco|Valor|Total|Custo|Desconto|Comissao|Saldo|Receber|Pagar","PrimoAutoEletrica\ViewModels\PDVViewModel.cs","72","public decimal Subtotal"
"decimal","PrimoAutoEletrica\ViewModels\PDVViewModel.cs","78","private decimal _lucroEstimado;"
"decimal","PrimoAutoEletrica\ViewModels\PDVViewModel.cs","79","public decimal LucroEstimado"
"Preco|Valor|Total|Custo|Desconto|Comissao|Saldo|Receber|Pagar","PrimoAutoEletrica\ViewModels\PDVViewModel.cs","79","public decimal LucroEstimado"
"decimal","PrimoAutoEletrica\ViewModels\PDVViewModel.cs","138","private decimal _saldoCaixaAtual;"
"decimal","PrimoAutoEletrica\ViewModels\PDVViewModel.cs","139","public decimal SaldoCaixaAtual"
"Preco|Valor|Total|Custo|Desconto|Comissao|Saldo|Receber|Pagar","PrimoAutoEletrica\ViewModels\PDVViewModel.cs","139","public decimal SaldoCaixaAtual"
"Preco|Valor|Total|Custo|Desconto|Comissao|Saldo|Receber|Pagar","PrimoAutoEletrica\ViewModels\PDVViewModel.cs","199","var subtotalCalculado = Carrinho.Sum(i => i.Subtotal);"
"Preco|Valor|Total|Custo|Desconto|Comissao|Saldo|Receber|Pagar","PrimoAutoEletrica\ViewModels\PDVViewModel.cs","201","var lucroCalculado = Carrinho.Sum(i =>"
"Preco|Valor|Total|Custo|Desconto|Comissao|Saldo|Receber|Pagar","PrimoAutoEletrica\ViewModels\PDVViewModel.cs","203","var custoUnitario = i.Produto?.PrecoCompra ?? i.CustoUnitario;"
"Preco|Valor|Total|Custo|Desconto|Comissao|Saldo|Receber|Pagar","PrimoAutoEletrica\ViewModels\PDVViewModel.cs","204","return (i.PrecoUnitario - custoUnitario) * i.Quantidade;"
"Preco|Valor|Total|Custo|Desconto|Comissao|Saldo|Receber|Pagar","PrimoAutoEletrica\ViewModels\PDVViewModel.cs","207","Subtotal = Math.Max(0m, subtotalCalculado);"
"Preco|Valor|Total|Custo|Desconto|Comissao|Saldo|Receber|Pagar","PrimoAutoEletrica\ViewModels\PDVViewModel.cs","209","LucroEstimado = lucroCalculado;"
"Preco|Valor|Total|Custo|Desconto|Comissao|Saldo|Receber|Pagar","PrimoAutoEletrica\ViewModels\PDVViewModel.cs","211","if (DescontoGeral > Subtotal)"
"Preco|Valor|Total|Custo|Desconto|Comissao|Saldo|Receber|Pagar","PrimoAutoEletrica\ViewModels\PDVViewModel.cs","213","DescontoGeral = Subtotal;"
"Preco|Valor|Total|Custo|Desconto|Comissao|Saldo|Receber|Pagar","PrimoAutoEletrica\ViewModels\PDVViewModel.cs","216","if (DescontoGeral < 0)"
"Preco|Valor|Total|Custo|Desconto|Comissao|Saldo|Receber|Pagar","PrimoAutoEletrica\ViewModels\PDVViewModel.cs","218","DescontoGeral = 0;"
"Preco|Valor|Total|Custo|Desconto|Comissao|Saldo|Receber|Pagar","PrimoAutoEletrica\ViewModels\PDVViewModel.cs","221","Total = Math.Max(0m, Subtotal - DescontoGeral);"
"Preco|Valor|Total|Custo|Desconto|Comissao|Saldo|Receber|Pagar","PrimoAutoEletrica\ViewModels\PDVViewModel.cs","237","SaldoCaixaAtual = sessao?.ValorEsperado ?? 0m;"
"Preco|Valor|Total|Custo|Desconto|Comissao|Saldo|Receber|Pagar","PrimoAutoEletrica\ViewModels\PrinterManagementViewModel.cs","242","$""Total de Impressoras: {ImpressorasDisponiveis.Count}"","
"Preco|Valor|Total|Custo|Desconto|Comissao|Saldo|Receber|Pagar","PrimoAutoEletrica\ViewModels\RelatoriosModernoViewModel.cs","44","private ObservableCollection<DadoServicoRelatorio> lucroPorServico;"
"decimal","PrimoAutoEletrica\ViewModels\RelatoriosModernoViewModel.cs","70","private decimal faturamentoTotal;"
"decimal","PrimoAutoEletrica\ViewModels\RelatoriosModernoViewModel.cs","73","private decimal despesasTotal;"
"decimal","PrimoAutoEletrica\ViewModels\RelatoriosModernoViewModel.cs","76","private decimal lucroLiquido;"
"Preco|Valor|Total|Custo|Desconto|Comissao|Saldo|Receber|Pagar","PrimoAutoEletrica\ViewModels\RelatoriosModernoViewModel.cs","76","private decimal lucroLiquido;"
"decimal","PrimoAutoEletrica\ViewModels\RelatoriosModernoViewModel.cs","79","private decimal ticketMedio;"
"Preco|Valor|Total|Custo|Desconto|Comissao|Saldo|Receber|Pagar","PrimoAutoEletrica\ViewModels\RelatoriosModernoViewModel.cs","82","private int totalVendas;"
"Preco|Valor|Total|Custo|Desconto|Comissao|Saldo|Receber|Pagar","PrimoAutoEletrica\ViewModels\RelatoriosModernoViewModel.cs","85","private int totalOrdenAbertas;"
"Preco|Valor|Total|Custo|Desconto|Comissao|Saldo|Receber|Pagar","PrimoAutoEletrica\ViewModels\RelatoriosModernoViewModel.cs","88","private int totalOrdenFinalizadas;"
"Preco|Valor|Total|Custo|Desconto|Comissao|Saldo|Receber|Pagar","PrimoAutoEletrica\ViewModels\RelatoriosModernoViewModel.cs","103","LucroPorServico = new ObservableCollection<DadoServicoRelatorio>();"
"Preco|Valor|Total|Custo|Desconto|Comissao|Saldo|Receber|Pagar","PrimoAutoEletrica\ViewModels\RelatoriosModernoViewModel.cs","134","LucroPorServico.Clear();"
"Preco|Valor|Total|Custo|Desconto|Comissao|Saldo|Receber|Pagar","PrimoAutoEletrica\ViewModels\RelatoriosModernoViewModel.cs","187","LucroPorServico.ToList()"
"Preco|Valor|Total|Custo|Desconto|Comissao|Saldo|Receber|Pagar","PrimoAutoEletrica\ViewModels\RelatoriosModernoViewModel.cs","231","LucroPorServico.ToList()"
"Preco|Valor|Total|Custo|Desconto|Comissao|Saldo|Receber|Pagar","PrimoAutoEletrica\ViewModels\RelatoriosModernoViewModel.cs","362","var lucros = await Task.Run(() =>"
"Preco|Valor|Total|Custo|Desconto|Comissao|Saldo|Receber|Pagar","PrimoAutoEletrica\ViewModels\RelatoriosModernoViewModel.cs","369","foreach (var servico in lucros)"
"Preco|Valor|Total|Custo|Desconto|Comissao|Saldo|Receber|Pagar","PrimoAutoEletrica\ViewModels\RelatoriosModernoViewModel.cs","370","LucroPorServico.Add(servico);"
"Preco|Valor|Total|Custo|Desconto|Comissao|Saldo|Receber|Pagar","PrimoAutoEletrica\ViewModels\RelatoriosModernoViewModel.cs","388",".Sum(d => d.Valor);"
"Preco|Valor|Total|Custo|Desconto|Comissao|Saldo|Receber|Pagar","PrimoAutoEletrica\ViewModels\RelatoriosModernoViewModel.cs","392",".Sum(d => d.Valor);"
"Preco|Valor|Total|Custo|Desconto|Comissao|Saldo|Receber|Pagar","PrimoAutoEletrica\ViewModels\RelatoriosModernoViewModel.cs","394","LucroLiquido = FaturamentoTotal - DespesasTotal;"
"Preco|Valor|Total|Custo|Desconto|Comissao|Saldo|Receber|Pagar","PrimoAutoEletrica\ViewModels\RelatoriosModernoViewModel.cs","397","TotalVendas = DadosVendas.Count;"
"Preco|Valor|Total|Custo|Desconto|Comissao|Saldo|Receber|Pagar","PrimoAutoEletrica\ViewModels\RelatoriosModernoViewModel.cs","398","TicketMedio = TotalVendas > 0"
"Preco|Valor|Total|Custo|Desconto|Comissao|Saldo|Receber|Pagar","PrimoAutoEletrica\ViewModels\RelatoriosModernoViewModel.cs","399","? DadosVendas.Sum(v => v.ValorTotal) / TotalVendas"
"Preco|Valor|Total|Custo|Desconto|Comissao|Saldo|Receber|Pagar","PrimoAutoEletrica\ViewModels\RelatoriosModernoViewModel.cs","403","TotalOrdenAbertas = OrdensAbertas.Count;"
"Preco|Valor|Total|Custo|Desconto|Comissao|Saldo|Receber|Pagar","PrimoAutoEletrica\ViewModels\RelatoriosModernoViewModel.cs","404","TotalOrdenFinalizadas = OrdensFinalizadas.Count;"
"decimal","PrimoAutoEletrica\ViewModels\RelatoriosViewModel.cs","48","private decimal _resumoFaturamento = 0;"
"decimal","PrimoAutoEletrica\ViewModels\RelatoriosViewModel.cs","53","private decimal _faturamentoTotal = 0;"
"decimal","PrimoAutoEletrica\ViewModels\RelatoriosViewModel.cs","54","private decimal _lucroLiquido = 0;"
"decimal","PrimoAutoEletrica\ViewModels\RelatoriosViewModel.cs","55","private decimal _vendasHoje = 0;"
"decimal","PrimoAutoEletrica\ViewModels\RelatoriosViewModel.cs","56","private decimal _ticketMedio = 0;"
"decimal","PrimoAutoEletrica\ViewModels\RelatoriosViewModel.cs","59","private decimal _fluxoCaixa = 0;"
"decimal","PrimoAutoEletrica\ViewModels\RelatoriosViewModel.cs","60","private decimal _contasRecebidas = 0;"
"decimal","PrimoAutoEletrica\ViewModels\RelatoriosViewModel.cs","61","private decimal _contasPendentes = 0;"
"decimal","PrimoAutoEletrica\ViewModels\RelatoriosViewModel.cs","62","private decimal _inadimplencia = 0;"
"decimal","PrimoAutoEletrica\ViewModels\RelatoriosViewModel.cs","63","private decimal _margemLucro = 0;"
"decimal","PrimoAutoEletrica\ViewModels\RelatoriosViewModel.cs","64","private decimal _metaMensal = 0;"
"decimal","PrimoAutoEletrica\ViewModels\RelatoriosViewModel.cs","65","private decimal _conversaoOrcamentos = 0;"
"decimal","PrimoAutoEletrica\ViewModels\RelatoriosViewModel.cs","66","private decimal _crescimentoMensal = 0;"
"decimal","PrimoAutoEletrica\ViewModels\RelatoriosViewModel.cs","69","private decimal _caixaAtual = 0;"
"Preco|Valor|Total|Custo|Desconto|Comissao|Saldo|Receber|Pagar","PrimoAutoEletrica\ViewModels\RelatoriosViewModel.cs","77","private string _resumoMargemProdutos = ""Margem por produto ainda nao carregada."";"
"Preco|Valor|Total|Custo|Desconto|Comissao|Saldo|Receber|Pagar","PrimoAutoEletrica\ViewModels\RelatoriosViewModel.cs","103","public ObservableCollection<DadoMargemProduto> MargemPorProduto { get; set; }"
"Preco|Valor|Total|Custo|Desconto|Comissao|Saldo|Receber|Pagar","PrimoAutoEletrica\ViewModels\RelatoriosViewModel.cs","112","public ObservableCollection<DadoServicoRelatorio> LucroPorServico { get; set; }"
"Preco|Valor|Total|Custo|Desconto|Comissao|Saldo|Receber|Pagar","PrimoAutoEletrica\ViewModels\RelatoriosViewModel.cs","141","MargemPorProduto = new ObservableCollection<DadoMargemProduto>();"
"Preco|Valor|Total|Custo|Desconto|Comissao|Saldo|Receber|Pagar","PrimoAutoEletrica\ViewModels\RelatoriosViewModel.cs","150","LucroPorServico = new ObservableCollection<DadoServicoRelatorio>();"
"Preco|Valor|Total|Custo|Desconto|Comissao|Saldo|Receber|Pagar","PrimoAutoEletrica\ViewModels\RelatoriosViewModel.cs","166","""Data"", ""Tipo"", ""Categoria"", ""Descrição"", ""Valor"", ""Forma Pagamento"","
"Preco|Valor|Total|Custo|Desconto|Comissao|Saldo|Receber|Pagar","PrimoAutoEletrica\ViewModels\RelatoriosViewModel.cs","167","""Usuário"", ""Cliente"", ""Vendedor"", ""Produto"", ""Status"", ""Lucro"""
"Preco|Valor|Total|Custo|Desconto|Comissao|Saldo|Receber|Pagar","PrimoAutoEletrica\ViewModels\RelatoriosViewModel.cs","219","StatusSistema = $""Online ({duracao.TotalSeconds:F1}s)"";"
"Preco|Valor|Total|Custo|Desconto|Comissao|Saldo|Receber|Pagar","PrimoAutoEletrica\ViewModels\RelatoriosViewModel.cs","342","LucroLiquido = _relatorioDatabaseService.ObterLucroLiquido(DataInicio, DataFim);"
"Preco|Valor|Total|Custo|Desconto|Comissao|Saldo|Receber|Pagar","PrimoAutoEletrica\ViewModels\RelatoriosViewModel.cs","343","FluxoCaixa = FaturamentoTotal - DadosFinanceiros.Where(d => d.Tipo == ""Despesa"").Sum(d => d.Valor);"
"Preco|Valor|Total|Custo|Desconto|Comissao|Saldo|Receber|Pagar","PrimoAutoEletrica\ViewModels\RelatoriosViewModel.cs","355","VendasHoje = DadosVendas.Where(v => v.Data.Date == DateTime.Now.Date).Sum(v => v.ValorTotal);"
"Preco|Valor|Total|Custo|Desconto|Comissao|Saldo|Receber|Pagar","PrimoAutoEletrica\ViewModels\RelatoriosViewModel.cs","363",".OrderByDescending(g => g.Sum(v => v.ValorTotal))"
"Preco|Valor|Total|Custo|Desconto|Comissao|Saldo|Receber|Pagar","PrimoAutoEletrica\ViewModels\RelatoriosViewModel.cs","367",".OrderByDescending(g => g.Sum(v => v.ValorTotal))"
"Preco|Valor|Total|Custo|Desconto|Comissao|Saldo|Receber|Pagar","PrimoAutoEletrica\ViewModels\RelatoriosViewModel.cs","393","TotalClientes = dados.Count;"
"decimal","PrimoAutoEletrica\ViewModels\RelatoriosViewModel.cs","406","ConversaoOrcamentos = DadosOrcamentos.Any() ? (decimal)(DadosOrcamentos.Count(o => o.Status == ""Aprovado"") * 100.0 / DadosOrcamentos.Count) : 0;"
"Preco|Valor|Total|Custo|Desconto|Comissao|Saldo|Receber|Pagar","PrimoAutoEletrica\ViewModels\RelatoriosViewModel.cs","420",".Select(c => c.ValorFinal)"
"Preco|Valor|Total|Custo|Desconto|Comissao|Saldo|Receber|Pagar","PrimoAutoEletrica\ViewModels\RelatoriosViewModel.cs","484","var margemPorProduto = _relatorioDatabaseService.ObterMargemPorProduto("
"Preco|Valor|Total|Custo|Desconto|Comissao|Saldo|Receber|Pagar","PrimoAutoEletrica\ViewModels\RelatoriosViewModel.cs","505","var lucroPorServico = servicosRelatorio"
"Preco|Valor|Total|Custo|Desconto|Comissao|Saldo|Receber|Pagar","PrimoAutoEletrica\ViewModels\RelatoriosViewModel.cs","506",".OrderByDescending(item => item.LucroBruto)"
"Preco|Valor|Total|Custo|Desconto|Comissao|Saldo|Receber|Pagar","PrimoAutoEletrica\ViewModels\RelatoriosViewModel.cs","529","MargemPorProduto = margemPorProduto,"
"Preco|Valor|Total|Custo|Desconto|Comissao|Saldo|Receber|Pagar","PrimoAutoEletrica\ViewModels\RelatoriosViewModel.cs","538","LucroPorServico = lucroPorServico,"
"Preco|Valor|Total|Custo|Desconto|Comissao|Saldo|Receber|Pagar","PrimoAutoEletrica\ViewModels\RelatoriosViewModel.cs","549","LucroLiquido = _relatorioDatabaseService.ObterLucroLiquido(DataInicio, DataFim),"
"Preco|Valor|Total|Custo|Desconto|Comissao|Saldo|Receber|Pagar","PrimoAutoEletrica\ViewModels\RelatoriosViewModel.cs","551","TotalClientes = _relatorioDatabaseService.ObterTotalClientes(FiltroCliente),"
"Preco|Valor|Total|Custo|Desconto|Comissao|Saldo|Receber|Pagar","PrimoAutoEletrica\ViewModels\RelatoriosViewModel.cs","562","ReplaceCollection(MargemPorProduto, snapshot.MargemPorProduto);"
"Preco|Valor|Total|Custo|Desconto|Comissao|Saldo|Receber|Pagar","PrimoAutoEletrica\ViewModels\RelatoriosViewModel.cs","571","ReplaceCollection(LucroPorServico, snapshot.LucroPorServico);"
"Preco|Valor|Total|Custo|Desconto|Comissao|Saldo|Receber|Pagar","PrimoAutoEletrica\ViewModels\RelatoriosViewModel.cs","586","LucroLiquido = snapshot.LucroLiquido;"
"Preco|Valor|Total|Custo|Desconto|Comissao|Saldo|Receber|Pagar","PrimoAutoEletrica\ViewModels\RelatoriosViewModel.cs","588","TotalClientes = snapshot.TotalClientes;"
"Preco|Valor|Total|Custo|Desconto|Comissao|Saldo|Receber|Pagar","PrimoAutoEletrica\ViewModels\RelatoriosViewModel.cs","595","ResumoMargemProdutos = CriarResumoMargemProdutos(snapshot.MargemPorProduto);"
"Preco|Valor|Total|Custo|Desconto|Comissao|Saldo|Receber|Pagar","PrimoAutoEletrica\ViewModels\RelatoriosViewModel.cs","601","ResumoServicosOperacionais = CriarResumoServicosOperacionais(snapshot.ServicosMaisRealizados, snapshot.LucroPorServico);"
"Preco|Valor|Total|Custo|Desconto|Comissao|Saldo|Receber|Pagar","PrimoAutoEletrica\ViewModels\RelatoriosViewModel.cs","602","MargemLucro = CalcularMargemGeral(snapshot.MargemPorProduto);"
"Preco|Valor|Total|Custo|Desconto|Comissao|Saldo|Receber|Pagar","PrimoAutoEletrica\ViewModels\RelatoriosViewModel.cs","609",".Sum(dado => dado.Valor);"
"Preco|Valor|Total|Custo|Desconto|Comissao|Saldo|Receber|Pagar","PrimoAutoEletrica\ViewModels\RelatoriosViewModel.cs","612",".Sum(venda => venda.ValorTotal);"
"Preco|Valor|Total|Custo|Desconto|Comissao|Saldo|Receber|Pagar","PrimoAutoEletrica\ViewModels\RelatoriosViewModel.cs","618",".OrderByDescending(grupo => grupo.Sum(venda => venda.ValorTotal))"
"Preco|Valor|Total|Custo|Desconto|Comissao|Saldo|Receber|Pagar","PrimoAutoEletrica\ViewModels\RelatoriosViewModel.cs","624",".OrderByDescending(grupo => grupo.Sum(venda => venda.ValorTotal))"
"Preco|Valor|Total|Custo|Desconto|Comissao|Saldo|Receber|Pagar","PrimoAutoEletrica\ViewModels\RelatoriosViewModel.cs","627","Inadimplencia = snapshot.InadimplenciaDetalhada.Sum(item => item.Valor);"
"Preco|Valor|Total|Custo|Desconto|Comissao|Saldo|Receber|Pagar","PrimoAutoEletrica\ViewModels\RelatoriosViewModel.cs","630",".Select(caixa => caixa.ValorFinal)"
"Preco|Valor|Total|Custo|Desconto|Comissao|Saldo|Receber|Pagar","PrimoAutoEletrica\ViewModels\RelatoriosViewModel.cs","651","PulseClientesText = TotalClientes.ToString();"
"Preco|Valor|Total|Custo|Desconto|Comissao|Saldo|Receber|Pagar","PrimoAutoEletrica\ViewModels\RelatoriosViewModel.cs","675",".OrderByDescending(item => item.ValorTotal)"
"Preco|Valor|Total|Custo|Desconto|Comissao|Saldo|Receber|Pagar","PrimoAutoEletrica\ViewModels\RelatoriosViewModel.cs","680","return ""Produtos sem valor de estoque suficiente para classificar a curva ABC."";"
"Preco|Valor|Total|Custo|Desconto|Comissao|Saldo|Receber|Pagar","PrimoAutoEletrica\ViewModels\RelatoriosViewModel.cs","683","var valorA = curvaA.Sum(item => item.ValorTotal);"
"Preco|Valor|Total|Custo|Desconto|Comissao|Saldo|Receber|Pagar","PrimoAutoEletrica\ViewModels\RelatoriosViewModel.cs","684","var valorTotal = dadosEstoque.Sum(item => item.ValorTotal);"
"Preco|Valor|Total|Custo|Desconto|Comissao|Saldo|Receber|Pagar","PrimoAutoEletrica\ViewModels\RelatoriosViewModel.cs","685","var participacao = valorTotal <= 0 ? 0 : valorA / valorTotal * 100m;"
"Preco|Valor|Total|Custo|Desconto|Comissao|Saldo|Receber|Pagar","PrimoAutoEletrica\ViewModels\RelatoriosViewModel.cs","690","return $""Curva A concentra {participacao:N1}% do valor analisado. Principais itens: {string.Join("", "", principais)}."";"
"Preco|Valor|Total|Custo|Desconto|Comissao|Saldo|Receber|Pagar","PrimoAutoEletrica\ViewModels\RelatoriosViewModel.cs","698",".ThenByDescending(item => item.ValorTotal)"
"Preco|Valor|Total|Custo|Desconto|Comissao|Saldo|Receber|Pagar","PrimoAutoEletrica\ViewModels\RelatoriosViewModel.cs","716","var lucro = dados.Sum(item => item.LucroBruto);"
"Preco|Valor|Total|Custo|Desconto|Comissao|Saldo|Receber|Pagar","PrimoAutoEletrica\ViewModels\RelatoriosViewModel.cs","717","var margem = receita > 0 ? lucro / receita * 100m : 0m;"
"Preco|Valor|Total|Custo|Desconto|Comissao|Saldo|Receber|Pagar","PrimoAutoEletrica\ViewModels\RelatoriosViewModel.cs","719",".OrderByDescending(item => item.LucroBruto)"
"Preco|Valor|Total|Custo|Desconto|Comissao|Saldo|Receber|Pagar","PrimoAutoEletrica\ViewModels\RelatoriosViewModel.cs","723","? $""Margem bruta do periodo: {margem:N1}%."""
"Preco|Valor|Total|Custo|Desconto|Comissao|Saldo|Receber|Pagar","PrimoAutoEletrica\ViewModels\RelatoriosViewModel.cs","724",": $""Margem bruta {margem:N1}% no periodo. Maior lucro: {destaque.ProdutoNome} ({destaque.LucroBruto:C})."";"
"Preco|Valor|Total|Custo|Desconto|Comissao|Saldo|Receber|Pagar","PrimoAutoEletrica\ViewModels\RelatoriosViewModel.cs","758","var total = dados.Sum(item => item.Valor);"
"Preco|Valor|Total|Custo|Desconto|Comissao|Saldo|Receber|Pagar","PrimoAutoEletrica\ViewModels\RelatoriosViewModel.cs","766","return $""{dados.Count} titulo(s) vencido(s), {clientes} cliente(s), total {total:C}. Maior atraso: {maiorAtraso.Cliente} ({maiorAtraso.DiasAtraso} dias)."";"
"Preco|Valor|Total|Custo|Desconto|Comissao|Saldo|Receber|Pagar","PrimoAutoEletrica\ViewModels\RelatoriosViewModel.cs","771","var margemOperacional = demonstrativo.ReceitasConfirmadas > 0"
"Preco|Valor|Total|Custo|Desconto|Comissao|Saldo|Receber|Pagar","PrimoAutoEletrica\ViewModels\RelatoriosViewModel.cs","775","return $""Resultado operacional {demonstrativo.ResultadoOperacional:C} ({margemOperacional:N1}%). Projetado: {demonstrativo.ResultadoProjetado:C}."";"
"Preco|Valor|Total|Custo|Desconto|Comissao|Saldo|Receber|Pagar","PrimoAutoEletrica\ViewModels\RelatoriosViewModel.cs","785","var totalVendas = dados.Sum(item => item.TotalVendas);"
"Preco|Valor|Total|Custo|Desconto|Comissao|Saldo|Receber|Pagar","PrimoAutoEletrica\ViewModels\RelatoriosViewModel.cs","786","var totalEntradas = dados.Sum(item => item.EntradasFinanceiras);"
"Preco|Valor|Total|Custo|Desconto|Comissao|Saldo|Receber|Pagar","PrimoAutoEletrica\ViewModels\RelatoriosViewModel.cs","787","var diferenca = totalVendas - totalEntradas;"
"Preco|Valor|Total|Custo|Desconto|Comissao|Saldo|Receber|Pagar","PrimoAutoEletrica\ViewModels\RelatoriosViewModel.cs","791","? $""Conciliado por forma de pagamento. Vendas e entradas somam {totalVendas:C}."""
"Preco|Valor|Total|Custo|Desconto|Comissao|Saldo|Receber|Pagar","PrimoAutoEletrica\ViewModels\RelatoriosViewModel.cs","792",": $""{divergentes} forma(s) com divergencia. Vendas: {totalVendas:C}; entradas: {totalEntradas:C}; diferenca: {diferenca:C}."";"
"Preco|Valor|Total|Custo|Desconto|Comissao|Saldo|Receber|Pagar","PrimoAutoEletrica\ViewModels\RelatoriosViewModel.cs","800","var valorAberto = abertas.Sum(item => item.ValorTotal);"
"Preco|Valor|Total|Custo|Desconto|Comissao|Saldo|Receber|Pagar","PrimoAutoEletrica\ViewModels\RelatoriosViewModel.cs","801","var valorFinalizado = finalizadas.Sum(item => item.ValorTotal);"
"Preco|Valor|Total|Custo|Desconto|Comissao|Saldo|Receber|Pagar","PrimoAutoEletrica\ViewModels\RelatoriosViewModel.cs","804",".ThenByDescending(item => item.ValorTotal)"
"Preco|Valor|Total|Custo|Desconto|Comissao|Saldo|Receber|Pagar","PrimoAutoEletrica\ViewModels\RelatoriosViewModel.cs","811","return $""{abertas.Count} OS aberta(s) ({valorAberto:C}) e {finalizadas.Count} OS finalizada(s) ({valorFinalizado:C}) no periodo; destaque tecnico: {destaque}."";"
"Preco|Valor|Total|Custo|Desconto|Comissao|Saldo|Receber|Pagar","PrimoAutoEletrica\ViewModels\RelatoriosViewModel.cs","816","IReadOnlyCollection<DadoServicoRelatorio> lucroPorServico)"
"Preco|Valor|Total|Custo|Desconto|Comissao|Saldo|Receber|Pagar","PrimoAutoEletrica\ViewModels\RelatoriosViewModel.cs","827","var maiorLucro = lucroPorServico"
"Preco|Valor|Total|Custo|Desconto|Comissao|Saldo|Receber|Pagar","PrimoAutoEletrica\ViewModels\RelatoriosViewModel.cs","828",".OrderByDescending(item => item.LucroBruto)"
"Preco|Valor|Total|Custo|Desconto|Comissao|Saldo|Receber|Pagar","PrimoAutoEletrica\ViewModels\RelatoriosViewModel.cs","831","var lucro = maisRealizados.Sum(item => item.LucroBruto);"
"Preco|Valor|Total|Custo|Desconto|Comissao|Saldo|Receber|Pagar","PrimoAutoEletrica\ViewModels\RelatoriosViewModel.cs","833","return $""{maisExecutado.Servico} lidera com {maisExecutado.Quantidade:N0} execucao(oes). Lucro bruto total {lucro:C} sobre {receita:C}; maior lucro: {maiorLucro"
"decimal","PrimoAutoEletrica\ViewModels\RelatoriosViewModel.cs","836","private static decimal CalcularMargemGeral(IEnumerable<DadoMargemProduto> dados)"
"Preco|Valor|Total|Custo|Desconto|Comissao|Saldo|Receber|Pagar","PrimoAutoEletrica\ViewModels\RelatoriosViewModel.cs","844","return dados.Sum(item => item.LucroBruto) / receita;"
"Preco|Valor|Total|Custo|Desconto|Comissao|Saldo|Receber|Pagar","PrimoAutoEletrica\ViewModels\RelatoriosViewModel.cs","880","TotalAuditoria = resultado.TotalItens;"
"Preco|Valor|Total|Custo|Desconto|Comissao|Saldo|Receber|Pagar","PrimoAutoEletrica\ViewModels\RelatoriosViewModel.cs","881","TotalPaginasAuditoria = resultado.TotalPaginas;"
"Preco|Valor|Total|Custo|Desconto|Comissao|Saldo|Receber|Pagar","PrimoAutoEletrica\ViewModels\RelatoriosViewModel.cs","883","ResumoAuditoria = resultado.TotalItens == 0"
"Preco|Valor|Total|Custo|Desconto|Comissao|Saldo|Receber|Pagar","PrimoAutoEletrica\ViewModels\RelatoriosViewModel.cs","885",": $""Mostrando {Auditoria.Count} de {resultado.TotalItens} eventos - pagina {resultado.PaginaAtual}/{Math.Max(1, resultado.TotalPaginas)}."";"
"Preco|Valor|Total|Custo|Desconto|Comissao|Saldo|Receber|Pagar","PrimoAutoEletrica\ViewModels\RelatoriosViewModel.cs","909","foreach (var categoria in categorias.Where(valor => !string.IsNullOrWhiteSpace(valor)).Distinct(StringComparer.OrdinalIgnoreCase))"
"Preco|Valor|Total|Custo|Desconto|Comissao|Saldo|Receber|Pagar","PrimoAutoEletrica\ViewModels\RelatoriosViewModel.cs","915","CategoriasAuditoriaDisponiveis.Any(valor => string.Equals(valor, categoriaAtual, StringComparison.OrdinalIgnoreCase)))"
"Preco|Valor|Total|Custo|Desconto|Comissao|Saldo|Receber|Pagar","PrimoAutoEletrica\ViewModels\RelatoriosViewModel.cs","937","Titulo = ""Faturamento Total"","
"Preco|Valor|Total|Custo|Desconto|Comissao|Saldo|Receber|Pagar","PrimoAutoEletrica\ViewModels\RelatoriosViewModel.cs","938","Valor = FaturamentoTotal.ToString(""C""),"
"Preco|Valor|Total|Custo|Desconto|Comissao|Saldo|Receber|Pagar","PrimoAutoEletrica\ViewModels\RelatoriosViewModel.cs","947","Titulo = ""Lucro Líquido"","
"Preco|Valor|Total|Custo|Desconto|Comissao|Saldo|Receber|Pagar","PrimoAutoEletrica\ViewModels\RelatoriosViewModel.cs","948","Valor = LucroLiquido.ToString(""C""),"
"Preco|Valor|Total|Custo|Desconto|Comissao|Saldo|Receber|Pagar","PrimoAutoEletrica\ViewModels\RelatoriosViewModel.cs","949","Comparacao = $""{(LucroLiquido / (FaturamentoTotal > 0 ? FaturamentoTotal : 1) * 100):F1}%"","
"Preco|Valor|Total|Custo|Desconto|Comissao|Saldo|Receber|Pagar","PrimoAutoEletrica\ViewModels\RelatoriosViewModel.cs","958","Valor = VendasHoje.ToString(""C""),"
"Preco|Valor|Total|Custo|Desconto|Comissao|Saldo|Receber|Pagar","PrimoAutoEletrica\ViewModels\RelatoriosViewModel.cs","968","Valor = TicketMedio.ToString(""C""),"
"Preco|Valor|Total|Custo|Desconto|Comissao|Saldo|Receber|Pagar","PrimoAutoEletrica\ViewModels\RelatoriosViewModel.cs","977","Titulo = ""Total Clientes"","
"Preco|Valor|Total|Custo|Desconto|Comissao|Saldo|Receber|Pagar","PrimoAutoEletrica\ViewModels\RelatoriosViewModel.cs","978","Valor = TotalClientes.ToString(),"
"Preco|Valor|Total|Custo|Desconto|Comissao|Saldo|Receber|Pagar","PrimoAutoEletrica\ViewModels\RelatoriosViewModel.cs","988","Valor = ProdutosVendidos.ToString(),"
"Preco|Valor|Total|Custo|Desconto|Comissao|Saldo|Receber|Pagar","PrimoAutoEletrica\ViewModels\RelatoriosViewModel.cs","989","Comparacao = ""Total itens"","
"Preco|Valor|Total|Custo|Desconto|Comissao|Saldo|Receber|Pagar","PrimoAutoEletrica\ViewModels\RelatoriosViewModel.cs","998","Valor = FluxoCaixa.ToString(""C""),"
"Preco|Valor|Total|Custo|Desconto|Comissao|Saldo|Receber|Pagar","PrimoAutoEletrica\ViewModels\RelatoriosViewModel.cs","1008","Valor = ContasRecebidas.ToString(""C""),"
"Preco|Valor|Total|Custo|Desconto|Comissao|Saldo|Receber|Pagar","PrimoAutoEletrica\ViewModels\RelatoriosViewModel.cs","1018","Valor = ContasPendentes.ToString(""C""),"
"Preco|Valor|Total|Custo|Desconto|Comissao|Saldo|Receber|Pagar","PrimoAutoEletrica\ViewModels\RelatoriosViewModel.cs","1019","Comparacao = ""A receber"","
"Preco|Valor|Total|Custo|Desconto|Comissao|Saldo|Receber|Pagar","PrimoAutoEletrica\ViewModels\RelatoriosViewModel.cs","1028","Valor = Inadimplencia.ToString(""C""),"
"Preco|Valor|Total|Custo|Desconto|Comissao|Saldo|Receber|Pagar","PrimoAutoEletrica\ViewModels\RelatoriosViewModel.cs","1037","Titulo = ""Margem de Lucro"","
"Preco|Valor|Total|Custo|Desconto|Comissao|Saldo|Receber|Pagar","PrimoAutoEletrica\ViewModels\RelatoriosViewModel.cs","1038","Valor = MargemLucro.ToString(""P""),"
"Preco|Valor|Total|Custo|Desconto|Comissao|Saldo|Receber|Pagar","PrimoAutoEletrica\ViewModels\RelatoriosViewModel.cs","1040","Tendencia = MargemLucro >= 0.20m ? ""Positivo"" : ""Atenção"","
"Preco|Valor|Total|Custo|Desconto|Comissao|Saldo|Receber|Pagar","PrimoAutoEletrica\ViewModels\RelatoriosViewModel.cs","1041","Cor = MargemLucro >= 0.20m ? ""#28A745"" : ""#FFC107"""
"Preco|Valor|Total|Custo|Desconto|Comissao|Saldo|Receber|Pagar","PrimoAutoEletrica\ViewModels\RelatoriosViewModel.cs","1048","Valor = MetaMensal.ToString(""C""),"
"Preco|Valor|Total|Custo|Desconto|Comissao|Saldo|Receber|Pagar","PrimoAutoEletrica\ViewModels\RelatoriosViewModel.cs","1058","Valor = ConversaoOrcamentos.ToString(""F1"") + ""%"","
"Preco|Valor|Total|Custo|Desconto|Comissao|Saldo|Receber|Pagar","PrimoAutoEletrica\ViewModels\RelatoriosViewModel.cs","1068","Valor = CrescimentoMensal.ToString(""F1"") + ""%"","
"Preco|Valor|Total|Custo|Desconto|Comissao|Saldo|Receber|Pagar","PrimoAutoEletrica\ViewModels\RelatoriosViewModel.cs","1078","Valor = OperadorDestaque,"
"Preco|Valor|Total|Custo|Desconto|Comissao|Saldo|Receber|Pagar","PrimoAutoEletrica\ViewModels\RelatoriosViewModel.cs","1088","Valor = ClienteDestaque,"
"Preco|Valor|Total|Custo|Desconto|Comissao|Saldo|Receber|Pagar","PrimoAutoEletrica\ViewModels\RelatoriosViewModel.cs","1098","Valor = CaixaAtual.ToString(""C""),"
"Preco|Valor|Total|Custo|Desconto|Comissao|Saldo|Receber|Pagar","PrimoAutoEletrica\ViewModels\RelatoriosViewModel.cs","1108","Valor = VendasCanceladas.ToString(),"
"Preco|Valor|Total|Custo|Desconto|Comissao|Saldo|Receber|Pagar","PrimoAutoEletrica\ViewModels\RelatoriosViewModel.cs","1109","Comparacao = ""Total canceladas"","
"Preco|Valor|Total|Custo|Desconto|Comissao|Saldo|Receber|Pagar","PrimoAutoEletrica\ViewModels\RelatoriosViewModel.cs","1118","Valor = ProdutosSemGiro.ToString(),"
"Preco|Valor|Total|Custo|Desconto|Comissao|Saldo|Receber|Pagar","PrimoAutoEletrica\ViewModels\RelatoriosViewModel.cs","1170","LucroPorServico.ToList());"
"Preco|Valor|Total|Custo|Desconto|Comissao|Saldo|Receber|Pagar","PrimoAutoEletrica\ViewModels\RelatoriosViewModel.cs","1187","LucroPorServico.ToList());"
"Preco|Valor|Total|Custo|Desconto|Comissao|Saldo|Receber|Pagar","PrimoAutoEletrica\ViewModels\RelatoriosViewModel.cs","1225","LucroPorServico.ToList());"
"Preco|Valor|Total|Custo|Desconto|Comissao|Saldo|Receber|Pagar","PrimoAutoEletrica\ViewModels\RelatoriosViewModel.cs","1234","LucroPorServico.ToList());"
"Preco|Valor|Total|Custo|Desconto|Comissao|Saldo|Receber|Pagar","PrimoAutoEletrica\ViewModels\RelatoriosViewModel.cs","1239","ResumoUltimaExportacao = $""Pacote de evidencias gerado com {pacote.TotalArquivos} arquivo(s): {pacote.Diretorio}"";"
"Preco|Valor|Total|Custo|Desconto|Comissao|Saldo|Receber|Pagar","PrimoAutoEletrica\ViewModels\RelatoriosViewModel.cs","1272","$""MargemPorProduto={MargemPorProduto.Count}"","
"Preco|Valor|Total|Custo|Desconto|Comissao|Saldo|Receber|Pagar","PrimoAutoEletrica\ViewModels\RelatoriosViewModel.cs","1281","$""LucroPorServico={LucroPorServico.Count}"","
"Preco|Valor|Total|Custo|Desconto|Comissao|Saldo|Receber|Pagar","PrimoAutoEletrica\ViewModels\RelatoriosViewModel.cs","1290","$""LucroLiquido={LucroLiquido}"","
"Preco|Valor|Total|Custo|Desconto|Comissao|Saldo|Receber|Pagar","PrimoAutoEletrica\ViewModels\RelatoriosViewModel.cs","1301","$""Margem={ResumoMargemProdutos}"","
"decimal","PrimoAutoEletrica\ViewModels\RelatoriosViewModel.cs","1480","public Dictionary<string, decimal> ObterPerformanceVendedores()"
"Preco|Valor|Total|Custo|Desconto|Comissao|Saldo|Receber|Pagar","PrimoAutoEletrica\ViewModels\RelatoriosViewModel.cs","1483",".ToDictionary(g => g.Key, g => g.Sum(v => v.ValorTotal));"
"decimal","PrimoAutoEletrica\ViewModels\RelatoriosViewModel.cs","1584","public decimal ResumoFaturamento"
"decimal","PrimoAutoEletrica\ViewModels\RelatoriosViewModel.cs","1590","public decimal FaturamentoTotal"
"decimal","PrimoAutoEletrica\ViewModels\RelatoriosViewModel.cs","1596","public decimal LucroLiquido"
"Preco|Valor|Total|Custo|Desconto|Comissao|Saldo|Receber|Pagar","PrimoAutoEletrica\ViewModels\RelatoriosViewModel.cs","1596","public decimal LucroLiquido"
"decimal","PrimoAutoEletrica\ViewModels\RelatoriosViewModel.cs","1602","public decimal VendasHoje"
"decimal","PrimoAutoEletrica\ViewModels\RelatoriosViewModel.cs","1608","public decimal TicketMedio"
"Preco|Valor|Total|Custo|Desconto|Comissao|Saldo|Receber|Pagar","PrimoAutoEletrica\ViewModels\RelatoriosViewModel.cs","1614","public int TotalClientes"
"decimal","PrimoAutoEletrica\ViewModels\RelatoriosViewModel.cs","1626","public decimal FluxoCaixa"
"decimal","PrimoAutoEletrica\ViewModels\RelatoriosViewModel.cs","1632","public decimal ContasRecebidas"
"decimal","PrimoAutoEletrica\ViewModels\RelatoriosViewModel.cs","1638","public decimal ContasPendentes"
"decimal","PrimoAutoEletrica\ViewModels\RelatoriosViewModel.cs","1644","public decimal Inadimplencia"
"decimal","PrimoAutoEletrica\ViewModels\RelatoriosViewModel.cs","1650","public decimal MargemLucro"
"Preco|Valor|Total|Custo|Desconto|Comissao|Saldo|Receber|Pagar","PrimoAutoEletrica\ViewModels\RelatoriosViewModel.cs","1650","public decimal MargemLucro"
"decimal","PrimoAutoEletrica\ViewModels\RelatoriosViewModel.cs","1656","public decimal MetaMensal"
"decimal","PrimoAutoEletrica\ViewModels\RelatoriosViewModel.cs","1662","public decimal ConversaoOrcamentos"
"decimal","PrimoAutoEletrica\ViewModels\RelatoriosViewModel.cs","1668","public decimal CrescimentoMensal"
"decimal","PrimoAutoEletrica\ViewModels\RelatoriosViewModel.cs","1686","public decimal CaixaAtual"
"Preco|Valor|Total|Custo|Desconto|Comissao|Saldo|Receber|Pagar","PrimoAutoEletrica\ViewModels\RelatoriosViewModel.cs","1903","public int TotalAuditoria"
"Preco|Valor|Total|Custo|Desconto|Comissao|Saldo|Receber|Pagar","PrimoAutoEletrica\ViewModels\RelatoriosViewModel.cs","1909","public int TotalPaginasAuditoria"
"Preco|Valor|Total|Custo|Desconto|Comissao|Saldo|Receber|Pagar","PrimoAutoEletrica\ViewModels\RelatoriosViewModel.cs","1935","public bool TemProximaPaginaAuditoria => TotalPaginasAuditoria > 0 && PaginaAuditoriaAtual < TotalPaginasAuditoria;"
"Preco|Valor|Total|Custo|Desconto|Comissao|Saldo|Receber|Pagar","PrimoAutoEletrica\ViewModels\RelatoriosViewModel.cs","1985","var totalDias = Math.Max(1, (DataFim.Date - DataInicio.Date).Days + 1);"
"Preco|Valor|Total|Custo|Desconto|Comissao|Saldo|Receber|Pagar","PrimoAutoEletrica\ViewModels\RelatoriosViewModel.cs","1986","PeriodoSelecionado = totalDias switch"
"Preco|Valor|Total|Custo|Desconto|Comissao|Saldo|Receber|Pagar","PrimoAutoEletrica\ViewModels\RelatoriosViewModel.cs","1989","<= 7 => $""{totalDias} dias"","
"Preco|Valor|Total|Custo|Desconto|Comissao|Saldo|Receber|Pagar","PrimoAutoEletrica\ViewModels\RelatoriosViewModel.cs","1999","public List<DadoMargemProduto> MargemPorProduto { get; init; } = new();"
"Preco|Valor|Total|Custo|Desconto|Comissao|Saldo|Receber|Pagar","PrimoAutoEletrica\ViewModels\RelatoriosViewModel.cs","2008","public List<DadoServicoRelatorio> LucroPorServico { get; init; } = new();"
"decimal","PrimoAutoEletrica\ViewModels\RelatoriosViewModel.cs","2018","public decimal FaturamentoTotal { get; init; }"
"decimal","PrimoAutoEletrica\ViewModels\RelatoriosViewModel.cs","2019","public decimal LucroLiquido { get; init; }"
"Preco|Valor|Total|Custo|Desconto|Comissao|Saldo|Receber|Pagar","PrimoAutoEletrica\ViewModels\RelatoriosViewModel.cs","2019","public decimal LucroLiquido { get; init; }"
"decimal","PrimoAutoEletrica\ViewModels\RelatoriosViewModel.cs","2020","public decimal TicketMedio { get; init; }"
"Preco|Valor|Total|Custo|Desconto|Comissao|Saldo|Receber|Pagar","PrimoAutoEletrica\ViewModels\RelatoriosViewModel.cs","2021","public int TotalClientes { get; init; }"
"decimal","PrimoAutoEletrica\ViewModels\RelatoriosViewModel.cs","2023","public decimal ConversaoOrcamentos { get; init; }"
"Preco|Valor|Total|Custo|Desconto|Comissao|Saldo|Receber|Pagar","PrimoAutoEletrica\ViewModels\RelatoriosViewModel.cs","2042","public int TotalArquivos => Arquivos.Count;"
"Preco|Valor|Total|Custo|Desconto|Comissao|Saldo|Receber|Pagar","PrimoAutoEletrica\ViewModels\VeiculosViewModel.cs","38","public string TotalVeiculosText"
"Preco|Valor|Total|Custo|Desconto|Comissao|Saldo|Receber|Pagar","PrimoAutoEletrica\ViewModels\VeiculosViewModel.cs","164","TotalVeiculosText = AllVeiculos.Count.ToString();"
"Preco|Valor|Total|Custo|Desconto|Comissao|Saldo|Receber|Pagar","PrimoAutoEletrica\Views\Clientes\EditarClienteWindow.xaml.cs","97","TotalGastoTextBlock.Text = _cliente.TotalGasto.ToString(""C"");"
"Preco|Valor|Total|Custo|Desconto|Comissao|Saldo|Receber|Pagar","PrimoAutoEletrica\Views\Clientes\EditarClienteWindow.xaml.cs","98","TotalServicosTextBlock.Text = _cliente.TotalServicos.ToString();"
"Preco|Valor|Total|Custo|Desconto|Comissao|Saldo|Receber|Pagar","PrimoAutoEletrica\Views\Clientes\EditarClienteWindow.xaml.cs","454","return ExibirErroValidacao(""Informe uma quantidade de pontos valida."", PontosTextBox, ""Valor invalido"");"
"Preco|Valor|Total|Custo|Desconto|Comissao|Saldo|Receber|Pagar","PrimoAutoEletrica\Views\Clientes\EditarClienteWindow.xaml.cs","751","private static string NormalizarNomeArquivo(string? valor)"
"Preco|Valor|Total|Custo|Desconto|Comissao|Saldo|Receber|Pagar","PrimoAutoEletrica\Views\Clientes\EditarClienteWindow.xaml.cs","753","var texto = string.IsNullOrWhiteSpace(valor) ? ""cliente"" : valor.Trim();"
"Preco|Valor|Total|Custo|Desconto|Comissao|Saldo|Receber|Pagar","PrimoAutoEletrica\Views\Clientes\NovoClienteWindow.xaml.cs","259","cliente.TotalGasto = _clienteSalvo.TotalGasto;"
"Preco|Valor|Total|Custo|Desconto|Comissao|Saldo|Receber|Pagar","PrimoAutoEletrica\Views\Clientes\NovoClienteWindow.xaml.cs","260","cliente.TotalServicos = _clienteSalvo.TotalServicos;"
"Preco|Valor|Total|Custo|Desconto|Comissao|Saldo|Receber|Pagar","PrimoAutoEletrica\Views\Clientes\NovoClienteWindow.xaml.cs","413","return ExibirErroValidacao(""Informe uma quantidade de pontos valida."", PontosTextBox, ""Valor invalido"");"
"Preco|Valor|Total|Custo|Desconto|Comissao|Saldo|Receber|Pagar","PrimoAutoEletrica\Views\Clientes\NovoClienteWindow.xaml.cs","545","private static string NormalizarNomeArquivo(string? valor)"
"Preco|Valor|Total|Custo|Desconto|Comissao|Saldo|Receber|Pagar","PrimoAutoEletrica\Views\Clientes\NovoClienteWindow.xaml.cs","547","var texto = string.IsNullOrWhiteSpace(valor) ? ""cliente"" : valor.Trim();"
"Preco|Valor|Total|Custo|Desconto|Comissao|Saldo|Receber|Pagar","PrimoAutoEletrica\Views\Clientes\VisualizarClienteWindow.xaml.cs","37","NomeTextBlock.Text = ValorOuPadrao(_cliente.Nome);"
"Preco|Valor|Total|Custo|Desconto|Comissao|Saldo|Receber|Pagar","PrimoAutoEletrica\Views\Clientes\VisualizarClienteWindow.xaml.cs","38","TelefoneTextBlock.Text = ValorOuPadrao(_cliente.Telefone);"
"Preco|Valor|Total|Custo|Desconto|Comissao|Saldo|Receber|Pagar","PrimoAutoEletrica\Views\Clientes\VisualizarClienteWindow.xaml.cs","39","WhatsAppTextBlock.Text = ValorOuPadrao(_cliente.WhatsApp);"
"Preco|Valor|Total|Custo|Desconto|Comissao|Saldo|Receber|Pagar","PrimoAutoEletrica\Views\Clientes\VisualizarClienteWindow.xaml.cs","40","DocumentoTextBlock.Text = ValorOuPadrao(_cliente.Documento);"
"Preco|Valor|Total|Custo|Desconto|Comissao|Saldo|Receber|Pagar","PrimoAutoEletrica\Views\Clientes\VisualizarClienteWindow.xaml.cs","42","RgIeTextBlock.Text = ValorOuPadrao(_cliente.RG, ""Nao informado."");"
"Preco|Valor|Total|Custo|Desconto|Comissao|Saldo|Receber|Pagar","PrimoAutoEletrica\Views\Clientes\VisualizarClienteWindow.xaml.cs","43","EmailTextBlock.Text = ValorOuPadrao(_cliente.Email);"
"Preco|Valor|Total|Custo|Desconto|Comissao|Saldo|Receber|Pagar","PrimoAutoEletrica\Views\Clientes\VisualizarClienteWindow.xaml.cs","47","ObservacoesTextBlock.Text = ValorOuPadrao(_cliente.Observacoes, ""Sem observacoes registradas."");"
"Preco|Valor|Total|Custo|Desconto|Comissao|Saldo|Receber|Pagar","PrimoAutoEletrica\Views\Clientes\VisualizarClienteWindow.xaml.cs","49","TotalGastoTextBlock.Text = _cliente.TotalGasto.ToString(""C"");"
"Preco|Valor|Total|Custo|Desconto|Comissao|Saldo|Receber|Pagar","PrimoAutoEletrica\Views\Clientes\VisualizarClienteWindow.xaml.cs","50","TotalServicosTextBlock.Text = _cliente.TotalServicos.ToString();"
"Preco|Valor|Total|Custo|Desconto|Comissao|Saldo|Receber|Pagar","PrimoAutoEletrica\Views\Clientes\VisualizarClienteWindow.xaml.cs","197","return ValorOuPadrao(endereco, ""Endereco nao informado."");"
"Preco|Valor|Total|Custo|Desconto|Comissao|Saldo|Receber|Pagar","PrimoAutoEletrica\Views\Clientes\VisualizarClienteWindow.xaml.cs","249","var ticketMedio = _cliente.TotalServicos > 0 ? _cliente.TotalGasto / _cliente.TotalServicos : 0;"
"Preco|Valor|Total|Custo|Desconto|Comissao|Saldo|Receber|Pagar","PrimoAutoEletrica\Views\Clientes\VisualizarClienteWindow.xaml.cs","256",": $""Ticket medio aproximado de {_cliente.TotalGasto / Math.Max(1, _cliente.TotalServicos):C}."";"
"Preco|Valor|Total|Custo|Desconto|Comissao|Saldo|Receber|Pagar","PrimoAutoEletrica\Views\Clientes\VisualizarClienteWindow.xaml.cs","292","Subtitulo = servico.Valor > 0 ? servico.Valor.ToString(""C"") : ""Servico concluido"","
"Preco|Valor|Total|Custo|Desconto|Comissao|Saldo|Receber|Pagar","PrimoAutoEletrica\Views\Clientes\VisualizarClienteWindow.xaml.cs","338","private static string ValorOuPadrao(string? valor, string padrao = ""-"")"
"Preco|Valor|Total|Custo|Desconto|Comissao|Saldo|Receber|Pagar","PrimoAutoEletrica\Views\Clientes\VisualizarClienteWindow.xaml.cs","340","return string.IsNullOrWhiteSpace(valor) ? padrao : valor.Trim();"
"decimal","PrimoAutoEletrica\Views\AjusteEstoqueWindow.xaml.cs","47","public decimal PrecoVenda { get; set; }"
"Preco|Valor|Total|Custo|Desconto|Comissao|Saldo|Receber|Pagar","PrimoAutoEletrica\Views\AjusteEstoqueWindow.xaml.cs","47","public decimal PrecoVenda { get; set; }"
"decimal","PrimoAutoEletrica\Views\AjusteEstoqueWindow.xaml.cs","48","public decimal NovoPreco { get; set; }"
"decimal","PrimoAutoEletrica\Views\AjusteEstoqueWindow.xaml.cs","49","public decimal Diferenca { get; set; }"
"Preco|Valor|Total|Custo|Desconto|Comissao|Saldo|Receber|Pagar","PrimoAutoEletrica\Views\AjusteEstoqueWindow.xaml.cs","121","PrecoVenda = p.PrecoVenda,"
"Preco|Valor|Total|Custo|Desconto|Comissao|Saldo|Receber|Pagar","PrimoAutoEletrica\Views\AjusteEstoqueWindow.xaml.cs","122","NovoPreco = CalcularNovoPreco(p.PrecoVenda),"
"Preco|Valor|Total|Custo|Desconto|Comissao|Saldo|Receber|Pagar","PrimoAutoEletrica\Views\AjusteEstoqueWindow.xaml.cs","123","Diferenca = CalcularDiferenca(p.PrecoVenda),"
"Preco|Valor|Total|Custo|Desconto|Comissao|Saldo|Receber|Pagar","PrimoAutoEletrica\Views\AjusteEstoqueWindow.xaml.cs","132","PrecoDataGrid.ItemsSource = _produtosAjustePreco;"
"decimal","PrimoAutoEletrica\Views\AjusteEstoqueWindow.xaml.cs","137","private decimal CalcularNovoPreco(decimal precoAtual)"
"Preco|Valor|Total|Custo|Desconto|Comissao|Saldo|Receber|Pagar","PrimoAutoEletrica\Views\AjusteEstoqueWindow.xaml.cs","137","private decimal CalcularNovoPreco(decimal precoAtual)"
"decimal","PrimoAutoEletrica\Views\AjusteEstoqueWindow.xaml.cs","139","if (!decimal.TryParse(PrecoValorTextBox.Text, out var valorAjuste) || valorAjuste == 0)"
"Preco|Valor|Total|Custo|Desconto|Comissao|Saldo|Receber|Pagar","PrimoAutoEletrica\Views\AjusteEstoqueWindow.xaml.cs","139","if (!decimal.TryParse(PrecoValorTextBox.Text, out var valorAjuste) || valorAjuste == 0)"
"Preco|Valor|Total|Custo|Desconto|Comissao|Saldo|Receber|Pagar","PrimoAutoEletrica\Views\AjusteEstoqueWindow.xaml.cs","140","return precoAtual;"
"Preco|Valor|Total|Custo|Desconto|Comissao|Saldo|Receber|Pagar","PrimoAutoEletrica\Views\AjusteEstoqueWindow.xaml.cs","142","var isPorcentagem = PrecoPorcentagemRadio.IsChecked == true;"
"Preco|Valor|Total|Custo|Desconto|Comissao|Saldo|Receber|Pagar","PrimoAutoEletrica\Views\AjusteEstoqueWindow.xaml.cs","143","var isAumentar = PrecoAumentarRadio.IsChecked == true;"
"Preco|Valor|Total|Custo|Desconto|Comissao|Saldo|Receber|Pagar","PrimoAutoEletrica\Views\AjusteEstoqueWindow.xaml.cs","147","var fator = valorAjuste / 100m;"
"Preco|Valor|Total|Custo|Desconto|Comissao|Saldo|Receber|Pagar","PrimoAutoEletrica\Views\AjusteEstoqueWindow.xaml.cs","149","? precoAtual * (1 + fator)"
"Preco|Valor|Total|Custo|Desconto|Comissao|Saldo|Receber|Pagar","PrimoAutoEletrica\Views\AjusteEstoqueWindow.xaml.cs","150",": precoAtual * (1 - fator);"
"decimal","PrimoAutoEletrica\Views\AjusteEstoqueWindow.xaml.cs","152","return decimal.Round(Math.Max(0, novoPrecoPercentual), 2);"
"Preco|Valor|Total|Custo|Desconto|Comissao|Saldo|Receber|Pagar","PrimoAutoEletrica\Views\AjusteEstoqueWindow.xaml.cs","156","? precoAtual + valorAjuste"
"Preco|Valor|Total|Custo|Desconto|Comissao|Saldo|Receber|Pagar","PrimoAutoEletrica\Views\AjusteEstoqueWindow.xaml.cs","157",": precoAtual - valorAjuste;"
"decimal","PrimoAutoEletrica\Views\AjusteEstoqueWindow.xaml.cs","159","return decimal.Round(Math.Max(0, novoPrecoValor), 2);"
"decimal","PrimoAutoEletrica\Views\AjusteEstoqueWindow.xaml.cs","162","private decimal CalcularDiferenca(decimal precoAtual)"
"Preco|Valor|Total|Custo|Desconto|Comissao|Saldo|Receber|Pagar","PrimoAutoEletrica\Views\AjusteEstoqueWindow.xaml.cs","162","private decimal CalcularDiferenca(decimal precoAtual)"
"Preco|Valor|Total|Custo|Desconto|Comissao|Saldo|Receber|Pagar","PrimoAutoEletrica\Views\AjusteEstoqueWindow.xaml.cs","164","var novoPreco = CalcularNovoPreco(precoAtual);"
"Preco|Valor|Total|Custo|Desconto|Comissao|Saldo|Receber|Pagar","PrimoAutoEletrica\Views\AjusteEstoqueWindow.xaml.cs","165","return novoPreco - precoAtual;"
"Preco|Valor|Total|Custo|Desconto|Comissao|Saldo|Receber|Pagar","PrimoAutoEletrica\Views\AjusteEstoqueWindow.xaml.cs","326","if (!ValidarPermissao(""ESTOQUE_AJUSTAR_PRECO"", ""Voce nao possui permissao para reajustar precos no estoque.""))"
"Preco|Valor|Total|Custo|Desconto|Comissao|Saldo|Receber|Pagar","PrimoAutoEletrica\Views\AjusteEstoqueWindow.xaml.cs","412","produtoCompleto.ValorTotalEstoque = produtoCompleto.QuantidadeEstoque * produtoCompleto.PrecoCompra;"
"Preco|Valor|Total|Custo|Desconto|Comissao|Saldo|Receber|Pagar","PrimoAutoEletrica\Views\AjusteEstoqueWindow.xaml.cs","481","produto.ValorTotalEstoque = produto.QuantidadeEstoque * produto.PrecoCompra;"
"decimal","PrimoAutoEletrica\Views\AjusteEstoqueWindow.xaml.cs","511","if (!decimal.TryParse(PrecoValorTextBox.Text, out var valorAjuste) || valorAjuste == 0)"
"Preco|Valor|Total|Custo|Desconto|Comissao|Saldo|Receber|Pagar","PrimoAutoEletrica\Views\AjusteEstoqueWindow.xaml.cs","511","if (!decimal.TryParse(PrecoValorTextBox.Text, out var valorAjuste) || valorAjuste == 0)"
"Preco|Valor|Total|Custo|Desconto|Comissao|Saldo|Receber|Pagar","PrimoAutoEletrica\Views\AjusteEstoqueWindow.xaml.cs","514","""Por favor, informe um valor de ajuste valido."","
"Preco|Valor|Total|Custo|Desconto|Comissao|Saldo|Receber|Pagar","PrimoAutoEletrica\Views\AjusteEstoqueWindow.xaml.cs","521","PrecoDataGrid.CommitEdit(DataGridEditingUnit.Cell, true);"
"Preco|Valor|Total|Custo|Desconto|Comissao|Saldo|Receber|Pagar","PrimoAutoEletrica\Views\AjusteEstoqueWindow.xaml.cs","522","PrecoDataGrid.CommitEdit(DataGridEditingUnit.Row, true);"
"Preco|Valor|Total|Custo|Desconto|Comissao|Saldo|Receber|Pagar","PrimoAutoEletrica\Views\AjusteEstoqueWindow.xaml.cs","524","var motivo = ObterTextoComboBox(PrecoMotivoComboBox);"
"Preco|Valor|Total|Custo|Desconto|Comissao|Saldo|Receber|Pagar","PrimoAutoEletrica\Views\AjusteEstoqueWindow.xaml.cs","525","var isPorcentagem = PrecoPorcentagemRadio.IsChecked == true;"
"Preco|Valor|Total|Custo|Desconto|Comissao|Saldo|Receber|Pagar","PrimoAutoEletrica\Views\AjusteEstoqueWindow.xaml.cs","526","var operacaoPreco = PrecoAumentarRadio.IsChecked == true ? ""Aumentar"" : ""Diminuir"";"
"Preco|Valor|Total|Custo|Desconto|Comissao|Saldo|Receber|Pagar","PrimoAutoEletrica\Views\AjusteEstoqueWindow.xaml.cs","546","var precoAtual = produto.PrecoVenda;"
"Preco|Valor|Total|Custo|Desconto|Comissao|Saldo|Receber|Pagar","PrimoAutoEletrica\Views\AjusteEstoqueWindow.xaml.cs","547","var margemAnterior = produto.MargemLucro;"
"Preco|Valor|Total|Custo|Desconto|Comissao|Saldo|Receber|Pagar","PrimoAutoEletrica\Views\AjusteEstoqueWindow.xaml.cs","548","var novoPreco = CalcularNovoPreco(precoAtual);"
"Preco|Valor|Total|Custo|Desconto|Comissao|Saldo|Receber|Pagar","PrimoAutoEletrica\Views\AjusteEstoqueWindow.xaml.cs","549","var diferenca = novoPreco - precoAtual;"
"Preco|Valor|Total|Custo|Desconto|Comissao|Saldo|Receber|Pagar","PrimoAutoEletrica\Views\AjusteEstoqueWindow.xaml.cs","551","produto.PrecoVenda = novoPreco;"
"Preco|Valor|Total|Custo|Desconto|Comissao|Saldo|Receber|Pagar","PrimoAutoEletrica\Views\AjusteEstoqueWindow.xaml.cs","552","produto.MargemLucro = novoPreco > 0"
"Preco|Valor|Total|Custo|Desconto|Comissao|Saldo|Receber|Pagar","PrimoAutoEletrica\Views\AjusteEstoqueWindow.xaml.cs","553","? ((novoPreco - produto.PrecoCompra) / novoPreco) * 100"
"Preco|Valor|Total|Custo|Desconto|Comissao|Saldo|Receber|Pagar","PrimoAutoEletrica\Views\AjusteEstoqueWindow.xaml.cs","558","$""Ajuste de preco em {DateTime.Now:dd/MM/yyyy HH:mm}: {precoAtual:C} -> {novoPreco:C} ({FormatarMoedaComSinal(diferenca)}) - Motivo: {motivo}"""
"Preco|Valor|Total|Custo|Desconto|Comissao|Saldo|Receber|Pagar","PrimoAutoEletrica\Views\AjusteEstoqueWindow.xaml.cs","566","precoAtual,"
"Preco|Valor|Total|Custo|Desconto|Comissao|Saldo|Receber|Pagar","PrimoAutoEletrica\Views\AjusteEstoqueWindow.xaml.cs","568","margemAnterior,"
"Preco|Valor|Total|Custo|Desconto|Comissao|Saldo|Receber|Pagar","PrimoAutoEletrica\Views\AjusteEstoqueWindow.xaml.cs","569","produto.MargemLucro,"
"Preco|Valor|Total|Custo|Desconto|Comissao|Saldo|Receber|Pagar","PrimoAutoEletrica\Views\AjusteEstoqueWindow.xaml.cs","570","valorAjuste,"
"Preco|Valor|Total|Custo|Desconto|Comissao|Saldo|Receber|Pagar","PrimoAutoEletrica\Views\AjusteEstoqueWindow.xaml.cs","571","isPorcentagem ? ""Percentual"" : ""Valor"","
"Preco|Valor|Total|Custo|Desconto|Comissao|Saldo|Receber|Pagar","PrimoAutoEletrica\Views\AjusteEstoqueWindow.xaml.cs","592","$""Produtos={produtosSelecionados.Count}; Tipo={(isPorcentagem ? ""Percentual"" : ""Valor"")}; Operacao={operacaoPreco}; ValorInformado={valorAjuste:F2}; Motivo={mot"
"Preco|Valor|Total|Custo|Desconto|Comissao|Saldo|Receber|Pagar","PrimoAutoEletrica\Views\AjusteEstoqueWindow.xaml.cs","618","TotalAjusteText.Text = $""{ajuste:+0;-0}"";"
"Preco|Valor|Total|Custo|Desconto|Comissao|Saldo|Receber|Pagar","PrimoAutoEletrica\Views\AjusteEstoqueWindow.xaml.cs","624","TotalAjusteText.Text = ""0"";"
"Preco|Valor|Total|Custo|Desconto|Comissao|Saldo|Receber|Pagar","PrimoAutoEletrica\Views\AjusteEstoqueWindow.xaml.cs","631","TotalAjusteText.Text = ""0"";"
"Preco|Valor|Total|Custo|Desconto|Comissao|Saldo|Receber|Pagar","PrimoAutoEletrica\Views\AjusteEstoqueWindow.xaml.cs","645","var totalProdutos = produtosSelecionados.Count;"
"Preco|Valor|Total|Custo|Desconto|Comissao|Saldo|Receber|Pagar","PrimoAutoEletrica\Views\AjusteEstoqueWindow.xaml.cs","646","var totalAjuste = ajuste * totalProdutos;"
"Preco|Valor|Total|Custo|Desconto|Comissao|Saldo|Receber|Pagar","PrimoAutoEletrica\Views\AjusteEstoqueWindow.xaml.cs","648","var estoqueFinal = estoqueAtualTotal + totalAjuste;"
"Preco|Valor|Total|Custo|Desconto|Comissao|Saldo|Receber|Pagar","PrimoAutoEletrica\Views\AjusteEstoqueWindow.xaml.cs","650","ProdutosAjustarText.Text = totalProdutos.ToString();"
"Preco|Valor|Total|Custo|Desconto|Comissao|Saldo|Receber|Pagar","PrimoAutoEletrica\Views\AjusteEstoqueWindow.xaml.cs","651","TotalAjusteText.Text = $""{totalAjuste:+0;-0}"";"
"Preco|Valor|Total|Custo|Desconto|Comissao|Saldo|Receber|Pagar","PrimoAutoEletrica\Views\AjusteEstoqueWindow.xaml.cs","657","TotalAjusteText.Text = ""0"";"
"Preco|Valor|Total|Custo|Desconto|Comissao|Saldo|Receber|Pagar","PrimoAutoEletrica\Views\AjusteEstoqueWindow.xaml.cs","697","private void PrecoPorcentagemRadio_Checked(object sender, RoutedEventArgs e)"
"Preco|Valor|Total|Custo|Desconto|Comissao|Saldo|Receber|Pagar","PrimoAutoEletrica\Views\AjusteEstoqueWindow.xaml.cs","703","private void PrecoValorRadio_Checked(object sender, RoutedEventArgs e)"
"Preco|Valor|Total|Custo|Desconto|Comissao|Saldo|Receber|Pagar","PrimoAutoEletrica\Views\AjusteEstoqueWindow.xaml.cs","709","private void PrecoAumentarRadio_Checked(object sender, RoutedEventArgs e)"
"Preco|Valor|Total|Custo|Desconto|Comissao|Saldo|Receber|Pagar","PrimoAutoEletrica\Views\AjusteEstoqueWindow.xaml.cs","715","private void PrecoDiminuirRadio_Checked(object sender, RoutedEventArgs e)"
"Preco|Valor|Total|Custo|Desconto|Comissao|Saldo|Receber|Pagar","PrimoAutoEletrica\Views\AjusteEstoqueWindow.xaml.cs","721","private void PrecoValorTextBox_TextChanged(object sender, TextChangedEventArgs e)"
"Preco|Valor|Total|Custo|Desconto|Comissao|Saldo|Receber|Pagar","PrimoAutoEletrica\Views\AjusteEstoqueWindow.xaml.cs","736","var totalProdutos = produtosSelecionados.Count;"
"Preco|Valor|Total|Custo|Desconto|Comissao|Saldo|Receber|Pagar","PrimoAutoEletrica\Views\AjusteEstoqueWindow.xaml.cs","737","var somaPrecosAtuais = produtosSelecionados.Sum(p => p.PrecoVenda);"
"Preco|Valor|Total|Custo|Desconto|Comissao|Saldo|Receber|Pagar","PrimoAutoEletrica\Views\AjusteEstoqueWindow.xaml.cs","741","ProdutosAjustarText.Text = totalProdutos.ToString();"
"Preco|Valor|Total|Custo|Desconto|Comissao|Saldo|Receber|Pagar","PrimoAutoEletrica\Views\AjusteEstoqueWindow.xaml.cs","742","TotalAjusteText.Text = FormatarMoedaComSinal(diferencaTotal);"
"Preco|Valor|Total|Custo|Desconto|Comissao|Saldo|Receber|Pagar","PrimoAutoEletrica\Views\AjusteEstoqueWindow.xaml.cs","749","PrecoSelecionadosCountText.Text = $""{_produtosAjustePreco.Count(p => p.Selecionado)} selecionados"";"
"decimal","PrimoAutoEletrica\Views\AjusteEstoqueWindow.xaml.cs","778","private static string FormatarMoedaComSinal(decimal valor)"
"Preco|Valor|Total|Custo|Desconto|Comissao|Saldo|Receber|Pagar","PrimoAutoEletrica\Views\AjusteEstoqueWindow.xaml.cs","778","private static string FormatarMoedaComSinal(decimal valor)"
"Preco|Valor|Total|Custo|Desconto|Comissao|Saldo|Receber|Pagar","PrimoAutoEletrica\Views\AjusteEstoqueWindow.xaml.cs","780","if (valor > 0)"
"Preco|Valor|Total|Custo|Desconto|Comissao|Saldo|Receber|Pagar","PrimoAutoEletrica\Views\AjusteEstoqueWindow.xaml.cs","781","return $""+{valor:C}"";"
"Preco|Valor|Total|Custo|Desconto|Comissao|Saldo|Receber|Pagar","PrimoAutoEletrica\Views\AjusteEstoqueWindow.xaml.cs","783","if (valor < 0)"
"Preco|Valor|Total|Custo|Desconto|Comissao|Saldo|Receber|Pagar","PrimoAutoEletrica\Views\AjusteEstoqueWindow.xaml.cs","784","return $""-{Math.Abs(valor):C}"";"
"Preco|Valor|Total|Custo|Desconto|Comissao|Saldo|Receber|Pagar","PrimoAutoEletrica\Views\AjusteEstoqueWindow.xaml.cs","823","Header = ""Ajuste unitario com saldo negativo"","
"Preco|Valor|Total|Custo|Desconto|Comissao|Saldo|Receber|Pagar","PrimoAutoEletrica\Views\AjusteEstoqueWindow.xaml.cs","826","Impact = ""O saldo ficara abaixo de zero e exigira acompanhamento operacional imediato para evitar movimentacoes inconsistentes."","
"Preco|Valor|Total|Custo|Desconto|Comissao|Saldo|Receber|Pagar","PrimoAutoEletrica\Views\AjusteEstoqueWindow.xaml.cs","852","Header = ""Ajuste em lote com saldo negativo"","
"Preco|Valor|Total|Custo|Desconto|Comissao|Saldo|Receber|Pagar","PrimoAutoEletrica\Views\AjusteEstoqueWindow.xaml.cs","863","return $""Codigo={produto.Codigo}; Nome={produto.Nome}; Estoque={quantidadeEstoque}; ValorTotal={(quantidadeEstoque * produto.PrecoCompra):C}"";"
"Preco|Valor|Total|Custo|Desconto|Comissao|Saldo|Receber|Pagar","PrimoAutoEletrica\Views\AjusteEstoqueWindow.xaml.cs","882","valorAnterior: CriarSnapshotEstoque(produto, estoqueAnterior),"
"Preco|Valor|Total|Custo|Desconto|Comissao|Saldo|Receber|Pagar","PrimoAutoEletrica\Views\AjusteEstoqueWindow.xaml.cs","883","valorNovo: CriarSnapshotEstoque(produto, estoqueNovo),"
"decimal","PrimoAutoEletrica\Views\AjusteEstoqueWindow.xaml.cs","889","decimal precoAnterior,"
"Preco|Valor|Total|Custo|Desconto|Comissao|Saldo|Receber|Pagar","PrimoAutoEletrica\Views\AjusteEstoqueWindow.xaml.cs","889","decimal precoAnterior,"
"decimal","PrimoAutoEletrica\Views\AjusteEstoqueWindow.xaml.cs","890","decimal precoNovo,"
"Preco|Valor|Total|Custo|Desconto|Comissao|Saldo|Receber|Pagar","PrimoAutoEletrica\Views\AjusteEstoqueWindow.xaml.cs","890","decimal precoNovo,"
"decimal","PrimoAutoEletrica\Views\AjusteEstoqueWindow.xaml.cs","891","decimal margemAnterior,"
"Preco|Valor|Total|Custo|Desconto|Comissao|Saldo|Receber|Pagar","PrimoAutoEletrica\Views\AjusteEstoqueWindow.xaml.cs","891","decimal margemAnterior,"
"decimal","PrimoAutoEletrica\Views\AjusteEstoqueWindow.xaml.cs","892","decimal margemNova,"
"Preco|Valor|Total|Custo|Desconto|Comissao|Saldo|Receber|Pagar","PrimoAutoEletrica\Views\AjusteEstoqueWindow.xaml.cs","892","decimal margemNova,"
"decimal","PrimoAutoEletrica\Views\AjusteEstoqueWindow.xaml.cs","893","decimal valorInformado,"
"Preco|Valor|Total|Custo|Desconto|Comissao|Saldo|Receber|Pagar","PrimoAutoEletrica\Views\AjusteEstoqueWindow.xaml.cs","893","decimal valorInformado,"
"Preco|Valor|Total|Custo|Desconto|Comissao|Saldo|Receber|Pagar","PrimoAutoEletrica\Views\AjusteEstoqueWindow.xaml.cs","904","detalhes: $""Produto={produto.Nome}; TipoRegra={tipoRegra}; Operacao={operacao}; ValorInformado={valorInformado:F2}; Motivo={motivo}"","
"Preco|Valor|Total|Custo|Desconto|Comissao|Saldo|Receber|Pagar","PrimoAutoEletrica\Views\AjusteEstoqueWindow.xaml.cs","905","valorAnterior: $""Codigo={produto.Codigo}; PrecoVenda={precoAnterior:C}; Margem={margemAnterior:F2}%"","
"Preco|Valor|Total|Custo|Desconto|Comissao|Saldo|Receber|Pagar","PrimoAutoEletrica\Views\AjusteEstoqueWindow.xaml.cs","906","valorNovo: $""Codigo={produto.Codigo}; PrecoVenda={precoNovo:C}; Margem={margemNova:F2}%"","
"double","PrimoAutoEletrica\Views\BackupSettingsWindow.xaml.cs","240","double size = bytes;"
"Preco|Valor|Total|Custo|Desconto|Comissao|Saldo|Receber|Pagar","PrimoAutoEletrica\Views\ComissaoSettlementWindow.cs","14","public sealed class ComissaoSettlementWindow : Window"
"Preco|Valor|Total|Custo|Desconto|Comissao|Saldo|Receber|Pagar","PrimoAutoEletrica\Views\ComissaoSettlementWindow.cs","16","private readonly ObservableCollection<ComissaoLinhaUi> _linhas = new();"
"Preco|Valor|Total|Custo|Desconto|Comissao|Saldo|Receber|Pagar","PrimoAutoEletrica\Views\ComissaoSettlementWindow.cs","22","public ComissaoSettlementWindow()"
"Preco|Valor|Total|Custo|Desconto|Comissao|Saldo|Receber|Pagar","PrimoAutoEletrica\Views\ComissaoSettlementWindow.cs","24","Title = ""Fechamento de comissao - tecnicos"";"
"decimal","PrimoAutoEletrica\Views\ComissaoSettlementWindow.cs","60","if (!decimal.TryParse(_percentual.Text?.Replace('%', ' ').Trim(), out var pct) || pct <= 0)"
"Preco|Valor|Total|Custo|Desconto|Comissao|Saldo|Receber|Pagar","PrimoAutoEletrica\Views\ComissaoSettlementWindow.cs","66","var calc = new ComissaoSettlementService().Calcular(ini, fim, pct);"
"Preco|Valor|Total|Custo|Desconto|Comissao|Saldo|Receber|Pagar","PrimoAutoEletrica\Views\ComissaoSettlementWindow.cs","71","_linhas.Add(new ComissaoLinhaUi"
"Preco|Valor|Total|Custo|Desconto|Comissao|Saldo|Receber|Pagar","PrimoAutoEletrica\Views\ComissaoSettlementWindow.cs","75","TotalServicos = l.TotalServicos,"
"Preco|Valor|Total|Custo|Desconto|Comissao|Saldo|Receber|Pagar","PrimoAutoEletrica\Views\ComissaoSettlementWindow.cs","76","TotalPecas = l.TotalPecas,"
"Preco|Valor|Total|Custo|Desconto|Comissao|Saldo|Receber|Pagar","PrimoAutoEletrica\Views\ComissaoSettlementWindow.cs","79","Comissao = l.Comissao,"
"Preco|Valor|Total|Custo|Desconto|Comissao|Saldo|Receber|Pagar","PrimoAutoEletrica\Views\ComissaoSettlementWindow.cs","91","var path = Path.Combine(dir, $""comissao-fechamento-{ini:yyyyMMdd}-{fim:yyyyMMdd}.csv"");"
"Preco|Valor|Total|Custo|Desconto|Comissao|Saldo|Receber|Pagar","PrimoAutoEletrica\Views\ComissaoSettlementWindow.cs","92","var linhas = _linhas.Select(l => new ComissaoLinha"
"Preco|Valor|Total|Custo|Desconto|Comissao|Saldo|Receber|Pagar","PrimoAutoEletrica\Views\ComissaoSettlementWindow.cs","96","TotalServicos = l.TotalServicos,"
"Preco|Valor|Total|Custo|Desconto|Comissao|Saldo|Receber|Pagar","PrimoAutoEletrica\Views\ComissaoSettlementWindow.cs","97","TotalPecas = l.TotalPecas,"
"Preco|Valor|Total|Custo|Desconto|Comissao|Saldo|Receber|Pagar","PrimoAutoEletrica\Views\ComissaoSettlementWindow.cs","100","Comissao = l.Comissao"
"Preco|Valor|Total|Custo|Desconto|Comissao|Saldo|Receber|Pagar","PrimoAutoEletrica\Views\ComissaoSettlementWindow.cs","102","new ComissaoSettlementService().ExportarCsv(linhas, path);"
"Preco|Valor|Total|Custo|Desconto|Comissao|Saldo|Receber|Pagar","PrimoAutoEletrica\Views\ComissaoSettlementWindow.cs","119","MessageBox.Show(""Status de comissao salvo."", ""Comissao"", MessageBoxButton.OK, MessageBoxImage.Information);"
"Preco|Valor|Total|Custo|Desconto|Comissao|Saldo|Receber|Pagar","PrimoAutoEletrica\Views\ComissaoSettlementWindow.cs","129","return Path.Combine(dir, ""comissao-status.json"");"
"Preco|Valor|Total|Custo|Desconto|Comissao|Saldo|Receber|Pagar","PrimoAutoEletrica\Views\ComissaoSettlementWindow.cs","147","private sealed class ComissaoLinhaUi"
"decimal","PrimoAutoEletrica\Views\ComissaoSettlementWindow.cs","151","public decimal TotalServicos { get; set; }"
"Preco|Valor|Total|Custo|Desconto|Comissao|Saldo|Receber|Pagar","PrimoAutoEletrica\Views\ComissaoSettlementWindow.cs","151","public decimal TotalServicos { get; set; }"
"decimal","PrimoAutoEletrica\Views\ComissaoSettlementWindow.cs","152","public decimal TotalPecas { get; set; }"
"Preco|Valor|Total|Custo|Desconto|Comissao|Saldo|Receber|Pagar","PrimoAutoEletrica\Views\ComissaoSettlementWindow.cs","152","public decimal TotalPecas { get; set; }"
"decimal","PrimoAutoEletrica\Views\ComissaoSettlementWindow.cs","153","public decimal BaseCalculo { get; set; }"
"decimal","PrimoAutoEletrica\Views\ComissaoSettlementWindow.cs","154","public decimal Percentual { get; set; }"
"decimal","PrimoAutoEletrica\Views\ComissaoSettlementWindow.cs","155","public decimal Comissao { get; set; }"
"Preco|Valor|Total|Custo|Desconto|Comissao|Saldo|Receber|Pagar","PrimoAutoEletrica\Views\ComissaoSettlementWindow.cs","155","public decimal Comissao { get; set; }"
"Preco|Valor|Total|Custo|Desconto|Comissao|Saldo|Receber|Pagar","PrimoAutoEletrica\Views\ConfiguracoesSistemaWindow.xaml.cs","152","valorAnterior: $""Provider={_settings.Provider}; TimeoutInatividade={_settings.SessionInactivityTimeoutMinutes}min; TimeoutBanco={_settings.CommandTimeoutSeconds"
"Preco|Valor|Total|Custo|Desconto|Comissao|Saldo|Receber|Pagar","PrimoAutoEletrica\Views\ConfiguracoesSistemaWindow.xaml.cs","153","valorNovo: $""Provider={ConfiguracoesSalvas.Provider}; TimeoutInatividade={ConfiguracoesSalvas.SessionInactivityTimeoutMinutes}min; TimeoutBanco={ConfiguracoesSa"
"Preco|Valor|Total|Custo|Desconto|Comissao|Saldo|Receber|Pagar","PrimoAutoEletrica\Views\ConfiguracoesSistemaWindow.xaml.cs","167","detalhes: $""Tema={systemConfiguration.PreferredTheme}; AutoBackup={systemConfiguration.AutoBackupEnabled}; OS={systemConfiguration.OsNumberPrefix}/{systemConfig"
"Preco|Valor|Total|Custo|Desconto|Comissao|Saldo|Receber|Pagar","PrimoAutoEletrica\Views\ConfiguracoesSistemaWindow.xaml.cs","486","detalhes: $""Tema={systemConfiguration.PreferredTheme}; AutoBackup={systemConfiguration.AutoBackupEnabled}; Retencao={systemConfiguration.AutoBackupRetentionCopi"
"Preco|Valor|Total|Custo|Desconto|Comissao|Saldo|Receber|Pagar","PrimoAutoEletrica\Views\ConfiguracoesSistemaWindow.xaml.cs","595","!TryParseNonNegativeDecimal(DefaultProductMarginTextBox.Text, ""a margem padrao de produtos"", DefaultProductMarginTextBox, out var productMargin))"
"Preco|Valor|Total|Custo|Desconto|Comissao|Saldo|Receber|Pagar","PrimoAutoEletrica\Views\ConfiguracoesSistemaWindow.xaml.cs","612","return ExibirErroValidacao(""Informe uma margem padrao de produtos entre 0 e 1000%."", DefaultProductMarginTextBox);"
"decimal","PrimoAutoEletrica\Views\ConfiguracoesSistemaWindow.xaml.cs","715","private static bool TryParseNonNegativeDecimal(string text, string fieldName, Control control, out decimal value)"
"decimal","PrimoAutoEletrica\Views\ConfiguracoesSistemaWindow.xaml.cs","718","if ((!decimal.TryParse(normalized, NumberStyles.Number, CultureInfo.InvariantCulture, out value) &&"
"decimal","PrimoAutoEletrica\Views\ConfiguracoesSistemaWindow.xaml.cs","719","!decimal.TryParse(normalized, NumberStyles.Number, CultureInfo.CurrentCulture, out value)) ||"
"double","PrimoAutoEletrica\Views\ConfiguracoesSistemaWindow.xaml.cs","962","double size = bytes;"
"Preco|Valor|Total|Custo|Desconto|Comissao|Saldo|Receber|Pagar","PrimoAutoEletrica\Views\ConfiguracoesSistemaWindow.xaml.cs","1025","SqlServerStatusTextBlock.Text = $""Sucesso: {result.Message} Latencia: {result.Latency?.TotalMilliseconds:F0}ms. Versao: {result.ServerVersion}"";"
"Preco|Valor|Total|Custo|Desconto|Comissao|Saldo|Receber|Pagar","PrimoAutoEletrica\Views\ConfiguracoesSistemaWindow.xaml.cs","1202","valorAnterior: $""UseConfiguredPdvPrinter={usarAnterior}; PreferredPdvPrinter={impressoraAnterior}"","
"Preco|Valor|Total|Custo|Desconto|Comissao|Saldo|Receber|Pagar","PrimoAutoEletrica\Views\ConfiguracoesSistemaWindow.xaml.cs","1203","valorNovo: $""UseConfiguredPdvPrinter={_stationConfiguration.UseConfiguredPdvPrinter}; PreferredPdvPrinter={impressoraAtual}"");"
"Preco|Valor|Total|Custo|Desconto|Comissao|Saldo|Receber|Pagar","PrimoAutoEletrica\Views\ConfigurarPermissoesWindow.xaml.cs","104","TotalPermissoesTextBlock.Text = _permissoes.Count.ToString();"
"decimal","PrimoAutoEletrica\Views\EditarFornecedorWindow.xaml.cs","165","private bool ValidarCampos(out decimal pedidoMinimo, out int nota, out int prazoMedioPagamento, out int prazoMedioEntrega)"
"decimal","PrimoAutoEletrica\Views\EditarFornecedorWindow.xaml.cs","225","!decimal.TryParse(PedidoMinimoTextBox.Text, out pedidoMinimo))"
"Preco|Valor|Total|Custo|Desconto|Comissao|Saldo|Receber|Pagar","PrimoAutoEletrica\Views\EditarFornecedorWindow.xaml.cs","227","return ExibirErroValidacao(""Informe um pedido minimo valido."", PedidoMinimoTextBox, ""Valor invalido"");"
"Preco|Valor|Total|Custo|Desconto|Comissao|Saldo|Receber|Pagar","PrimoAutoEletrica\Views\EditarFornecedorWindow.xaml.cs","233","return ExibirErroValidacao(erroPedidoMinimo, PedidoMinimoTextBox, ""Valor invalido"");"
"Preco|Valor|Total|Custo|Desconto|Comissao|Saldo|Receber|Pagar","PrimoAutoEletrica\Views\EditarFornecedorWindow.xaml.cs","239","return ExibirErroValidacao(""Informe um prazo medio de entrega valido em dias."", PrazoMedioEntregaTextBox, ""Valor invalido"");"
"Preco|Valor|Total|Custo|Desconto|Comissao|Saldo|Receber|Pagar","PrimoAutoEletrica\Views\EditarFornecedorWindow.xaml.cs","245","return ExibirErroValidacao(""Informe um prazo medio de pagamento valido em dias."", PrazoMedioPagamentoTextBox, ""Valor invalido"");"
"decimal","PrimoAutoEletrica\Views\EditarFuncionarioWindow.xaml.cs","179","private bool ValidarCampos(out decimal salario)"
"decimal","PrimoAutoEletrica\Views\EditarFuncionarioWindow.xaml.cs","222","if (!decimal.TryParse(SalarioTextBox.Text, System.Globalization.NumberStyles.Number, System.Globalization.CultureInfo.CurrentCulture, out salario) &&"
"decimal","PrimoAutoEletrica\Views\EditarFuncionarioWindow.xaml.cs","223","!decimal.TryParse(SalarioTextBox.Text, System.Globalization.NumberStyles.Number, System.Globalization.CultureInfo.InvariantCulture, out salario))"
"Preco|Valor|Total|Custo|Desconto|Comissao|Saldo|Receber|Pagar","PrimoAutoEletrica\Views\EditarFuncionarioWindow.xaml.cs","225","ShowError(""O salario deve ser um valor numerico valido."");"
"Preco|Valor|Total|Custo|Desconto|Comissao|Saldo|Receber|Pagar","PrimoAutoEletrica\Views\EditarProdutoWindow.xaml.cs","88","PrecoCompraTextBox.Text = _produto.PrecoCompra.ToString(""N2"");"
"Preco|Valor|Total|Custo|Desconto|Comissao|Saldo|Receber|Pagar","PrimoAutoEletrica\Views\EditarProdutoWindow.xaml.cs","89","PrecoVendaTextBox.Text = _produto.PrecoVenda.ToString(""N2"");"
"Preco|Valor|Total|Custo|Desconto|Comissao|Saldo|Receber|Pagar","PrimoAutoEletrica\Views\EditarProdutoWindow.xaml.cs","272","if (PrecoFoiAlterado(formValues.PrecoCompra, formValues.PrecoVenda)"
"Preco|Valor|Total|Custo|Desconto|Comissao|Saldo|Receber|Pagar","PrimoAutoEletrica\Views\EditarProdutoWindow.xaml.cs","273","&& !ValidarPermissao(""ESTOQUE_AJUSTAR_PRECO"", ""Voce nao possui permissao para alterar precos de produtos.""))"
"Preco|Valor|Total|Custo|Desconto|Comissao|Saldo|Receber|Pagar","PrimoAutoEletrica\Views\EditarProdutoWindow.xaml.cs","295","_produto.PrecoCompra = formValues.PrecoCompra;"
"Preco|Valor|Total|Custo|Desconto|Comissao|Saldo|Receber|Pagar","PrimoAutoEletrica\Views\EditarProdutoWindow.xaml.cs","296","_produto.PrecoVenda = formValues.PrecoVenda;"
"Preco|Valor|Total|Custo|Desconto|Comissao|Saldo|Receber|Pagar","PrimoAutoEletrica\Views\EditarProdutoWindow.xaml.cs","297","_produto.MargemLucro = CalcularMargem(formValues.PrecoCompra, formValues.PrecoVenda);"
"Preco|Valor|Total|Custo|Desconto|Comissao|Saldo|Receber|Pagar","PrimoAutoEletrica\Views\EditarProdutoWindow.xaml.cs","298","_produto.ValorTotalEstoque = formValues.Quantidade * formValues.PrecoCompra;"
"Preco|Valor|Total|Custo|Desconto|Comissao|Saldo|Receber|Pagar","PrimoAutoEletrica\Views\EditarProdutoWindow.xaml.cs","419","var precoCompra = TryParseDecimalOrZero(PrecoCompraTextBox.Text, out var pc) ? pc : 0m;"
"Preco|Valor|Total|Custo|Desconto|Comissao|Saldo|Receber|Pagar","PrimoAutoEletrica\Views\EditarProdutoWindow.xaml.cs","420","var precoVenda = TryParseDecimalOrZero(PrecoVendaTextBox.Text, out var pv) ? pv : 0m;"
"Preco|Valor|Total|Custo|Desconto|Comissao|Saldo|Receber|Pagar","PrimoAutoEletrica\Views\EditarProdutoWindow.xaml.cs","421","var margem = CalcularMargem(precoCompra, precoVenda);"
"Preco|Valor|Total|Custo|Desconto|Comissao|Saldo|Receber|Pagar","PrimoAutoEletrica\Views\EditarProdutoWindow.xaml.cs","423","MargemLucroTextBlock.Text = $""{margem:N2}%"";"
"Preco|Valor|Total|Custo|Desconto|Comissao|Saldo|Receber|Pagar","PrimoAutoEletrica\Views\EditarProdutoWindow.xaml.cs","424","ValorTotalEstoqueTextBlock.Text = (quantidade * precoCompra).ToString(""C2"");"
"Preco|Valor|Total|Custo|Desconto|Comissao|Saldo|Receber|Pagar","PrimoAutoEletrica\Views\EditarProdutoWindow.xaml.cs","427","if (margem < 0)"
"Preco|Valor|Total|Custo|Desconto|Comissao|Saldo|Receber|Pagar","PrimoAutoEletrica\Views\EditarProdutoWindow.xaml.cs","429","MargemLucroTextBlock.Foreground = (Brush)FindResource(""DangerBrush"");"
"Preco|Valor|Total|Custo|Desconto|Comissao|Saldo|Receber|Pagar","PrimoAutoEletrica\Views\EditarProdutoWindow.xaml.cs","431","else if (margem < 15)"
"Preco|Valor|Total|Custo|Desconto|Comissao|Saldo|Receber|Pagar","PrimoAutoEletrica\Views\EditarProdutoWindow.xaml.cs","433","MargemLucroTextBlock.Foreground = (Brush)FindResource(""WarningBrush"");"
"Preco|Valor|Total|Custo|Desconto|Comissao|Saldo|Receber|Pagar","PrimoAutoEletrica\Views\EditarProdutoWindow.xaml.cs","437","MargemLucroTextBlock.Foreground = (Brush)FindResource(""SuccessBrush"");"
"Preco|Valor|Total|Custo|Desconto|Comissao|Saldo|Receber|Pagar","PrimoAutoEletrica\Views\EditarProdutoWindow.xaml.cs","446","var precoCompra = TryParseDecimalOrZero(PrecoCompraTextBox.Text, out var compra) ? compra : 0m;"
"Preco|Valor|Total|Custo|Desconto|Comissao|Saldo|Receber|Pagar","PrimoAutoEletrica\Views\EditarProdutoWindow.xaml.cs","447","var precoVenda = TryParseDecimalOrZero(PrecoVendaTextBox.Text, out var venda) ? venda : 0m;"
"Preco|Valor|Total|Custo|Desconto|Comissao|Saldo|Receber|Pagar","PrimoAutoEletrica\Views\EditarProdutoWindow.xaml.cs","448","var margem = CalcularMargem(compra, venda);"
"Preco|Valor|Total|Custo|Desconto|Comissao|Saldo|Receber|Pagar","PrimoAutoEletrica\Views\EditarProdutoWindow.xaml.cs","450","if (precoVenda > 0 && precoVenda < precoCompra)"
"Preco|Valor|Total|Custo|Desconto|Comissao|Saldo|Receber|Pagar","PrimoAutoEletrica\Views\EditarProdutoWindow.xaml.cs","452","alertas.Add(""Preco de venda abaixo do preco de compra."");"
"Preco|Valor|Total|Custo|Desconto|Comissao|Saldo|Receber|Pagar","PrimoAutoEletrica\Views\EditarProdutoWindow.xaml.cs","460","if (margem < 0)"
"Preco|Valor|Total|Custo|Desconto|Comissao|Saldo|Receber|Pagar","PrimoAutoEletrica\Views\EditarProdutoWindow.xaml.cs","462","alertas.Add(""Margem negativa detectada para o produto."");"
"Preco|Valor|Total|Custo|Desconto|Comissao|Saldo|Receber|Pagar","PrimoAutoEletrica\Views\EditarProdutoWindow.xaml.cs","480","var precoCompra = 0m;"
"Preco|Valor|Total|Custo|Desconto|Comissao|Saldo|Receber|Pagar","PrimoAutoEletrica\Views\EditarProdutoWindow.xaml.cs","481","var precoVenda = 0m;"
"Preco|Valor|Total|Custo|Desconto|Comissao|Saldo|Receber|Pagar","PrimoAutoEletrica\Views\EditarProdutoWindow.xaml.cs","508","if (!TryParseDecimalOrZero(PrecoCompraTextBox.Text, out precoCompra) || precoCompra < 0)"
"Preco|Valor|Total|Custo|Desconto|Comissao|Saldo|Receber|Pagar","PrimoAutoEletrica\Views\EditarProdutoWindow.xaml.cs","510","return ExibirErroValidacao(""Informe um preco de compra valido."", PrecoCompraTextBox, out values);"
"Preco|Valor|Total|Custo|Desconto|Comissao|Saldo|Receber|Pagar","PrimoAutoEletrica\Views\EditarProdutoWindow.xaml.cs","513","if (!TryParseDecimalOrZero(PrecoVendaTextBox.Text, out precoVenda) || precoVenda < 0)"
"Preco|Valor|Total|Custo|Desconto|Comissao|Saldo|Receber|Pagar","PrimoAutoEletrica\Views\EditarProdutoWindow.xaml.cs","515","return ExibirErroValidacao(""Informe um preco de venda valido."", PrecoVendaTextBox, out values);"
"Preco|Valor|Total|Custo|Desconto|Comissao|Saldo|Receber|Pagar","PrimoAutoEletrica\Views\EditarProdutoWindow.xaml.cs","536","PrecoCompra = precoCompra,"
"Preco|Valor|Total|Custo|Desconto|Comissao|Saldo|Receber|Pagar","PrimoAutoEletrica\Views\EditarProdutoWindow.xaml.cs","537","PrecoVenda = precoVenda"
"decimal","PrimoAutoEletrica\Views\EditarProdutoWindow.xaml.cs","555","private bool PrecoFoiAlterado(decimal precoCompra, decimal precoVenda)"
"Preco|Valor|Total|Custo|Desconto|Comissao|Saldo|Receber|Pagar","PrimoAutoEletrica\Views\EditarProdutoWindow.xaml.cs","555","private bool PrecoFoiAlterado(decimal precoCompra, decimal precoVenda)"
"Preco|Valor|Total|Custo|Desconto|Comissao|Saldo|Receber|Pagar","PrimoAutoEletrica\Views\EditarProdutoWindow.xaml.cs","557","return precoCompra != _produto.PrecoCompra || precoVenda != _produto.PrecoVenda;"
"Preco|Valor|Total|Custo|Desconto|Comissao|Saldo|Receber|Pagar","PrimoAutoEletrica\Views\EditarProdutoWindow.xaml.cs","596","Impact = ""O registro ficara abaixo de zero ate que uma entrada ou ajuste regularize o saldo. Use apenas quando a operacao exigir override gerencial."","
"Preco|Valor|Total|Custo|Desconto|Comissao|Saldo|Receber|Pagar","PrimoAutoEletrica\Views\EditarProdutoWindow.xaml.cs","612","private static void SelecionarComboBoxPorTexto(ComboBox comboBox, string valor)"
"Preco|Valor|Total|Custo|Desconto|Comissao|Saldo|Receber|Pagar","PrimoAutoEletrica\Views\EditarProdutoWindow.xaml.cs","617","string.Equals(comboBoxItem.Content?.ToString(), valor, StringComparison.OrdinalIgnoreCase))"
"Preco|Valor|Total|Custo|Desconto|Comissao|Saldo|Receber|Pagar","PrimoAutoEletrica\Views\EditarProdutoWindow.xaml.cs","624","comboBox.Text = valor;"
"decimal","PrimoAutoEletrica\Views\EditarProdutoWindow.xaml.cs","638","private static bool TryParseDecimalOrZero(string? text, out decimal value)"
"decimal","PrimoAutoEletrica\Views\EditarProdutoWindow.xaml.cs","646","return decimal.TryParse(text, NumberStyles.Number, CultureInfo.CurrentCulture, out value)"
"decimal","PrimoAutoEletrica\Views\EditarProdutoWindow.xaml.cs","647","|| decimal.TryParse(text, NumberStyles.Number, CultureInfo.InvariantCulture, out value);"
"decimal","PrimoAutoEletrica\Views\EditarProdutoWindow.xaml.cs","650","private static decimal CalcularMargem(decimal precoCompra, decimal precoVenda)"
"Preco|Valor|Total|Custo|Desconto|Comissao|Saldo|Receber|Pagar","PrimoAutoEletrica\Views\EditarProdutoWindow.xaml.cs","650","private static decimal CalcularMargem(decimal precoCompra, decimal precoVenda)"
"Preco|Valor|Total|Custo|Desconto|Comissao|Saldo|Receber|Pagar","PrimoAutoEletrica\Views\EditarProdutoWindow.xaml.cs","652","if (precoVenda <= 0)"
"Preco|Valor|Total|Custo|Desconto|Comissao|Saldo|Receber|Pagar","PrimoAutoEletrica\Views\EditarProdutoWindow.xaml.cs","657","return ((precoVenda - precoCompra) / precoVenda) * 100m;"
"decimal","PrimoAutoEletrica\Views\EditarProdutoWindow.xaml.cs","671","public decimal PrecoCompra { get; set; }"
"Preco|Valor|Total|Custo|Desconto|Comissao|Saldo|Receber|Pagar","PrimoAutoEletrica\Views\EditarProdutoWindow.xaml.cs","671","public decimal PrecoCompra { get; set; }"
"decimal","PrimoAutoEletrica\Views\EditarProdutoWindow.xaml.cs","672","public decimal PrecoVenda { get; set; }"
"Preco|Valor|Total|Custo|Desconto|Comissao|Saldo|Receber|Pagar","PrimoAutoEletrica\Views\EditarProdutoWindow.xaml.cs","672","public decimal PrecoVenda { get; set; }"
"Preco|Valor|Total|Custo|Desconto|Comissao|Saldo|Receber|Pagar","PrimoAutoEletrica\Views\HistoricoClienteWindow.xaml.cs","62","Valor = servico.Valor,"
"Preco|Valor|Total|Custo|Desconto|Comissao|Saldo|Receber|Pagar","PrimoAutoEletrica\Views\HistoricoClienteWindow.xaml.cs","76","Total = orcamento.Total,"
"Preco|Valor|Total|Custo|Desconto|Comissao|Saldo|Receber|Pagar","PrimoAutoEletrica\Views\HistoricoClienteWindow.xaml.cs","92","Total = ordem.Itens.Sum(item => item.Total) - ordem.Desconto"
"Preco|Valor|Total|Custo|Desconto|Comissao|Saldo|Receber|Pagar","PrimoAutoEletrica\Views\HistoricoClienteWindow.xaml.cs","104","venda.Total"
"Preco|Valor|Total|Custo|Desconto|Comissao|Saldo|Receber|Pagar","PrimoAutoEletrica\Views\HistoricoClienteWindow.xaml.cs","115","? ""Conta a receber vinculada (ID)"""
"Preco|Valor|Total|Custo|Desconto|Comissao|Saldo|Receber|Pagar","PrimoAutoEletrica\Views\HistoricoClienteWindow.xaml.cs","117","pagamento.Valor,"
"Preco|Valor|Total|Custo|Desconto|Comissao|Saldo|Receber|Pagar","PrimoAutoEletrica\Views\HistoricoClienteWindow.xaml.cs","168","$""Receita total (OS+Vendas por ID): {snapshot.ReceitaTotal:C} · 12 meses: {snapshot.Receita12Meses:C}\n"" +"
"Preco|Valor|Total|Custo|Desconto|Comissao|Saldo|Receber|Pagar","PrimoAutoEletrica\Views\HistoricoClienteWindow.xaml.cs","170","$""Valor perdido (recusados): {snapshot.ValorPerdidoOrcamentos:C} · Última visita: {ultima} · Dias sem visita: {dias}\n"" +"
"Preco|Valor|Total|Custo|Desconto|Comissao|Saldo|Receber|Pagar","PrimoAutoEletrica\Views\HistoricoClienteWindow.xaml.cs","171","$""Total gasto (cadastro): {snapshot.TotalGastoCadastro:C} · Dívida vinculada OS/Orç (ID): {snapshot.DividaVinculadaPorId:C} ({snapshot.ContasReceberVinculadasPe"
"Preco|Valor|Total|Custo|Desconto|Comissao|Saldo|Receber|Pagar","PrimoAutoEletrica\Views\HistoricoClienteWindow.xaml.cs","174","$""Dívida total cliente: {snapshot.DividaTotalDisplay}. {snapshot.FonteDivida}"";"
"Preco|Valor|Total|Custo|Desconto|Comissao|Saldo|Receber|Pagar","PrimoAutoEletrica\Views\HistoricoClienteWindow.xaml.cs","298","Valor = conta.Valor,"
"Preco|Valor|Total|Custo|Desconto|Comissao|Saldo|Receber|Pagar","PrimoAutoEletrica\Views\HistoricoClienteWindow.xaml.cs","314","private static DateTime ParseData(string? valor, DateTime fallback)"
"Preco|Valor|Total|Custo|Desconto|Comissao|Saldo|Receber|Pagar","PrimoAutoEletrica\Views\HistoricoClienteWindow.xaml.cs","316","return ParseDataOpcional(valor) ?? fallback;"
"Preco|Valor|Total|Custo|Desconto|Comissao|Saldo|Receber|Pagar","PrimoAutoEletrica\Views\HistoricoClienteWindow.xaml.cs","319","private static DateTime? ParseDataOpcional(string? valor)"
"Preco|Valor|Total|Custo|Desconto|Comissao|Saldo|Receber|Pagar","PrimoAutoEletrica\Views\HistoricoClienteWindow.xaml.cs","321","if (string.IsNullOrWhiteSpace(valor))"
"Preco|Valor|Total|Custo|Desconto|Comissao|Saldo|Receber|Pagar","PrimoAutoEletrica\Views\HistoricoClienteWindow.xaml.cs","326","if (DateTime.TryParse(valor, CultureInfo.CurrentCulture, DateTimeStyles.AssumeLocal, out var data) ||"
"Preco|Valor|Total|Custo|Desconto|Comissao|Saldo|Receber|Pagar","PrimoAutoEletrica\Views\HistoricoClienteWindow.xaml.cs","327","DateTime.TryParse(valor, CultureInfo.InvariantCulture, DateTimeStyles.AssumeLocal, out data))"
"decimal","PrimoAutoEletrica\Views\HistoricoClienteWindow.xaml.cs","335","private static decimal ConverterDecimal(object? valor)"
"Preco|Valor|Total|Custo|Desconto|Comissao|Saldo|Receber|Pagar","PrimoAutoEletrica\Views\HistoricoClienteWindow.xaml.cs","335","private static decimal ConverterDecimal(object? valor)"
"decimal","PrimoAutoEletrica\Views\HistoricoClienteWindow.xaml.cs","337","if (valor is decimal decimalValue)"
"Preco|Valor|Total|Custo|Desconto|Comissao|Saldo|Receber|Pagar","PrimoAutoEletrica\Views\HistoricoClienteWindow.xaml.cs","337","if (valor is decimal decimalValue)"
"Preco|Valor|Total|Custo|Desconto|Comissao|Saldo|Receber|Pagar","PrimoAutoEletrica\Views\HistoricoClienteWindow.xaml.cs","342","return valor is IConvertible"
"Preco|Valor|Total|Custo|Desconto|Comissao|Saldo|Receber|Pagar","PrimoAutoEletrica\Views\HistoricoClienteWindow.xaml.cs","343","? Convert.ToDecimal(valor, CultureInfo.InvariantCulture)"
"decimal","PrimoAutoEletrica\Views\HistoricoClienteWindow.xaml.cs","653","public decimal Total { get; set; }"
"Preco|Valor|Total|Custo|Desconto|Comissao|Saldo|Receber|Pagar","PrimoAutoEletrica\Views\HistoricoClienteWindow.xaml.cs","653","public decimal Total { get; set; }"
"decimal","PrimoAutoEletrica\Views\HistoricoClienteWindow.xaml.cs","662","public decimal Total { get; set; }"
"Preco|Valor|Total|Custo|Desconto|Comissao|Saldo|Receber|Pagar","PrimoAutoEletrica\Views\HistoricoClienteWindow.xaml.cs","662","public decimal Total { get; set; }"
"Preco|Valor|Total|Custo|Desconto|Comissao|Saldo|Receber|Pagar","PrimoAutoEletrica\Views\ImportarCatalogoPecasWindow.xaml.cs","77","TotalLidosText.Text = _previewAtual.TotalItens.ToString();"
"Preco|Valor|Total|Custo|Desconto|Comissao|Saldo|Receber|Pagar","PrimoAutoEletrica\Views\ImportarCatalogoPecasWindow.xaml.cs","78","TotalValidosText.Text = _previewAtual.TotalValidos.ToString();"
"Preco|Valor|Total|Custo|Desconto|Comissao|Saldo|Receber|Pagar","PrimoAutoEletrica\Views\ImportarCatalogoPecasWindow.xaml.cs","79","TotalDuplicadosText.Text = _previewAtual.TotalDuplicadosProvaveis.ToString();"
"Preco|Valor|Total|Custo|Desconto|Comissao|Saldo|Receber|Pagar","PrimoAutoEletrica\Views\ImportarCatalogoPecasWindow.xaml.cs","80","TotalErrosText.Text = _previewAtual.TotalComErro.ToString();"
"Preco|Valor|Total|Custo|Desconto|Comissao|Saldo|Receber|Pagar","PrimoAutoEletrica\Views\ImportarCatalogoPecasWindow.xaml.cs","81","TotalIncompletosText.Text = _previewAtual.TotalIncompletos.ToString();"
"Preco|Valor|Total|Custo|Desconto|Comissao|Saldo|Receber|Pagar","PrimoAutoEletrica\Views\ImportarCatalogoPecasWindow.xaml.cs","82","TotalSemNomeRealText.Text = _previewAtual.TotalSemNomeReal.ToString();"
"Preco|Valor|Total|Custo|Desconto|Comissao|Saldo|Receber|Pagar","PrimoAutoEletrica\Views\ImportarCatalogoPecasWindow.xaml.cs","145","$""Importacao concluida.\n\nStatus: {ImportacaoConfirmada.Status}\nImportados: {ImportacaoConfirmada.TotalImportados}\nDuplicados: {ImportacaoConfirmada.TotalDup"
"Preco|Valor|Total|Custo|Desconto|Comissao|Saldo|Receber|Pagar","PrimoAutoEletrica\Views\ImportarNotaWindow.xaml.cs","102","AdicionarLog($""Valor total: {_notaAtual.ValorTotal:C}."");"
"Preco|Valor|Total|Custo|Desconto|Comissao|Saldo|Receber|Pagar","PrimoAutoEletrica\Views\ImportarNotaWindow.xaml.cs","120","ChaveAcessoText.Text = $""Chave: {ValorOuPadrao(nota.ChaveAcesso)}"";"
"Preco|Valor|Total|Custo|Desconto|Comissao|Saldo|Receber|Pagar","PrimoAutoEletrica\Views\ImportarNotaWindow.xaml.cs","122","NumeroNotaText.Text = $""Numero/Série: {ValorOuPadrao(nota.Numero)}/{ValorOuPadrao(nota.Serie)}"";"
"Preco|Valor|Total|Custo|Desconto|Comissao|Saldo|Receber|Pagar","PrimoAutoEletrica\Views\ImportarNotaWindow.xaml.cs","123","ValorTotalText.Text = nota.ValorTotal.ToString(""C"");"
"Preco|Valor|Total|Custo|Desconto|Comissao|Saldo|Receber|Pagar","PrimoAutoEletrica\Views\ImportarNotaWindow.xaml.cs","152","TotalProdutosText.Text = _notaAtual.Produtos.Count.ToString(CultureInfo.InvariantCulture);"
"Preco|Valor|Total|Custo|Desconto|Comissao|Saldo|Receber|Pagar","PrimoAutoEletrica\Views\ImportarNotaWindow.xaml.cs","205","if (produto.PrecoVendaSugerido <= 0)"
"Preco|Valor|Total|Custo|Desconto|Comissao|Saldo|Receber|Pagar","PrimoAutoEletrica\Views\ImportarNotaWindow.xaml.cs","208","produto.MotivoIgnorado = ""Defina um preco de venda valido."";"
"Preco|Valor|Total|Custo|Desconto|Comissao|Saldo|Receber|Pagar","PrimoAutoEletrica\Views\ImportarNotaWindow.xaml.cs","233","if (produto.ValorUnitario <= 0)"
"Preco|Valor|Total|Custo|Desconto|Comissao|Saldo|Receber|Pagar","PrimoAutoEletrica\Views\ImportarNotaWindow.xaml.cs","235","return ""Valor unitario invalido."";"
"Preco|Valor|Total|Custo|Desconto|Comissao|Saldo|Receber|Pagar","PrimoAutoEletrica\Views\ImportarNotaWindow.xaml.cs","338","$""Fornecedor: {_notaAtual.Fornecedor.Nome}\nProdutos: {_notaAtual.Produtos.Count}\nValor total: {_notaAtual.ValorTotal:C}"","
"Preco|Valor|Total|Custo|Desconto|Comissao|Saldo|Receber|Pagar","PrimoAutoEletrica\Views\ImportarNotaWindow.xaml.cs","415","if (produto.MargemAplicada <= 0)"
"Preco|Valor|Total|Custo|Desconto|Comissao|Saldo|Receber|Pagar","PrimoAutoEletrica\Views\ImportarNotaWindow.xaml.cs","417","produto.MargemAplicada = 200m;"
"Preco|Valor|Total|Custo|Desconto|Comissao|Saldo|Receber|Pagar","PrimoAutoEletrica\Views\ImportarNotaWindow.xaml.cs","513","$""Nota {ValorOuPadrao(nota.Numero)} / Serie {ValorOuPadrao(nota.Serie)}\n"" +"
"Preco|Valor|Total|Custo|Desconto|Comissao|Saldo|Receber|Pagar","PrimoAutoEletrica\Views\ImportarNotaWindow.xaml.cs","514","$""Fornecedor: {ValorOuPadrao(nota.Fornecedor.Nome)}\n"" +"
"Preco|Valor|Total|Custo|Desconto|Comissao|Saldo|Receber|Pagar","PrimoAutoEletrica\Views\ImportarNotaWindow.xaml.cs","516","$""Valor: {nota.ValorTotal:C}\n"" +"
"Preco|Valor|Total|Custo|Desconto|Comissao|Saldo|Receber|Pagar","PrimoAutoEletrica\Views\ImportarNotaWindow.xaml.cs","622","if (e.PropertyName == nameof(ProdutoImportado.MargemAplicada))"
"Preco|Valor|Total|Custo|Desconto|Comissao|Saldo|Receber|Pagar","PrimoAutoEletrica\Views\ImportarNotaWindow.xaml.cs","637","private static string ValorOuPadrao(string? valor)"
"Preco|Valor|Total|Custo|Desconto|Comissao|Saldo|Receber|Pagar","PrimoAutoEletrica\Views\ImportarNotaWindow.xaml.cs","639","return string.IsNullOrWhiteSpace(valor) ? ""-"" : valor.Trim();"
"Preco|Valor|Total|Custo|Desconto|Comissao|Saldo|Receber|Pagar","PrimoAutoEletrica\Views\LembretesRevisaoWindow.cs","117","$""Total na vista: {itens.Count} · Pendentes vencidos/hoje: {vencidos.Count} · "" +"
"decimal","PrimoAutoEletrica\Views\NovoFornecedorWindow.xaml.cs","105","private bool ValidarCampos(out decimal pedidoMinimo, out int nota, out int prazoMedioPagamento, out int prazoMedioEntrega)"
"decimal","PrimoAutoEletrica\Views\NovoFornecedorWindow.xaml.cs","165","!decimal.TryParse(PedidoMinimoTextBox.Text, out pedidoMinimo))"
"Preco|Valor|Total|Custo|Desconto|Comissao|Saldo|Receber|Pagar","PrimoAutoEletrica\Views\NovoFornecedorWindow.xaml.cs","167","return ExibirErroValidacao(""Informe um pedido minimo valido."", PedidoMinimoTextBox, ""Valor invalido"");"
"Preco|Valor|Total|Custo|Desconto|Comissao|Saldo|Receber|Pagar","PrimoAutoEletrica\Views\NovoFornecedorWindow.xaml.cs","173","return ExibirErroValidacao(erroPedidoMinimo, PedidoMinimoTextBox, ""Valor invalido"");"
"Preco|Valor|Total|Custo|Desconto|Comissao|Saldo|Receber|Pagar","PrimoAutoEletrica\Views\NovoFornecedorWindow.xaml.cs","179","return ExibirErroValidacao(""Informe um prazo medio de entrega valido em dias."", PrazoMedioEntregaTextBox, ""Valor invalido"");"
"Preco|Valor|Total|Custo|Desconto|Comissao|Saldo|Receber|Pagar","PrimoAutoEletrica\Views\NovoFornecedorWindow.xaml.cs","185","return ExibirErroValidacao(""Informe um prazo medio de pagamento valido em dias."", PrazoMedioPagamentoTextBox, ""Valor invalido"");"
"decimal","PrimoAutoEletrica\Views\NovoFuncionarioWindow.xaml.cs","123","Salario = decimal.TryParse(SalarioTextBox.Text, out var salario) ? salario : 0,"
"decimal","PrimoAutoEletrica\Views\NovoFuncionarioWindow.xaml.cs","226","if (!decimal.TryParse(SalarioTextBox.Text, out var salario) || salario <= 0)"
"Preco|Valor|Total|Custo|Desconto|Comissao|Saldo|Receber|Pagar","PrimoAutoEletrica\Views\NovoOrcamentoWindow.xaml.cs","45","DescontoTipoComboBox.SelectedIndex = 0;"
"Preco|Valor|Total|Custo|Desconto|Comissao|Saldo|Receber|Pagar","PrimoAutoEletrica\Views\NovoOrcamentoWindow.xaml.cs","46","DescontoTextBox.Text = string.Empty;"
"Preco|Valor|Total|Custo|Desconto|Comissao|Saldo|Receber|Pagar","PrimoAutoEletrica\Views\NovoOrcamentoWindow.xaml.cs","178","SelecionarTipoDesconto(_viewModel.OrcamentoAtual.DescontoTipo);"
"Preco|Valor|Total|Custo|Desconto|Comissao|Saldo|Receber|Pagar","PrimoAutoEletrica\Views\NovoOrcamentoWindow.xaml.cs","179","DescontoTextBox.Text = _viewModel.OrcamentoAtual.Desconto > 0"
"Preco|Valor|Total|Custo|Desconto|Comissao|Saldo|Receber|Pagar","PrimoAutoEletrica\Views\NovoOrcamentoWindow.xaml.cs","180","? (string.Equals(_viewModel.OrcamentoAtual.DescontoTipo, ""Percentual"", StringComparison.OrdinalIgnoreCase)"
"Preco|Valor|Total|Custo|Desconto|Comissao|Saldo|Receber|Pagar","PrimoAutoEletrica\Views\NovoOrcamentoWindow.xaml.cs","181","? _viewModel.OrcamentoAtual.DescontoPercentual.ToString(""F2"")"
"Preco|Valor|Total|Custo|Desconto|Comissao|Saldo|Receber|Pagar","PrimoAutoEletrica\Views\NovoOrcamentoWindow.xaml.cs","182",": _viewModel.OrcamentoAtual.Desconto.ToString(""F2""))"
"Preco|Valor|Total|Custo|Desconto|Comissao|Saldo|Receber|Pagar","PrimoAutoEletrica\Views\NovoOrcamentoWindow.xaml.cs","237","if (DescontoTipoComboBox.SelectedItem is ComboBoxItem item &&"
"Preco|Valor|Total|Custo|Desconto|Comissao|Saldo|Receber|Pagar","PrimoAutoEletrica\Views\NovoOrcamentoWindow.xaml.cs","243","return ""Valor"";"
"Preco|Valor|Total|Custo|Desconto|Comissao|Saldo|Receber|Pagar","PrimoAutoEletrica\Views\NovoOrcamentoWindow.xaml.cs","248","foreach (ComboBoxItem item in DescontoTipoComboBox.Items)"
"Preco|Valor|Total|Custo|Desconto|Comissao|Saldo|Receber|Pagar","PrimoAutoEletrica\Views\NovoOrcamentoWindow.xaml.cs","252","DescontoTipoComboBox.SelectedItem = item;"
"Preco|Valor|Total|Custo|Desconto|Comissao|Saldo|Receber|Pagar","PrimoAutoEletrica\Views\NovoOrcamentoWindow.xaml.cs","257","DescontoTipoComboBox.SelectedIndex = 0;"
"Preco|Valor|Total|Custo|Desconto|Comissao|Saldo|Receber|Pagar","PrimoAutoEletrica\Views\NovoOrcamentoWindow.xaml.cs","262","var valorBruto = item.Quantidade * item.PrecoUnitario;"
"Preco|Valor|Total|Custo|Desconto|Comissao|Saldo|Receber|Pagar","PrimoAutoEletrica\Views\NovoOrcamentoWindow.xaml.cs","263","item.Subtotal = Math.Max(0m, valorBruto - item.Desconto);"
"Preco|Valor|Total|Custo|Desconto|Comissao|Saldo|Receber|Pagar","PrimoAutoEletrica\Views\NovoOrcamentoWindow.xaml.cs","265","var custoTotal = item.Quantidade * item.PrecoCusto;"
"Preco|Valor|Total|Custo|Desconto|Comissao|Saldo|Receber|Pagar","PrimoAutoEletrica\Views\NovoOrcamentoWindow.xaml.cs","266","item.LucroEstimado = item.Subtotal - custoTotal;"
"Preco|Valor|Total|Custo|Desconto|Comissao|Saldo|Receber|Pagar","PrimoAutoEletrica\Views\NovoOrcamentoWindow.xaml.cs","267","item.MargemLucro = item.Subtotal > 0"
"Preco|Valor|Total|Custo|Desconto|Comissao|Saldo|Receber|Pagar","PrimoAutoEletrica\Views\NovoOrcamentoWindow.xaml.cs","268","? (item.LucroEstimado / item.Subtotal) * 100m"
"Preco|Valor|Total|Custo|Desconto|Comissao|Saldo|Receber|Pagar","PrimoAutoEletrica\Views\NovoOrcamentoWindow.xaml.cs","319","PrecoUnitario = produto.PrecoVenda,"
"Preco|Valor|Total|Custo|Desconto|Comissao|Saldo|Receber|Pagar","PrimoAutoEletrica\Views\NovoOrcamentoWindow.xaml.cs","320","PrecoCusto = produto.PrecoCompra,"
"Preco|Valor|Total|Custo|Desconto|Comissao|Saldo|Receber|Pagar","PrimoAutoEletrica\Views\NovoOrcamentoWindow.xaml.cs","321","Desconto = 0,"
"Preco|Valor|Total|Custo|Desconto|Comissao|Saldo|Receber|Pagar","PrimoAutoEletrica\Views\NovoOrcamentoWindow.xaml.cs","348","PrecoUnitario = 0m,"
"Preco|Valor|Total|Custo|Desconto|Comissao|Saldo|Receber|Pagar","PrimoAutoEletrica\Views\NovoOrcamentoWindow.xaml.cs","349","PrecoCusto = 0m,"
"Preco|Valor|Total|Custo|Desconto|Comissao|Saldo|Receber|Pagar","PrimoAutoEletrica\Views\NovoOrcamentoWindow.xaml.cs","350","Desconto = 0m,"
"Preco|Valor|Total|Custo|Desconto|Comissao|Saldo|Receber|Pagar","PrimoAutoEletrica\Views\NovoOrcamentoWindow.xaml.cs","378","var subtotal = _itensCarrinho.Sum(i => i.Subtotal);"
"Preco|Valor|Total|Custo|Desconto|Comissao|Saldo|Receber|Pagar","PrimoAutoEletrica\Views\NovoOrcamentoWindow.xaml.cs","379","var descontoInformado = TryObterDecimalOpcional(DescontoTextBox.Text, out var descontoGeral) ? descontoGeral : 0m;"
"Preco|Valor|Total|Custo|Desconto|Comissao|Saldo|Receber|Pagar","PrimoAutoEletrica\Views\NovoOrcamentoWindow.xaml.cs","381","var desconto = string.Equals(tipoDesconto, ""Percentual"", StringComparison.OrdinalIgnoreCase)"
"Preco|Valor|Total|Custo|Desconto|Comissao|Saldo|Receber|Pagar","PrimoAutoEletrica\Views\NovoOrcamentoWindow.xaml.cs","382","? subtotal * Math.Min(100m, Math.Max(0m, descontoInformado)) / 100m"
"Preco|Valor|Total|Custo|Desconto|Comissao|Saldo|Receber|Pagar","PrimoAutoEletrica\Views\NovoOrcamentoWindow.xaml.cs","383",": descontoInformado;"
"Preco|Valor|Total|Custo|Desconto|Comissao|Saldo|Receber|Pagar","PrimoAutoEletrica\Views\NovoOrcamentoWindow.xaml.cs","385","var total = Math.Max(0m, subtotal - desconto + acrescimo);"
"Preco|Valor|Total|Custo|Desconto|Comissao|Saldo|Receber|Pagar","PrimoAutoEletrica\Views\NovoOrcamentoWindow.xaml.cs","386","var lucroEstimado = _itensCarrinho.Sum(i => i.LucroEstimado);"
"Preco|Valor|Total|Custo|Desconto|Comissao|Saldo|Receber|Pagar","PrimoAutoEletrica\Views\NovoOrcamentoWindow.xaml.cs","387","var margemLucro = total > 0 ? (lucroEstimado / total) * 100m : 0m;"
"Preco|Valor|Total|Custo|Desconto|Comissao|Saldo|Receber|Pagar","PrimoAutoEletrica\Views\NovoOrcamentoWindow.xaml.cs","388","var comissao = total * 0.05m;"
"Preco|Valor|Total|Custo|Desconto|Comissao|Saldo|Receber|Pagar","PrimoAutoEletrica\Views\NovoOrcamentoWindow.xaml.cs","390","SubtotalTextBlock.Text = subtotal.ToString(""C"");"
"Preco|Valor|Total|Custo|Desconto|Comissao|Saldo|Receber|Pagar","PrimoAutoEletrica\Views\NovoOrcamentoWindow.xaml.cs","391","TotalTextBlock.Text = total.ToString(""C"");"
"Preco|Valor|Total|Custo|Desconto|Comissao|Saldo|Receber|Pagar","PrimoAutoEletrica\Views\NovoOrcamentoWindow.xaml.cs","392","MargemLucroTextBlock.Text = margemLucro.ToString(""F2"") + ""%"";"
"Preco|Valor|Total|Custo|Desconto|Comissao|Saldo|Receber|Pagar","PrimoAutoEletrica\Views\NovoOrcamentoWindow.xaml.cs","393","LucroEstimadoTextBlock.Text = lucroEstimado.ToString(""C"");"
"Preco|Valor|Total|Custo|Desconto|Comissao|Saldo|Receber|Pagar","PrimoAutoEletrica\Views\NovoOrcamentoWindow.xaml.cs","394","ComissaoTextBlock.Text = comissao.ToString(""C"");"
"Preco|Valor|Total|Custo|Desconto|Comissao|Saldo|Receber|Pagar","PrimoAutoEletrica\Views\NovoOrcamentoWindow.xaml.cs","396","_viewModel.Subtotal = subtotal;"
"Preco|Valor|Total|Custo|Desconto|Comissao|Saldo|Receber|Pagar","PrimoAutoEletrica\Views\NovoOrcamentoWindow.xaml.cs","397","_viewModel.Desconto = desconto;"
"Preco|Valor|Total|Custo|Desconto|Comissao|Saldo|Receber|Pagar","PrimoAutoEletrica\Views\NovoOrcamentoWindow.xaml.cs","398","_viewModel.OrcamentoAtual!.DescontoTipo = tipoDesconto;"
"Preco|Valor|Total|Custo|Desconto|Comissao|Saldo|Receber|Pagar","PrimoAutoEletrica\Views\NovoOrcamentoWindow.xaml.cs","399","_viewModel.OrcamentoAtual.DescontoPercentual = string.Equals(tipoDesconto, ""Percentual"", StringComparison.OrdinalIgnoreCase)"
"Preco|Valor|Total|Custo|Desconto|Comissao|Saldo|Receber|Pagar","PrimoAutoEletrica\Views\NovoOrcamentoWindow.xaml.cs","400","? Math.Min(100m, Math.Max(0m, descontoInformado))"
"Preco|Valor|Total|Custo|Desconto|Comissao|Saldo|Receber|Pagar","PrimoAutoEletrica\Views\NovoOrcamentoWindow.xaml.cs","403","_viewModel.Total = total;"
"Preco|Valor|Total|Custo|Desconto|Comissao|Saldo|Receber|Pagar","PrimoAutoEletrica\Views\NovoOrcamentoWindow.xaml.cs","404","_viewModel.LucroEstimado = lucroEstimado;"
"Preco|Valor|Total|Custo|Desconto|Comissao|Saldo|Receber|Pagar","PrimoAutoEletrica\Views\NovoOrcamentoWindow.xaml.cs","405","_viewModel.MargemLucro = margemLucro;"
"Preco|Valor|Total|Custo|Desconto|Comissao|Saldo|Receber|Pagar","PrimoAutoEletrica\Views\NovoOrcamentoWindow.xaml.cs","408","private void Desconto_TextChanged(object sender, TextChangedEventArgs e)"
"Preco|Valor|Total|Custo|Desconto|Comissao|Saldo|Receber|Pagar","PrimoAutoEletrica\Views\NovoOrcamentoWindow.xaml.cs","413","private void DescontoTipo_SelectionChanged(object sender, SelectionChangedEventArgs e)"
"Preco|Valor|Total|Custo|Desconto|Comissao|Saldo|Receber|Pagar","PrimoAutoEletrica\Views\NovoOrcamentoWindow.xaml.cs","491","if (!TryObterDecimalOpcional(DescontoTextBox.Text, out var desconto) || desconto < 0)"
"Preco|Valor|Total|Custo|Desconto|Comissao|Saldo|Receber|Pagar","PrimoAutoEletrica\Views\NovoOrcamentoWindow.xaml.cs","493","MessageBox.Show(""Informe um desconto valido."", UiText.T(""Validation""), MessageBoxButton.OK, MessageBoxImage.Warning);"
"Preco|Valor|Total|Custo|Desconto|Comissao|Saldo|Receber|Pagar","PrimoAutoEletrica\Views\NovoOrcamentoWindow.xaml.cs","494","DescontoTextBox.Focus();"
"Preco|Valor|Total|Custo|Desconto|Comissao|Saldo|Receber|Pagar","PrimoAutoEletrica\Views\NovoOrcamentoWindow.xaml.cs","498","if (string.Equals(ObterTipoDescontoSelecionado(), ""Percentual"", StringComparison.OrdinalIgnoreCase) && desconto > 100m)"
"Preco|Valor|Total|Custo|Desconto|Comissao|Saldo|Receber|Pagar","PrimoAutoEletrica\Views\NovoOrcamentoWindow.xaml.cs","500","MessageBox.Show(""O desconto percentual nao pode ultrapassar 100%."", UiText.T(""Validation""), MessageBoxButton.OK, MessageBoxImage.Warning);"
"Preco|Valor|Total|Custo|Desconto|Comissao|Saldo|Receber|Pagar","PrimoAutoEletrica\Views\NovoOrcamentoWindow.xaml.cs","501","DescontoTextBox.Focus();"
"Preco|Valor|Total|Custo|Desconto|Comissao|Saldo|Receber|Pagar","PrimoAutoEletrica\Views\NovoOrcamentoWindow.xaml.cs","556","_viewModel.OrcamentoAtual.Subtotal = _viewModel.Subtotal;"
"Preco|Valor|Total|Custo|Desconto|Comissao|Saldo|Receber|Pagar","PrimoAutoEletrica\Views\NovoOrcamentoWindow.xaml.cs","557","_viewModel.OrcamentoAtual.Desconto = _viewModel.Desconto;"
"Preco|Valor|Total|Custo|Desconto|Comissao|Saldo|Receber|Pagar","PrimoAutoEletrica\Views\NovoOrcamentoWindow.xaml.cs","558","_viewModel.OrcamentoAtual.DescontoTipo = ObterTipoDescontoSelecionado();"
"Preco|Valor|Total|Custo|Desconto|Comissao|Saldo|Receber|Pagar","PrimoAutoEletrica\Views\NovoOrcamentoWindow.xaml.cs","559","_viewModel.OrcamentoAtual.DescontoPercentual = string.Equals(_viewModel.OrcamentoAtual.DescontoTipo, ""Percentual"", StringComparison.OrdinalIgnoreCase) &&"
"Preco|Valor|Total|Custo|Desconto|Comissao|Saldo|Receber|Pagar","PrimoAutoEletrica\Views\NovoOrcamentoWindow.xaml.cs","560","TryObterDecimalOpcional(DescontoTextBox.Text, out var descontoPercentual)"
"Preco|Valor|Total|Custo|Desconto|Comissao|Saldo|Receber|Pagar","PrimoAutoEletrica\Views\NovoOrcamentoWindow.xaml.cs","561","? Math.Min(100m, Math.Max(0m, descontoPercentual))"
"Preco|Valor|Total|Custo|Desconto|Comissao|Saldo|Receber|Pagar","PrimoAutoEletrica\Views\NovoOrcamentoWindow.xaml.cs","564","_viewModel.OrcamentoAtual.Total = _viewModel.Total;"
"Preco|Valor|Total|Custo|Desconto|Comissao|Saldo|Receber|Pagar","PrimoAutoEletrica\Views\NovoOrcamentoWindow.xaml.cs","565","_viewModel.OrcamentoAtual.MargemLucro = _viewModel.MargemLucro;"
"Preco|Valor|Total|Custo|Desconto|Comissao|Saldo|Receber|Pagar","PrimoAutoEletrica\Views\NovoOrcamentoWindow.xaml.cs","566","_viewModel.OrcamentoAtual.LucroEstimado = _viewModel.LucroEstimado;"
"Preco|Valor|Total|Custo|Desconto|Comissao|Saldo|Receber|Pagar","PrimoAutoEletrica\Views\NovoOrcamentoWindow.xaml.cs","567","_viewModel.OrcamentoAtual.ComissaoVendedor = _viewModel.Total * 0.05m;"
"Preco|Valor|Total|Custo|Desconto|Comissao|Saldo|Receber|Pagar","PrimoAutoEletrica\Views\NovoOrcamentoWindow.xaml.cs","568","_viewModel.OrcamentoAtual.ImpostosEstimados = _viewModel.Total * 0.18m;"
"Preco|Valor|Total|Custo|Desconto|Comissao|Saldo|Receber|Pagar","PrimoAutoEletrica\Views\NovoOrcamentoWindow.xaml.cs","737","_viewModel.OrcamentoAtual.Subtotal = _viewModel.Subtotal;"
"Preco|Valor|Total|Custo|Desconto|Comissao|Saldo|Receber|Pagar","PrimoAutoEletrica\Views\NovoOrcamentoWindow.xaml.cs","738","_viewModel.OrcamentoAtual.Desconto = _viewModel.Desconto;"
"Preco|Valor|Total|Custo|Desconto|Comissao|Saldo|Receber|Pagar","PrimoAutoEletrica\Views\NovoOrcamentoWindow.xaml.cs","739","_viewModel.OrcamentoAtual.DescontoTipo = ObterTipoDescontoSelecionado();"
"Preco|Valor|Total|Custo|Desconto|Comissao|Saldo|Receber|Pagar","PrimoAutoEletrica\Views\NovoOrcamentoWindow.xaml.cs","741","_viewModel.OrcamentoAtual.Total = _viewModel.Total;"
"Preco|Valor|Total|Custo|Desconto|Comissao|Saldo|Receber|Pagar","PrimoAutoEletrica\Views\NovoOrcamentoWindow.xaml.cs","742","_viewModel.OrcamentoAtual.MargemLucro = _viewModel.MargemLucro;"
"Preco|Valor|Total|Custo|Desconto|Comissao|Saldo|Receber|Pagar","PrimoAutoEletrica\Views\NovoOrcamentoWindow.xaml.cs","743","_viewModel.OrcamentoAtual.LucroEstimado = _viewModel.LucroEstimado;"
"decimal","PrimoAutoEletrica\Views\NovoOrcamentoWindow.xaml.cs","745","private static bool TryObterDecimalOpcional(string? valorTexto, out decimal valor)"
"Preco|Valor|Total|Custo|Desconto|Comissao|Saldo|Receber|Pagar","PrimoAutoEletrica\Views\NovoOrcamentoWindow.xaml.cs","745","private static bool TryObterDecimalOpcional(string? valorTexto, out decimal valor)"
"Preco|Valor|Total|Custo|Desconto|Comissao|Saldo|Receber|Pagar","PrimoAutoEletrica\Views\NovoOrcamentoWindow.xaml.cs","747","if (string.IsNullOrWhiteSpace(valorTexto))"
"Preco|Valor|Total|Custo|Desconto|Comissao|Saldo|Receber|Pagar","PrimoAutoEletrica\Views\NovoOrcamentoWindow.xaml.cs","749","valor = 0m;"
"decimal","PrimoAutoEletrica\Views\NovoOrcamentoWindow.xaml.cs","753","return decimal.TryParse(valorTexto.Trim(), out valor);"
"Preco|Valor|Total|Custo|Desconto|Comissao|Saldo|Receber|Pagar","PrimoAutoEletrica\Views\NovoOrcamentoWindow.xaml.cs","753","return decimal.TryParse(valorTexto.Trim(), out valor);"
"Preco|Valor|Total|Custo|Desconto|Comissao|Saldo|Receber|Pagar","PrimoAutoEletrica\Views\NovoOrcamentoWindow.xaml.cs","841","dataGrid.Columns.Add(new DataGridTextColumn { Header = ""Preco"", Binding = new System.Windows.Data.Binding(""PrecoVenda"") { StringFormat = ""C"" }, Width = 110 });"
"Preco|Valor|Total|Custo|Desconto|Comissao|Saldo|Receber|Pagar","PrimoAutoEletrica\Views\NovoOrcamentoWindow.xaml.cs","991","var precoInfo = new TextBlock"
"Preco|Valor|Total|Custo|Desconto|Comissao|Saldo|Receber|Pagar","PrimoAutoEletrica\Views\NovoOrcamentoWindow.xaml.cs","993","Text = $""Preco: {produto.PrecoVenda:C} | Estoque: {produto.QuantidadeEstoque}"","
"Preco|Valor|Total|Custo|Desconto|Comissao|Saldo|Receber|Pagar","PrimoAutoEletrica\Views\NovoOrcamentoWindow.xaml.cs","1094","grid.Children.Add(precoInfo);"
"Preco|Valor|Total|Custo|Desconto|Comissao|Saldo|Receber|Pagar","PrimoAutoEletrica\Views\NovoOrcamentoWindow.xaml.cs","1095","Grid.SetRow(precoInfo, 2);"
"Preco|Valor|Total|Custo|Desconto|Comissao|Saldo|Receber|Pagar","PrimoAutoEletrica\Views\NovoProdutoWindow.xaml.cs","38","PrecoCompraTextBox.Text = ""0"";"
"Preco|Valor|Total|Custo|Desconto|Comissao|Saldo|Receber|Pagar","PrimoAutoEletrica\Views\NovoProdutoWindow.xaml.cs","39","PrecoVendaTextBox.Text = ""0"";"
"Preco|Valor|Total|Custo|Desconto|Comissao|Saldo|Receber|Pagar","PrimoAutoEletrica\Views\NovoProdutoWindow.xaml.cs","270","PrecoCompra = formValues.PrecoCompra,"
"Preco|Valor|Total|Custo|Desconto|Comissao|Saldo|Receber|Pagar","PrimoAutoEletrica\Views\NovoProdutoWindow.xaml.cs","271","PrecoVenda = formValues.PrecoVenda,"
"Preco|Valor|Total|Custo|Desconto|Comissao|Saldo|Receber|Pagar","PrimoAutoEletrica\Views\NovoProdutoWindow.xaml.cs","272","MargemLucro = CalcularMargem(formValues.PrecoCompra, formValues.PrecoVenda),"
"Preco|Valor|Total|Custo|Desconto|Comissao|Saldo|Receber|Pagar","PrimoAutoEletrica\Views\NovoProdutoWindow.xaml.cs","273","ValorTotalEstoque = formValues.Quantidade * formValues.PrecoCompra,"
"Preco|Valor|Total|Custo|Desconto|Comissao|Saldo|Receber|Pagar","PrimoAutoEletrica\Views\NovoProdutoWindow.xaml.cs","380","var precoCompra = TryParseDecimalOrZero(PrecoCompraTextBox.Text, out var pc) ? pc : 0m;"
"Preco|Valor|Total|Custo|Desconto|Comissao|Saldo|Receber|Pagar","PrimoAutoEletrica\Views\NovoProdutoWindow.xaml.cs","381","var precoVenda = TryParseDecimalOrZero(PrecoVendaTextBox.Text, out var pv) ? pv : 0m;"
"Preco|Valor|Total|Custo|Desconto|Comissao|Saldo|Receber|Pagar","PrimoAutoEletrica\Views\NovoProdutoWindow.xaml.cs","382","var margem = CalcularMargem(precoCompra, precoVenda);"
"Preco|Valor|Total|Custo|Desconto|Comissao|Saldo|Receber|Pagar","PrimoAutoEletrica\Views\NovoProdutoWindow.xaml.cs","384","MargemLucroTextBlock.Text = $""{margem:N2}%"";"
"Preco|Valor|Total|Custo|Desconto|Comissao|Saldo|Receber|Pagar","PrimoAutoEletrica\Views\NovoProdutoWindow.xaml.cs","385","ValorTotalEstoqueTextBlock.Text = (quantidade * precoCompra).ToString(""C2"");"
"Preco|Valor|Total|Custo|Desconto|Comissao|Saldo|Receber|Pagar","PrimoAutoEletrica\Views\NovoProdutoWindow.xaml.cs","390","if (margem < 0)"
"Preco|Valor|Total|Custo|Desconto|Comissao|Saldo|Receber|Pagar","PrimoAutoEletrica\Views\NovoProdutoWindow.xaml.cs","392","MargemLucroTextBlock.Foreground = (Brush)FindResource(""DangerBrush"");"
"Preco|Valor|Total|Custo|Desconto|Comissao|Saldo|Receber|Pagar","PrimoAutoEletrica\Views\NovoProdutoWindow.xaml.cs","394","else if (margem < 15)"
"Preco|Valor|Total|Custo|Desconto|Comissao|Saldo|Receber|Pagar","PrimoAutoEletrica\Views\NovoProdutoWindow.xaml.cs","396","MargemLucroTextBlock.Foreground = (Brush)FindResource(""WarningBrush"");"
"Preco|Valor|Total|Custo|Desconto|Comissao|Saldo|Receber|Pagar","PrimoAutoEletrica\Views\NovoProdutoWindow.xaml.cs","400","MargemLucroTextBlock.Foreground = (Brush)FindResource(""SuccessBrush"");"
"Preco|Valor|Total|Custo|Desconto|Comissao|Saldo|Receber|Pagar","PrimoAutoEletrica\Views\NovoProdutoWindow.xaml.cs","409","var precoCompra = TryParseDecimalOrZero(PrecoCompraTextBox.Text, out var compra) ? compra : 0m;"
"Preco|Valor|Total|Custo|Desconto|Comissao|Saldo|Receber|Pagar","PrimoAutoEletrica\Views\NovoProdutoWindow.xaml.cs","410","var precoVenda = TryParseDecimalOrZero(PrecoVendaTextBox.Text, out var venda) ? venda : 0m;"
"Preco|Valor|Total|Custo|Desconto|Comissao|Saldo|Receber|Pagar","PrimoAutoEletrica\Views\NovoProdutoWindow.xaml.cs","411","var margem = CalcularMargem(compra, venda);"
"Preco|Valor|Total|Custo|Desconto|Comissao|Saldo|Receber|Pagar","PrimoAutoEletrica\Views\NovoProdutoWindow.xaml.cs","413","if (precoVenda > 0 && precoVenda < precoCompra)"
"Preco|Valor|Total|Custo|Desconto|Comissao|Saldo|Receber|Pagar","PrimoAutoEletrica\Views\NovoProdutoWindow.xaml.cs","415","alertas.Add(""Preco de venda abaixo do preco de compra."");"
"Preco|Valor|Total|Custo|Desconto|Comissao|Saldo|Receber|Pagar","PrimoAutoEletrica\Views\NovoProdutoWindow.xaml.cs","423","if (margem < 0)"
"Preco|Valor|Total|Custo|Desconto|Comissao|Saldo|Receber|Pagar","PrimoAutoEletrica\Views\NovoProdutoWindow.xaml.cs","425","alertas.Add(""Margem negativa detectada para o produto."");"
"Preco|Valor|Total|Custo|Desconto|Comissao|Saldo|Receber|Pagar","PrimoAutoEletrica\Views\NovoProdutoWindow.xaml.cs","443","var precoCompra = 0m;"
"Preco|Valor|Total|Custo|Desconto|Comissao|Saldo|Receber|Pagar","PrimoAutoEletrica\Views\NovoProdutoWindow.xaml.cs","444","var precoVenda = 0m;"
"Preco|Valor|Total|Custo|Desconto|Comissao|Saldo|Receber|Pagar","PrimoAutoEletrica\Views\NovoProdutoWindow.xaml.cs","477","if (!TryParseDecimalOrZero(PrecoCompraTextBox.Text, out precoCompra) || precoCompra < 0)"
"Preco|Valor|Total|Custo|Desconto|Comissao|Saldo|Receber|Pagar","PrimoAutoEletrica\Views\NovoProdutoWindow.xaml.cs","479","return ExibirErroValidacao(""Informe um preco de compra valido."", PrecoCompraTextBox, out values);"
"Preco|Valor|Total|Custo|Desconto|Comissao|Saldo|Receber|Pagar","PrimoAutoEletrica\Views\NovoProdutoWindow.xaml.cs","482","if (!TryParseDecimalOrZero(PrecoVendaTextBox.Text, out precoVenda) || precoVenda < 0)"
"Preco|Valor|Total|Custo|Desconto|Comissao|Saldo|Receber|Pagar","PrimoAutoEletrica\Views\NovoProdutoWindow.xaml.cs","484","return ExibirErroValidacao(""Informe um preco de venda valido."", PrecoVendaTextBox, out values);"
"Preco|Valor|Total|Custo|Desconto|Comissao|Saldo|Receber|Pagar","PrimoAutoEletrica\Views\NovoProdutoWindow.xaml.cs","505","PrecoCompra = precoCompra,"
"Preco|Valor|Total|Custo|Desconto|Comissao|Saldo|Receber|Pagar","PrimoAutoEletrica\Views\NovoProdutoWindow.xaml.cs","506","PrecoVenda = precoVenda"
"decimal","PrimoAutoEletrica\Views\NovoProdutoWindow.xaml.cs","582","private static bool TryParseDecimalOrZero(string? text, out decimal value)"
"decimal","PrimoAutoEletrica\Views\NovoProdutoWindow.xaml.cs","590","return decimal.TryParse(text, NumberStyles.Number, CultureInfo.CurrentCulture, out value)"
"decimal","PrimoAutoEletrica\Views\NovoProdutoWindow.xaml.cs","591","|| decimal.TryParse(text, NumberStyles.Number, CultureInfo.InvariantCulture, out value);"
"decimal","PrimoAutoEletrica\Views\NovoProdutoWindow.xaml.cs","594","private static decimal CalcularMargem(decimal precoCompra, decimal precoVenda)"
"Preco|Valor|Total|Custo|Desconto|Comissao|Saldo|Receber|Pagar","PrimoAutoEletrica\Views\NovoProdutoWindow.xaml.cs","594","private static decimal CalcularMargem(decimal precoCompra, decimal precoVenda)"
"Preco|Valor|Total|Custo|Desconto|Comissao|Saldo|Receber|Pagar","PrimoAutoEletrica\Views\NovoProdutoWindow.xaml.cs","596","if (precoVenda <= 0)"
"Preco|Valor|Total|Custo|Desconto|Comissao|Saldo|Receber|Pagar","PrimoAutoEletrica\Views\NovoProdutoWindow.xaml.cs","601","return ((precoVenda - precoCompra) / precoVenda) * 100m;"
"Preco|Valor|Total|Custo|Desconto|Comissao|Saldo|Receber|Pagar","PrimoAutoEletrica\Views\NovoProdutoWindow.xaml.cs","637","PrecoCompraTextBox.Text = produto.PrecoCompra.ToString(CultureInfo.InvariantCulture);"
"Preco|Valor|Total|Custo|Desconto|Comissao|Saldo|Receber|Pagar","PrimoAutoEletrica\Views\NovoProdutoWindow.xaml.cs","638","PrecoVendaTextBox.Text = produto.PrecoVenda.ToString(CultureInfo.InvariantCulture);"
"decimal","PrimoAutoEletrica\Views\NovoProdutoWindow.xaml.cs","699","public decimal PrecoCompra { get; set; }"
"Preco|Valor|Total|Custo|Desconto|Comissao|Saldo|Receber|Pagar","PrimoAutoEletrica\Views\NovoProdutoWindow.xaml.cs","699","public decimal PrecoCompra { get; set; }"
"decimal","PrimoAutoEletrica\Views\NovoProdutoWindow.xaml.cs","700","public decimal PrecoVenda { get; set; }"
"Preco|Valor|Total|Custo|Desconto|Comissao|Saldo|Receber|Pagar","PrimoAutoEletrica\Views\NovoProdutoWindow.xaml.cs","700","public decimal PrecoVenda { get; set; }"
"Preco|Valor|Total|Custo|Desconto|Comissao|Saldo|Receber|Pagar","PrimoAutoEletrica\Views\NovoVeiculoWindow.xaml.cs","579","WindowInteractionHelper.ShowMessage(""Informe uma quilometragem valida."", ""Valor invalido"", MessageBoxImage.Warning, ""Veiculos"");"
"Preco|Valor|Total|Custo|Desconto|Comissao|Saldo|Receber|Pagar","PrimoAutoEletrica\Views\OperacaoCaixaWindow.xaml.cs","13","public string ValorLabel { get; init; } = ""Valor"";"
"decimal","PrimoAutoEletrica\Views\OperacaoCaixaWindow.xaml.cs","19","public decimal ValorInicial { get; init; }"
"Preco|Valor|Total|Custo|Desconto|Comissao|Saldo|Receber|Pagar","PrimoAutoEletrica\Views\OperacaoCaixaWindow.xaml.cs","19","public decimal ValorInicial { get; init; }"
"decimal","PrimoAutoEletrica\Views\OperacaoCaixaWindow.xaml.cs","34","public decimal ValorInformado { get; private set; }"
"Preco|Valor|Total|Custo|Desconto|Comissao|Saldo|Receber|Pagar","PrimoAutoEletrica\Views\OperacaoCaixaWindow.xaml.cs","34","public decimal ValorInformado { get; private set; }"
"Preco|Valor|Total|Custo|Desconto|Comissao|Saldo|Receber|Pagar","PrimoAutoEletrica\Views\OperacaoCaixaWindow.xaml.cs","42","ValorLabelTextBlock.Text = _request.ValorLabel;"
"Preco|Valor|Total|Custo|Desconto|Comissao|Saldo|Receber|Pagar","PrimoAutoEletrica\Views\OperacaoCaixaWindow.xaml.cs","45","ValorPanel.Visibility = _request.SolicitarValor ? Visibility.Visible : Visibility.Collapsed;"
"Preco|Valor|Total|Custo|Desconto|Comissao|Saldo|Receber|Pagar","PrimoAutoEletrica\Views\OperacaoCaixaWindow.xaml.cs","46","ValorTextBox.Text = _request.ValorInicial > 0 ? _request.ValorInicial.ToString(""F2"", CultureInfo.CurrentCulture) : string.Empty;"
"Preco|Valor|Total|Custo|Desconto|Comissao|Saldo|Receber|Pagar","PrimoAutoEletrica\Views\OperacaoCaixaWindow.xaml.cs","51","ValorTextBox.Focus();"
"Preco|Valor|Total|Custo|Desconto|Comissao|Saldo|Receber|Pagar","PrimoAutoEletrica\Views\OperacaoCaixaWindow.xaml.cs","52","ValorTextBox.SelectAll();"
"Preco|Valor|Total|Custo|Desconto|Comissao|Saldo|Receber|Pagar","PrimoAutoEletrica\Views\OperacaoCaixaWindow.xaml.cs","64","if (!TryParseDecimal(ValorTextBox.Text, out var valor))"
"Preco|Valor|Total|Custo|Desconto|Comissao|Saldo|Receber|Pagar","PrimoAutoEletrica\Views\OperacaoCaixaWindow.xaml.cs","66","MessageBox.Show(""Informe um valor monetario valido."", ""Caixa"", MessageBoxButton.OK, MessageBoxImage.Warning);"
"Preco|Valor|Total|Custo|Desconto|Comissao|Saldo|Receber|Pagar","PrimoAutoEletrica\Views\OperacaoCaixaWindow.xaml.cs","72","ComercialValidationHelper.GarantirValorMaiorOuIgualZero(valor, ""o valor informado"");"
"Preco|Valor|Total|Custo|Desconto|Comissao|Saldo|Receber|Pagar","PrimoAutoEletrica\Views\OperacaoCaixaWindow.xaml.cs","76","ComercialValidationHelper.GarantirValorMaiorQueZero(valor, ""o valor informado"");"
"Preco|Valor|Total|Custo|Desconto|Comissao|Saldo|Receber|Pagar","PrimoAutoEletrica\Views\OperacaoCaixaWindow.xaml.cs","79","ValorInformado = valor;"
"decimal","PrimoAutoEletrica\Views\OperacaoCaixaWindow.xaml.cs","112","private static bool TryParseDecimal(string? text, out decimal value)"
"decimal","PrimoAutoEletrica\Views\OperacaoCaixaWindow.xaml.cs","114","return decimal.TryParse(text, NumberStyles.Number, CultureInfo.CurrentCulture, out value)"
"decimal","PrimoAutoEletrica\Views\OperacaoCaixaWindow.xaml.cs","115","|| decimal.TryParse(text, NumberStyles.Number, CultureInfo.InvariantCulture, out value);"
"Preco|Valor|Total|Custo|Desconto|Comissao|Saldo|Receber|Pagar","PrimoAutoEletrica\Views\OrdemServicoWindow.xaml.cs","200","ValorUnitario = produto.PrecoVenda,"
"Preco|Valor|Total|Custo|Desconto|Comissao|Saldo|Receber|Pagar","PrimoAutoEletrica\Views\OrdemServicoWindow.xaml.cs","201","CustoUnitario = produto.PrecoCompra,"
"Preco|Valor|Total|Custo|Desconto|Comissao|Saldo|Receber|Pagar","PrimoAutoEletrica\Views\OrdemServicoWindow.xaml.cs","218","ValorUnitario = 0,"
"Preco|Valor|Total|Custo|Desconto|Comissao|Saldo|Receber|Pagar","PrimoAutoEletrica\Views\OrdemServicoWindow.xaml.cs","219","CustoUnitario = 0"
"Preco|Valor|Total|Custo|Desconto|Comissao|Saldo|Receber|Pagar","PrimoAutoEletrica\Views\OrdemServicoWindow.xaml.cs","245","private void DescontoTextBox_TextChanged(object sender, TextChangedEventArgs e)"
"Preco|Valor|Total|Custo|Desconto|Comissao|Saldo|Receber|Pagar","PrimoAutoEletrica\Views\OrdemServicoWindow.xaml.cs","345","ordem.Desconto = LerDecimal(DescontoTextBox.Text);"
"Preco|Valor|Total|Custo|Desconto|Comissao|Saldo|Receber|Pagar","PrimoAutoEletrica\Views\OrdemServicoWindow.xaml.cs","438","DescontoTextBox.Text = ordem.Desconto.ToString(""N2"");"
"Preco|Valor|Total|Custo|Desconto|Comissao|Saldo|Receber|Pagar","PrimoAutoEletrica\Views\OrdemServicoWindow.xaml.cs","486","ValorUnitario = item.ValorUnitario,"
"Preco|Valor|Total|Custo|Desconto|Comissao|Saldo|Receber|Pagar","PrimoAutoEletrica\Views\OrdemServicoWindow.xaml.cs","487","CustoUnitario = item.CustoUnitario,"
"Preco|Valor|Total|Custo|Desconto|Comissao|Saldo|Receber|Pagar","PrimoAutoEletrica\Views\OrdemServicoWindow.xaml.cs","573",": $""{_orcamentoSelecionado.Numero} | {_orcamentoSelecionado.Status} | {_orcamentoSelecionado.Total:C}"";"
"Preco|Valor|Total|Custo|Desconto|Comissao|Saldo|Receber|Pagar","PrimoAutoEletrica\Views\OrdemServicoWindow.xaml.cs","943","CustoTotalTextBlock == null ||"
"Preco|Valor|Total|Custo|Desconto|Comissao|Saldo|Receber|Pagar","PrimoAutoEletrica\Views\OrdemServicoWindow.xaml.cs","944","TotalGeralTextBlock == null)"
"Preco|Valor|Total|Custo|Desconto|Comissao|Saldo|Receber|Pagar","PrimoAutoEletrica\Views\OrdemServicoWindow.xaml.cs","951",".Sum(i => i.Total);"
"Preco|Valor|Total|Custo|Desconto|Comissao|Saldo|Receber|Pagar","PrimoAutoEletrica\Views\OrdemServicoWindow.xaml.cs","955",".Sum(i => i.Total);"
"Preco|Valor|Total|Custo|Desconto|Comissao|Saldo|Receber|Pagar","PrimoAutoEletrica\Views\OrdemServicoWindow.xaml.cs","957","var custo = _itens.Sum(i => i.CustoTotal);"
"Preco|Valor|Total|Custo|Desconto|Comissao|Saldo|Receber|Pagar","PrimoAutoEletrica\Views\OrdemServicoWindow.xaml.cs","958","var desconto = LerDecimal(DescontoTextBox.Text);"
"Preco|Valor|Total|Custo|Desconto|Comissao|Saldo|Receber|Pagar","PrimoAutoEletrica\Views\OrdemServicoWindow.xaml.cs","959","var total = Math.Max(0, pecas + servicos - desconto);"
"Preco|Valor|Total|Custo|Desconto|Comissao|Saldo|Receber|Pagar","PrimoAutoEletrica\Views\OrdemServicoWindow.xaml.cs","963","CustoTotalTextBlock.Text = custo.ToString(""C"");"
"Preco|Valor|Total|Custo|Desconto|Comissao|Saldo|Receber|Pagar","PrimoAutoEletrica\Views\OrdemServicoWindow.xaml.cs","964","TotalGeralTextBlock.Text = total.ToString(""C"");"
"Preco|Valor|Total|Custo|Desconto|Comissao|Saldo|Receber|Pagar","PrimoAutoEletrica\Views\OrdemServicoWindow.xaml.cs","969","var subtotal = _itens.Sum(i => i.Total);"
"Preco|Valor|Total|Custo|Desconto|Comissao|Saldo|Receber|Pagar","PrimoAutoEletrica\Views\OrdemServicoWindow.xaml.cs","970","var desconto = LerDecimal(DescontoTextBox.Text);"
"Preco|Valor|Total|Custo|Desconto|Comissao|Saldo|Receber|Pagar","PrimoAutoEletrica\Views\OrdemServicoWindow.xaml.cs","973","ComercialValidationHelper.GarantirDescontoValido(desconto, subtotal, ""O desconto da ordem de servico"");"
"Preco|Valor|Total|Custo|Desconto|Comissao|Saldo|Receber|Pagar","PrimoAutoEletrica\Views\OrdemServicoWindow.xaml.cs","980","ComercialValidationHelper.GarantirValorMaiorOuIgualZero(item.ValorUnitario, $""o valor unitario do item '{item.Descricao}'"");"
"Preco|Valor|Total|Custo|Desconto|Comissao|Saldo|Receber|Pagar","PrimoAutoEletrica\Views\OrdemServicoWindow.xaml.cs","981","ComercialValidationHelper.GarantirValorMaiorOuIgualZero(item.CustoUnitario, $""o custo do item '{item.Descricao}'"");"
"decimal","PrimoAutoEletrica\Views\OrdemServicoWindow.xaml.cs","1006","decimal.Truncate(editor.Quantidade) != editor.Quantidade)"
"Preco|Valor|Total|Custo|Desconto|Comissao|Saldo|Receber|Pagar","PrimoAutoEletrica\Views\OrdemServicoWindow.xaml.cs","1019","ValorUnitario = editor.ValorUnitario,"
"Preco|Valor|Total|Custo|Desconto|Comissao|Saldo|Receber|Pagar","PrimoAutoEletrica\Views\OrdemServicoWindow.xaml.cs","1020","CustoUnitario = editor.CustoUnitario,"
"decimal","PrimoAutoEletrica\Views\OrdemServicoWindow.xaml.cs","1112","private static decimal LerDecimal(string? texto)"
"decimal","PrimoAutoEletrica\Views\OrdemServicoWindow.xaml.cs","1117","return decimal.TryParse("
"Preco|Valor|Total|Custo|Desconto|Comissao|Saldo|Receber|Pagar","PrimoAutoEletrica\Views\OrdemServicoWindow.xaml.cs","1121","out var valor)"
"Preco|Valor|Total|Custo|Desconto|Comissao|Saldo|Receber|Pagar","PrimoAutoEletrica\Views\OrdemServicoWindow.xaml.cs","1122","? Math.Max(0, valor)"
"Preco|Valor|Total|Custo|Desconto|Comissao|Saldo|Receber|Pagar","PrimoAutoEletrica\Views\OrdemServicoWindow.xaml.cs","1131","return int.TryParse(texto, NumberStyles.Integer, CultureInfo.CurrentCulture, out var valor)"
"Preco|Valor|Total|Custo|Desconto|Comissao|Saldo|Receber|Pagar","PrimoAutoEletrica\Views\OrdemServicoWindow.xaml.cs","1132","? Math.Max(0, valor)"
"Preco|Valor|Total|Custo|Desconto|Comissao|Saldo|Receber|Pagar","PrimoAutoEletrica\Views\OrdemServicoWindow.xaml.cs","1178","ValorMaoObra = origem.ValorMaoObra,"
"Preco|Valor|Total|Custo|Desconto|Comissao|Saldo|Receber|Pagar","PrimoAutoEletrica\Views\OrdemServicoWindow.xaml.cs","1179","Desconto = origem.Desconto,"
"Preco|Valor|Total|Custo|Desconto|Comissao|Saldo|Receber|Pagar","PrimoAutoEletrica\Views\OrdemServicoWindow.xaml.cs","1189","ValorUnitario = i.ValorUnitario,"
"Preco|Valor|Total|Custo|Desconto|Comissao|Saldo|Receber|Pagar","PrimoAutoEletrica\Views\OrdemServicoWindow.xaml.cs","1190","CustoUnitario = i.CustoUnitario,"
"decimal","PrimoAutoEletrica\Views\OrdemServicoWindow.xaml.cs","1469","private decimal _quantidade = 1m;"
"decimal","PrimoAutoEletrica\Views\OrdemServicoWindow.xaml.cs","1470","private decimal _valorUnitario;"
"decimal","PrimoAutoEletrica\Views\OrdemServicoWindow.xaml.cs","1471","private decimal _custoUnitario;"
"decimal","PrimoAutoEletrica\Views\OrdemServicoWindow.xaml.cs","1504","public decimal Quantidade"
"Preco|Valor|Total|Custo|Desconto|Comissao|Saldo|Receber|Pagar","PrimoAutoEletrica\Views\OrdemServicoWindow.xaml.cs","1514","OnPropertyChanged(nameof(Total));"
"Preco|Valor|Total|Custo|Desconto|Comissao|Saldo|Receber|Pagar","PrimoAutoEletrica\Views\OrdemServicoWindow.xaml.cs","1515","OnPropertyChanged(nameof(CustoTotal));"
"Preco|Valor|Total|Custo|Desconto|Comissao|Saldo|Receber|Pagar","PrimoAutoEletrica\Views\OrdemServicoWindow.xaml.cs","1516","OnPropertyChanged(nameof(TotalFormatado));"
"decimal","PrimoAutoEletrica\Views\OrdemServicoWindow.xaml.cs","1520","public decimal ValorUnitario"
"Preco|Valor|Total|Custo|Desconto|Comissao|Saldo|Receber|Pagar","PrimoAutoEletrica\Views\OrdemServicoWindow.xaml.cs","1520","public decimal ValorUnitario"
"Preco|Valor|Total|Custo|Desconto|Comissao|Saldo|Receber|Pagar","PrimoAutoEletrica\Views\OrdemServicoWindow.xaml.cs","1530","OnPropertyChanged(nameof(Total));"
"Preco|Valor|Total|Custo|Desconto|Comissao|Saldo|Receber|Pagar","PrimoAutoEletrica\Views\OrdemServicoWindow.xaml.cs","1531","OnPropertyChanged(nameof(TotalFormatado));"
"decimal","PrimoAutoEletrica\Views\OrdemServicoWindow.xaml.cs","1535","public decimal CustoUnitario"
"Preco|Valor|Total|Custo|Desconto|Comissao|Saldo|Receber|Pagar","PrimoAutoEletrica\Views\OrdemServicoWindow.xaml.cs","1535","public decimal CustoUnitario"
"Preco|Valor|Total|Custo|Desconto|Comissao|Saldo|Receber|Pagar","PrimoAutoEletrica\Views\OrdemServicoWindow.xaml.cs","1545","OnPropertyChanged(nameof(CustoTotal));"
"decimal","PrimoAutoEletrica\Views\OrdemServicoWindow.xaml.cs","1562","public decimal Total => Quantidade * ValorUnitario;"
"Preco|Valor|Total|Custo|Desconto|Comissao|Saldo|Receber|Pagar","PrimoAutoEletrica\Views\OrdemServicoWindow.xaml.cs","1562","public decimal Total => Quantidade * ValorUnitario;"
"decimal","PrimoAutoEletrica\Views\OrdemServicoWindow.xaml.cs","1563","public decimal CustoTotal => Quantidade * CustoUnitario;"
"Preco|Valor|Total|Custo|Desconto|Comissao|Saldo|Receber|Pagar","PrimoAutoEletrica\Views\OrdemServicoWindow.xaml.cs","1563","public decimal CustoTotal => Quantidade * CustoUnitario;"
"Preco|Valor|Total|Custo|Desconto|Comissao|Saldo|Receber|Pagar","PrimoAutoEletrica\Views\OrdemServicoWindow.xaml.cs","1564","public string TotalFormatado => Total.ToString(""C"");"
"decimal","PrimoAutoEletrica\Views\PagamentoMistoWindow.xaml.cs","12","private readonly decimal _totalVenda;"
"decimal","PrimoAutoEletrica\Views\PagamentoMistoWindow.xaml.cs","14","public PagamentoMistoWindow(decimal totalVenda)"
"Preco|Valor|Total|Custo|Desconto|Comissao|Saldo|Receber|Pagar","PrimoAutoEletrica\Views\PagamentoMistoWindow.xaml.cs","14","public PagamentoMistoWindow(decimal totalVenda)"
"Preco|Valor|Total|Custo|Desconto|Comissao|Saldo|Receber|Pagar","PrimoAutoEletrica\Views\PagamentoMistoWindow.xaml.cs","16","if (totalVenda <= 0)"
"Preco|Valor|Total|Custo|Desconto|Comissao|Saldo|Receber|Pagar","PrimoAutoEletrica\Views\PagamentoMistoWindow.xaml.cs","18","throw new ArgumentOutOfRangeException(nameof(totalVenda), ""O total da venda precisa ser maior que zero."");"
"decimal","PrimoAutoEletrica\Views\PagamentoMistoWindow.xaml.cs","21","_totalVenda = decimal.Round(totalVenda, 2);"
"Preco|Valor|Total|Custo|Desconto|Comissao|Saldo|Receber|Pagar","PrimoAutoEletrica\Views\PagamentoMistoWindow.xaml.cs","21","_totalVenda = decimal.Round(totalVenda, 2);"
"Preco|Valor|Total|Custo|Desconto|Comissao|Saldo|Receber|Pagar","PrimoAutoEletrica\Views\PagamentoMistoWindow.xaml.cs","30","ResumoTotalTextBlock.Text = $""Total da venda: {_totalVenda:C}. Informe os valores recebidos por forma."";"
"Preco|Valor|Total|Custo|Desconto|Comissao|Saldo|Receber|Pagar","PrimoAutoEletrica\Views\PagamentoMistoWindow.xaml.cs","39","private void ValorTextBox_TextChanged(object sender, TextChangedEventArgs e)"
"Preco|Valor|Total|Custo|Desconto|Comissao|Saldo|Receber|Pagar","PrimoAutoEletrica\Views\PagamentoMistoWindow.xaml.cs","47","var totalInformado = partes.Sum(parte => parte.Valor);"
"decimal","PrimoAutoEletrica\Views\PagamentoMistoWindow.xaml.cs","48","var diferenca = decimal.Round(totalInformado - _totalVenda, 2);"
"Preco|Valor|Total|Custo|Desconto|Comissao|Saldo|Receber|Pagar","PrimoAutoEletrica\Views\PagamentoMistoWindow.xaml.cs","48","var diferenca = decimal.Round(totalInformado - _totalVenda, 2);"
"Preco|Valor|Total|Custo|Desconto|Comissao|Saldo|Receber|Pagar","PrimoAutoEletrica\Views\PagamentoMistoWindow.xaml.cs","53","$""A soma informada precisa fechar com o total da venda.\n\nTotal: {_totalVenda:C}\nInformado: {totalInformado:C}\nDiferenca: {diferenca:C}"","
"Preco|Valor|Total|Custo|Desconto|Comissao|Saldo|Receber|Pagar","PrimoAutoEletrica\Views\PagamentoMistoWindow.xaml.cs","60","if (partes.Count(parte => parte.Valor > 0) < 2)"
"Preco|Valor|Total|Custo|Desconto|Comissao|Saldo|Receber|Pagar","PrimoAutoEletrica\Views\PagamentoMistoWindow.xaml.cs","87","var totalInformado = partes.Sum(parte => parte.Valor);"
"decimal","PrimoAutoEletrica\Views\PagamentoMistoWindow.xaml.cs","88","var diferenca = decimal.Round(totalInformado - _totalVenda, 2);"
"Preco|Valor|Total|Custo|Desconto|Comissao|Saldo|Receber|Pagar","PrimoAutoEletrica\Views\PagamentoMistoWindow.xaml.cs","88","var diferenca = decimal.Round(totalInformado - _totalVenda, 2);"
"Preco|Valor|Total|Custo|Desconto|Comissao|Saldo|Receber|Pagar","PrimoAutoEletrica\Views\PagamentoMistoWindow.xaml.cs","89","ConferenciaTextBlock.Text = $""Informado: {totalInformado:C} | Total: {_totalVenda:C} | Diferenca: {diferenca:C}"";"
"decimal","PrimoAutoEletrica\Views\PagamentoMistoWindow.xaml.cs","102","private static decimal LerValor(TextBox? textBox)"
"decimal","PrimoAutoEletrica\Views\PagamentoMistoWindow.xaml.cs","109","if (decimal.TryParse(textBox.Text, NumberStyles.Number, CultureInfo.CurrentCulture, out var atual) ||"
"decimal","PrimoAutoEletrica\Views\PagamentoMistoWindow.xaml.cs","110","decimal.TryParse(textBox.Text, NumberStyles.Number, CultureInfo.InvariantCulture, out atual))"
"decimal","PrimoAutoEletrica\Views\PagamentoMistoWindow.xaml.cs","112","return Math.Max(0m, decimal.Round(atual, 2));"
"Preco|Valor|Total|Custo|Desconto|Comissao|Saldo|Receber|Pagar","PrimoAutoEletrica\Views\PagamentoMistoWindow.xaml.cs","123",".Where(parte => parte.Valor > 0)"
"Preco|Valor|Total|Custo|Desconto|Comissao|Saldo|Receber|Pagar","PrimoAutoEletrica\Views\PagamentoMistoWindow.xaml.cs","124",".Select(parte => $""{parte.Forma} {parte.Valor:C}""));"
"decimal","PrimoAutoEletrica\Views\PagamentoMistoWindow.xaml.cs","127","private sealed record PagamentoMistoParte(string Forma, decimal Valor);"
"Preco|Valor|Total|Custo|Desconto|Comissao|Saldo|Receber|Pagar","PrimoAutoEletrica\Views\PagamentoMistoWindow.xaml.cs","127","private sealed record PagamentoMistoParte(string Forma, decimal Valor);"
"Preco|Valor|Total|Custo|Desconto|Comissao|Saldo|Receber|Pagar","PrimoAutoEletrica\Views\PrimeiraExecucaoWindow.xaml.cs","14","private const int TotalSteps = 7;"
"Preco|Valor|Total|Custo|Desconto|Comissao|Saldo|Receber|Pagar","PrimoAutoEletrica\Views\PrimeiraExecucaoWindow.xaml.cs","420","if (_currentStep < TotalSteps)"
"Preco|Valor|Total|Custo|Desconto|Comissao|Saldo|Receber|Pagar","PrimoAutoEletrica\Views\Produto360Window.xaml.cs","28","MargemTextBlock.Text = $""{snap.MargemPercentual.ToString(""0.##"", CultureInfo.CurrentCulture)}%"";"
"Preco|Valor|Total|Custo|Desconto|Comissao|Saldo|Receber|Pagar","PrimoAutoEletrica\Views\Produto360Window.xaml.cs","30","$""{snap.OsComUsoCount} OS · qtd {snap.QuantidadeUsadaEmOs.ToString(""0.##"", CultureInfo.CurrentCulture)} · {snap.ValorUsadoEmOs.ToString(""C"", CultureInfo.Current"
"Preco|Valor|Total|Custo|Desconto|Comissao|Saldo|Receber|Pagar","PrimoAutoEletrica\Views\Produto360Window.xaml.cs","33","$""Custo: {snap.Custo.ToString(""C"", CultureInfo.CurrentCulture)} · Preço: {snap.Preco.ToString(""C"", CultureInfo.CurrentCulture)}"";"
"Preco|Valor|Total|Custo|Desconto|Comissao|Saldo|Receber|Pagar","PrimoAutoEletrica\Views\SelecionarOrcamentoWindow.xaml.cs","154","var valorTotal = filtrados.Sum(orcamento => orcamento.Total);"
"Preco|Valor|Total|Custo|Desconto|Comissao|Saldo|Receber|Pagar","PrimoAutoEletrica\Views\SelecionarOrcamentoWindow.xaml.cs","155","ResumoTextBlock.Text = $""{filtrados.Count} orcamento(s) filtrado(s) somando {valorTotal:C}."";"
"Preco|Valor|Total|Custo|Desconto|Comissao|Saldo|Receber|Pagar","PrimoAutoEletrica\Views\SelecionarProdutoPDVWindow.xaml.cs","60","""Sem preço"","
"Preco|Valor|Total|Custo|Desconto|Comissao|Saldo|Receber|Pagar","PrimoAutoEletrica\Views\SelecionarProdutoPDVWindow.xaml.cs","165","if (produto.PrecoVenda <= 0)"
"Preco|Valor|Total|Custo|Desconto|Comissao|Saldo|Receber|Pagar","PrimoAutoEletrica\Views\SelecionarProdutoPDVWindow.xaml.cs","169","""Este produto está sem preço de venda cadastrado.\n\nDeseja adicionar mesmo assim?"","
"Preco|Valor|Total|Custo|Desconto|Comissao|Saldo|Receber|Pagar","PrimoAutoEletrica\Views\SelecionarProdutoPDVWindow.xaml.cs","170","""Produto sem preço"","
"Preco|Valor|Total|Custo|Desconto|Comissao|Saldo|Receber|Pagar","PrimoAutoEletrica\Views\SelecionarProdutoPDVWindow.xaml.cs","224","""Sem preço"" => consulta.Where(produto => produto.PrecoVenda <= 0),"
"Preco|Valor|Total|Custo|Desconto|Comissao|Saldo|Receber|Pagar","PrimoAutoEletrica\Views\VisualizarFornecedorWindow.xaml.cs","62","TotalComprasText.Text = $""R$ {insights.TotalCompras:F2}"";"
"Preco|Valor|Total|Custo|Desconto|Comissao|Saldo|Receber|Pagar","PrimoAutoEletrica\Views\VisualizarFornecedorWindow.xaml.cs","64","ValorProdutoFornecedorText.Text = $""R$ {insights.TotalComprasProdutoFornecedor:F2}"";"
"Preco|Valor|Total|Custo|Desconto|Comissao|Saldo|Receber|Pagar","PrimoAutoEletrica\Views\VisualizarFornecedorWindow.xaml.cs","72","$""{insights.ContasPagarVinculadas} titulo(s) | aberto R$ {insights.ValorContasPagarAberto:F2} | total R$ {insights.ValorContasPagarTotal:F2}"";"
"Preco|Valor|Total|Custo|Desconto|Comissao|Saldo|Receber|Pagar","PrimoAutoEletrica\Views\VisualizarFornecedorWindow.xaml.cs","77","item.Valor,"
"Preco|Valor|Total|Custo|Desconto|Comissao|Saldo|Receber|Pagar","PrimoAutoEletrica\Views\VisualizarFornecedorWindow.xaml.cs","88","Valor = 0m,"
"Preco|Valor|Total|Custo|Desconto|Comissao|Saldo|Receber|Pagar","PrimoAutoEletrica\Views\VisualizarFornecedorWindow.xaml.cs","98","ValorTotal = item.ValorTotal"
"Preco|Valor|Total|Custo|Desconto|Comissao|Saldo|Receber|Pagar","PrimoAutoEletrica\Views\VisualizarFornecedorWindow.xaml.cs","106","ValorTotal = 0m"
"Preco|Valor|Total|Custo|Desconto|Comissao|Saldo|Receber|Pagar","PrimoAutoEletrica\Views\VisualizarFornecedorWindow.xaml.cs","111","private static string Exibir(string? valor)"
"Preco|Valor|Total|Custo|Desconto|Comissao|Saldo|Receber|Pagar","PrimoAutoEletrica\Views\VisualizarFornecedorWindow.xaml.cs","113","return string.IsNullOrWhiteSpace(valor) ? ""Nao informado"" : valor.Trim();"
"Preco|Valor|Total|Custo|Desconto|Comissao|Saldo|Receber|Pagar","PrimoAutoEletrica\Views\VisualizarVeiculoWindow.xaml.cs","109","var totalHistorico = ordens.Sum(os => Math.Max(0, os.Itens.Sum(i => i.Total) - os.Desconto));"
"Preco|Valor|Total|Custo|Desconto|Comissao|Saldo|Receber|Pagar","PrimoAutoEletrica\Views\VisualizarVeiculoWindow.xaml.cs","114","var dias = (int)(DateTime.Today - ultima.DataAbertura.Date).TotalDays;"
"Preco|Valor|Total|Custo|Desconto|Comissao|Saldo|Receber|Pagar","PrimoAutoEletrica\Views\VisualizarVeiculoWindow.xaml.cs","131","$""Receita acumulada (VeiculoId): {(snap?.ReceitaAcumuladaPorVeiculoId ?? totalHistorico):C}\n"" +"
"Preco|Valor|Total|Custo|Desconto|Comissao|Saldo|Receber|Pagar","PrimoAutoEletrica\Views\VisualizarVeiculoWindow.xaml.cs","194","var total = Math.Max(0, os.Itens.Sum(i => i.Total) - os.Desconto);"
"Preco|Valor|Total|Custo|Desconto|Comissao|Saldo|Receber|Pagar","PrimoAutoEletrica\Views\VisualizarVeiculoWindow.xaml.cs","203","$""{os.Status} | {os.DataAbertura:dd/MM/yyyy} | {total:C}\n"" +"
"Preco|Valor|Total|Custo|Desconto|Comissao|Saldo|Receber|Pagar","PrimoAutoEletrica\Views\VisualizarVeiculoWindow.xaml.cs","292","var resumo = $""{orcamento.Status} | {orcamento.Total:C} | {origem}"";"
"Preco|Valor|Total|Custo|Desconto|Comissao|Saldo|Receber|Pagar","PrimoAutoEletrica\Views\VisualizarVeiculoWindow.xaml.cs","310","}.Where(valor => valor != ""-"")));"
"Preco|Valor|Total|Custo|Desconto|Comissao|Saldo|Receber|Pagar","PrimoAutoEletrica\Views\VisualizarVeiculoWindow.xaml.cs","332","private void AdicionarProntuario(string titulo, string valor)"
"Preco|Valor|Total|Custo|Desconto|Comissao|Saldo|Receber|Pagar","PrimoAutoEletrica\Views\VisualizarVeiculoWindow.xaml.cs","334","if (string.IsNullOrWhiteSpace(valor) || valor == ""-"")"
"Preco|Valor|Total|Custo|Desconto|Comissao|Saldo|Receber|Pagar","PrimoAutoEletrica\Views\VisualizarVeiculoWindow.xaml.cs","339","ProntuarioEletricoPanel.Children.Add(CriarCardResumo(titulo, valor, ""InfoBrush""));"
"Preco|Valor|Total|Custo|Desconto|Comissao|Saldo|Receber|Pagar","PrimoAutoEletrica\Views\VisualizarVeiculoWindow.xaml.cs","358","}.Where(valor => !string.IsNullOrWhiteSpace(valor))));"
"Preco|Valor|Total|Custo|Desconto|Comissao|Saldo|Receber|Pagar","PrimoAutoEletrica\Views\VisualizarVeiculoWindow.xaml.cs","392","var resumo = $""OS {peca.Numero} | {peca.Item.Quantidade:N2} x {peca.Item.ValorUnitario:C2} = {peca.Item.Total:C2}"";"
"Preco|Valor|Total|Custo|Desconto|Comissao|Saldo|Receber|Pagar","PrimoAutoEletrica\Views\VisualizarVeiculoWindow.xaml.cs","497","private static string Exibir(string? valor)"
"Preco|Valor|Total|Custo|Desconto|Comissao|Saldo|Receber|Pagar","PrimoAutoEletrica\Views\VisualizarVeiculoWindow.xaml.cs","499","return string.IsNullOrWhiteSpace(valor) ? ""-"" : valor.Trim();"
"Preco|Valor|Total|Custo|Desconto|Comissao|Saldo|Receber|Pagar","PrimoAutoEletrica\Views\VisualizarVeiculoWindow.xaml.cs","502","private static string ExibirBloco(string? valor, string fallback)"
"Preco|Valor|Total|Custo|Desconto|Comissao|Saldo|Receber|Pagar","PrimoAutoEletrica\Views\VisualizarVeiculoWindow.xaml.cs","504","return string.IsNullOrWhiteSpace(valor) ? fallback : valor.Trim();"
"Preco|Valor|Total|Custo|Desconto|Comissao|Saldo|Receber|Pagar","PrimoAutoEletrica\App.xaml.cs","438","var summary = $""Smoke test UI finalizado. Total={result.TotalChecks}, Sucesso={result.PassedChecks}, Falhas={result.FailedChecks}, Relatorio={result.ReportPath}"
"Preco|Valor|Total|Custo|Desconto|Comissao|Saldo|Receber|Pagar","PrimoAutoEletrica\App.xaml.cs","458","var summary = $""Workflow test finalizado. Total={result.TotalChecks}, Sucesso={result.PassedChecks}, Falhas={result.FailedChecks}, Relatorio={result.ReportPath}"
"Preco|Valor|Total|Custo|Desconto|Comissao|Saldo|Receber|Pagar","PrimoAutoEletrica\App.xaml.cs","500","$""CATALOGO_PREVIA marca={previa.MarcaDetectada} itens={previa.TotalItens} comFoto={comFoto} erros={previa.TotalComErro}"");"
"Preco|Valor|Total|Custo|Desconto|Comissao|Saldo|Receber|Pagar","PrimoAutoEletrica\App.xaml.cs","509","$""lidos={confirmacao.TotalLidos}, importados={confirmacao.TotalImportados}, duplicados={confirmacao.TotalDuplicados}, "" +"
"Preco|Valor|Total|Custo|Desconto|Comissao|Saldo|Receber|Pagar","PrimoAutoEletrica\App.xaml.cs","510","$""erros={confirmacao.TotalComErro}, status={confirmacao.Status}, persistidosComFoto={persistidosComFoto}"";"
"Preco|Valor|Total|Custo|Desconto|Comissao|Saldo|Receber|Pagar","PrimoAutoEletrica\App.xaml.cs","514","Audit.RegistrarSistema(""CatalogoImportHeadless"", summary, confirmacao.TotalImportados > 0 ? ""Info"" : ""Warning"", confirmacao.TotalImportados > 0);"
"Preco|Valor|Total|Custo|Desconto|Comissao|Saldo|Receber|Pagar","PrimoAutoEletrica\App.xaml.cs","516","Shutdown(confirmacao.TotalImportados > 0 || confirmacao.TotalDuplicados > 0 ? 0 : 6);"
"double","PrimoAutoEletrica\App.xaml.cs","548","if (double.IsInfinity(window.MaxWidth) || window.MaxWidth > maxWidth)"
"double","PrimoAutoEletrica\App.xaml.cs","553","if (double.IsInfinity(window.MaxHeight) || window.MaxHeight > maxHeight)"
"double","PrimoAutoEletrica\App.xaml.cs","558","if (!double.IsNaN(window.Width) && window.Width > maxWidth)"
"double","PrimoAutoEletrica\App.xaml.cs","563","if (!double.IsNaN(window.Height) && window.Height > maxHeight)"
"double","PrimoAutoEletrica\MainWindow.xaml.cs","1007","public double GetSidebarWidthForAutomation() => SidebarColumn.Width.Value;"
"double","PrimoAutoEletrica\MainWindow.xaml.cs","1009","public double GetCommandBarHeightForAutomation()"
"Preco|Valor|Total|Custo|Desconto|Comissao|Saldo|Receber|Pagar","PrimoAutoEletrica\MainWindow.xaml.cs","1296","var detalhes = $""Inatividade de {e.IdleFor.TotalMinutes:F0} minutos. Ultima atividade em {e.LastActivityAt:dd/MM/yyyy HH:mm:ss}."";"
"Preco|Valor|Total|Custo|Desconto|Comissao|Saldo|Receber|Pagar","PrimoAutoEletrica.Api\Configuration\SwaggerConfiguration.cs","158","[""valor""] = new Microsoft.OpenApi.Any.OpenApiDouble(1500.00),"
