DataHora=2026-09-26T14:05:34.5341682-03:00 | Nivel=INFO | Usuario=Nao autenticado | Perfil=Sem perfil | Tela=Geral | Acao=Inicializando estrutura do banco SQLite em 'C:\Users\campo\AppData\Local\Temp\primox-c113-smoke-20260926_140533\primoauto_operacional.db'. | ErroTecnico= | StackTrace=
DataHora=2026-09-26T14:05:34.6613019-03:00 | Nivel=INFO | Usuario=Nao autenticado | Perfil=Sem perfil | Tela=Geral | Acao=Estrutura do banco SQLite validada em 'C:\Users\campo\AppData\Local\Temp\primox-c113-smoke-20260926_140533\primoauto_operacional.db'. | ErroTecnico= | StackTrace=
DataHora=2026-09-26T14:05:34.6709863-03:00 | Nivel=INFO | Usuario=Nao autenticado | Perfil=Sem perfil | Tela=Geral | Acao=Inicializacao do ERP iniciada. | ErroTecnico= | StackTrace=
DataHora=2026-09-26T14:05:34.8483983-03:00 | Nivel=INFO | Usuario=Nao autenticado | Perfil=Sem perfil | Tela=Geral | Acao=Saude do banco validada. Migrations aplicadas: 37. | ErroTecnico= | StackTrace=
DataHora=2026-09-26T14:05:34.8876454-03:00 | Nivel=INFO | Usuario=Nao autenticado | Perfil=Sem perfil | Tela=Geral | Acao=Backup automático diário iniciado com intervalo de 24 horas. | ErroTecnico= | StackTrace=
DataHora=2026-09-26T14:05:34.9970008-03:00 | Nivel=INFO | Usuario=Nao autenticado | Perfil=Sem perfil | Tela=Geral | Acao=Backup do banco criado em 'C:\Users\campo\AppData\Local\Temp\primox-c113-smoke-20260926_140533\Backups\PrimoAutoEletrica_Backup_2026-09-26_14-05-34.db' em 106ms. Hash: C888F5FCF5B7551E1286A94D8C8A9D1F412FE6BF90C6A472A000C612E6412A53 | ErroTecnico= | StackTrace=
DataHora=2026-09-26T14:05:35.2232082-03:00 | Nivel=INFO | Usuario=Nao autenticado | Perfil=Sem perfil | Tela=Geral | Acao=Iniciando smoke test de UI. | ErroTecnico= | StackTrace=
DataHora=2026-09-26T14:05:35.2254430-03:00 | Nivel=INFO | Usuario=Smoke Test | Perfil=Administrador | Tela=Geral | Acao=Smoke test iniciando: MainWindow. | ErroTecnico= | StackTrace=
DataHora=2026-09-26T14:05:35.5808958-03:00 | Nivel=INFO | Usuario=Smoke Test | Perfil=Administrador | Tela=Geral | Acao=Adicionado ao cache: Dashboard | ErroTecnico= | StackTrace=
DataHora=2026-09-26T14:05:35.5818288-03:00 | Nivel=INFO | Usuario=Smoke Test | Perfil=Administrador | Tela=Geral | Acao=Navegacao registrada: Dashboard | ErroTecnico= | StackTrace=
DataHora=2026-09-26T14:05:35.5834924-03:00 | Nivel=INFO | Usuario=Smoke Test | Perfil=Administrador | Tela=Geral | Acao=Navegacao concluida para o modulo 'Dashboard'. | ErroTecnico= | StackTrace=
DataHora=2026-09-26T14:05:36.3185588-03:00 | Nivel=INFO | Usuario=Smoke Test | Perfil=Administrador | Tela=Geral | Acao=Smoke test aprovado: MainWindow (1092 ms). | ErroTecnico= | StackTrace=
DataHora=2026-09-26T14:05:36.3193076-03:00 | Nivel=INFO | Usuario=Smoke Test | Perfil=Administrador | Tela=Geral | Acao=Smoke test iniciando: Dados:SeedBaseUi. | ErroTecnico= | StackTrace=
DataHora=2026-09-26T14:05:36.8863930-03:00 | Nivel=INFO | Usuario=Smoke Test | Perfil=Administrador | Tela=Geral | Acao=Smoke test aprovado: Dados:SeedBaseUi (567 ms). | ErroTecnico= | StackTrace=
DataHora=2026-09-26T14:05:36.8872899-03:00 | Nivel=INFO | Usuario=Smoke Test | Perfil=Administrador | Tela=Geral | Acao=Smoke test iniciando: Produtos:CamposAnexosOperacionais. | ErroTecnico= | StackTrace=
DataHora=2026-09-26T14:05:37.2901236-03:00 | Nivel=INFO | Usuario=Smoke Test | Perfil=Administrador | Tela=Geral | Acao=Bloqueio criado: Produto/f6ef00df-70db-4d8c-83b9-1af1b75b79ed por Smoke Test em CIRO. Expira em 30 minutos. | ErroTecnico= | StackTrace=
DataHora=2026-09-26T14:05:37.9754455-03:00 | Nivel=INFO | Usuario=Smoke Test | Perfil=Administrador | Tela=Estoque | Acao=Abertura de anexo do produto validada em automacao: C:\Users\campo\AppData\Local\Temp\primox-c113-smoke-20260926_140533\Media\Produtos\Anexos\f6ef00df70db4d8c83b91af1b75b79ed\20260926140536922_Produto_Smoke_298470993738_ficha-tecnica-20260926140536896-852c263ee13d431c8d945f3e8d4ecf96.txt | ErroTecnico= | StackTrace=
DataHora=2026-09-26T14:05:38.6201486-03:00 | Nivel=INFO | Usuario=Smoke Test | Perfil=Administrador | Tela=Estoque | Acao=Sucesso: Produto atualizado com sucesso! | ErroTecnico= | StackTrace=
DataHora=2026-09-26T14:05:38.6215778-03:00 | Nivel=INFO | Usuario=Smoke Test | Perfil=Administrador | Tela=Estoque | Acao=DialogResult suprimido em automacao para 'EditarProdutoWindow': DialogResult somente pode ser definido após Window ser criado e exibido como caixa de diálogo. | ErroTecnico= | StackTrace=
DataHora=2026-09-26T14:05:38.6286007-03:00 | Nivel=INFO | Usuario=Smoke Test | Perfil=Administrador | Tela=Geral | Acao=Bloqueio liberado: Produto/f6ef00df-70db-4d8c-83b9-1af1b75b79ed por Smoke Test. | ErroTecnico= | StackTrace=
DataHora=2026-09-26T14:05:39.2944934-03:00 | Nivel=INFO | Usuario=Smoke Test | Perfil=Administrador | Tela=Geral | Acao=Smoke test aprovado: Produtos:CamposAnexosOperacionais (2407 ms). | ErroTecnico= | StackTrace=
DataHora=2026-09-26T14:05:39.2953095-03:00 | Nivel=INFO | Usuario=Smoke Test | Perfil=Administrador | Tela=Geral | Acao=Smoke test iniciando: Produtos:CadastroCompletoPelaTela. | ErroTecnico= | StackTrace=
DataHora=2026-09-26T14:05:40.2234053-03:00 | Nivel=INFO | Usuario=Smoke Test | Perfil=Administrador | Tela=Estoque | Acao=Sucesso: Produto cadastrado com sucesso! | ErroTecnico= | StackTrace=
DataHora=2026-09-26T14:05:40.2243511-03:00 | Nivel=INFO | Usuario=Smoke Test | Perfil=Administrador | Tela=Estoque | Acao=DialogResult suprimido em automacao para 'NovoProdutoWindow': DialogResult somente pode ser definido após Window ser criado e exibido como caixa de diálogo. | ErroTecnico= | StackTrace=
DataHora=2026-09-26T14:05:40.8863038-03:00 | Nivel=INFO | Usuario=Smoke Test | Perfil=Administrador | Tela=Geral | Acao=Smoke test aprovado: Produtos:CadastroCompletoPelaTela (1590 ms). | ErroTecnico= | StackTrace=
DataHora=2026-09-26T14:05:40.8870490-03:00 | Nivel=INFO | Usuario=Smoke Test | Perfil=Administrador | Tela=Geral | Acao=Smoke test iniciando: Produtos:EtiquetaPdfPelaTela. | ErroTecnico= | StackTrace=
DataHora=2026-09-26T14:05:41.0407089-03:00 | Nivel=INFO | Usuario=Smoke Test | Perfil=Administrador | Tela=Estoque | Acao=Estoque: listagem carregou 551 produto(s). | ErroTecnico= | StackTrace=
DataHora=2026-09-26T14:05:41.3234729-03:00 | Nivel=INFO | Usuario=Smoke Test | Perfil=Administrador | Tela=Estoque | Acao=Estoque layout: rootH=821; headerH=59; actionBarH=140; actionBarVis=Visible; metricsH=84; metricsVis=Visible; stateHostH=511; contentH=511; contentVis=Visible; loadingH=0; loadingVis=Collapsed; emptyH=0; emptyVis=Collapsed; errorH=0; errorVis=Collapsed; dataGridH=357; gridItems=551; totalTxt=551 | ErroTecnico= | StackTrace=
DataHora=2026-09-26T14:05:42.4983012-03:00 | Nivel=INFO | Usuario=Smoke Test | Perfil=Administrador | Tela=Estoque | Acao=Etiqueta gerada para produto SMK-298470993738 em C:\Users\campo\AppData\Local\Temp\primox-c113-smoke-20260926_140533\Logs\produtos-smoke\Etiqueta_298470993738_20260926_140542.pdf. | ErroTecnico= | StackTrace=
DataHora=2026-09-26T14:05:43.1659172-03:00 | Nivel=INFO | Usuario=Smoke Test | Perfil=Administrador | Tela=Geral | Acao=Smoke test aprovado: Produtos:EtiquetaPdfPelaTela (2278 ms). | ErroTecnico= | StackTrace=
DataHora=2026-09-26T14:05:43.1667473-03:00 | Nivel=INFO | Usuario=Smoke Test | Perfil=Administrador | Tela=Geral | Acao=Smoke test iniciando: Estoque:EntradaSaidaHistoricoPelaTela. | ErroTecnico= | StackTrace=
DataHora=2026-09-26T14:05:43.3225853-03:00 | Nivel=INFO | Usuario=Smoke Test | Perfil=Administrador | Tela=Estoque | Acao=Estoque: listagem carregou 551 produto(s). | ErroTecnico= | StackTrace=
DataHora=2026-09-26T14:05:43.5599781-03:00 | Nivel=INFO | Usuario=Smoke Test | Perfil=Administrador | Tela=Estoque | Acao=Estoque layout: rootH=821; headerH=59; actionBarH=140; actionBarVis=Visible; metricsH=84; metricsVis=Visible; stateHostH=511; contentH=511; contentVis=Visible; loadingH=0; loadingVis=Collapsed; emptyH=0; emptyVis=Collapsed; errorH=0; errorVis=Collapsed; dataGridH=357; gridItems=551; totalTxt=551 | ErroTecnico= | StackTrace=
DataHora=2026-09-26T14:05:44.4358255-03:00 | Nivel=INFO | Usuario=Smoke Test | Perfil=Administrador | Tela=Estoque | Acao=Estoque: listagem carregou 551 produto(s). | ErroTecnico= | StackTrace=
DataHora=2026-09-26T14:05:44.4782609-03:00 | Nivel=INFO | Usuario=Smoke Test | Perfil=Administrador | Tela=Estoque | Acao=Movimentacao dedicada de Entrada validada em automacao para produto SMK-298470993738. | ErroTecnico= | StackTrace=
DataHora=2026-09-26T14:05:44.6269575-03:00 | Nivel=INFO | Usuario=Smoke Test | Perfil=Administrador | Tela=Estoque | Acao=Estoque layout: rootH=821; headerH=59; actionBarH=140; actionBarVis=Visible; metricsH=84; metricsVis=Visible; stateHostH=511; contentH=511; contentVis=Visible; loadingH=0; loadingVis=Collapsed; emptyH=0; emptyVis=Collapsed; errorH=0; errorVis=Collapsed; dataGridH=357; gridItems=551; totalTxt=551 | ErroTecnico= | StackTrace=
DataHora=2026-09-26T14:05:45.9758569-03:00 | Nivel=INFO | Usuario=Smoke Test | Perfil=Administrador | Tela=Estoque | Acao=Estoque: listagem carregou 551 produto(s). | ErroTecnico= | StackTrace=
DataHora=2026-09-26T14:05:46.0046731-03:00 | Nivel=INFO | Usuario=Smoke Test | Perfil=Administrador | Tela=Estoque | Acao=Movimentacao dedicada de Saida validada em automacao para produto SMK-298470993738. | ErroTecnico= | StackTrace=
DataHora=2026-09-26T14:05:46.1422781-03:00 | Nivel=INFO | Usuario=Smoke Test | Perfil=Administrador | Tela=Estoque | Acao=Estoque layout: rootH=821; headerH=59; actionBarH=140; actionBarVis=Visible; metricsH=84; metricsVis=Visible; stateHostH=511; contentH=511; contentVis=Visible; loadingH=0; loadingVis=Collapsed; emptyH=0; emptyVis=Collapsed; errorH=0; errorVis=Collapsed; dataGridH=357; gridItems=551; totalTxt=551 | ErroTecnico= | StackTrace=
DataHora=2026-09-26T14:05:47.4569633-03:00 | Nivel=INFO | Usuario=Smoke Test | Perfil=Administrador | Tela=Geral | Acao=Smoke test aprovado: Estoque:EntradaSaidaHistoricoPelaTela (4290 ms). | ErroTecnico= | StackTrace=
DataHora=2026-09-26T14:05:47.4576733-03:00 | Nivel=INFO | Usuario=Smoke Test | Perfil=Administrador | Tela=Geral | Acao=Smoke test iniciando: Estoque:FiltrosOperacionaisPelaTela. | ErroTecnico= | StackTrace=
DataHora=2026-09-26T14:05:47.5747973-03:00 | Nivel=INFO | Usuario=Smoke Test | Perfil=Administrador | Tela=Estoque | Acao=Estoque: listagem carregou 556 produto(s). | ErroTecnico= | StackTrace=
DataHora=2026-09-26T14:05:47.7093481-03:00 | Nivel=INFO | Usuario=Smoke Test | Perfil=Administrador | Tela=Estoque | Acao=Estoque layout: rootH=821; headerH=59; actionBarH=140; actionBarVis=Visible; metricsH=84; metricsVis=Visible; stateHostH=511; contentH=511; contentVis=Visible; loadingH=0; loadingVis=Collapsed; emptyH=0; emptyVis=Collapsed; errorH=0; errorVis=Collapsed; dataGridH=357; gridItems=556; totalTxt=556 | ErroTecnico= | StackTrace=
DataHora=2026-09-26T14:05:55.5623510-03:00 | Nivel=INFO | Usuario=Smoke Test | Perfil=Administrador | Tela=Geral | Acao=Smoke test aprovado: Estoque:FiltrosOperacionaisPelaTela (8104 ms). | ErroTecnico= | StackTrace=
DataHora=2026-09-26T14:05:55.5632681-03:00 | Nivel=INFO | Usuario=Smoke Test | Perfil=Administrador | Tela=Geral | Acao=Smoke test iniciando: Fornecedores:ProdutoFornecedorComprasPrazosRanking. | ErroTecnico= | StackTrace=
DataHora=2026-09-26T14:05:55.8698763-03:00 | Nivel=INFO | Usuario=Smoke Test | Perfil=Administrador | Tela=Geral | Acao=Smoke test aprovado: Fornecedores:ProdutoFornecedorComprasPrazosRanking (306 ms). | ErroTecnico= | StackTrace=
DataHora=2026-09-26T14:05:55.8707874-03:00 | Nivel=INFO | Usuario=Smoke Test | Perfil=Administrador | Tela=Geral | Acao=Smoke test iniciando: Fornecedores:AcoesSemExcluirNaColuna. | ErroTecnico= | StackTrace=
DataHora=2026-09-26T14:05:55.9082991-03:00 | Nivel=INFO | Usuario=Smoke Test | Perfil=Administrador | Tela=Geral | Acao=Smoke test aprovado: Fornecedores:AcoesSemExcluirNaColuna (37 ms). | ErroTecnico= | StackTrace=
DataHora=2026-09-26T14:05:55.9089834-03:00 | Nivel=INFO | Usuario=Smoke Test | Perfil=Administrador | Tela=Geral | Acao=Smoke test iniciando: Fornecedores:ExcluirSomenteSelecionado. | ErroTecnico= | StackTrace=
DataHora=2026-09-26T14:05:57.6124803-03:00 | Nivel=INFO | Usuario=Smoke Test | Perfil=Administrador | Tela=Geral | Acao=Smoke test aprovado: Fornecedores:ExcluirSomenteSelecionado (1703 ms). | ErroTecnico= | StackTrace=
DataHora=2026-09-26T14:05:57.6134616-03:00 | Nivel=INFO | Usuario=Smoke Test | Perfil=Administrador | Tela=Geral | Acao=Smoke test iniciando: Fornecedores:EditarPrazoCategoriaContatoRefleteFicha. | ErroTecnico= | StackTrace=
DataHora=2026-09-26T14:05:57.7026282-03:00 | Nivel=INFO | Usuario=Smoke Test | Perfil=Administrador | Tela=Fornecedores | Acao=Sucesso: Fornecedor Fornecedor Exclusao Edicao 20260926140557615-a50cc4daabd44c309a4f8669547b4cf9 atualizado com sucesso! | ErroTecnico= | StackTrace=
DataHora=2026-09-26T14:05:57.7040181-03:00 | Nivel=INFO | Usuario=Smoke Test | Perfil=Administrador | Tela=Fornecedores | Acao=DialogResult suprimido em automacao para 'EditarFornecedorWindow': DialogResult somente pode ser definido após Window ser criado e exibido como caixa de diálogo. | ErroTecnico= | StackTrace=
DataHora=2026-09-26T14:05:58.3979156-03:00 | Nivel=INFO | Usuario=Smoke Test | Perfil=Administrador | Tela=Geral | Acao=Smoke test aprovado: Fornecedores:EditarPrazoCategoriaContatoRefleteFicha (784 ms). | ErroTecnico= | StackTrace=
DataHora=2026-09-26T14:05:58.3987493-03:00 | Nivel=INFO | Usuario=Smoke Test | Perfil=Administrador | Tela=Geral | Acao=Smoke test iniciando: Clientes:LGPDAtalhosOperacionais. | ErroTecnico= | StackTrace=
DataHora=2026-09-26T14:05:59.4641316-03:00 | Nivel=INFO | Usuario=Smoke Test | Perfil=Administrador | Tela=Clientes | Acao=WhatsApp do cliente validado em automacao para o telefone 5511988880001. | ErroTecnico= | StackTrace=
DataHora=2026-09-26T14:06:00.4629083-03:00 | Nivel=INFO | Usuario=Smoke Test | Perfil=Administrador | Tela=Clientes | Acao=Janela de nova OS por atalho de cliente validada em automacao sem abrir modal bloqueante. | ErroTecnico= | StackTrace=
DataHora=2026-09-26T14:06:01.3764182-03:00 | Nivel=INFO | Usuario=Smoke Test | Perfil=Administrador | Tela=Clientes | Acao=Janela de novo orcamento por atalho de cliente validada em automacao sem abrir modal bloqueante. | ErroTecnico= | StackTrace=
DataHora=2026-09-26T14:06:02.0120087-03:00 | Nivel=INFO | Usuario=Smoke Test | Perfil=Administrador | Tela=Geral | Acao=Smoke test aprovado: Clientes:LGPDAtalhosOperacionais (3613 ms). | ErroTecnico= | StackTrace=
DataHora=2026-09-26T14:06:02.0128404-03:00 | Nivel=INFO | Usuario=Smoke Test | Perfil=Administrador | Tela=Geral | Acao=Smoke test iniciando: Clientes:CadastroCompletoPelaTela. | ErroTecnico= | StackTrace=
DataHora=2026-09-26T14:06:02.1606330-03:00 | Nivel=INFO | Usuario=Smoke Test | Perfil=Administrador | Tela=Clientes | Acao=Arquivo sintetico de cliente gerado em 'C:\Users\campo\AppData\Local\Temp\primox-c113-smoke-20260926_140533\Clientes\Automacao\documento-cliente-smoke.txt'. | ErroTecnico= | StackTrace=
DataHora=2026-09-26T14:06:02.1615834-03:00 | Nivel=INFO | Usuario=Smoke Test | Perfil=Administrador | Tela=Clientes | Acao=Documento: Documento sintetico vinculado ao cadastro em automacao. | ErroTecnico= | StackTrace=
DataHora=2026-09-26T14:06:02.7901324-03:00 | Nivel=INFO | Usuario=Smoke Test | Perfil=Administrador | Tela=Geral | Acao=Assinatura digital registrada para cliente 'Cliente Cadastro Completo 140602015' em 'C:\Users\campo\AppData\Local\Temp\primox-c113-smoke-20260926_140533\Clientes\Assinaturas\20260926140602_Cliente_Cadastro_Completo_140602015_dcf2cdb791464510ac22570d0ab525ab.txt'. | ErroTecnico= | StackTrace=
DataHora=2026-09-26T14:06:02.7910800-03:00 | Nivel=INFO | Usuario=Smoke Test | Perfil=Administrador | Tela=Clientes | Acao=Assinatura Digital: Assinatura digital registrada e vinculada ao cadastro. | ErroTecnico= | StackTrace=
DataHora=2026-09-26T14:06:04.0594089-03:00 | Nivel=INFO | Usuario=Smoke Test | Perfil=Administrador | Tela=Clientes | Acao=Sucesso: Cliente Cliente Cadastro Completo 140602015 salvo com sucesso! | ErroTecnico= | StackTrace=
DataHora=2026-09-26T14:06:04.0603750-03:00 | Nivel=INFO | Usuario=Smoke Test | Perfil=Administrador | Tela=Clientes | Acao=DialogResult suprimido em automacao para 'NovoClienteWindow': DialogResult somente pode ser definido após Window ser criado e exibido como caixa de diálogo. | ErroTecnico= | StackTrace=
DataHora=2026-09-26T14:06:04.8733111-03:00 | Nivel=INFO | Usuario=Smoke Test | Perfil=Administrador | Tela=Geral | Acao=Bloqueio criado: Cliente/d421cb46-f82e-42e7-979d-dc3293e1e001 por Smoke Test em CIRO. Expira em 30 minutos. | ErroTecnico= | StackTrace=
DataHora=2026-09-26T14:06:04.9178965-03:00 | Nivel=INFO | Usuario=Smoke Test | Perfil=Administrador | Tela=Geral | Acao=Bloqueio liberado: Cliente/d421cb46-f82e-42e7-979d-dc3293e1e001 por Smoke Test. | ErroTecnico= | StackTrace=
DataHora=2026-09-26T14:06:09.9598171-03:00 | Nivel=WARN | Usuario=Smoke Test | Perfil=Administrador | Tela=Geral | Acao=Smoke test: janela EditarClienteWindow nao ficou visivel apos 5s. | ErroTecnico= | StackTrace=
DataHora=2026-09-26T14:06:09.9662486-03:00 | Nivel=INFO | Usuario=Smoke Test | Perfil=Administrador | Tela=Clientes | Acao=Sucesso: Cliente atualizado com sucesso! | ErroTecnico= | StackTrace=
DataHora=2026-09-26T14:06:09.9671467-03:00 | Nivel=INFO | Usuario=Smoke Test | Perfil=Administrador | Tela=Clientes | Acao=DialogResult suprimido em automacao para 'EditarClienteWindow': DialogResult somente pode ser definido após Window ser criado e exibido como caixa de diálogo. | ErroTecnico= | StackTrace=
DataHora=2026-09-26T14:06:10.7041922-03:00 | Nivel=INFO | Usuario=Smoke Test | Perfil=Administrador | Tela=Geral | Acao=Smoke test aprovado: Clientes:CadastroCompletoPelaTela (8691 ms). | ErroTecnico= | StackTrace=
DataHora=2026-09-26T14:06:10.7050525-03:00 | Nivel=INFO | Usuario=Smoke Test | Perfil=Administrador | Tela=Geral | Acao=Smoke test iniciando: Clientes:AnexosAssinatura. | ErroTecnico= | StackTrace=
DataHora=2026-09-26T14:06:15.8763814-03:00 | Nivel=WARN | Usuario=Smoke Test | Perfil=Administrador | Tela=Geral | Acao=Smoke test: janela VisualizarClienteWindow nao ficou visivel apos 5s. | ErroTecnico= | StackTrace=
DataHora=2026-09-26T14:06:15.8779496-03:00 | Nivel=INFO | Usuario=Smoke Test | Perfil=Administrador | Tela=Clientes | Acao=Abertura de documento validada em automacao sem executar aplicativo externo. | ErroTecnico= | StackTrace=
DataHora=2026-09-26T14:06:16.5152346-03:00 | Nivel=INFO | Usuario=Smoke Test | Perfil=Administrador | Tela=Clientes | Acao=Abertura de assinatura validada em automacao sem executar aplicativo externo. | ErroTecnico= | StackTrace=
DataHora=2026-09-26T14:06:17.2270374-03:00 | Nivel=INFO | Usuario=Smoke Test | Perfil=Administrador | Tela=Geral | Acao=Bloqueio criado: Cliente/746b796b-3293-4f68-96bf-13143ef83b92 por Smoke Test em CIRO. Expira em 30 minutos. | ErroTecnico= | StackTrace=
DataHora=2026-09-26T14:06:17.2679858-03:00 | Nivel=INFO | Usuario=Smoke Test | Perfil=Administrador | Tela=Clientes | Acao=Abertura de documento validada em automacao sem executar aplicativo externo. | ErroTecnico= | StackTrace=
DataHora=2026-09-26T14:06:17.9094474-03:00 | Nivel=INFO | Usuario=Smoke Test | Perfil=Administrador | Tela=Clientes | Acao=Abertura de assinatura validada em automacao sem executar aplicativo externo. | ErroTecnico= | StackTrace=
DataHora=2026-09-26T14:06:18.5422567-03:00 | Nivel=INFO | Usuario=Smoke Test | Perfil=Administrador | Tela=Geral | Acao=Bloqueio liberado: Cliente/746b796b-3293-4f68-96bf-13143ef83b92 por Smoke Test. | ErroTecnico= | StackTrace=
DataHora=2026-09-26T14:06:18.5430122-03:00 | Nivel=INFO | Usuario=Smoke Test | Perfil=Administrador | Tela=Geral | Acao=Smoke test aprovado: Clientes:AnexosAssinatura (7837 ms). | ErroTecnico= | StackTrace=
DataHora=2026-09-26T14:06:18.5437693-03:00 | Nivel=INFO | Usuario=Smoke Test | Perfil=Administrador | Tela=Geral | Acao=Smoke test iniciando: Dashboard:IndicadoresReaisAtalhos. | ErroTecnico= | StackTrace=
DataHora=2026-09-26T14:06:18.5537079-03:00 | Nivel=INFO | Usuario=Smoke Test | Perfil=Administrador | Tela=Geral | Acao=Venda '3d8a359e-7f39-4089-bdd9-36097799af15' registrada com 1 item(ns) e total R$ 25,00. | ErroTecnico= | StackTrace=
DataHora=2026-09-26T14:06:18.6028595-03:00 | Nivel=INFO | Usuario=Smoke Test | Perfil=Administrador | Tela=Geral | Acao=Adicionado ao cache: Dashboard | ErroTecnico= | StackTrace=
DataHora=2026-09-26T14:06:18.6035250-03:00 | Nivel=INFO | Usuario=Smoke Test | Perfil=Administrador | Tela=Geral | Acao=Navegacao registrada: Dashboard | ErroTecnico= | StackTrace=
DataHora=2026-09-26T14:06:18.6040839-03:00 | Nivel=INFO | Usuario=Smoke Test | Perfil=Administrador | Tela=Geral | Acao=Navegacao concluida para o modulo 'Dashboard'. | ErroTecnico= | StackTrace=
DataHora=2026-09-26T14:06:19.5502453-03:00 | Nivel=INFO | Usuario=Smoke Test | Perfil=Administrador | Tela=Financeiro | Acao=ObterMovimentacoes(limit=1200) concluida em 17 ms. | ErroTecnico= | StackTrace=
DataHora=2026-09-26T14:06:19.6740713-03:00 | Nivel=INFO | Usuario=Smoke Test | Perfil=Administrador | Tela=Financeiro | Acao=ObterMovimentacoes(limit=1200) concluida em 2 ms. | ErroTecnico= | StackTrace=
DataHora=2026-09-26T14:06:19.7649015-03:00 | Nivel=INFO | Usuario=Smoke Test | Perfil=Administrador | Tela=Financeiro | Acao=ObterMovimentacoes(limit=1200) concluida em 2 ms. | ErroTecnico= | StackTrace=
DataHora=2026-09-26T14:06:19.7708638-03:00 | Nivel=INFO | Usuario=Smoke Test | Perfil=Administrador | Tela=Geral | Acao=Adicionado ao cache: Financeiro | ErroTecnico= | StackTrace=
DataHora=2026-09-26T14:06:19.7714506-03:00 | Nivel=INFO | Usuario=Smoke Test | Perfil=Administrador | Tela=Geral | Acao=Navegacao registrada: Financeiro | ErroTecnico= | StackTrace=
DataHora=2026-09-26T14:06:19.7720268-03:00 | Nivel=INFO | Usuario=Smoke Test | Perfil=Administrador | Tela=Geral | Acao=Navegacao concluida para o modulo 'Financeiro'. | ErroTecnico= | StackTrace=
DataHora=2026-09-26T14:06:20.1569086-03:00 | Nivel=INFO | Usuario=Smoke Test | Perfil=Administrador | Tela=Financeiro | Acao=ObterMovimentacoes(limit=1200) concluida em 2 ms. | ErroTecnico= | StackTrace=
DataHora=2026-09-26T14:06:20.1719620-03:00 | Nivel=INFO | Usuario=Smoke Test | Perfil=Administrador | Tela=Financeiro | Acao=ObterMovimentacoes(limit=1200) concluida em 2 ms. | ErroTecnico= | StackTrace=
DataHora=2026-09-26T14:06:20.2325861-03:00 | Nivel=INFO | Usuario=Smoke Test | Perfil=Administrador | Tela=Financeiro | Acao=ObterMovimentacoes(limit=1200) concluida em 2 ms. | ErroTecnico= | StackTrace=
DataHora=2026-09-26T14:06:21.3779691-03:00 | Nivel=INFO | Usuario=Smoke Test | Perfil=Administrador | Tela=Geral | Acao=Smoke test aprovado: Dashboard:IndicadoresReaisAtalhos (2834 ms). | ErroTecnico= | StackTrace=
DataHora=2026-09-26T14:06:21.3789053-03:00 | Nivel=INFO | Usuario=Smoke Test | Perfil=Administrador | Tela=Geral | Acao=Smoke test iniciando: Veiculos:CadastroCompletoPelaTela. | ErroTecnico= | StackTrace=
DataHora=2026-09-26T14:06:22.3608307-03:00 | Nivel=INFO | Usuario=Smoke Test | Perfil=Administrador | Tela=Veiculos | Acao=DialogResult suprimido em automacao para 'NovoVeiculoWindow': DialogResult somente pode ser definido após Window ser criado e exibido como caixa de diálogo. | ErroTecnico= | StackTrace=
DataHora=2026-09-26T14:06:23.0111781-03:00 | Nivel=INFO | Usuario=Smoke Test | Perfil=Administrador | Tela=Geral | Acao=Smoke test aprovado: Veiculos:CadastroCompletoPelaTela (1632 ms). | ErroTecnico= | StackTrace=
DataHora=2026-09-26T14:06:23.0119665-03:00 | Nivel=INFO | Usuario=Smoke Test | Perfil=Administrador | Tela=Geral | Acao=Smoke test iniciando: Veiculos:AlertasMidiaDocumentos. | ErroTecnico= | StackTrace=
DataHora=2026-09-26T14:06:23.7184507-03:00 | Nivel=INFO | Usuario=Smoke Test | Perfil=Administrador | Tela=Geral | Acao=Smoke test aprovado: Veiculos:AlertasMidiaDocumentos (706 ms). | ErroTecnico= | StackTrace=
DataHora=2026-09-26T14:06:23.7191916-03:00 | Nivel=INFO | Usuario=Smoke Test | Perfil=Administrador | Tela=Geral | Acao=Smoke test iniciando: Veiculos:ExportacaoCsvPelaTela. | ErroTecnico= | StackTrace=
DataHora=2026-09-26T14:06:24.3530879-03:00 | Nivel=INFO | Usuario=Smoke Test | Perfil=Administrador | Tela=Geral | Acao=Exportacao de veiculos validada em automacao: C:\Users\campo\AppData\Local\Temp\primox-c113-smoke-20260926_140533\Exports\veiculos_20260926140624.csv | ErroTecnico= | StackTrace=
DataHora=2026-09-26T14:06:24.9923626-03:00 | Nivel=INFO | Usuario=Smoke Test | Perfil=Administrador | Tela=Geral | Acao=Smoke test aprovado: Veiculos:ExportacaoCsvPelaTela (1273 ms). | ErroTecnico= | StackTrace=
DataHora=2026-09-26T14:06:24.9933688-03:00 | Nivel=INFO | Usuario=Smoke Test | Perfil=Administrador | Tela=Geral | Acao=Smoke test iniciando: AutoEletrica:CatalogosTecnicosObrigatorios. | ErroTecnico= | StackTrace=
DataHora=2026-09-26T14:06:25.0055392-03:00 | Nivel=INFO | Usuario=Smoke Test | Perfil=Administrador | Tela=Geral | Acao=Smoke test aprovado: AutoEletrica:CatalogosTecnicosObrigatorios (12 ms). | ErroTecnico= | StackTrace=
DataHora=2026-09-26T14:06:25.0061518-03:00 | Nivel=INFO | Usuario=Smoke Test | Perfil=Administrador | Tela=Geral | Acao=Smoke test iniciando: AutoEletrica:ProntuarioPersistenteVeiculo. | ErroTecnico= | StackTrace=
DataHora=2026-09-26T14:06:25.0185309-03:00 | Nivel=INFO | Usuario=Smoke Test | Perfil=Administrador | Tela=Geral | Acao=Smoke test aprovado: AutoEletrica:ProntuarioPersistenteVeiculo (12 ms). | ErroTecnico= | StackTrace=
DataHora=2026-09-26T14:06:25.0191554-03:00 | Nivel=INFO | Usuario=Smoke Test | Perfil=Administrador | Tela=Geral | Acao=Smoke test iniciando: AutoEletrica:DiagnosticoGeraOrcamento. | ErroTecnico= | StackTrace=
DataHora=2026-09-26T14:06:25.0344361-03:00 | Nivel=INFO | Usuario=Smoke Test | Perfil=Administrador | Tela=Geral | Acao=Smoke test aprovado: AutoEletrica:DiagnosticoGeraOrcamento (15 ms). | ErroTecnico= | StackTrace=
DataHora=2026-09-26T14:06:25.0351030-03:00 | Nivel=INFO | Usuario=Smoke Test | Perfil=Administrador | Tela=Geral | Acao=Smoke test iniciando: AutoEletrica:HistoricoDefeitosRecorrentes. | ErroTecnico= | StackTrace=
DataHora=2026-09-26T14:06:25.0553039-03:00 | Nivel=INFO | Usuario=Smoke Test | Perfil=Administrador | Tela=Geral | Acao=OS 'aad7f566-ce26-4b4e-a098-43a2c4b7297f' integrada ao financeiro. Total=R$ 105,00. | ErroTecnico= | StackTrace=
DataHora=2026-09-26T14:06:25.0584734-03:00 | Nivel=INFO | Usuario=Smoke Test | Perfil=Administrador | Tela=Geral | Acao=OS '183bce0f-3100-4946-bc0a-8a2f06824c64' integrada ao financeiro. Total=R$ 105,00. | ErroTecnico= | StackTrace=
DataHora=2026-09-26T14:06:25.1410849-03:00 | Nivel=ERROR | Usuario=Smoke Test | Perfil=Administrador | Tela=Geral | Acao=Smoke test falhou: AutoEletrica:HistoricoDefeitosRecorrentes | ErroTecnico=System.InvalidOperationException: Historico de defeitos recorrentes nao consolidou retorno, pecas, garantia, modelo e tempo medio. | StackTrace=   at PrimoAutoEletrica.Services.UiSmokeTestService.<>c__DisplayClass15_0.<RunAutoEletricaTecnicaChecks>b__3() in C:\Projetos\PrimoAutoEletrica\PrimoAutoEletrica\Services\UiSmokeTestService.AutoEletrica.cs:line 212\r\n   at PrimoAutoEletrica.Services.UiSmokeTestService.RunCheck(UiSmokeTestRunResult result, String name, Action action) in C:\Projetos\PrimoAutoEletrica\PrimoAutoEletrica\Services\UiSmokeTestService.cs:line 508
DataHora=2026-09-26T14:06:25.1417855-03:00 | Nivel=INFO | Usuario=Smoke Test | Perfil=Administrador | Tela=Geral | Acao=Smoke test iniciando: AutoEletrica:TelaCarregaEAcoes. | ErroTecnico= | StackTrace=
DataHora=2026-09-26T14:06:26.5526520-03:00 | Nivel=INFO | Usuario=Smoke Test | Perfil=Administrador | Tela=Geral | Acao=Auto eletrica tecnica: Orcamento ORC-20260926-0003 gerado em rascunho a partir do diagnostico. | ErroTecnico= | StackTrace=
DataHora=2026-09-26T14:06:27.1851635-03:00 | Nivel=INFO | Usuario=Smoke Test | Perfil=Administrador | Tela=Geral | Acao=Smoke test aprovado: AutoEletrica:TelaCarregaEAcoes (2043 ms). | ErroTecnico= | StackTrace=
DataHora=2026-09-26T14:06:27.1858459-03:00 | Nivel=INFO | Usuario=Smoke Test | Perfil=Administrador | Tela=Geral | Acao=Smoke test iniciando: MainWindow:NavegaAutoEletricaTecnica. | ErroTecnico= | StackTrace=
DataHora=2026-09-26T14:06:27.2396828-03:00 | Nivel=INFO | Usuario=Smoke Test | Perfil=Administrador | Tela=Geral | Acao=Adicionado ao cache: Dashboard | ErroTecnico= | StackTrace=
DataHora=2026-09-26T14:06:27.2403271-03:00 | Nivel=INFO | Usuario=Smoke Test | Perfil=Administrador | Tela=Geral | Acao=Navegacao registrada: Dashboard | ErroTecnico= | StackTrace=
DataHora=2026-09-26T14:06:27.2408855-03:00 | Nivel=INFO | Usuario=Smoke Test | Perfil=Administrador | Tela=Geral | Acao=Navegacao concluida para o modulo 'Dashboard'. | ErroTecnico= | StackTrace=
DataHora=2026-09-26T14:06:27.4186870-03:00 | Nivel=INFO | Usuario=Smoke Test | Perfil=Administrador | Tela=Geral | Acao=Adicionado ao cache: AutoEletricaTecnica | ErroTecnico= | StackTrace=
DataHora=2026-09-26T14:06:27.4193748-03:00 | Nivel=INFO | Usuario=Smoke Test | Perfil=Administrador | Tela=Geral | Acao=Navegacao registrada: AutoEletricaTecnica | ErroTecnico= | StackTrace=
DataHora=2026-09-26T14:06:27.4199451-03:00 | Nivel=INFO | Usuario=Smoke Test | Perfil=Administrador | Tela=Geral | Acao=Navegacao concluida para o modulo 'AutoEletricaTecnica'. | ErroTecnico= | StackTrace=
DataHora=2026-09-26T14:06:27.4820112-03:00 | Nivel=INFO | Usuario=Smoke Test | Perfil=Administrador | Tela=Geral | Acao=Smoke test aprovado: MainWindow:NavegaAutoEletricaTecnica (296 ms). | ErroTecnico= | StackTrace=
DataHora=2026-09-26T14:06:27.4829251-03:00 | Nivel=INFO | Usuario=Smoke Test | Perfil=Administrador | Tela=Geral | Acao=Smoke test iniciando: OrdensServico:CadastroCompletoPelaTela. | ErroTecnico= | StackTrace=
DataHora=2026-09-26T14:06:30.5651051-03:00 | Nivel=INFO | Usuario=Smoke Test | Perfil=Administrador | Tela=OrdensServico | Acao=DialogResult suprimido em automacao para 'OrdemServicoWindow': DialogResult somente pode ser definido após Window ser criado e exibido como caixa de diálogo. | ErroTecnico= | StackTrace=
DataHora=2026-09-26T14:06:31.2208061-03:00 | Nivel=INFO | Usuario=Smoke Test | Perfil=Administrador | Tela=Geral | Acao=Smoke test aprovado: OrdensServico:CadastroCompletoPelaTela (3737 ms). | ErroTecnico= | StackTrace=
DataHora=2026-09-26T14:06:31.2214503-03:00 | Nivel=INFO | Usuario=Smoke Test | Perfil=Administrador | Tela=Geral | Acao=Smoke test iniciando: OrdensServico:MidiasChecklistFinanceiro. | ErroTecnico= | StackTrace=
DataHora=2026-09-26T14:06:32.9883130-03:00 | Nivel=INFO | Usuario=Smoke Test | Perfil=Administrador | Tela=Geral | Acao=OS '01ca7230-a119-4199-ab1a-72d8364f2bc9' integrada ao financeiro. Total=R$ 105,00. | ErroTecnico= | StackTrace=
DataHora=2026-09-26T14:06:33.7550970-03:00 | Nivel=INFO | Usuario=Smoke Test | Perfil=Administrador | Tela=Geral | Acao=OS '01ca7230-a119-4199-ab1a-72d8364f2bc9' integrada ao financeiro. Total=R$ 105,00. | ErroTecnico= | StackTrace=
DataHora=2026-09-26T14:06:33.7584937-03:00 | Nivel=INFO | Usuario=Smoke Test | Perfil=Administrador | Tela=Geral | Acao=OS '01ca7230-a119-4199-ab1a-72d8364f2bc9' integrada ao financeiro. Total=R$ 105,00. | ErroTecnico= | StackTrace=
DataHora=2026-09-26T14:06:34.5283417-03:00 | Nivel=INFO | Usuario=Smoke Test | Perfil=Administrador | Tela=Geral | Acao=Envio ao cliente validado em automacao para OS OS-2026-0027. PDF gerado em 'C:\Users\campo\OneDrive\Documentos\PrimoAutoEletrica\PDFs\OS_OS-2026-0027_20260926_140634.pdf' sem abrir apps externos. | ErroTecnico= | StackTrace=
DataHora=2026-09-26T14:06:35.1737185-03:00 | Nivel=INFO | Usuario=Smoke Test | Perfil=Administrador | Tela=Geral | Acao=Impressao da OS OS-2026-0027 validada em automacao sem abrir dialogo de impressora. | ErroTecnico= | StackTrace=
DataHora=2026-09-26T14:06:36.1525318-03:00 | Nivel=INFO | Usuario=Smoke Test | Perfil=Administrador | Tela=Geral | Acao=Bloqueio criado: OrdemServico/01ca7230-a119-4199-ab1a-72d8364f2bc9 por Smoke Test em CIRO. Expira em 30 minutos. | ErroTecnico= | StackTrace=
DataHora=2026-09-26T14:06:36.2632308-03:00 | Nivel=INFO | Usuario=Smoke Test | Perfil=Administrador | Tela=Geral | Acao=Bloqueio liberado: OrdemServico/01ca7230-a119-4199-ab1a-72d8364f2bc9 por Smoke Test. | ErroTecnico= | StackTrace=
DataHora=2026-09-26T14:06:36.2640180-03:00 | Nivel=INFO | Usuario=Smoke Test | Perfil=Administrador | Tela=Geral | Acao=Smoke test aprovado: OrdensServico:MidiasChecklistFinanceiro (5042 ms). | ErroTecnico= | StackTrace=
DataHora=2026-09-26T14:06:36.2648361-03:00 | Nivel=INFO | Usuario=Smoke Test | Perfil=Administrador | Tela=Geral | Acao=Smoke test iniciando: OficinaKanban:SnapshotTimelineComunicacao. | ErroTecnico= | StackTrace=
DataHora=2026-09-26T14:06:36.5207073-03:00 | Nivel=INFO | Usuario=Smoke Test | Perfil=Administrador | Tela=Geral | Acao=Smoke test aprovado: OficinaKanban:SnapshotTimelineComunicacao (255 ms). | ErroTecnico= | StackTrace=
DataHora=2026-09-26T14:06:36.5213726-03:00 | Nivel=INFO | Usuario=Smoke Test | Perfil=Administrador | Tela=Geral | Acao=Smoke test iniciando: OficinaKanban:OrcamentoWhatsAppAprovacaoRecusa. | ErroTecnico= | StackTrace=
DataHora=2026-09-26T14:06:36.5525646-03:00 | Nivel=INFO | Usuario=Smoke Test | Perfil=Administrador | Tela=Geral | Acao=Smoke test aprovado: OficinaKanban:OrcamentoWhatsAppAprovacaoRecusa (31 ms). | ErroTecnico= | StackTrace=
DataHora=2026-09-26T14:06:36.5532304-03:00 | Nivel=INFO | Usuario=Smoke Test | Perfil=Administrador | Tela=Geral | Acao=Smoke test iniciando: OficinaKanban:AssinaturaDigitalCanvas. | ErroTecnico= | StackTrace=
DataHora=2026-09-26T14:06:37.3427753-03:00 | Nivel=INFO | Usuario=Smoke Test | Perfil=Administrador | Tela=Geral | Acao=Smoke test aprovado: OficinaKanban:AssinaturaDigitalCanvas (789 ms). | ErroTecnico= | StackTrace=
DataHora=2026-09-26T14:06:37.3435731-03:00 | Nivel=INFO | Usuario=Smoke Test | Perfil=Administrador | Tela=Geral | Acao=Smoke test iniciando: OficinaKanban:TelaCarregaEAcoes. | ErroTecnico= | StackTrace=
DataHora=2026-09-26T14:06:39.5582498-03:00 | Nivel=INFO | Usuario=Smoke Test | Perfil=Administrador | Tela=Geral | Acao=Abertura da OS OS-2026-0025 validada em automacao pelo Kanban. | ErroTecnico= | StackTrace=
DataHora=2026-09-26T14:06:40.1960781-03:00 | Nivel=INFO | Usuario=Smoke Test | Perfil=Administrador | Tela=Geral | Acao=Smoke test aprovado: OficinaKanban:TelaCarregaEAcoes (2852 ms). | ErroTecnico= | StackTrace=
DataHora=2026-09-26T14:06:40.1967955-03:00 | Nivel=INFO | Usuario=Smoke Test | Perfil=Administrador | Tela=Geral | Acao=Smoke test iniciando: MainWindow:NavegaOficinaKanban. | ErroTecnico= | StackTrace=
DataHora=2026-09-26T14:06:40.2875066-03:00 | Nivel=INFO | Usuario=Smoke Test | Perfil=Administrador | Tela=Geral | Acao=Adicionado ao cache: Dashboard | ErroTecnico= | StackTrace=
DataHora=2026-09-26T14:06:40.2881792-03:00 | Nivel=INFO | Usuario=Smoke Test | Perfil=Administrador | Tela=Geral | Acao=Navegacao registrada: Dashboard | ErroTecnico= | StackTrace=
DataHora=2026-09-26T14:06:40.2887373-03:00 | Nivel=INFO | Usuario=Smoke Test | Perfil=Administrador | Tela=Geral | Acao=Navegacao concluida para o modulo 'Dashboard'. | ErroTecnico= | StackTrace=
DataHora=2026-09-26T14:06:40.6530518-03:00 | Nivel=INFO | Usuario=Smoke Test | Perfil=Administrador | Tela=Geral | Acao=Adicionado ao cache: OficinaKanban | ErroTecnico= | StackTrace=
DataHora=2026-09-26T14:06:40.6536772-03:00 | Nivel=INFO | Usuario=Smoke Test | Perfil=Administrador | Tela=Geral | Acao=Navegacao registrada: OficinaKanban | ErroTecnico= | StackTrace=
DataHora=2026-09-26T14:06:40.6544162-03:00 | Nivel=INFO | Usuario=Smoke Test | Perfil=Administrador | Tela=Geral | Acao=Navegacao concluida para o modulo 'OficinaKanban'. | ErroTecnico= | StackTrace=
DataHora=2026-09-26T14:06:40.6566439-03:00 | Nivel=INFO | Usuario=Smoke Test | Perfil=Administrador | Tela=Geral | Acao=Smoke test aprovado: MainWindow:NavegaOficinaKanban (459 ms). | ErroTecnico= | StackTrace=
DataHora=2026-09-26T14:06:40.6573426-03:00 | Nivel=INFO | Usuario=Smoke Test | Perfil=Administrador | Tela=Geral | Acao=Smoke test iniciando: Orcamentos:ConversoesPdfWhatsAppAlertas. | ErroTecnico= | StackTrace=
DataHora=2026-09-26T14:06:41.6622776-03:00 | Nivel=INFO | Usuario=Smoke Test | Perfil=Administrador | Tela=Geral | Acao=Exportacao PDF do orcamento 'ORC-20260926-0001' validada em automacao: C:\Users\campo\AppData\Local\Temp\primox-c113-smoke-20260926_140533\Logs\orcamentos-smoke\Orcamento_ORC-20260926-0001_20260926140641631.pdf | ErroTecnico= | StackTrace=
DataHora=2026-09-26T14:06:42.2907011-03:00 | Nivel=INFO | Usuario=Smoke Test | Perfil=Administrador | Tela=Geral | Acao=Compartilhamento WhatsApp do orcamento 'ORC-20260926-0001' validado em automacao. | ErroTecnico= | StackTrace=
DataHora=2026-09-26T14:06:43.2562928-03:00 | Nivel=INFO | Usuario=Smoke Test | Perfil=Administrador | Tela=Geral | Acao=Orcamento '27d1aa14-43f3-4a41-8b22-732811f9fd46' aprovado comercialmente. | ErroTecnico= | StackTrace=
DataHora=2026-09-26T14:06:43.3680683-03:00 | Nivel=INFO | Usuario=Smoke Test | Perfil=Administrador | Tela=Geral | Acao=Orcamento '27d1aa14-43f3-4a41-8b22-732811f9fd46' convertido em OS 'd7f88d64-5b6f-4267-81ec-fe16d06deca3'. | ErroTecnico= | StackTrace=
DataHora=2026-09-26T14:06:43.4878579-03:00 | Nivel=INFO | Usuario=Smoke Test | Perfil=Administrador | Tela=Geral | Acao=Venda '655c4dec-79a8-40dc-9d95-56a89242a5a0' registrada com 1 item(ns) e total R$ 25,00. | ErroTecnico= | StackTrace=
DataHora=2026-09-26T14:06:43.4920291-03:00 | Nivel=INFO | Usuario=Smoke Test | Perfil=Administrador | Tela=Geral | Acao=Orcamento '032071af-4d4f-4687-bc40-bce88022c566' integrado ao financeiro. Total=R$ 25,00; PagamentoImediato=True. | ErroTecnico= | StackTrace=
DataHora=2026-09-26T14:06:43.5941498-03:00 | Nivel=INFO | Usuario=Smoke Test | Perfil=Administrador | Tela=Geral | Acao=Orcamento '032071af-4d4f-4687-bc40-bce88022c566' convertido em venda '655c4dec-79a8-40dc-9d95-56a89242a5a0'. | ErroTecnico= | StackTrace=
DataHora=2026-09-26T14:06:43.6003427-03:00 | Nivel=INFO | Usuario=Smoke Test | Perfil=Administrador | Tela=Geral | Acao=Smoke test aprovado: Orcamentos:ConversoesPdfWhatsAppAlertas (2942 ms). | ErroTecnico= | StackTrace=
DataHora=2026-09-26T14:06:43.6011671-03:00 | Nivel=INFO | Usuario=Smoke Test | Perfil=Administrador | Tela=Geral | Acao=Smoke test iniciando: Dvi:OrcamentoOsFluxoLight1280. | ErroTecnico= | StackTrace=
DataHora=2026-09-26T14:06:52.5776869-03:00 | Nivel=INFO | Usuario=Smoke Test | Perfil=Administrador | Tela=Geral | Acao=Orcamento '3157414d-0050-46e9-b81d-0e4d7105024e' aprovado comercialmente. | ErroTecnico= | StackTrace=
DataHora=2026-09-26T14:06:52.6834621-03:00 | Nivel=INFO | Usuario=Smoke Test | Perfil=Administrador | Tela=Geral | Acao=Orcamento '3157414d-0050-46e9-b81d-0e4d7105024e' convertido em OS 'bec3143e-beef-45fc-b4da-e669e4535732'. | ErroTecnico= | StackTrace=
DataHora=2026-09-26T14:06:53.1201508-03:00 | Nivel=INFO | Usuario=Smoke Test | Perfil=Administrador | Tela=Geral | Acao=Bloqueio criado: OrdemServico/bec3143e-beef-45fc-b4da-e669e4535732 por Smoke Test em CIRO. Expira em 30 minutos. | ErroTecnico= | StackTrace=
DataHora=2026-09-26T14:06:53.8371656-03:00 | Nivel=INFO | Usuario=Smoke Test | Perfil=Administrador | Tela=Geral | Acao=Bloqueio liberado: OrdemServico/bec3143e-beef-45fc-b4da-e669e4535732 por Smoke Test. | ErroTecnico= | StackTrace=
DataHora=2026-09-26T14:06:53.8430577-03:00 | Nivel=INFO | Usuario=Smoke Test | Perfil=Administrador | Tela=Geral | Acao=Smoke test aprovado: Dvi:OrcamentoOsFluxoLight1280 (10241 ms). | ErroTecnico= | StackTrace=
DataHora=2026-09-26T14:06:53.8436303-03:00 | Nivel=INFO | Usuario=Smoke Test | Perfil=Administrador | Tela=Geral | Acao=Smoke test iniciando: Dvi:OrcamentoOsFluxoDark1280. | ErroTecnico= | StackTrace=
DataHora=2026-09-26T14:07:02.8074553-03:00 | Nivel=INFO | Usuario=Smoke Test | Perfil=Administrador | Tela=Geral | Acao=Orcamento 'f1cfdd5e-e7b5-413f-8a68-0d8023f89556' aprovado comercialmente. | ErroTecnico= | StackTrace=
DataHora=2026-09-26T14:07:02.9164833-03:00 | Nivel=INFO | Usuario=Smoke Test | Perfil=Administrador | Tela=Geral | Acao=Orcamento 'f1cfdd5e-e7b5-413f-8a68-0d8023f89556' convertido em OS '008b159d-d49c-4b0c-b49c-298eb90b16da'. | ErroTecnico= | StackTrace=
DataHora=2026-09-26T14:07:03.3410133-03:00 | Nivel=INFO | Usuario=Smoke Test | Perfil=Administrador | Tela=Geral | Acao=Bloqueio criado: OrdemServico/008b159d-d49c-4b0c-b49c-298eb90b16da por Smoke Test em CIRO. Expira em 30 minutos. | ErroTecnico= | StackTrace=
DataHora=2026-09-26T14:07:04.0756154-03:00 | Nivel=INFO | Usuario=Smoke Test | Perfil=Administrador | Tela=Geral | Acao=Bloqueio liberado: OrdemServico/008b159d-d49c-4b0c-b49c-298eb90b16da por Smoke Test. | ErroTecnico= | StackTrace=
DataHora=2026-09-26T14:07:04.0886526-03:00 | Nivel=INFO | Usuario=Smoke Test | Perfil=Administrador | Tela=Geral | Acao=Smoke test aprovado: Dvi:OrcamentoOsFluxoDark1280 (10245 ms). | ErroTecnico= | StackTrace=
DataHora=2026-09-26T14:07:04.0895495-03:00 | Nivel=INFO | Usuario=Smoke Test | Perfil=Administrador | Tela=Geral | Acao=Smoke test iniciando: Documentos:PdfPadronizadosObrigatorios. | ErroTecnico= | StackTrace=
DataHora=2026-09-26T14:07:04.0934051-03:00 | Nivel=INFO | Usuario=Smoke Test | Perfil=Administrador | Tela=Geral | Acao=OS '01ca7230-a119-4199-ab1a-72d8364f2bc9' integrada ao financeiro. Total=R$ 105,00. | ErroTecnico= | StackTrace=
DataHora=2026-09-26T14:07:04.2678826-03:00 | Nivel=INFO | Usuario=Smoke Test | Perfil=Administrador | Tela=Geral | Acao=Smoke test aprovado: Documentos:PdfPadronizadosObrigatorios (178 ms). | ErroTecnico= | StackTrace=
DataHora=2026-09-26T14:07:04.2684691-03:00 | Nivel=INFO | Usuario=Smoke Test | Perfil=Administrador | Tela=Geral | Acao=Smoke test iniciando: Documentos:RoteiroImpressaoManual. | ErroTecnico= | StackTrace=
DataHora=2026-09-26T14:07:04.2695302-03:00 | Nivel=INFO | Usuario=Smoke Test | Perfil=Administrador | Tela=Geral | Acao=Smoke test aprovado: Documentos:RoteiroImpressaoManual (1 ms). | ErroTecnico= | StackTrace=
DataHora=2026-09-26T14:07:04.2701824-03:00 | Nivel=INFO | Usuario=Smoke Test | Perfil=Administrador | Tela=Geral | Acao=Smoke test iniciando: Documentacao:ManualUsuarioManualTecnicoRoadmap. | ErroTecnico= | StackTrace=
DataHora=2026-09-26T14:07:04.2761215-03:00 | Nivel=INFO | Usuario=Smoke Test | Perfil=Administrador | Tela=Geral | Acao=Smoke test aprovado: Documentacao:ManualUsuarioManualTecnicoRoadmap (5 ms). | ErroTecnico= | StackTrace=
DataHora=2026-09-26T14:07:04.2767756-03:00 | Nivel=INFO | Usuario=Smoke Test | Perfil=Administrador | Tela=Geral | Acao=Smoke test iniciando: Agendamentos:VisualizacoesFiltrosConversoes. | ErroTecnico= | StackTrace=
DataHora=2026-09-26T14:07:04.6394133-03:00 | Nivel=INFO | Usuario=Smoke Test | Perfil=Administrador | Tela=Agendamentos | Acao=WhatsApp validado em automacao para agendamento AG-VIS-HOJE-140704278-140704282-1727 (lembrete). | ErroTecnico= | StackTrace=
DataHora=2026-09-26T14:07:05.1858330-03:00 | Nivel=INFO | Usuario=Smoke Test | Perfil=Administrador | Tela=Geral | Acao=Smoke test aprovado: Agendamentos:VisualizacoesFiltrosConversoes (909 ms). | ErroTecnico= | StackTrace=
DataHora=2026-09-26T14:07:05.1865524-03:00 | Nivel=INFO | Usuario=Smoke Test | Perfil=Administrador | Tela=Geral | Acao=Smoke test iniciando: Agendamentos:CheckInCheckOutPelaTela. | ErroTecnico= | StackTrace=
DataHora=2026-09-26T14:07:07.6816609-03:00 | Nivel=INFO | Usuario=Smoke Test | Perfil=Administrador | Tela=Geral | Acao=Agendamento 'e8354744-a761-420f-a7d1-226d39b1aa71' integrado ao financeiro. Total=R$ 115,00, Recebido=R$ 0,00, Aberto=R$ 115,00. | ErroTecnico= | StackTrace=
DataHora=2026-09-26T14:07:07.6916606-03:00 | Nivel=INFO | Usuario=Smoke Test | Perfil=Administrador | Tela=Geral | Acao=Estoque integrado para o agendamento 'e8354744-a761-420f-a7d1-226d39b1aa71' com 1 produto(s). | ErroTecnico= | StackTrace=
DataHora=2026-09-26T14:07:07.6939442-03:00 | Nivel=INFO | Usuario=Smoke Test | Perfil=Administrador | Tela=Geral | Acao=Venda '742646ae-f361-43f8-9a8f-2b01e9043f36' registrada com 1 item(ns) e total R$ 25,00. | ErroTecnico= | StackTrace=
DataHora=2026-09-26T14:07:07.6962283-03:00 | Nivel=INFO | Usuario=Smoke Test | Perfil=Administrador | Tela=Geral | Acao=Agendamento 'e8354744-a761-420f-a7d1-226d39b1aa71' registrado no PDV como venda '742646ae-f361-43f8-9a8f-2b01e9043f36'. | ErroTecnico= | StackTrace=
DataHora=2026-09-26T14:07:08.5107462-03:00 | Nivel=INFO | Usuario=Smoke Test | Perfil=Administrador | Tela=Geral | Acao=Smoke test aprovado: Agendamentos:CheckInCheckOutPelaTela (3324 ms). | ErroTecnico= | StackTrace=
DataHora=2026-09-26T14:07:08.5117726-03:00 | Nivel=INFO | Usuario=Smoke Test | Perfil=Administrador | Tela=Geral | Acao=Smoke test iniciando: Financeiro:GraficosAlertasDivergencia. | ErroTecnico= | StackTrace=
DataHora=2026-09-26T14:07:08.7048260-03:00 | Nivel=INFO | Usuario=Smoke Test | Perfil=Administrador | Tela=Geral | Acao=Venda 'c570d381-a7ec-452a-af30-c2dea2c00616' registrada com 2 item(ns) e total R$ 210,00. | ErroTecnico= | StackTrace=
DataHora=2026-09-26T14:07:08.7084647-03:00 | Nivel=INFO | Usuario=Smoke Test | Perfil=Administrador | Tela=Geral | Acao=OS '01ca7230-a119-4199-ab1a-72d8364f2bc9' integrada ao financeiro. Total=R$ 105,00. | ErroTecnico= | StackTrace=
DataHora=2026-09-26T14:07:08.7140579-03:00 | Nivel=INFO | Usuario=Smoke Test | Perfil=Administrador | Tela=Financeiro | Acao=ObterMovimentacoes(limit=1200) concluida em 2 ms. | ErroTecnico= | StackTrace=
DataHora=2026-09-26T14:07:08.7234455-03:00 | Nivel=INFO | Usuario=Smoke Test | Perfil=Administrador | Tela=Financeiro | Acao=ObterMovimentacoes(limit=1200) concluida em 2 ms. | ErroTecnico= | StackTrace=
DataHora=2026-09-26T14:07:08.7497813-03:00 | Nivel=INFO | Usuario=Smoke Test | Perfil=Administrador | Tela=Financeiro | Acao=ObterMovimentacoes(limit=1200) concluida em 2 ms. | ErroTecnico= | StackTrace=
DataHora=2026-09-26T14:07:08.7543789-03:00 | Nivel=ERROR | Usuario=Smoke Test | Perfil=Administrador | Tela=Geral | Acao=Smoke test falhou: Financeiro:GraficosAlertasDivergencia | ErroTecnico=System.InvalidOperationException: Lucro por servico nao refletiu servicos sinteticos. | StackTrace=   at PrimoAutoEletrica.Services.UiSmokeTestService.ValidarIndicadoresPlanoFinanceiro(FinanceiroViewModel viewModel, String token) in C:\Projetos\PrimoAutoEletrica\PrimoAutoEletrica\Services\UiSmokeTestService.Financeiro.cs:line 435\r\n   at PrimoAutoEletrica.Services.UiSmokeTestService.<RunFinanceiroGraficosAlertasChecks>b__99_0() in C:\Projetos\PrimoAutoEletrica\PrimoAutoEletrica\Services\UiSmokeTestService.Financeiro.cs:line 213\r\n   at PrimoAutoEletrica.Services.UiSmokeTestService.RunCheck(UiSmokeTestRunResult result, String name, Action action) in C:\Projetos\PrimoAutoEletrica\PrimoAutoEletrica\Services\UiSmokeTestService.cs:line 508
DataHora=2026-09-26T14:07:08.7549972-03:00 | Nivel=INFO | Usuario=Smoke Test | Perfil=Administrador | Tela=Geral | Acao=Smoke test iniciando: Financeiro:FiltrosBaixasPelaTela. | ErroTecnico= | StackTrace=
DataHora=2026-09-26T14:07:09.0085432-03:00 | Nivel=INFO | Usuario=Smoke Test | Perfil=Administrador | Tela=Financeiro | Acao=ObterMovimentacoes(limit=1200) concluida em 2 ms. | ErroTecnico= | StackTrace=
DataHora=2026-09-26T14:07:09.0242583-03:00 | Nivel=INFO | Usuario=Smoke Test | Perfil=Administrador | Tela=Financeiro | Acao=ObterMovimentacoes(limit=1200) concluida em 9 ms. | ErroTecnico= | StackTrace=
DataHora=2026-09-26T14:07:09.0503812-03:00 | Nivel=INFO | Usuario=Smoke Test | Perfil=Administrador | Tela=Financeiro | Acao=ObterMovimentacoes(limit=1200) concluida em 2 ms. | ErroTecnico= | StackTrace=
DataHora=2026-09-26T14:07:09.5118621-03:00 | Nivel=INFO | Usuario=Smoke Test | Perfil=Administrador | Tela=Financeiro | Acao=ObterMovimentacoes(limit=1200) concluida em 3 ms. | ErroTecnico= | StackTrace=
DataHora=2026-09-26T14:07:09.5248758-03:00 | Nivel=INFO | Usuario=Smoke Test | Perfil=Administrador | Tela=Financeiro | Acao=ObterMovimentacoes(limit=1200) concluida em 2 ms. | ErroTecnico= | StackTrace=
DataHora=2026-09-26T14:07:09.5962663-03:00 | Nivel=INFO | Usuario=Smoke Test | Perfil=Administrador | Tela=Financeiro | Acao=ObterMovimentacoes(limit=1200) concluida em 2 ms. | ErroTecnico= | StackTrace=
DataHora=2026-09-26T14:07:12.9637484-03:00 | Nivel=INFO | Usuario=Smoke Test | Perfil=Administrador | Tela=Financeiro | Acao=ObterMovimentacoes(limit=1200) concluida em 2 ms. | ErroTecnico= | StackTrace=
DataHora=2026-09-26T14:07:12.9765203-03:00 | Nivel=INFO | Usuario=Smoke Test | Perfil=Administrador | Tela=Financeiro | Acao=ObterMovimentacoes(limit=1200) concluida em 2 ms. | ErroTecnico= | StackTrace=
DataHora=2026-09-26T14:07:13.0491259-03:00 | Nivel=INFO | Usuario=Smoke Test | Perfil=Administrador | Tela=Financeiro | Acao=ObterMovimentacoes(limit=1200) concluida em 2 ms. | ErroTecnico= | StackTrace=
DataHora=2026-09-26T14:07:13.0516582-03:00 | Nivel=INFO | Usuario=Smoke Test | Perfil=Administrador | Tela=Financeiro | Acao=Financeiro: Conta a pagar liquidada com sucesso! | ErroTecnico= | StackTrace=
DataHora=2026-09-26T14:07:16.9014093-03:00 | Nivel=INFO | Usuario=Smoke Test | Perfil=Administrador | Tela=Financeiro | Acao=ObterMovimentacoes(limit=1200) concluida em 2 ms. | ErroTecnico= | StackTrace=
DataHora=2026-09-26T14:07:16.9142828-03:00 | Nivel=INFO | Usuario=Smoke Test | Perfil=Administrador | Tela=Financeiro | Acao=ObterMovimentacoes(limit=1200) concluida em 2 ms. | ErroTecnico= | StackTrace=
DataHora=2026-09-26T14:07:17.0669774-03:00 | Nivel=INFO | Usuario=Smoke Test | Perfil=Administrador | Tela=Financeiro | Acao=ObterMovimentacoes(limit=1200) concluida em 2 ms. | ErroTecnico= | StackTrace=
DataHora=2026-09-26T14:07:17.0691997-03:00 | Nivel=INFO | Usuario=Smoke Test | Perfil=Administrador | Tela=Financeiro | Acao=Financeiro: Conta a receber liquidada com sucesso! | ErroTecnico= | StackTrace=
DataHora=2026-09-26T14:07:18.0799966-03:00 | Nivel=INFO | Usuario=Smoke Test | Perfil=Administrador | Tela=Geral | Acao=Smoke test aprovado: Financeiro:FiltrosBaixasPelaTela (9324 ms). | ErroTecnico= | StackTrace=
DataHora=2026-09-26T14:07:18.0806952-03:00 | Nivel=INFO | Usuario=Smoke Test | Perfil=Administrador | Tela=Geral | Acao=Smoke test iniciando: Financeiro:ExportacaoArquivoPelaTela. | ErroTecnico= | StackTrace=
DataHora=2026-09-26T14:07:18.1013708-03:00 | Nivel=INFO | Usuario=Smoke Test | Perfil=Administrador | Tela=Financeiro | Acao=ObterMovimentacoes(limit=1200) concluida em 2 ms. | ErroTecnico= | StackTrace=
DataHora=2026-09-26T14:07:18.1112824-03:00 | Nivel=INFO | Usuario=Smoke Test | Perfil=Administrador | Tela=Financeiro | Acao=ObterMovimentacoes(limit=1200) concluida em 2 ms. | ErroTecnico= | StackTrace=
DataHora=2026-09-26T14:07:18.1375481-03:00 | Nivel=INFO | Usuario=Smoke Test | Perfil=Administrador | Tela=Financeiro | Acao=ObterMovimentacoes(limit=1200) concluida em 2 ms. | ErroTecnico= | StackTrace=
DataHora=2026-09-26T14:07:18.6599100-03:00 | Nivel=INFO | Usuario=Smoke Test | Perfil=Administrador | Tela=Financeiro | Acao=ObterMovimentacoes(limit=1200) concluida em 2 ms. | ErroTecnico= | StackTrace=
DataHora=2026-09-26T14:07:18.6729032-03:00 | Nivel=INFO | Usuario=Smoke Test | Perfil=Administrador | Tela=Financeiro | Acao=ObterMovimentacoes(limit=1200) concluida em 2 ms. | ErroTecnico= | StackTrace=
DataHora=2026-09-26T14:07:18.7429376-03:00 | Nivel=INFO | Usuario=Smoke Test | Perfil=Administrador | Tela=Financeiro | Acao=ObterMovimentacoes(limit=1200) concluida em 2 ms. | ErroTecnico= | StackTrace=
DataHora=2026-09-26T14:07:19.3929116-03:00 | Nivel=INFO | Usuario=Smoke Test | Perfil=Administrador | Tela=Financeiro | Acao=Relatorio financeiro CSV validado em automacao em 'C:\Users\campo\AppData\Local\Temp\primox-c113-smoke-20260926_140533\Logs\financeiro-smoke\RelatorioFinanceiro_20260926_140719.csv'. | ErroTecnico= | StackTrace=
DataHora=2026-09-26T14:07:20.0372413-03:00 | Nivel=INFO | Usuario=Smoke Test | Perfil=Administrador | Tela=Geral | Acao=Smoke test aprovado: Financeiro:ExportacaoArquivoPelaTela (1956 ms). | ErroTecnico= | StackTrace=
DataHora=2026-09-26T14:07:20.0382847-03:00 | Nivel=INFO | Usuario=Smoke Test | Perfil=Administrador | Tela=Geral | Acao=Smoke test iniciando: ImportarNFe:RollbackProdutosAuditavel. | ErroTecnico= | StackTrace=
DataHora=2026-09-26T14:07:20.0894259-03:00 | Nivel=INFO | Usuario=Smoke Test | Perfil=Administrador | Tela=Geral | Acao=Smoke test aprovado: ImportarNFe:RollbackProdutosAuditavel (51 ms). | ErroTecnico= | StackTrace=
DataHora=2026-09-26T14:07:20.0900660-03:00 | Nivel=INFO | Usuario=Smoke Test | Perfil=Administrador | Tela=Geral | Acao=Smoke test iniciando: ImportarNFe:RollbackAtualizacaoComSnapshot. | ErroTecnico= | StackTrace=
DataHora=2026-09-26T14:07:20.1368320-03:00 | Nivel=INFO | Usuario=Smoke Test | Perfil=Administrador | Tela=Geral | Acao=Smoke test aprovado: ImportarNFe:RollbackAtualizacaoComSnapshot (46 ms). | ErroTecnico= | StackTrace=
DataHora=2026-09-26T14:07:20.1377302-03:00 | Nivel=INFO | Usuario=Smoke Test | Perfil=Administrador | Tela=Geral | Acao=Smoke test iniciando: ImportarNFe:TelaExcluirSelecionadoDesfazerRelancar. | ErroTecnico= | StackTrace=
DataHora=2026-09-26T14:07:25.8852594-03:00 | Nivel=INFO | Usuario=Smoke Test | Perfil=Administrador | Tela=Geral | Acao=Smoke test aprovado: ImportarNFe:TelaExcluirSelecionadoDesfazerRelancar (5747 ms). | ErroTecnico= | StackTrace=
DataHora=2026-09-26T14:07:25.8862911-03:00 | Nivel=INFO | Usuario=Smoke Test | Perfil=Administrador | Tela=Geral | Acao=Smoke test iniciando: Funcionarios:CadastroEdicaoPelaTela. | ErroTecnico= | StackTrace=
DataHora=2026-09-26T14:07:26.9623912-03:00 | Nivel=INFO | Usuario=Smoke Test | Perfil=Administrador | Tela=Geral | Acao=Funcionario 'funcionario.cadastro.140725888@primoauto.local' criado por 'Smoke Test'. | ErroTecnico= | StackTrace=
DataHora=2026-09-26T14:07:26.9632196-03:00 | Nivel=INFO | Usuario=Smoke Test | Perfil=Administrador | Tela=Funcionarios | Acao=Sucesso: Funcionario cadastrado com sucesso! | ErroTecnico= | StackTrace=
DataHora=2026-09-26T14:07:26.9645485-03:00 | Nivel=INFO | Usuario=Smoke Test | Perfil=Administrador | Tela=Funcionarios | Acao=DialogResult suprimido em automacao para 'NovoFuncionarioWindow': DialogResult somente pode ser definido após Window ser criado e exibido como caixa de diálogo. | ErroTecnico= | StackTrace=
DataHora=2026-09-26T14:07:28.0531006-03:00 | Nivel=INFO | Usuario=Smoke Test | Perfil=Administrador | Tela=Funcionarios | Acao=DialogResult suprimido em automacao para 'EditarFuncionarioWindow': DialogResult somente pode ser definido após Window ser criado e exibido como caixa de diálogo. | ErroTecnico= | StackTrace=
DataHora=2026-09-26T14:07:33.1367605-03:00 | Nivel=WARN | Usuario=Smoke Test | Perfil=Administrador | Tela=Geral | Acao=Smoke test: janela EditarFuncionarioWindow nao ficou visivel apos 5s. | ErroTecnico= | StackTrace=
DataHora=2026-09-26T14:07:34.0836524-03:00 | Nivel=INFO | Usuario=Smoke Test | Perfil=Administrador | Tela=Geral | Acao=Funcionario 'funcionario.edicao.140725888@primoauto.local' atualizado por 'Smoke Test'. | ErroTecnico= | StackTrace=
DataHora=2026-09-26T14:07:34.0845385-03:00 | Nivel=INFO | Usuario=Smoke Test | Perfil=Administrador | Tela=Funcionarios | Acao=Sucesso: Funcionario atualizado com sucesso! | ErroTecnico= | StackTrace=
DataHora=2026-09-26T14:07:34.0855017-03:00 | Nivel=INFO | Usuario=Smoke Test | Perfil=Administrador | Tela=Funcionarios | Acao=DialogResult suprimido em automacao para 'EditarFuncionarioWindow': DialogResult somente pode ser definido após Window ser criado e exibido como caixa de diálogo. | ErroTecnico= | StackTrace=
DataHora=2026-09-26T14:07:35.1040748-03:00 | Nivel=INFO | Usuario=Smoke Test | Perfil=Administrador | Tela=Geral | Acao=Smoke test aprovado: Funcionarios:CadastroEdicaoPelaTela (9217 ms). | ErroTecnico= | StackTrace=
DataHora=2026-09-26T14:07:35.1048541-03:00 | Nivel=INFO | Usuario=Smoke Test | Perfil=Administrador | Tela=Geral | Acao=Smoke test iniciando: Funcionarios:AuditoriaProdutividadePermissoes. | ErroTecnico= | StackTrace=
DataHora=2026-09-26T14:07:40.3912148-03:00 | Nivel=WARN | Usuario=Smoke Test | Perfil=Administrador | Tela=Geral | Acao=Smoke test: janela Window nao ficou visivel apos 5s. | ErroTecnico= | StackTrace=
DataHora=2026-09-26T14:07:40.4194598-03:00 | Nivel=INFO | Usuario=Smoke Test | Perfil=Administrador | Tela=Geral | Acao=Smoke test aprovado: Funcionarios:AuditoriaProdutividadePermissoes (5314 ms). | ErroTecnico= | StackTrace=
DataHora=2026-09-26T14:07:40.4202664-03:00 | Nivel=INFO | Usuario=Smoke Test | Perfil=Administrador | Tela=Geral | Acao=Smoke test iniciando: Funcionarios:BloquearReativarLogin. | ErroTecnico= | StackTrace=
DataHora=2026-09-26T14:07:43.9438742-03:00 | Nivel=INFO | Usuario=Smoke Test | Perfil=Administrador | Tela=Geral | Acao=Smoke test aprovado: Funcionarios:BloquearReativarLogin (3523 ms). | ErroTecnico= | StackTrace=
DataHora=2026-09-26T14:07:43.9449950-03:00 | Nivel=INFO | Usuario=Smoke Test | Perfil=Administrador | Tela=Geral | Acao=Smoke test iniciando: Configuracoes:ComercialBackupRestauracao. | ErroTecnico= | StackTrace=
DataHora=2026-09-26T14:07:43.9793110-03:00 | Nivel=WARN | Usuario=Smoke Test | Perfil=Administrador | Tela=Relatorios | Acao=Falha ao inserir logo no relatorio PDF: Method not found: 'SixLabors.ImageSharp.Image`1<!!0> SixLabors.ImageSharp.Image.Load(System.String, SixLabors.ImageSharp.Formats.IImageFormat ByRef)'. | ErroTecnico= | StackTrace=
DataHora=2026-09-26T14:07:44.1012798-03:00 | Nivel=INFO | Usuario=Smoke Test | Perfil=Administrador | Tela=Geral | Acao=Backup do banco criado em 'C:\Users\campo\AppData\Local\Temp\primox-c113-smoke-20260926_140533\Logs\configuracoes-smoke\PrimoAutoEletrica_Backup_ConfigSmoke_20260926140743949.db' em 97ms. Hash: CA82D56EA621F6277F0E5C78395DD08AD2B6D05D8DFAF89C9E2086DCB594EC54 | ErroTecnico= | StackTrace=
DataHora=2026-09-26T14:07:44.6503130-03:00 | Nivel=INFO | Usuario=Smoke Test | Perfil=Administrador | Tela=Geral | Acao=Configuracoes de estacao salvas: Caixa Smoke 743949 (Caixa) | ErroTecnico= | StackTrace=
DataHora=2026-09-26T14:07:46.8283809-03:00 | Nivel=INFO | Usuario=Smoke Test | Perfil=Administrador | Tela=Geral | Acao=Backup do banco criado em 'C:\Users\campo\AppData\Local\Temp\primox-c113-smoke-20260926_140533\Backups\PrimoAutoEletrica_Backup_2026-09-26_14-07-46.db' em 95ms. Hash: EEFEE6A5E5EAAACC0742A559C71685CE9D5F6A3702B3BB20ED901EC7CD207103 | ErroTecnico= | StackTrace=
DataHora=2026-09-26T14:07:46.9051655-03:00 | Nivel=INFO | Usuario=Smoke Test | Perfil=Administrador | Tela=Geral | Acao=Backup de seguranca criado antes da restauracao: C:\Users\campo\AppData\Local\Temp\primox-c113-smoke-20260926_140533\Backups\PrimoAutoEletrica_Backup_2026-09-26_14-07-46.db | ErroTecnico= | StackTrace=
DataHora=2026-09-26T14:07:47.0100210-03:00 | Nivel=INFO | Usuario=Smoke Test | Perfil=Administrador | Tela=Configuracoes | Acao=Restauracao concluida: Backup restaurado com sucesso.\n\nReinicie o sistema antes de continuar operando. | ErroTecnico= | StackTrace=
DataHora=2026-09-26T14:07:48.9602552-03:00 | Nivel=INFO | Usuario=Smoke Test | Perfil=Administrador | Tela=Geral | Acao=Smoke test aprovado: Configuracoes:ComercialBackupRestauracao (5015 ms). | ErroTecnico= | StackTrace=
DataHora=2026-09-26T14:07:48.9608281-03:00 | Nivel=INFO | Usuario=Smoke Test | Perfil=Administrador | Tela=Geral | Acao=Smoke test iniciando: Configuracoes:SistemaPersistenciaPermissoes. | ErroTecnico= | StackTrace=
DataHora=2026-09-26T14:07:48.9707862-03:00 | Nivel=WARN | Usuario=Smoke Test | Perfil=Administrador | Tela=Geral | Acao=Permissao negada. Usuario=Smoke Sem Configuracao; Perfil=Vendedor; Tipo=AcaoCriticaSemLinha; Alvo=SISTEMA_CONFIGURAR; Codigo=SISTEMA_CONFIGURAR | ErroTecnico= | StackTrace=
DataHora=2026-09-26T14:07:49.8424434-03:00 | Nivel=INFO | Usuario=Smoke Test | Perfil=Administrador | Tela=Geral | Acao=Smoke test aprovado: Configuracoes:SistemaPersistenciaPermissoes (881 ms). | ErroTecnico= | StackTrace=
DataHora=2026-09-26T14:07:49.8431316-03:00 | Nivel=INFO | Usuario=Smoke Test | Perfil=Administrador | Tela=Geral | Acao=Smoke test iniciando: Robustez:LogsEstruturadosErroAmigavel. | ErroTecnico= | StackTrace=
DataHora=2026-09-26T14:07:49.8442960-03:00 | Nivel=ERROR | Usuario=Smoke Test | Perfil=Administrador | Tela=Robustez | Acao=Acao estruturada robustez-smoke-20260926140749844 | ErroTecnico=System.InvalidOperationException: Falha sintetica robustez-smoke-20260926140749844 | StackTrace=
DataHora=2026-09-26T14:07:49.8694359-03:00 | Nivel=ERROR | Usuario=Smoke Test | Perfil=Administrador | Tela=Robustez | Acao=Erro amigavel registrado. Codigo=20260926140749869; Contexto=Robustez; Acao=OperacaoSintetica; Mensagem=Falha sintetica robustez-smoke-20260926140749844 | ErroTecnico=System.InvalidOperationException: Falha sintetica robustez-smoke-20260926140749844 | StackTrace=
DataHora=2026-09-26T14:07:49.8723190-03:00 | Nivel=INFO | Usuario=Smoke Test | Perfil=Administrador | Tela=Geral | Acao=Smoke test aprovado: Robustez:LogsEstruturadosErroAmigavel (29 ms). | ErroTecnico= | StackTrace=
DataHora=2026-09-26T14:07:49.8730977-03:00 | Nivel=INFO | Usuario=Smoke Test | Perfil=Administrador | Tela=Geral | Acao=Smoke test iniciando: Tema:ClaroEscuroModulosPrincipais. | ErroTecnico= | StackTrace=
DataHora=2026-09-26T14:07:49.9304984-03:00 | Nivel=INFO | Usuario=Smoke Test | Perfil=Administrador | Tela=Geral | Acao=Adicionado ao cache: Dashboard | ErroTecnico= | StackTrace=
DataHora=2026-09-26T14:07:49.9311404-03:00 | Nivel=INFO | Usuario=Smoke Test | Perfil=Administrador | Tela=Geral | Acao=Navegacao registrada: Dashboard | ErroTecnico= | StackTrace=
DataHora=2026-09-26T14:07:49.9316951-03:00 | Nivel=INFO | Usuario=Smoke Test | Perfil=Administrador | Tela=Geral | Acao=Navegacao concluida para o modulo 'Dashboard'. | ErroTecnico= | StackTrace=
DataHora=2026-09-26T14:07:50.2172415-03:00 | Nivel=INFO | Usuario=Smoke Test | Perfil=Administrador | Tela=Geral | Acao=Adicionado ao cache: Agendamentos | ErroTecnico= | StackTrace=
DataHora=2026-09-26T14:07:50.2179542-03:00 | Nivel=INFO | Usuario=Smoke Test | Perfil=Administrador | Tela=Geral | Acao=Navegacao registrada: Agendamentos | ErroTecnico= | StackTrace=
DataHora=2026-09-26T14:07:50.2185441-03:00 | Nivel=INFO | Usuario=Smoke Test | Perfil=Administrador | Tela=Geral | Acao=Navegacao concluida para o modulo 'Agendamentos'. | ErroTecnico= | StackTrace=
DataHora=2026-09-26T14:07:53.7003096-03:00 | Nivel=INFO | Usuario=Smoke Test | Perfil=Administrador | Tela=Geral | Acao=Adicionado ao cache: AutoEletricaTecnica | ErroTecnico= | StackTrace=
DataHora=2026-09-26T14:07:53.7009874-03:00 | Nivel=INFO | Usuario=Smoke Test | Perfil=Administrador | Tela=Geral | Acao=Navegacao registrada: AutoEletricaTecnica | ErroTecnico= | StackTrace=
DataHora=2026-09-26T14:07:53.7015030-03:00 | Nivel=INFO | Usuario=Smoke Test | Perfil=Administrador | Tela=Geral | Acao=Navegacao concluida para o modulo 'AutoEletricaTecnica'. | ErroTecnico= | StackTrace=
DataHora=2026-09-26T14:07:57.5551466-03:00 | Nivel=INFO | Usuario=Smoke Test | Perfil=Administrador | Tela=Geral | Acao=Adicionado ao cache: BaseConhecimento | ErroTecnico= | StackTrace=
DataHora=2026-09-26T14:07:57.5558743-03:00 | Nivel=INFO | Usuario=Smoke Test | Perfil=Administrador | Tela=Geral | Acao=Navegacao registrada: BaseConhecimento | ErroTecnico= | StackTrace=
DataHora=2026-09-26T14:07:57.5564120-03:00 | Nivel=INFO | Usuario=Smoke Test | Perfil=Administrador | Tela=Geral | Acao=Navegacao concluida para o modulo 'BaseConhecimento'. | ErroTecnico= | StackTrace=
DataHora=2026-09-26T14:08:00.9204704-03:00 | Nivel=INFO | Usuario=Smoke Test | Perfil=Administrador | Tela=Geral | Acao=Adicionado ao cache: CatalogoPecas | ErroTecnico= | StackTrace=
DataHora=2026-09-26T14:08:00.9212244-03:00 | Nivel=INFO | Usuario=Smoke Test | Perfil=Administrador | Tela=Geral | Acao=Navegacao registrada: CatalogoPecas | ErroTecnico= | StackTrace=
DataHora=2026-09-26T14:08:00.9217365-03:00 | Nivel=INFO | Usuario=Smoke Test | Perfil=Administrador | Tela=Geral | Acao=Navegacao concluida para o modulo 'CatalogoPecas'. | ErroTecnico= | StackTrace=
DataHora=2026-09-26T14:08:01.3094065-03:00 | Nivel=INFO | Usuario=Smoke Test | Perfil=Administrador | Tela=Geral | Acao=Catalogo veiculos: seed +0 veiculos, +0 vinculos peca↔veiculo. | ErroTecnico= | StackTrace=
DataHora=2026-09-26T14:08:04.9766237-03:00 | Nivel=INFO | Usuario=Smoke Test | Perfil=Administrador | Tela=Geral | Acao=Adicionado ao cache: Clientes | ErroTecnico= | StackTrace=
DataHora=2026-09-26T14:08:04.9773404-03:00 | Nivel=INFO | Usuario=Smoke Test | Perfil=Administrador | Tela=Geral | Acao=Navegacao registrada: Clientes | ErroTecnico= | StackTrace=
DataHora=2026-09-26T14:08:04.9778691-03:00 | Nivel=INFO | Usuario=Smoke Test | Perfil=Administrador | Tela=Geral | Acao=Navegacao concluida para o modulo 'Clientes'. | ErroTecnico= | StackTrace=
DataHora=2026-09-26T14:08:08.7778231-03:00 | Nivel=INFO | Usuario=Smoke Test | Perfil=Administrador | Tela=Geral | Acao=Adicionado ao cache: Compras | ErroTecnico= | StackTrace=
DataHora=2026-09-26T14:08:08.7784872-03:00 | Nivel=INFO | Usuario=Smoke Test | Perfil=Administrador | Tela=Geral | Acao=Navegacao registrada: Compras | ErroTecnico= | StackTrace=
DataHora=2026-09-26T14:08:08.7790356-03:00 | Nivel=INFO | Usuario=Smoke Test | Perfil=Administrador | Tela=Geral | Acao=Navegacao concluida para o modulo 'Compras'. | ErroTecnico= | StackTrace=
DataHora=2026-09-26T14:08:12.0637618-03:00 | Nivel=INFO | Usuario=Smoke Test | Perfil=Administrador | Tela=Geral | Acao=Modulo removido manualmente do cache: Dashboard | ErroTecnico= | StackTrace=
DataHora=2026-09-26T14:08:12.0711832-03:00 | Nivel=INFO | Usuario=Smoke Test | Perfil=Administrador | Tela=Geral | Acao=Adicionado ao cache: Dashboard | ErroTecnico= | StackTrace=
DataHora=2026-09-26T14:08:12.0718817-03:00 | Nivel=INFO | Usuario=Smoke Test | Perfil=Administrador | Tela=Geral | Acao=Navegacao registrada: Dashboard | ErroTecnico= | StackTrace=
DataHora=2026-09-26T14:08:12.0724186-03:00 | Nivel=INFO | Usuario=Smoke Test | Perfil=Administrador | Tela=Geral | Acao=Navegacao concluida para o modulo 'Dashboard'. | ErroTecnico= | StackTrace=
DataHora=2026-09-26T14:08:15.4340344-03:00 | Nivel=INFO | Usuario=Smoke Test | Perfil=Administrador | Tela=Geral | Acao=Adicionado ao cache: Estoque | ErroTecnico= | StackTrace=
DataHora=2026-09-26T14:08:15.4347976-03:00 | Nivel=INFO | Usuario=Smoke Test | Perfil=Administrador | Tela=Geral | Acao=Navegacao registrada: Estoque | ErroTecnico= | StackTrace=
DataHora=2026-09-26T14:08:15.4354320-03:00 | Nivel=INFO | Usuario=Smoke Test | Perfil=Administrador | Tela=Geral | Acao=Navegacao concluida para o modulo 'Estoque'. | ErroTecnico= | StackTrace=
DataHora=2026-09-26T14:08:15.4827855-03:00 | Nivel=INFO | Usuario=Smoke Test | Perfil=Administrador | Tela=Estoque | Acao=Estoque: listagem carregou 556 produto(s). | ErroTecnico= | StackTrace=
DataHora=2026-09-26T14:08:15.6000809-03:00 | Nivel=INFO | Usuario=Smoke Test | Perfil=Administrador | Tela=Estoque | Acao=Estoque layout: rootH=885; headerH=59; actionBarH=140; actionBarVis=Visible; metricsH=84; metricsVis=Visible; stateHostH=575; contentH=575; contentVis=Visible; loadingH=0; loadingVis=Collapsed; emptyH=0; emptyVis=Collapsed; errorH=0; errorVis=Collapsed; dataGridH=421; gridItems=556; totalTxt=556 | ErroTecnico= | StackTrace=
DataHora=2026-09-26T14:08:19.3599364-03:00 | Nivel=INFO | Usuario=Smoke Test | Perfil=Administrador | Tela=Geral | Acao=Adicionado ao cache: Ferramentas | ErroTecnico= | StackTrace=
DataHora=2026-09-26T14:08:19.3607161-03:00 | Nivel=INFO | Usuario=Smoke Test | Perfil=Administrador | Tela=Geral | Acao=Navegacao registrada: Ferramentas | ErroTecnico= | StackTrace=
DataHora=2026-09-26T14:08:19.3612784-03:00 | Nivel=INFO | Usuario=Smoke Test | Perfil=Administrador | Tela=Geral | Acao=Navegacao concluida para o modulo 'Ferramentas'. | ErroTecnico= | StackTrace=
DataHora=2026-09-26T14:08:22.7812540-03:00 | Nivel=INFO | Usuario=Smoke Test | Perfil=Administrador | Tela=Financeiro | Acao=ObterMovimentacoes(limit=1200) concluida em 2 ms. | ErroTecnico= | StackTrace=
DataHora=2026-09-26T14:08:22.8025307-03:00 | Nivel=INFO | Usuario=Smoke Test | Perfil=Administrador | Tela=Financeiro | Acao=ObterMovimentacoes(limit=1200) concluida em 2 ms. | ErroTecnico= | StackTrace=
DataHora=2026-09-26T14:08:22.8434903-03:00 | Nivel=INFO | Usuario=Smoke Test | Perfil=Administrador | Tela=Financeiro | Acao=ObterMovimentacoes(limit=1200) concluida em 2 ms. | ErroTecnico= | StackTrace=
DataHora=2026-09-26T14:08:22.8458077-03:00 | Nivel=INFO | Usuario=Smoke Test | Perfil=Administrador | Tela=Geral | Acao=Adicionado ao cache: Financeiro | ErroTecnico= | StackTrace=
DataHora=2026-09-26T14:08:22.8463592-03:00 | Nivel=INFO | Usuario=Smoke Test | Perfil=Administrador | Tela=Geral | Acao=Navegacao registrada: Financeiro | ErroTecnico= | StackTrace=
DataHora=2026-09-26T14:08:22.8469264-03:00 | Nivel=INFO | Usuario=Smoke Test | Perfil=Administrador | Tela=Geral | Acao=Navegacao concluida para o modulo 'Financeiro'. | ErroTecnico= | StackTrace=
DataHora=2026-09-26T14:08:23.3467077-03:00 | Nivel=INFO | Usuario=Smoke Test | Perfil=Administrador | Tela=Financeiro | Acao=ObterMovimentacoes(limit=1200) concluida em 2 ms. | ErroTecnico= | StackTrace=
DataHora=2026-09-26T14:08:23.3591382-03:00 | Nivel=INFO | Usuario=Smoke Test | Perfil=Administrador | Tela=Financeiro | Acao=ObterMovimentacoes(limit=1200) concluida em 2 ms. | ErroTecnico= | StackTrace=
DataHora=2026-09-26T14:08:23.4279627-03:00 | Nivel=INFO | Usuario=Smoke Test | Perfil=Administrador | Tela=Financeiro | Acao=ObterMovimentacoes(limit=1200) concluida em 2 ms. | ErroTecnico= | StackTrace=
DataHora=2026-09-26T14:08:28.2223831-03:00 | Nivel=INFO | Usuario=Smoke Test | Perfil=Administrador | Tela=Geral | Acao=Adicionado ao cache: FiscalOperacoes | ErroTecnico= | StackTrace=
DataHora=2026-09-26T14:08:28.2230599-03:00 | Nivel=INFO | Usuario=Smoke Test | Perfil=Administrador | Tela=Geral | Acao=Navegacao registrada: FiscalOperacoes | ErroTecnico= | StackTrace=
DataHora=2026-09-26T14:08:28.2235865-03:00 | Nivel=INFO | Usuario=Smoke Test | Perfil=Administrador | Tela=Geral | Acao=Navegacao concluida para o modulo 'FiscalOperacoes'. | ErroTecnico= | StackTrace=
DataHora=2026-09-26T14:08:31.6120167-03:00 | Nivel=INFO | Usuario=Smoke Test | Perfil=Administrador | Tela=Geral | Acao=Adicionado ao cache: Fornecedores | ErroTecnico= | StackTrace=
DataHora=2026-09-26T14:08:31.6127602-03:00 | Nivel=INFO | Usuario=Smoke Test | Perfil=Administrador | Tela=Geral | Acao=Navegacao registrada: Fornecedores | ErroTecnico= | StackTrace=
DataHora=2026-09-26T14:08:31.6133056-03:00 | Nivel=INFO | Usuario=Smoke Test | Perfil=Administrador | Tela=Geral | Acao=Navegacao concluida para o modulo 'Fornecedores'. | ErroTecnico= | StackTrace=
DataHora=2026-09-26T14:08:34.9430313-03:00 | Nivel=INFO | Usuario=Smoke Test | Perfil=Administrador | Tela=Geral | Acao=Adicionado ao cache: Funcionarios | ErroTecnico= | StackTrace=
DataHora=2026-09-26T14:08:34.9438299-03:00 | Nivel=INFO | Usuario=Smoke Test | Perfil=Administrador | Tela=Geral | Acao=Navegacao registrada: Funcionarios | ErroTecnico= | StackTrace=
DataHora=2026-09-26T14:08:34.9443665-03:00 | Nivel=INFO | Usuario=Smoke Test | Perfil=Administrador | Tela=Geral | Acao=Navegacao concluida para o modulo 'Funcionarios'. | ErroTecnico= | StackTrace=
DataHora=2026-09-26T14:08:38.3275507-03:00 | Nivel=INFO | Usuario=Smoke Test | Perfil=Administrador | Tela=Geral | Acao=Adicionado ao cache: Help | ErroTecnico= | StackTrace=
DataHora=2026-09-26T14:08:38.3283524-03:00 | Nivel=INFO | Usuario=Smoke Test | Perfil=Administrador | Tela=Geral | Acao=Navegacao registrada: Help | ErroTecnico= | StackTrace=
DataHora=2026-09-26T14:08:38.3288785-03:00 | Nivel=INFO | Usuario=Smoke Test | Perfil=Administrador | Tela=Geral | Acao=Navegacao concluida para o modulo 'Help'. | ErroTecnico= | StackTrace=
DataHora=2026-09-26T14:08:41.7005681-03:00 | Nivel=INFO | Usuario=Smoke Test | Perfil=Administrador | Tela=Geral | Acao=Abertura da pagina de importacao NF-e. | ErroTecnico= | StackTrace=
DataHora=2026-09-26T14:08:41.7097210-03:00 | Nivel=INFO | Usuario=Smoke Test | Perfil=Administrador | Tela=Geral | Acao=Adicionado ao cache: ImportarNFe | ErroTecnico= | StackTrace=
DataHora=2026-09-26T14:08:41.7102955-03:00 | Nivel=INFO | Usuario=Smoke Test | Perfil=Administrador | Tela=Geral | Acao=Navegacao registrada: ImportarNFe | ErroTecnico= | StackTrace=
DataHora=2026-09-26T14:08:41.7108320-03:00 | Nivel=INFO | Usuario=Smoke Test | Perfil=Administrador | Tela=Geral | Acao=Navegacao concluida para o modulo 'ImportarNFe'. | ErroTecnico= | StackTrace=
DataHora=2026-09-26T14:08:45.3964587-03:00 | Nivel=INFO | Usuario=Smoke Test | Perfil=Administrador | Tela=Geral | Acao=Adicionado ao cache: OficinaKanban | ErroTecnico= | StackTrace=
DataHora=2026-09-26T14:08:45.3971020-03:00 | Nivel=INFO | Usuario=Smoke Test | Perfil=Administrador | Tela=Geral | Acao=Navegacao registrada: OficinaKanban | ErroTecnico= | StackTrace=
DataHora=2026-09-26T14:08:45.3976587-03:00 | Nivel=INFO | Usuario=Smoke Test | Perfil=Administrador | Tela=Geral | Acao=Navegacao concluida para o modulo 'OficinaKanban'. | ErroTecnico= | StackTrace=
DataHora=2026-09-26T14:08:48.9664230-03:00 | Nivel=INFO | Usuario=Smoke Test | Perfil=Administrador | Tela=Geral | Acao=Adicionado ao cache: Orcamentos | ErroTecnico= | StackTrace=
DataHora=2026-09-26T14:08:48.9672361-03:00 | Nivel=INFO | Usuario=Smoke Test | Perfil=Administrador | Tela=Geral | Acao=Navegacao registrada: Orcamentos | ErroTecnico= | StackTrace=
DataHora=2026-09-26T14:08:48.9677463-03:00 | Nivel=INFO | Usuario=Smoke Test | Perfil=Administrador | Tela=Geral | Acao=Navegacao concluida para o modulo 'Orcamentos'. | ErroTecnico= | StackTrace=
DataHora=2026-09-26T14:08:52.5243579-03:00 | Nivel=INFO | Usuario=Smoke Test | Perfil=Administrador | Tela=Geral | Acao=Adicionado ao cache: OrdensServico | ErroTecnico= | StackTrace=
DataHora=2026-09-26T14:08:52.5250396-03:00 | Nivel=INFO | Usuario=Smoke Test | Perfil=Administrador | Tela=Geral | Acao=Navegacao registrada: OrdensServico | ErroTecnico= | StackTrace=
DataHora=2026-09-26T14:08:52.5255545-03:00 | Nivel=INFO | Usuario=Smoke Test | Perfil=Administrador | Tela=Geral | Acao=Navegacao concluida para o modulo 'OrdensServico'. | ErroTecnico= | StackTrace=
DataHora=2026-09-26T14:08:55.9334753-03:00 | Nivel=INFO | Usuario=Smoke Test | Perfil=Administrador | Tela=Geral | Acao=Adicionado ao cache: PDV | ErroTecnico= | StackTrace=
DataHora=2026-09-26T14:08:55.9341408-03:00 | Nivel=INFO | Usuario=Smoke Test | Perfil=Administrador | Tela=Geral | Acao=Navegacao registrada: PDV | ErroTecnico= | StackTrace=
DataHora=2026-09-26T14:08:55.9346577-03:00 | Nivel=INFO | Usuario=Smoke Test | Perfil=Administrador | Tela=Geral | Acao=Navegacao concluida para o modulo 'PDV'. | ErroTecnico= | StackTrace=
DataHora=2026-09-26T14:08:56.0742462-03:00 | Nivel=INFO | Usuario=Smoke Test | Perfil=Administrador | Tela=PDV | Acao=Diagnostico de impressao do PDV: Default=Microsoft Print to PDF / Fisica=False / Instaladas=1 / Microsoft Print to PDF [Driver=Microsoft Print To PDF; Porta=PORTPROMPT:; Default=True; Virtual=True; Offline=False; Shared=False] | ErroTecnico= | StackTrace=
DataHora=2026-09-26T14:08:56.0757048-03:00 | Nivel=WARN | Usuario=Smoke Test | Perfil=Administrador | Tela=PDV | Acao=Nenhuma impressora fisica foi detectada para homologacao final do PDV. O ambiente atual depende apenas de fila virtual. | ErroTecnico= | StackTrace=
DataHora=2026-09-26T14:08:59.3415790-03:00 | Nivel=INFO | Usuario=Smoke Test | Perfil=Administrador | Tela=Geral | Acao=Adicionado ao cache: Relatorios | ErroTecnico= | StackTrace=
DataHora=2026-09-26T14:08:59.3422989-03:00 | Nivel=INFO | Usuario=Smoke Test | Perfil=Administrador | Tela=Geral | Acao=Navegacao registrada: Relatorios | ErroTecnico= | StackTrace=
DataHora=2026-09-26T14:08:59.3428592-03:00 | Nivel=INFO | Usuario=Smoke Test | Perfil=Administrador | Tela=Geral | Acao=Navegacao concluida para o modulo 'Relatorios'. | ErroTecnico= | StackTrace=
DataHora=2026-09-26T14:08:59.3773027-03:00 | Nivel=INFO | Usuario=Smoke Test | Perfil=Administrador | Tela=Relatorios | Acao=ObterDadosFinanceiros(limit=250) concluida em 1 ms. | ErroTecnico= | StackTrace=
DataHora=2026-09-26T14:08:59.3808352-03:00 | Nivel=INFO | Usuario=Smoke Test | Perfil=Administrador | Tela=Relatorios | Acao=ObterDadosVendas(limit=250) concluida em 2 ms. | ErroTecnico= | StackTrace=
DataHora=2026-09-26T14:08:59.3838695-03:00 | Nivel=INFO | Usuario=Smoke Test | Perfil=Administrador | Tela=Relatorios | Acao=ObterMargemPorProduto(limit=100) concluida em 1 ms. | ErroTecnico= | StackTrace=
DataHora=2026-09-26T14:08:59.3863113-03:00 | Nivel=INFO | Usuario=Smoke Test | Perfil=Administrador | Tela=Relatorios | Acao=ObterVendasPorHora concluida em 1 ms. | ErroTecnico= | StackTrace=
DataHora=2026-09-26T14:08:59.3892709-03:00 | Nivel=INFO | Usuario=Smoke Test | Perfil=Administrador | Tela=Relatorios | Acao=ObterVendasPorDia(limit=31) concluida em 1 ms. | ErroTecnico= | StackTrace=
DataHora=2026-09-26T14:08:59.3926293-03:00 | Nivel=INFO | Usuario=Smoke Test | Perfil=Administrador | Tela=Relatorios | Acao=ObterInadimplenciaDetalhada(limit=100) concluida em 2 ms. | ErroTecnico= | StackTrace=
DataHora=2026-09-26T14:08:59.3962216-03:00 | Nivel=INFO | Usuario=Smoke Test | Perfil=Administrador | Tela=Relatorios | Acao=ObterConciliacaoFinanceira concluida em 2 ms. | ErroTecnico= | StackTrace=
DataHora=2026-09-26T14:08:59.3993323-03:00 | Nivel=INFO | Usuario=Smoke Test | Perfil=Administrador | Tela=Relatorios | Acao=ObterOsAbertas concluida em 1 ms. | ErroTecnico= | StackTrace=
DataHora=2026-09-26T14:08:59.4009172-03:00 | Nivel=INFO | Usuario=Smoke Test | Perfil=Administrador | Tela=Relatorios | Acao=ObterOsFinalizadas concluida em 0 ms. | ErroTecnico= | StackTrace=
DataHora=2026-09-26T14:08:59.4035401-03:00 | Nivel=INFO | Usuario=Smoke Test | Perfil=Administrador | Tela=Relatorios | Acao=ObterOrdensServicoPorTecnico concluida em 1 ms. | ErroTecnico= | StackTrace=
DataHora=2026-09-26T14:08:59.4074666-03:00 | Nivel=INFO | Usuario=Smoke Test | Perfil=Administrador | Tela=Relatorios | Acao=ObterServicosRelatorio concluida em 2 ms. | ErroTecnico= | StackTrace=
DataHora=2026-09-26T14:08:59.4143506-03:00 | Nivel=INFO | Usuario=Smoke Test | Perfil=Administrador | Tela=Relatorios | Acao=ObterDadosEstoque(limit=250) concluida em 5 ms. | ErroTecnico= | StackTrace=
DataHora=2026-09-26T14:08:59.4177333-03:00 | Nivel=INFO | Usuario=Smoke Test | Perfil=Administrador | Tela=Relatorios | Acao=ObterDadosClientes(limit=250) concluida em 2 ms. | ErroTecnico= | StackTrace=
DataHora=2026-09-26T14:08:59.4208013-03:00 | Nivel=INFO | Usuario=Smoke Test | Perfil=Administrador | Tela=Relatorios | Acao=ObterDadosOrcamentos(limit=250) concluida em 1 ms. | ErroTecnico= | StackTrace=
DataHora=2026-09-26T14:08:59.4227399-03:00 | Nivel=INFO | Usuario=Smoke Test | Perfil=Administrador | Tela=Relatorios | Acao=ObterDadosCaixa(limit=250) concluida em 0 ms. | ErroTecnico= | StackTrace=
DataHora=2026-09-26T14:08:59.4316137-03:00 | Nivel=INFO | Usuario=Smoke Test | Perfil=Administrador | Tela=Relatorios | Acao=ObterDemonstrativoResultado concluida em 0 ms. | ErroTecnico= | StackTrace=
DataHora=2026-09-26T14:08:59.4358790-03:00 | Nivel=INFO | Usuario=Smoke Test | Perfil=Administrador | Tela=Relatorios | Acao=ObterTicketMedio concluida em 0 ms. | ErroTecnico= | StackTrace=
DataHora=2026-09-26T14:08:59.4376948-03:00 | Nivel=INFO | Usuario=Smoke Test | Perfil=Administrador | Tela=Relatorios | Acao=ObterTotalClientes concluida em 0 ms. | ErroTecnico= | StackTrace=
DataHora=2026-09-26T14:08:59.4393258-03:00 | Nivel=INFO | Usuario=Smoke Test | Perfil=Administrador | Tela=Relatorios | Acao=ObterProdutosSemGiro concluida em 0 ms. | ErroTecnico= | StackTrace=
DataHora=2026-09-26T14:08:59.4412983-03:00 | Nivel=INFO | Usuario=Smoke Test | Perfil=Administrador | Tela=Relatorios | Acao=ObterConversaoOrcamentos concluida em 0 ms. | ErroTecnico= | StackTrace=
DataHora=2026-09-26T14:08:59.4439420-03:00 | Nivel=INFO | Usuario=Smoke Test | Perfil=Administrador | Tela=Relatorios | Acao=ObterResumoConsistenciaOperacional concluida em 1 ms. | ErroTecnico= | StackTrace=
DataHora=2026-09-26T14:08:59.4954511-03:00 | Nivel=INFO | Usuario=Smoke Test | Perfil=Administrador | Tela=Auditoria | Acao=ObterAuditoriaPaginada(pagina=1, tamanho=100) concluida em 5 ms. | ErroTecnico= | StackTrace=
DataHora=2026-09-26T14:08:59.4993212-03:00 | Nivel=INFO | Usuario=Smoke Test | Perfil=Administrador | Tela=Auditoria | Acao=ObterCategoriasAuditoriaOperacional concluida em 1 ms. | ErroTecnico= | StackTrace=
DataHora=2026-09-26T14:08:59.5765058-03:00 | Nivel=INFO | Usuario=Smoke Test | Perfil=Administrador | Tela=Relatorios | Acao=Workspace de relatorios carregado com 0 vendas, 104 clientes e 100 eventos de auditoria exibidos. | ErroTecnico= | StackTrace=
DataHora=2026-09-26T14:09:06.2776505-03:00 | Nivel=INFO | Usuario=Smoke Test | Perfil=Administrador | Tela=Geral | Acao=Removido do cache (LRU): Agendamentos | ErroTecnico= | StackTrace=
DataHora=2026-09-26T14:09:06.2783644-03:00 | Nivel=INFO | Usuario=Smoke Test | Perfil=Administrador | Tela=Geral | Acao=Adicionado ao cache: Veiculos | ErroTecnico= | StackTrace=
DataHora=2026-09-26T14:09:06.2788900-03:00 | Nivel=INFO | Usuario=Smoke Test | Perfil=Administrador | Tela=Geral | Acao=Navegacao registrada: Veiculos | ErroTecnico= | StackTrace=
DataHora=2026-09-26T14:09:06.2794640-03:00 | Nivel=INFO | Usuario=Smoke Test | Perfil=Administrador | Tela=Geral | Acao=Navegacao concluida para o modulo 'Veiculos'. | ErroTecnico= | StackTrace=
DataHora=2026-09-26T14:09:10.2622405-03:00 | Nivel=WARN | Usuario=Smoke Test | Perfil=Administrador | Tela=Geral | Acao=Smoke test 'Tema:ClaroEscuroModulosPrincipais' demorou 80389 ms (acima de 30000 ms). | ErroTecnico= | StackTrace=
DataHora=2026-09-26T14:09:10.2629532-03:00 | Nivel=INFO | Usuario=Smoke Test | Perfil=Administrador | Tela=Geral | Acao=Smoke test aprovado: Tema:ClaroEscuroModulosPrincipais (80389 ms). | ErroTecnico= | StackTrace=
DataHora=2026-09-26T14:09:10.2634782-03:00 | Nivel=INFO | Usuario=Smoke Test | Perfil=Administrador | Tela=Geral | Acao=Smoke test iniciando: Tema:DensidadeCompactaConfortavel. | ErroTecnico= | StackTrace=
DataHora=2026-09-26T14:09:10.2935252-03:00 | Nivel=INFO | Usuario=Smoke Test | Perfil=Administrador | Tela=Geral | Acao=Adicionado ao cache: Dashboard | ErroTecnico= | StackTrace=
DataHora=2026-09-26T14:09:10.2941542-03:00 | Nivel=INFO | Usuario=Smoke Test | Perfil=Administrador | Tela=Geral | Acao=Navegacao registrada: Dashboard | ErroTecnico= | StackTrace=
DataHora=2026-09-26T14:09:10.2947128-03:00 | Nivel=INFO | Usuario=Smoke Test | Perfil=Administrador | Tela=Geral | Acao=Navegacao concluida para o modulo 'Dashboard'. | ErroTecnico= | StackTrace=
DataHora=2026-09-26T14:09:13.1432605-03:00 | Nivel=INFO | Usuario=Smoke Test | Perfil=Administrador | Tela=Geral | Acao=Smoke test aprovado: Tema:DensidadeCompactaConfortavel (2879 ms). | ErroTecnico= | StackTrace=
DataHora=2026-09-26T14:09:13.1441736-03:00 | Nivel=INFO | Usuario=Smoke Test | Perfil=Administrador | Tela=Geral | Acao=Smoke test iniciando: LoginSessao:MensagensLockoutLogoutPermissoes. | ErroTecnico= | StackTrace=
DataHora=2026-09-26T14:09:16.6504034-03:00 | Nivel=INFO | Usuario=Smoke Login Seguranca | Perfil=Vendedor | Tela=Geral | Acao=Sessão criada no banco: Usuario='Smoke Login Seguranca', SessionId='7297c482-911f-4a74-9252-1c2f9fa11f6c', Machine='CIRO'. | ErroTecnico= | StackTrace=
DataHora=2026-09-26T14:09:16.6747072-03:00 | Nivel=WARN | Usuario=Smoke Login Seguranca | Perfil=Vendedor | Tela=Geral | Acao=Permissao negada. Usuario=Smoke Login Seguranca; Perfil=Vendedor; Tipo=AcaoCriticaSemLinha; Alvo=SISTEMA_CONFIGURAR; Codigo=SISTEMA_CONFIGURAR | ErroTecnico= | StackTrace=
DataHora=2026-09-26T14:09:16.6829254-03:00 | Nivel=INFO | Usuario=Smoke Login Seguranca | Perfil=Vendedor | Tela=Geral | Acao=Adicionado ao cache: Dashboard | ErroTecnico= | StackTrace=
DataHora=2026-09-26T14:09:16.6835076-03:00 | Nivel=INFO | Usuario=Smoke Login Seguranca | Perfil=Vendedor | Tela=Geral | Acao=Navegacao registrada: Dashboard | ErroTecnico= | StackTrace=
DataHora=2026-09-26T14:09:16.6840189-03:00 | Nivel=INFO | Usuario=Smoke Login Seguranca | Perfil=Vendedor | Tela=Geral | Acao=Navegacao concluida para o modulo 'Dashboard'. | ErroTecnico= | StackTrace=
DataHora=2026-09-26T14:09:16.8858401-03:00 | Nivel=INFO | Usuario=Smoke Login Seguranca | Perfil=Vendedor | Tela=Geral | Acao=Logout solicitado por 'smoke-login-seguranca@primoauto.com'. | ErroTecnico= | StackTrace=
DataHora=2026-09-26T14:09:16.8901356-03:00 | Nivel=INFO | Usuario=Smoke Login Seguranca | Perfil=Vendedor | Tela=Geral | Acao=Sessão encerrada no banco: SessionId='7297c482-911f-4a74-9252-1c2f9fa11f6c'. | ErroTecnico= | StackTrace=
DataHora=2026-09-26T14:09:17.7046181-03:00 | Nivel=INFO | Usuario=Smoke Login Seguranca | Perfil=Vendedor | Tela=Geral | Acao=Sessão criada no banco: Usuario='Smoke Login Seguranca', SessionId='93904600-11e5-4d37-8224-5bfd2e30120a', Machine='CIRO'. | ErroTecnico= | StackTrace=
DataHora=2026-09-26T14:09:17.7085314-03:00 | Nivel=INFO | Usuario=Smoke Login Seguranca | Perfil=Vendedor | Tela=Geral | Acao=Sessões expiradas limpas: 14 sessões. | ErroTecnico= | StackTrace=
DataHora=2026-09-26T14:09:17.7100602-03:00 | Nivel=INFO | Usuario=Smoke Login Seguranca | Perfil=Vendedor | Tela=Geral | Acao=Monitor de inatividade iniciado com timeout de 1 minutos. | ErroTecnico= | StackTrace=
DataHora=2026-09-26T14:09:17.7118294-03:00 | Nivel=WARN | Usuario=Smoke Login Seguranca | Perfil=Vendedor | Tela=Geral | Acao=Sessao expirada por inatividade. Usuario='smoke-login-seguranca@primoauto.com', InativoPor='00:02:00.0009334'. | ErroTecnico= | StackTrace=
DataHora=2026-09-26T14:09:17.7137326-03:00 | Nivel=WARN | Usuario=Smoke Vendedor | Perfil=Vendedor | Tela=Geral | Acao=Permissao negada. Usuario=Smoke Vendedor; Perfil=Vendedor; Tipo=Modulo; Alvo=Financeiro; Codigo=FINANCEIRO_VER | ErroTecnico= | StackTrace=
DataHora=2026-09-26T14:09:17.7173060-03:00 | Nivel=INFO | Usuario=Smoke Test | Perfil=Administrador | Tela=Geral | Acao=Smoke test aprovado: LoginSessao:MensagensLockoutLogoutPermissoes (4573 ms). | ErroTecnico= | StackTrace=
DataHora=2026-09-26T14:09:17.7184847-03:00 | Nivel=INFO | Usuario=Smoke Test | Perfil=Administrador | Tela=Geral | Acao=Smoke test iniciando: PreCheck:SemModaisPresasNavegacao. | ErroTecnico= | StackTrace=
DataHora=2026-09-26T14:09:17.7576820-03:00 | Nivel=INFO | Usuario=Smoke Test | Perfil=Administrador | Tela=Geral | Acao=Adicionado ao cache: Dashboard | ErroTecnico= | StackTrace=
DataHora=2026-09-26T14:09:17.7583660-03:00 | Nivel=INFO | Usuario=Smoke Test | Perfil=Administrador | Tela=Geral | Acao=Navegacao registrada: Dashboard | ErroTecnico= | StackTrace=
DataHora=2026-09-26T14:09:17.7589104-03:00 | Nivel=INFO | Usuario=Smoke Test | Perfil=Administrador | Tela=Geral | Acao=Navegacao concluida para o modulo 'Dashboard'. | ErroTecnico= | StackTrace=
DataHora=2026-09-26T14:09:18.6177487-03:00 | Nivel=INFO | Usuario=Smoke Test | Perfil=Administrador | Tela=Geral | Acao=Modulo removido manualmente do cache: Dashboard | ErroTecnico= | StackTrace=
DataHora=2026-09-26T14:09:18.6248594-03:00 | Nivel=INFO | Usuario=Smoke Test | Perfil=Administrador | Tela=Geral | Acao=Adicionado ao cache: Dashboard | ErroTecnico= | StackTrace=
DataHora=2026-09-26T14:09:18.6255353-03:00 | Nivel=INFO | Usuario=Smoke Test | Perfil=Administrador | Tela=Geral | Acao=Navegacao concluida para o modulo 'Dashboard'. | ErroTecnico= | StackTrace=
DataHora=2026-09-26T14:09:19.4660651-03:00 | Nivel=INFO | Usuario=Smoke Test | Perfil=Administrador | Tela=Geral | Acao=Adicionado ao cache: Clientes | ErroTecnico= | StackTrace=
DataHora=2026-09-26T14:09:19.4668630-03:00 | Nivel=INFO | Usuario=Smoke Test | Perfil=Administrador | Tela=Geral | Acao=Navegacao registrada: Clientes | ErroTecnico= | StackTrace=
DataHora=2026-09-26T14:09:19.4674980-03:00 | Nivel=INFO | Usuario=Smoke Test | Perfil=Administrador | Tela=Geral | Acao=Navegacao concluida para o modulo 'Clientes'. | ErroTecnico= | StackTrace=
DataHora=2026-09-26T14:09:20.8153180-03:00 | Nivel=INFO | Usuario=Smoke Test | Perfil=Administrador | Tela=Geral | Acao=Adicionado ao cache: Veiculos | ErroTecnico= | StackTrace=
DataHora=2026-09-26T14:09:20.8159955-03:00 | Nivel=INFO | Usuario=Smoke Test | Perfil=Administrador | Tela=Geral | Acao=Navegacao registrada: Veiculos | ErroTecnico= | StackTrace=
DataHora=2026-09-26T14:09:20.8165126-03:00 | Nivel=INFO | Usuario=Smoke Test | Perfil=Administrador | Tela=Geral | Acao=Navegacao concluida para o modulo 'Veiculos'. | ErroTecnico= | StackTrace=
DataHora=2026-09-26T14:09:21.7189779-03:00 | Nivel=INFO | Usuario=Smoke Test | Perfil=Administrador | Tela=Geral | Acao=Adicionado ao cache: AutoEletricaTecnica | ErroTecnico= | StackTrace=
DataHora=2026-09-26T14:09:21.7196965-03:00 | Nivel=INFO | Usuario=Smoke Test | Perfil=Administrador | Tela=Geral | Acao=Navegacao registrada: AutoEletricaTecnica | ErroTecnico= | StackTrace=
DataHora=2026-09-26T14:09:21.7202955-03:00 | Nivel=INFO | Usuario=Smoke Test | Perfil=Administrador | Tela=Geral | Acao=Navegacao concluida para o modulo 'AutoEletricaTecnica'. | ErroTecnico= | StackTrace=
DataHora=2026-09-26T14:09:22.8677283-03:00 | Nivel=INFO | Usuario=Smoke Test | Perfil=Administrador | Tela=Geral | Acao=Adicionado ao cache: Orcamentos | ErroTecnico= | StackTrace=
DataHora=2026-09-26T14:09:22.8685134-03:00 | Nivel=INFO | Usuario=Smoke Test | Perfil=Administrador | Tela=Geral | Acao=Navegacao registrada: Orcamentos | ErroTecnico= | StackTrace=
DataHora=2026-09-26T14:09:22.8690322-03:00 | Nivel=INFO | Usuario=Smoke Test | Perfil=Administrador | Tela=Geral | Acao=Navegacao concluida para o modulo 'Orcamentos'. | ErroTecnico= | StackTrace=
DataHora=2026-09-26T14:09:23.7792184-03:00 | Nivel=INFO | Usuario=Smoke Test | Perfil=Administrador | Tela=Geral | Acao=Adicionado ao cache: OrdensServico | ErroTecnico= | StackTrace=
DataHora=2026-09-26T14:09:23.7798806-03:00 | Nivel=INFO | Usuario=Smoke Test | Perfil=Administrador | Tela=Geral | Acao=Navegacao registrada: OrdensServico | ErroTecnico= | StackTrace=
DataHora=2026-09-26T14:09:23.7803887-03:00 | Nivel=INFO | Usuario=Smoke Test | Perfil=Administrador | Tela=Geral | Acao=Navegacao concluida para o modulo 'OrdensServico'. | ErroTecnico= | StackTrace=
DataHora=2026-09-26T14:09:24.9624809-03:00 | Nivel=INFO | Usuario=Smoke Test | Perfil=Administrador | Tela=Geral | Acao=Adicionado ao cache: OficinaKanban | ErroTecnico= | StackTrace=
DataHora=2026-09-26T14:09:24.9631811-03:00 | Nivel=INFO | Usuario=Smoke Test | Perfil=Administrador | Tela=Geral | Acao=Navegacao registrada: OficinaKanban | ErroTecnico= | StackTrace=
DataHora=2026-09-26T14:09:24.9637468-03:00 | Nivel=INFO | Usuario=Smoke Test | Perfil=Administrador | Tela=Geral | Acao=Navegacao concluida para o modulo 'OficinaKanban'. | ErroTecnico= | StackTrace=
DataHora=2026-09-26T14:09:25.7953704-03:00 | Nivel=INFO | Usuario=Smoke Test | Perfil=Administrador | Tela=Geral | Acao=Adicionado ao cache: PDV | ErroTecnico= | StackTrace=
DataHora=2026-09-26T14:09:25.7960258-03:00 | Nivel=INFO | Usuario=Smoke Test | Perfil=Administrador | Tela=Geral | Acao=Navegacao registrada: PDV | ErroTecnico= | StackTrace=
DataHora=2026-09-26T14:09:25.7966028-03:00 | Nivel=INFO | Usuario=Smoke Test | Perfil=Administrador | Tela=Geral | Acao=Navegacao concluida para o modulo 'PDV'. | ErroTecnico= | StackTrace=
DataHora=2026-09-26T14:09:25.9351992-03:00 | Nivel=INFO | Usuario=Smoke Test | Perfil=Administrador | Tela=PDV | Acao=Diagnostico de impressao do PDV: Default=Microsoft Print to PDF / Fisica=False / Instaladas=1 / Microsoft Print to PDF [Driver=Microsoft Print To PDF; Porta=PORTPROMPT:; Default=True; Virtual=True; Offline=False; Shared=False] | ErroTecnico= | StackTrace=
DataHora=2026-09-26T14:09:25.9363553-03:00 | Nivel=WARN | Usuario=Smoke Test | Perfil=Administrador | Tela=PDV | Acao=Nenhuma impressora fisica foi detectada para homologacao final do PDV. O ambiente atual depende apenas de fila virtual. | ErroTecnico= | StackTrace=
DataHora=2026-09-26T14:09:26.5909268-03:00 | Nivel=INFO | Usuario=Smoke Test | Perfil=Administrador | Tela=Geral | Acao=Adicionado ao cache: Estoque | ErroTecnico= | StackTrace=
DataHora=2026-09-26T14:09:26.5917371-03:00 | Nivel=INFO | Usuario=Smoke Test | Perfil=Administrador | Tela=Geral | Acao=Navegacao registrada: Estoque | ErroTecnico= | StackTrace=
DataHora=2026-09-26T14:09:26.5922653-03:00 | Nivel=INFO | Usuario=Smoke Test | Perfil=Administrador | Tela=Geral | Acao=Navegacao concluida para o modulo 'Estoque'. | ErroTecnico= | StackTrace=
DataHora=2026-09-26T14:09:26.6401760-03:00 | Nivel=INFO | Usuario=Smoke Test | Perfil=Administrador | Tela=Estoque | Acao=Estoque: listagem carregou 556 produto(s). | ErroTecnico= | StackTrace=
DataHora=2026-09-26T14:09:26.7611754-03:00 | Nivel=INFO | Usuario=Smoke Test | Perfil=Administrador | Tela=Estoque | Acao=Estoque layout: rootH=885; headerH=59; actionBarH=140; actionBarVis=Visible; metricsH=84; metricsVis=Visible; stateHostH=575; contentH=575; contentVis=Visible; loadingH=0; loadingVis=Collapsed; emptyH=0; emptyVis=Collapsed; errorH=0; errorVis=Collapsed; dataGridH=421; gridItems=556; totalTxt=556 | ErroTecnico= | StackTrace=
DataHora=2026-09-26T14:09:27.4754062-03:00 | Nivel=INFO | Usuario=Smoke Test | Perfil=Administrador | Tela=Geral | Acao=Adicionado ao cache: CatalogoPecas | ErroTecnico= | StackTrace=
DataHora=2026-09-26T14:09:27.4761574-03:00 | Nivel=INFO | Usuario=Smoke Test | Perfil=Administrador | Tela=Geral | Acao=Navegacao registrada: CatalogoPecas | ErroTecnico= | StackTrace=
DataHora=2026-09-26T14:09:27.4767041-03:00 | Nivel=INFO | Usuario=Smoke Test | Perfil=Administrador | Tela=Geral | Acao=Navegacao concluida para o modulo 'CatalogoPecas'. | ErroTecnico= | StackTrace=
DataHora=2026-09-26T14:09:27.8564112-03:00 | Nivel=INFO | Usuario=Smoke Test | Perfil=Administrador | Tela=Geral | Acao=Catalogo veiculos: seed +0 veiculos, +0 vinculos peca↔veiculo. | ErroTecnico= | StackTrace=
DataHora=2026-09-26T14:09:28.7210602-03:00 | Nivel=INFO | Usuario=Smoke Test | Perfil=Administrador | Tela=Geral | Acao=Abertura da pagina de importacao NF-e. | ErroTecnico= | StackTrace=
DataHora=2026-09-26T14:09:28.7296885-03:00 | Nivel=INFO | Usuario=Smoke Test | Perfil=Administrador | Tela=Geral | Acao=Adicionado ao cache: ImportarNFe | ErroTecnico= | StackTrace=
DataHora=2026-09-26T14:09:28.7303020-03:00 | Nivel=INFO | Usuario=Smoke Test | Perfil=Administrador | Tela=Geral | Acao=Navegacao registrada: ImportarNFe | ErroTecnico= | StackTrace=
DataHora=2026-09-26T14:09:28.7308826-03:00 | Nivel=INFO | Usuario=Smoke Test | Perfil=Administrador | Tela=Geral | Acao=Navegacao concluida para o modulo 'ImportarNFe'. | ErroTecnico= | StackTrace=
DataHora=2026-09-26T14:09:29.4557139-03:00 | Nivel=INFO | Usuario=Smoke Test | Perfil=Administrador | Tela=Financeiro | Acao=ObterMovimentacoes(limit=1200) concluida em 2 ms. | ErroTecnico= | StackTrace=
DataHora=2026-09-26T14:09:29.4650459-03:00 | Nivel=INFO | Usuario=Smoke Test | Perfil=Administrador | Tela=Financeiro | Acao=ObterMovimentacoes(limit=1200) concluida em 2 ms. | ErroTecnico= | StackTrace=
DataHora=2026-09-26T14:09:29.4896313-03:00 | Nivel=INFO | Usuario=Smoke Test | Perfil=Administrador | Tela=Financeiro | Acao=ObterMovimentacoes(limit=1200) concluida em 2 ms. | ErroTecnico= | StackTrace=
DataHora=2026-09-26T14:09:29.4919051-03:00 | Nivel=INFO | Usuario=Smoke Test | Perfil=Administrador | Tela=Geral | Acao=Adicionado ao cache: Financeiro | ErroTecnico= | StackTrace=
DataHora=2026-09-26T14:09:29.4924233-03:00 | Nivel=INFO | Usuario=Smoke Test | Perfil=Administrador | Tela=Geral | Acao=Navegacao registrada: Financeiro | ErroTecnico= | StackTrace=
DataHora=2026-09-26T14:09:29.4929215-03:00 | Nivel=INFO | Usuario=Smoke Test | Perfil=Administrador | Tela=Geral | Acao=Navegacao concluida para o modulo 'Financeiro'. | ErroTecnico= | StackTrace=
DataHora=2026-09-26T14:09:29.9372906-03:00 | Nivel=INFO | Usuario=Smoke Test | Perfil=Administrador | Tela=Financeiro | Acao=ObterMovimentacoes(limit=1200) concluida em 3 ms. | ErroTecnico= | StackTrace=
DataHora=2026-09-26T14:09:29.9505180-03:00 | Nivel=INFO | Usuario=Smoke Test | Perfil=Administrador | Tela=Financeiro | Acao=ObterMovimentacoes(limit=1200) concluida em 2 ms. | ErroTecnico= | StackTrace=
DataHora=2026-09-26T14:09:30.0710844-03:00 | Nivel=INFO | Usuario=Smoke Test | Perfil=Administrador | Tela=Financeiro | Acao=ObterMovimentacoes(limit=1200) concluida em 2 ms. | ErroTecnico= | StackTrace=
DataHora=2026-09-26T14:09:31.2863891-03:00 | Nivel=INFO | Usuario=Smoke Test | Perfil=Administrador | Tela=Geral | Acao=Adicionado ao cache: Fornecedores | ErroTecnico= | StackTrace=
DataHora=2026-09-26T14:09:31.2871471-03:00 | Nivel=INFO | Usuario=Smoke Test | Perfil=Administrador | Tela=Geral | Acao=Navegacao registrada: Fornecedores | ErroTecnico= | StackTrace=
DataHora=2026-09-26T14:09:31.2877104-03:00 | Nivel=INFO | Usuario=Smoke Test | Perfil=Administrador | Tela=Geral | Acao=Navegacao concluida para o modulo 'Fornecedores'. | ErroTecnico= | StackTrace=
DataHora=2026-09-26T14:09:32.1378451-03:00 | Nivel=INFO | Usuario=Smoke Test | Perfil=Administrador | Tela=Geral | Acao=Adicionado ao cache: Funcionarios | ErroTecnico= | StackTrace=
DataHora=2026-09-26T14:09:32.1386838-03:00 | Nivel=INFO | Usuario=Smoke Test | Perfil=Administrador | Tela=Geral | Acao=Navegacao registrada: Funcionarios | ErroTecnico= | StackTrace=
DataHora=2026-09-26T14:09:32.1391935-03:00 | Nivel=INFO | Usuario=Smoke Test | Perfil=Administrador | Tela=Geral | Acao=Navegacao concluida para o modulo 'Funcionarios'. | ErroTecnico= | StackTrace=
DataHora=2026-09-26T14:09:33.0092969-03:00 | Nivel=INFO | Usuario=Smoke Test | Perfil=Administrador | Tela=Geral | Acao=Adicionado ao cache: Agendamentos | ErroTecnico= | StackTrace=
DataHora=2026-09-26T14:09:33.0100376-03:00 | Nivel=INFO | Usuario=Smoke Test | Perfil=Administrador | Tela=Geral | Acao=Navegacao registrada: Agendamentos | ErroTecnico= | StackTrace=
DataHora=2026-09-26T14:09:33.0105930-03:00 | Nivel=INFO | Usuario=Smoke Test | Perfil=Administrador | Tela=Geral | Acao=Navegacao concluida para o modulo 'Agendamentos'. | ErroTecnico= | StackTrace=
DataHora=2026-09-26T14:09:33.9482100-03:00 | Nivel=INFO | Usuario=Smoke Test | Perfil=Administrador | Tela=Geral | Acao=Adicionado ao cache: Relatorios | ErroTecnico= | StackTrace=
DataHora=2026-09-26T14:09:33.9488961-03:00 | Nivel=INFO | Usuario=Smoke Test | Perfil=Administrador | Tela=Geral | Acao=Navegacao registrada: Relatorios | ErroTecnico= | StackTrace=
DataHora=2026-09-26T14:09:33.9494309-03:00 | Nivel=INFO | Usuario=Smoke Test | Perfil=Administrador | Tela=Geral | Acao=Navegacao concluida para o modulo 'Relatorios'. | ErroTecnico= | StackTrace=
DataHora=2026-09-26T14:09:33.9789454-03:00 | Nivel=INFO | Usuario=Smoke Test | Perfil=Administrador | Tela=Relatorios | Acao=ObterDadosFinanceiros(limit=250) concluida em 0 ms. | ErroTecnico= | StackTrace=
DataHora=2026-09-26T14:09:33.9803746-03:00 | Nivel=INFO | Usuario=Smoke Test | Perfil=Administrador | Tela=Relatorios | Acao=ObterDadosVendas(limit=250) concluida em 0 ms. | ErroTecnico= | StackTrace=
DataHora=2026-09-26T14:09:33.9819137-03:00 | Nivel=INFO | Usuario=Smoke Test | Perfil=Administrador | Tela=Relatorios | Acao=ObterMargemPorProduto(limit=100) concluida em 0 ms. | ErroTecnico= | StackTrace=
DataHora=2026-09-26T14:09:33.9829615-03:00 | Nivel=INFO | Usuario=Smoke Test | Perfil=Administrador | Tela=Relatorios | Acao=ObterVendasPorHora concluida em 0 ms. | ErroTecnico= | StackTrace=
DataHora=2026-09-26T14:09:33.9841368-03:00 | Nivel=INFO | Usuario=Smoke Test | Perfil=Administrador | Tela=Relatorios | Acao=ObterVendasPorDia(limit=31) concluida em 0 ms. | ErroTecnico= | StackTrace=
DataHora=2026-09-26T14:09:33.9852024-03:00 | Nivel=INFO | Usuario=Smoke Test | Perfil=Administrador | Tela=Relatorios | Acao=ObterInadimplenciaDetalhada(limit=100) concluida em 0 ms. | ErroTecnico= | StackTrace=
DataHora=2026-09-26T14:09:33.9864569-03:00 | Nivel=INFO | Usuario=Smoke Test | Perfil=Administrador | Tela=Relatorios | Acao=ObterConciliacaoFinanceira concluida em 0 ms. | ErroTecnico= | StackTrace=
DataHora=2026-09-26T14:09:33.9879324-03:00 | Nivel=INFO | Usuario=Smoke Test | Perfil=Administrador | Tela=Relatorios | Acao=ObterOsAbertas concluida em 0 ms. | ErroTecnico= | StackTrace=
DataHora=2026-09-26T14:09:33.9893083-03:00 | Nivel=INFO | Usuario=Smoke Test | Perfil=Administrador | Tela=Relatorios | Acao=ObterOsFinalizadas concluida em 0 ms. | ErroTecnico= | StackTrace=
DataHora=2026-09-26T14:09:33.9909776-03:00 | Nivel=INFO | Usuario=Smoke Test | Perfil=Administrador | Tela=Relatorios | Acao=ObterOrdensServicoPorTecnico concluida em 0 ms. | ErroTecnico= | StackTrace=
DataHora=2026-09-26T14:09:33.9929650-03:00 | Nivel=INFO | Usuario=Smoke Test | Perfil=Administrador | Tela=Relatorios | Acao=ObterServicosRelatorio concluida em 1 ms. | ErroTecnico= | StackTrace=
DataHora=2026-09-26T14:09:33.9961290-03:00 | Nivel=INFO | Usuario=Smoke Test | Perfil=Administrador | Tela=Relatorios | Acao=ObterDadosEstoque(limit=250) concluida em 2 ms. | ErroTecnico= | StackTrace=
DataHora=2026-09-26T14:09:33.9976225-03:00 | Nivel=INFO | Usuario=Smoke Test | Perfil=Administrador | Tela=Relatorios | Acao=ObterDadosClientes(limit=250) concluida em 0 ms. | ErroTecnico= | StackTrace=
DataHora=2026-09-26T14:09:33.9989830-03:00 | Nivel=INFO | Usuario=Smoke Test | Perfil=Administrador | Tela=Relatorios | Acao=ObterDadosOrcamentos(limit=250) concluida em 0 ms. | ErroTecnico= | StackTrace=
DataHora=2026-09-26T14:09:33.9999975-03:00 | Nivel=INFO | Usuario=Smoke Test | Perfil=Administrador | Tela=Relatorios | Acao=ObterDadosCaixa(limit=250) concluida em 0 ms. | ErroTecnico= | StackTrace=
DataHora=2026-09-26T14:09:34.0027518-03:00 | Nivel=INFO | Usuario=Smoke Test | Perfil=Administrador | Tela=Relatorios | Acao=ObterDemonstrativoResultado concluida em 0 ms. | ErroTecnico= | StackTrace=
DataHora=2026-09-26T14:09:34.0041040-03:00 | Nivel=INFO | Usuario=Smoke Test | Perfil=Administrador | Tela=Relatorios | Acao=ObterTicketMedio concluida em 0 ms. | ErroTecnico= | StackTrace=
DataHora=2026-09-26T14:09:34.0049997-03:00 | Nivel=INFO | Usuario=Smoke Test | Perfil=Administrador | Tela=Relatorios | Acao=ObterTotalClientes concluida em 0 ms. | ErroTecnico= | StackTrace=
DataHora=2026-09-26T14:09:34.0059520-03:00 | Nivel=INFO | Usuario=Smoke Test | Perfil=Administrador | Tela=Relatorios | Acao=ObterProdutosSemGiro concluida em 0 ms. | ErroTecnico= | StackTrace=
DataHora=2026-09-26T14:09:34.0070047-03:00 | Nivel=INFO | Usuario=Smoke Test | Perfil=Administrador | Tela=Relatorios | Acao=ObterConversaoOrcamentos concluida em 0 ms. | ErroTecnico= | StackTrace=
DataHora=2026-09-26T14:09:34.0084808-03:00 | Nivel=INFO | Usuario=Smoke Test | Perfil=Administrador | Tela=Relatorios | Acao=ObterResumoConsistenciaOperacional concluida em 0 ms. | ErroTecnico= | StackTrace=
DataHora=2026-09-26T14:09:34.0686032-03:00 | Nivel=INFO | Usuario=Smoke Test | Perfil=Administrador | Tela=Auditoria | Acao=ObterAuditoriaPaginada(pagina=1, tamanho=100) concluida em 2 ms. | ErroTecnico= | StackTrace=
DataHora=2026-09-26T14:09:34.0704987-03:00 | Nivel=INFO | Usuario=Smoke Test | Perfil=Administrador | Tela=Auditoria | Acao=ObterCategoriasAuditoriaOperacional concluida em 0 ms. | ErroTecnico= | StackTrace=
DataHora=2026-09-26T14:09:34.1463639-03:00 | Nivel=INFO | Usuario=Smoke Test | Perfil=Administrador | Tela=Relatorios | Acao=Workspace de relatorios carregado com 0 vendas, 104 clientes e 100 eventos de auditoria exibidos. | ErroTecnico= | StackTrace=
DataHora=2026-09-26T14:09:36.7444382-03:00 | Nivel=INFO | Usuario=Smoke Test | Perfil=Administrador | Tela=Geral | Acao=Smoke test aprovado: PreCheck:SemModaisPresasNavegacao (19025 ms). | ErroTecnico= | StackTrace=
DataHora=2026-09-26T14:09:36.7451622-03:00 | Nivel=INFO | Usuario=Smoke Test | Perfil=Administrador | Tela=Geral | Acao=Smoke test iniciando: MainWindow:NavegacaoSequencial. | ErroTecnico= | StackTrace=
DataHora=2026-09-26T14:09:36.8056584-03:00 | Nivel=INFO | Usuario=Smoke Test | Perfil=Administrador | Tela=Geral | Acao=Adicionado ao cache: Dashboard | ErroTecnico= | StackTrace=
DataHora=2026-09-26T14:09:36.8063776-03:00 | Nivel=INFO | Usuario=Smoke Test | Perfil=Administrador | Tela=Geral | Acao=Navegacao registrada: Dashboard | ErroTecnico= | StackTrace=
DataHora=2026-09-26T14:09:36.8069264-03:00 | Nivel=INFO | Usuario=Smoke Test | Perfil=Administrador | Tela=Geral | Acao=Navegacao concluida para o modulo 'Dashboard'. | ErroTecnico= | StackTrace=
DataHora=2026-09-26T14:09:36.8941970-03:00 | Nivel=INFO | Usuario=Smoke Test | Perfil=Administrador | Tela=Geral | Acao=Adicionado ao cache: Clientes | ErroTecnico= | StackTrace=
DataHora=2026-09-26T14:09:36.8948964-03:00 | Nivel=INFO | Usuario=Smoke Test | Perfil=Administrador | Tela=Geral | Acao=Navegacao registrada: Clientes | ErroTecnico= | StackTrace=
DataHora=2026-09-26T14:09:36.8954789-03:00 | Nivel=INFO | Usuario=Smoke Test | Perfil=Administrador | Tela=Geral | Acao=Navegacao concluida para o modulo 'Clientes'. | ErroTecnico= | StackTrace=
DataHora=2026-09-26T14:09:36.9068848-03:00 | Nivel=INFO | Usuario=Smoke Test | Perfil=Administrador | Tela=Geral | Acao=Adicionado ao cache: Estoque | ErroTecnico= | StackTrace=
DataHora=2026-09-26T14:09:36.9075139-03:00 | Nivel=INFO | Usuario=Smoke Test | Perfil=Administrador | Tela=Geral | Acao=Navegacao registrada: Estoque | ErroTecnico= | StackTrace=
DataHora=2026-09-26T14:09:36.9080225-03:00 | Nivel=INFO | Usuario=Smoke Test | Perfil=Administrador | Tela=Geral | Acao=Navegacao concluida para o modulo 'Estoque'. | ErroTecnico= | StackTrace=
DataHora=2026-09-26T14:09:36.9122667-03:00 | Nivel=INFO | Usuario=Smoke Test | Perfil=Administrador | Tela=Geral | Acao=Smoke test aprovado: MainWindow:NavegacaoSequencial (167 ms). | ErroTecnico= | StackTrace=
DataHora=2026-09-26T14:09:36.9128578-03:00 | Nivel=INFO | Usuario=Smoke Test | Perfil=Administrador | Tela=Geral | Acao=Smoke test iniciando: MainWindow:VoltarHistorico. | ErroTecnico= | StackTrace=
DataHora=2026-09-26T14:09:36.9715682-03:00 | Nivel=INFO | Usuario=Smoke Test | Perfil=Administrador | Tela=Geral | Acao=Adicionado ao cache: Dashboard | ErroTecnico= | StackTrace=
DataHora=2026-09-26T14:09:36.9722116-03:00 | Nivel=INFO | Usuario=Smoke Test | Perfil=Administrador | Tela=Geral | Acao=Navegacao registrada: Dashboard | ErroTecnico= | StackTrace=
DataHora=2026-09-26T14:09:36.9727574-03:00 | Nivel=INFO | Usuario=Smoke Test | Perfil=Administrador | Tela=Geral | Acao=Navegacao concluida para o modulo 'Dashboard'. | ErroTecnico= | StackTrace=
DataHora=2026-09-26T14:09:37.0589462-03:00 | Nivel=INFO | Usuario=Smoke Test | Perfil=Administrador | Tela=Geral | Acao=Adicionado ao cache: Clientes | ErroTecnico= | StackTrace=
DataHora=2026-09-26T14:09:37.0596494-03:00 | Nivel=INFO | Usuario=Smoke Test | Perfil=Administrador | Tela=Geral | Acao=Navegacao registrada: Clientes | ErroTecnico= | StackTrace=
DataHora=2026-09-26T14:09:37.0602356-03:00 | Nivel=INFO | Usuario=Smoke Test | Perfil=Administrador | Tela=Geral | Acao=Navegacao concluida para o modulo 'Clientes'. | ErroTecnico= | StackTrace=
DataHora=2026-09-26T14:09:37.0717502-03:00 | Nivel=INFO | Usuario=Smoke Test | Perfil=Administrador | Tela=Geral | Acao=Adicionado ao cache: Estoque | ErroTecnico= | StackTrace=
DataHora=2026-09-26T14:09:37.0724042-03:00 | Nivel=INFO | Usuario=Smoke Test | Perfil=Administrador | Tela=Geral | Acao=Navegacao registrada: Estoque | ErroTecnico= | StackTrace=
DataHora=2026-09-26T14:09:37.0729384-03:00 | Nivel=INFO | Usuario=Smoke Test | Perfil=Administrador | Tela=Geral | Acao=Navegacao concluida para o modulo 'Estoque'. | ErroTecnico= | StackTrace=
DataHora=2026-09-26T14:09:37.0780302-03:00 | Nivel=INFO | Usuario=Smoke Test | Perfil=Administrador | Tela=Geral | Acao=Obtido do cache: Clientes | ErroTecnico= | StackTrace=
DataHora=2026-09-26T14:09:37.0786132-03:00 | Nivel=INFO | Usuario=Smoke Test | Perfil=Administrador | Tela=Geral | Acao=Navegacao concluida para o modulo 'Clientes'. | ErroTecnico= | StackTrace=
DataHora=2026-09-26T14:09:37.0844860-03:00 | Nivel=INFO | Usuario=Smoke Test | Perfil=Administrador | Tela=Geral | Acao=Smoke test aprovado: MainWindow:VoltarHistorico (171 ms). | ErroTecnico= | StackTrace=
DataHora=2026-09-26T14:09:37.0851034-03:00 | Nivel=INFO | Usuario=Smoke Test | Perfil=Administrador | Tela=Geral | Acao=Smoke test iniciando: MainWindow:AtualizarModulo. | ErroTecnico= | StackTrace=
DataHora=2026-09-26T14:09:37.1212976-03:00 | Nivel=INFO | Usuario=Smoke Test | Perfil=Administrador | Tela=Geral | Acao=Adicionado ao cache: Dashboard | ErroTecnico= | StackTrace=
DataHora=2026-09-26T14:09:37.1219456-03:00 | Nivel=INFO | Usuario=Smoke Test | Perfil=Administrador | Tela=Geral | Acao=Navegacao registrada: Dashboard | ErroTecnico= | StackTrace=
DataHora=2026-09-26T14:09:37.1225059-03:00 | Nivel=INFO | Usuario=Smoke Test | Perfil=Administrador | Tela=Geral | Acao=Navegacao concluida para o modulo 'Dashboard'. | ErroTecnico= | StackTrace=
DataHora=2026-09-26T14:09:37.2087992-03:00 | Nivel=INFO | Usuario=Smoke Test | Perfil=Administrador | Tela=Geral | Acao=Adicionado ao cache: Clientes | ErroTecnico= | StackTrace=
DataHora=2026-09-26T14:09:37.2095140-03:00 | Nivel=INFO | Usuario=Smoke Test | Perfil=Administrador | Tela=Geral | Acao=Navegacao registrada: Clientes | ErroTecnico= | StackTrace=
DataHora=2026-09-26T14:09:37.2101108-03:00 | Nivel=INFO | Usuario=Smoke Test | Perfil=Administrador | Tela=Geral | Acao=Navegacao concluida para o modulo 'Clientes'. | ErroTecnico= | StackTrace=
DataHora=2026-09-26T14:09:37.2149750-03:00 | Nivel=INFO | Usuario=Smoke Test | Perfil=Administrador | Tela=Geral | Acao=Modulo removido manualmente do cache: Clientes | ErroTecnico= | StackTrace=
DataHora=2026-09-26T14:09:37.2993979-03:00 | Nivel=INFO | Usuario=Smoke Test | Perfil=Administrador | Tela=Geral | Acao=Adicionado ao cache: Clientes | ErroTecnico= | StackTrace=
DataHora=2026-09-26T14:09:37.3001064-03:00 | Nivel=INFO | Usuario=Smoke Test | Perfil=Administrador | Tela=Geral | Acao=Navegacao concluida para o modulo 'Clientes'. | ErroTecnico= | StackTrace=
DataHora=2026-09-26T14:09:37.3042751-03:00 | Nivel=INFO | Usuario=Smoke Test | Perfil=Administrador | Tela=Geral | Acao=Modulo atualizado manualmente: Clientes | ErroTecnico= | StackTrace=
DataHora=2026-09-26T14:09:37.3205732-03:00 | Nivel=INFO | Usuario=Smoke Test | Perfil=Administrador | Tela=Geral | Acao=Smoke test aprovado: MainWindow:AtualizarModulo (235 ms). | ErroTecnico= | StackTrace=
DataHora=2026-09-26T14:09:37.3212568-03:00 | Nivel=INFO | Usuario=Smoke Test | Perfil=Administrador | Tela=Geral | Acao=Smoke test iniciando: MainWindow:PermissoesMenuVendedor. | ErroTecnico= | StackTrace=
DataHora=2026-09-26T14:09:37.3443699-03:00 | Nivel=WARN | Usuario=Smoke Test | Perfil=Administrador | Tela=Geral | Acao=Permissao negada. Usuario=Smoke Vendedor; Perfil=Vendedor; Tipo=AcaoCriticaSemLinha; Alvo=SISTEMA_CONFIGURAR; Codigo=SISTEMA_CONFIGURAR | ErroTecnico= | StackTrace=
DataHora=2026-09-26T14:09:37.3526790-03:00 | Nivel=INFO | Usuario=Smoke Test | Perfil=Administrador | Tela=Geral | Acao=Adicionado ao cache: Dashboard | ErroTecnico= | StackTrace=
DataHora=2026-09-26T14:09:37.3533006-03:00 | Nivel=INFO | Usuario=Smoke Test | Perfil=Administrador | Tela=Geral | Acao=Navegacao registrada: Dashboard | ErroTecnico= | StackTrace=
DataHora=2026-09-26T14:09:37.3538321-03:00 | Nivel=INFO | Usuario=Smoke Test | Perfil=Administrador | Tela=Geral | Acao=Navegacao concluida para o modulo 'Dashboard'. | ErroTecnico= | StackTrace=
DataHora=2026-09-26T14:09:37.3570716-03:00 | Nivel=INFO | Usuario=Smoke Test | Perfil=Administrador | Tela=Geral | Acao=Smoke test aprovado: MainWindow:PermissoesMenuVendedor (35 ms). | ErroTecnico= | StackTrace=
DataHora=2026-09-26T14:09:37.3576676-03:00 | Nivel=INFO | Usuario=Smoke Test | Perfil=Administrador | Tela=Geral | Acao=Smoke test iniciando: MainWindow:BuscaGlobalNavegaModulo. | ErroTecnico= | StackTrace=
DataHora=2026-09-26T14:09:37.4023359-03:00 | Nivel=INFO | Usuario=Smoke Test | Perfil=Administrador | Tela=Geral | Acao=Adicionado ao cache: Dashboard | ErroTecnico= | StackTrace=
DataHora=2026-09-26T14:09:37.4029748-03:00 | Nivel=INFO | Usuario=Smoke Test | Perfil=Administrador | Tela=Geral | Acao=Navegacao registrada: Dashboard | ErroTecnico= | StackTrace=
DataHora=2026-09-26T14:09:37.4035181-03:00 | Nivel=INFO | Usuario=Smoke Test | Perfil=Administrador | Tela=Geral | Acao=Navegacao concluida para o modulo 'Dashboard'. | ErroTecnico= | StackTrace=
DataHora=2026-09-26T14:09:37.4156717-03:00 | Nivel=INFO | Usuario=Smoke Test | Perfil=Administrador | Tela=Geral | Acao=Adicionado ao cache: Estoque | ErroTecnico= | StackTrace=
DataHora=2026-09-26T14:09:37.4163538-03:00 | Nivel=INFO | Usuario=Smoke Test | Perfil=Administrador | Tela=Geral | Acao=Navegacao registrada: Estoque | ErroTecnico= | StackTrace=
DataHora=2026-09-26T14:09:37.4169480-03:00 | Nivel=INFO | Usuario=Smoke Test | Perfil=Administrador | Tela=Geral | Acao=Navegacao concluida para o modulo 'Estoque'. | ErroTecnico= | StackTrace=
DataHora=2026-09-26T14:09:37.4231725-03:00 | Nivel=INFO | Usuario=Smoke Test | Perfil=Administrador | Tela=Geral | Acao=Smoke test aprovado: MainWindow:BuscaGlobalNavegaModulo (65 ms). | ErroTecnico= | StackTrace=
DataHora=2026-09-26T14:09:37.4238236-03:00 | Nivel=INFO | Usuario=Smoke Test | Perfil=Administrador | Tela=Geral | Acao=Smoke test iniciando: MainWindow:ImportarNFeAutomacao. | ErroTecnico= | StackTrace=
DataHora=2026-09-26T14:09:37.4637612-03:00 | Nivel=INFO | Usuario=Smoke Test | Perfil=Administrador | Tela=Geral | Acao=Adicionado ao cache: Dashboard | ErroTecnico= | StackTrace=
DataHora=2026-09-26T14:09:37.4644661-03:00 | Nivel=INFO | Usuario=Smoke Test | Perfil=Administrador | Tela=Geral | Acao=Navegacao registrada: Dashboard | ErroTecnico= | StackTrace=
DataHora=2026-09-26T14:09:37.4650566-03:00 | Nivel=INFO | Usuario=Smoke Test | Perfil=Administrador | Tela=Geral | Acao=Navegacao concluida para o modulo 'Dashboard'. | ErroTecnico= | StackTrace=
DataHora=2026-09-26T14:09:37.4684646-03:00 | Nivel=INFO | Usuario=Smoke Test | Perfil=Administrador | Tela=Geral | Acao=Abertura da pagina de importacao NF-e. | ErroTecnico= | StackTrace=
DataHora=2026-09-26T14:09:37.4764878-03:00 | Nivel=INFO | Usuario=Smoke Test | Perfil=Administrador | Tela=Geral | Acao=Adicionado ao cache: ImportarNFe | ErroTecnico= | StackTrace=
DataHora=2026-09-26T14:09:37.4770649-03:00 | Nivel=INFO | Usuario=Smoke Test | Perfil=Administrador | Tela=Geral | Acao=Navegacao registrada: ImportarNFe | ErroTecnico= | StackTrace=
DataHora=2026-09-26T14:09:37.4776057-03:00 | Nivel=INFO | Usuario=Smoke Test | Perfil=Administrador | Tela=Geral | Acao=Navegacao concluida para o modulo 'ImportarNFe'. | ErroTecnico= | StackTrace=
DataHora=2026-09-26T14:09:37.4829789-03:00 | Nivel=INFO | Usuario=Smoke Test | Perfil=Administrador | Tela=Geral | Acao=Smoke test aprovado: MainWindow:ImportarNFeAutomacao (59 ms). | ErroTecnico= | StackTrace=
DataHora=2026-09-26T14:09:37.4835680-03:00 | Nivel=INFO | Usuario=Smoke Test | Perfil=Administrador | Tela=Geral | Acao=Smoke test iniciando: MainWindow:BuscaGlobalSobDemanda. | ErroTecnico= | StackTrace=
DataHora=2026-09-26T14:09:37.5119443-03:00 | Nivel=INFO | Usuario=Smoke Test | Perfil=Administrador | Tela=Geral | Acao=Adicionado ao cache: Dashboard | ErroTecnico= | StackTrace=
DataHora=2026-09-26T14:09:37.5125399-03:00 | Nivel=INFO | Usuario=Smoke Test | Perfil=Administrador | Tela=Geral | Acao=Navegacao registrada: Dashboard | ErroTecnico= | StackTrace=
DataHora=2026-09-26T14:09:37.5131435-03:00 | Nivel=INFO | Usuario=Smoke Test | Perfil=Administrador | Tela=Geral | Acao=Navegacao concluida para o modulo 'Dashboard'. | ErroTecnico= | StackTrace=
DataHora=2026-09-26T14:09:37.8281875-03:00 | Nivel=INFO | Usuario=Smoke Test | Perfil=Administrador | Tela=Geral | Acao=Smoke test aprovado: MainWindow:BuscaGlobalSobDemanda (344 ms). | ErroTecnico= | StackTrace=
DataHora=2026-09-26T14:09:37.8289205-03:00 | Nivel=INFO | Usuario=Smoke Test | Perfil=Administrador | Tela=Geral | Acao=Smoke test iniciando: MainWindow:NotificacaoShellAcionavel. | ErroTecnico= | StackTrace=
DataHora=2026-09-26T14:09:37.8886539-03:00 | Nivel=INFO | Usuario=Smoke Test | Perfil=Administrador | Tela=Geral | Acao=Adicionado ao cache: Dashboard | ErroTecnico= | StackTrace=
DataHora=2026-09-26T14:09:37.8892224-03:00 | Nivel=INFO | Usuario=Smoke Test | Perfil=Administrador | Tela=Geral | Acao=Navegacao registrada: Dashboard | ErroTecnico= | StackTrace=
DataHora=2026-09-26T14:09:37.8897602-03:00 | Nivel=INFO | Usuario=Smoke Test | Perfil=Administrador | Tela=Geral | Acao=Navegacao concluida para o modulo 'Dashboard'. | ErroTecnico= | StackTrace=
DataHora=2026-09-26T14:09:37.9131301-03:00 | Nivel=INFO | Usuario=Smoke Test | Perfil=Administrador | Tela=Financeiro | Acao=ObterMovimentacoes(limit=1200) concluida em 2 ms. | ErroTecnico= | StackTrace=
DataHora=2026-09-26T14:09:37.9222128-03:00 | Nivel=INFO | Usuario=Smoke Test | Perfil=Administrador | Tela=Financeiro | Acao=ObterMovimentacoes(limit=1200) concluida em 2 ms. | ErroTecnico= | StackTrace=
DataHora=2026-09-26T14:09:37.9466307-03:00 | Nivel=INFO | Usuario=Smoke Test | Perfil=Administrador | Tela=Financeiro | Acao=ObterMovimentacoes(limit=1200) concluida em 2 ms. | ErroTecnico= | StackTrace=
DataHora=2026-09-26T14:09:37.9489802-03:00 | Nivel=INFO | Usuario=Smoke Test | Perfil=Administrador | Tela=Geral | Acao=Adicionado ao cache: Financeiro | ErroTecnico= | StackTrace=
DataHora=2026-09-26T14:09:37.9495190-03:00 | Nivel=INFO | Usuario=Smoke Test | Perfil=Administrador | Tela=Geral | Acao=Navegacao registrada: Financeiro | ErroTecnico= | StackTrace=
DataHora=2026-09-26T14:09:37.9500724-03:00 | Nivel=INFO | Usuario=Smoke Test | Perfil=Administrador | Tela=Geral | Acao=Navegacao concluida para o modulo 'Financeiro'. | ErroTecnico= | StackTrace=
DataHora=2026-09-26T14:09:37.9569752-03:00 | Nivel=INFO | Usuario=Smoke Test | Perfil=Administrador | Tela=Geral | Acao=Smoke test aprovado: MainWindow:NotificacaoShellAcionavel (128 ms). | ErroTecnico= | StackTrace=
DataHora=2026-09-26T14:09:37.9575400-03:00 | Nivel=INFO | Usuario=Smoke Test | Perfil=Administrador | Tela=Geral | Acao=Smoke test iniciando: MainWindow:CruzadaAgendamentosParaOS. | ErroTecnico= | StackTrace=
DataHora=2026-09-26T14:09:37.9939764-03:00 | Nivel=INFO | Usuario=Smoke Test | Perfil=Administrador | Tela=Geral | Acao=Adicionado ao cache: Dashboard | ErroTecnico= | StackTrace=
DataHora=2026-09-26T14:09:37.9945534-03:00 | Nivel=INFO | Usuario=Smoke Test | Perfil=Administrador | Tela=Geral | Acao=Navegacao registrada: Dashboard | ErroTecnico= | StackTrace=
DataHora=2026-09-26T14:09:37.9951608-03:00 | Nivel=INFO | Usuario=Smoke Test | Perfil=Administrador | Tela=Geral | Acao=Navegacao concluida para o modulo 'Dashboard'. | ErroTecnico= | StackTrace=
DataHora=2026-09-26T14:09:38.0896164-03:00 | Nivel=INFO | Usuario=Smoke Test | Perfil=Administrador | Tela=Geral | Acao=Adicionado ao cache: Agendamentos | ErroTecnico= | StackTrace=
DataHora=2026-09-26T14:09:38.0903559-03:00 | Nivel=INFO | Usuario=Smoke Test | Perfil=Administrador | Tela=Geral | Acao=Navegacao registrada: Agendamentos | ErroTecnico= | StackTrace=
DataHora=2026-09-26T14:09:38.0909303-03:00 | Nivel=INFO | Usuario=Smoke Test | Perfil=Administrador | Tela=Geral | Acao=Navegacao concluida para o modulo 'Agendamentos'. | ErroTecnico= | StackTrace=
DataHora=2026-09-26T14:09:38.1806901-03:00 | Nivel=INFO | Usuario=Smoke Test | Perfil=Administrador | Tela=Geral | Acao=Adicionado ao cache: OrdensServico | ErroTecnico= | StackTrace=
DataHora=2026-09-26T14:09:38.1813776-03:00 | Nivel=INFO | Usuario=Smoke Test | Perfil=Administrador | Tela=Geral | Acao=Navegacao registrada: OrdensServico | ErroTecnico= | StackTrace=
DataHora=2026-09-26T14:09:38.1818952-03:00 | Nivel=INFO | Usuario=Smoke Test | Perfil=Administrador | Tela=Geral | Acao=Navegacao concluida para o modulo 'OrdensServico'. | ErroTecnico= | StackTrace=
DataHora=2026-09-26T14:09:38.1959807-03:00 | Nivel=INFO | Usuario=Smoke Test | Perfil=Administrador | Tela=Geral | Acao=Smoke test aprovado: MainWindow:CruzadaAgendamentosParaOS (238 ms). | ErroTecnico= | StackTrace=
DataHora=2026-09-26T14:09:38.1965308-03:00 | Nivel=INFO | Usuario=Smoke Test | Perfil=Administrador | Tela=Geral | Acao=Smoke test iniciando: MainWindow:CruzadaOrcamentosParaFinanceiro. | ErroTecnico= | StackTrace=
DataHora=2026-09-26T14:09:38.2243963-03:00 | Nivel=INFO | Usuario=Smoke Test | Perfil=Administrador | Tela=Geral | Acao=Adicionado ao cache: Dashboard | ErroTecnico= | StackTrace=
DataHora=2026-09-26T14:09:38.2249988-03:00 | Nivel=INFO | Usuario=Smoke Test | Perfil=Administrador | Tela=Geral | Acao=Navegacao registrada: Dashboard | ErroTecnico= | StackTrace=
DataHora=2026-09-26T14:09:38.2255514-03:00 | Nivel=INFO | Usuario=Smoke Test | Perfil=Administrador | Tela=Geral | Acao=Navegacao concluida para o modulo 'Dashboard'. | ErroTecnico= | StackTrace=
DataHora=2026-09-26T14:09:38.3603794-03:00 | Nivel=INFO | Usuario=Smoke Test | Perfil=Administrador | Tela=Geral | Acao=Adicionado ao cache: Orcamentos | ErroTecnico= | StackTrace=
DataHora=2026-09-26T14:09:38.3611356-03:00 | Nivel=INFO | Usuario=Smoke Test | Perfil=Administrador | Tela=Geral | Acao=Navegacao registrada: Orcamentos | ErroTecnico= | StackTrace=
DataHora=2026-09-26T14:09:38.3617391-03:00 | Nivel=INFO | Usuario=Smoke Test | Perfil=Administrador | Tela=Geral | Acao=Navegacao concluida para o modulo 'Orcamentos'. | ErroTecnico= | StackTrace=
DataHora=2026-09-26T14:09:38.3859146-03:00 | Nivel=INFO | Usuario=Smoke Test | Perfil=Administrador | Tela=Financeiro | Acao=ObterMovimentacoes(limit=1200) concluida em 2 ms. | ErroTecnico= | StackTrace=
DataHora=2026-09-26T14:09:38.3951255-03:00 | Nivel=INFO | Usuario=Smoke Test | Perfil=Administrador | Tela=Financeiro | Acao=ObterMovimentacoes(limit=1200) concluida em 2 ms. | ErroTecnico= | StackTrace=
DataHora=2026-09-26T14:09:38.4200081-03:00 | Nivel=INFO | Usuario=Smoke Test | Perfil=Administrador | Tela=Financeiro | Acao=ObterMovimentacoes(limit=1200) concluida em 2 ms. | ErroTecnico= | StackTrace=
DataHora=2026-09-26T14:09:38.4222445-03:00 | Nivel=INFO | Usuario=Smoke Test | Perfil=Administrador | Tela=Geral | Acao=Adicionado ao cache: Financeiro | ErroTecnico= | StackTrace=
DataHora=2026-09-26T14:09:38.4227987-03:00 | Nivel=INFO | Usuario=Smoke Test | Perfil=Administrador | Tela=Geral | Acao=Navegacao registrada: Financeiro | ErroTecnico= | StackTrace=
DataHora=2026-09-26T14:09:38.4233129-03:00 | Nivel=INFO | Usuario=Smoke Test | Perfil=Administrador | Tela=Geral | Acao=Navegacao concluida para o modulo 'Financeiro'. | ErroTecnico= | StackTrace=
DataHora=2026-09-26T14:09:38.4304681-03:00 | Nivel=INFO | Usuario=Smoke Test | Perfil=Administrador | Tela=Geral | Acao=Smoke test aprovado: MainWindow:CruzadaOrcamentosParaFinanceiro (233 ms). | ErroTecnico= | StackTrace=
DataHora=2026-09-26T14:09:38.4312487-03:00 | Nivel=INFO | Usuario=Smoke Test | Perfil=Administrador | Tela=Geral | Acao=Smoke test iniciando: Modulo:Dashboard. | ErroTecnico= | StackTrace=
DataHora=2026-09-26T14:09:38.4473518-03:00 | Nivel=INFO | Usuario=Smoke Test | Perfil=Administrador | Tela=Geral | Acao=Adicionado ao cache: Dashboard | ErroTecnico= | StackTrace=
DataHora=2026-09-26T14:09:38.4480348-03:00 | Nivel=INFO | Usuario=Smoke Test | Perfil=Administrador | Tela=Geral | Acao=Navegacao registrada: Dashboard | ErroTecnico= | StackTrace=
DataHora=2026-09-26T14:09:38.4658834-03:00 | Nivel=INFO | Usuario=Smoke Test | Perfil=Administrador | Tela=Geral | Acao=Smoke test aprovado: Modulo:Dashboard (34 ms). | ErroTecnico= | StackTrace=
DataHora=2026-09-26T14:09:38.4665128-03:00 | Nivel=INFO | Usuario=Smoke Test | Perfil=Administrador | Tela=Geral | Acao=Smoke test iniciando: Modulo:Clientes. | ErroTecnico= | StackTrace=
DataHora=2026-09-26T14:09:38.5510009-03:00 | Nivel=INFO | Usuario=Smoke Test | Perfil=Administrador | Tela=Geral | Acao=Adicionado ao cache: Clientes | ErroTecnico= | StackTrace=
DataHora=2026-09-26T14:09:38.5517055-03:00 | Nivel=INFO | Usuario=Smoke Test | Perfil=Administrador | Tela=Geral | Acao=Navegacao registrada: Clientes | ErroTecnico= | StackTrace=
DataHora=2026-09-26T14:09:38.6365307-03:00 | Nivel=INFO | Usuario=Smoke Test | Perfil=Administrador | Tela=Geral | Acao=Smoke test aprovado: Modulo:Clientes (170 ms). | ErroTecnico= | StackTrace=
DataHora=2026-09-26T14:09:38.6371679-03:00 | Nivel=INFO | Usuario=Smoke Test | Perfil=Administrador | Tela=Geral | Acao=Smoke test iniciando: Modulo:Veiculos. | ErroTecnico= | StackTrace=
DataHora=2026-09-26T14:09:39.0727514-03:00 | Nivel=INFO | Usuario=Smoke Test | Perfil=Administrador | Tela=Geral | Acao=Adicionado ao cache: Veiculos | ErroTecnico= | StackTrace=
DataHora=2026-09-26T14:09:39.0733998-03:00 | Nivel=INFO | Usuario=Smoke Test | Perfil=Administrador | Tela=Geral | Acao=Navegacao registrada: Veiculos | ErroTecnico= | StackTrace=
DataHora=2026-09-26T14:09:39.1858449-03:00 | Nivel=INFO | Usuario=Smoke Test | Perfil=Administrador | Tela=Geral | Acao=Smoke test aprovado: Modulo:Veiculos (548 ms). | ErroTecnico= | StackTrace=
DataHora=2026-09-26T14:09:39.1865014-03:00 | Nivel=INFO | Usuario=Smoke Test | Perfil=Administrador | Tela=Geral | Acao=Smoke test iniciando: Modulo:AutoEletricaTecnica. | ErroTecnico= | StackTrace=
DataHora=2026-09-26T14:09:39.2272291-03:00 | Nivel=INFO | Usuario=Smoke Test | Perfil=Administrador | Tela=Geral | Acao=Adicionado ao cache: AutoEletricaTecnica | ErroTecnico= | StackTrace=
DataHora=2026-09-26T14:09:39.2279802-03:00 | Nivel=INFO | Usuario=Smoke Test | Perfil=Administrador | Tela=Geral | Acao=Navegacao registrada: AutoEletricaTecnica | ErroTecnico= | StackTrace=
DataHora=2026-09-26T14:09:39.2438417-03:00 | Nivel=INFO | Usuario=Smoke Test | Perfil=Administrador | Tela=Geral | Acao=Smoke test aprovado: Modulo:AutoEletricaTecnica (57 ms). | ErroTecnico= | StackTrace=
DataHora=2026-09-26T14:09:39.2444642-03:00 | Nivel=INFO | Usuario=Smoke Test | Perfil=Administrador | Tela=Geral | Acao=Smoke test iniciando: Modulo:Orcamentos. | ErroTecnico= | StackTrace=
DataHora=2026-09-26T14:09:39.3621309-03:00 | Nivel=INFO | Usuario=Smoke Test | Perfil=Administrador | Tela=Geral | Acao=Adicionado ao cache: Orcamentos | ErroTecnico= | StackTrace=
DataHora=2026-09-26T14:09:39.3628310-03:00 | Nivel=INFO | Usuario=Smoke Test | Perfil=Administrador | Tela=Geral | Acao=Navegacao registrada: Orcamentos | ErroTecnico= | StackTrace=
DataHora=2026-09-26T14:09:39.4606948-03:00 | Nivel=INFO | Usuario=Smoke Test | Perfil=Administrador | Tela=Geral | Acao=Smoke test aprovado: Modulo:Orcamentos (216 ms). | ErroTecnico= | StackTrace=
DataHora=2026-09-26T14:09:39.4614093-03:00 | Nivel=INFO | Usuario=Smoke Test | Perfil=Administrador | Tela=Geral | Acao=Smoke test iniciando: Modulo:OrdensServico. | ErroTecnico= | StackTrace=
DataHora=2026-09-26T14:09:39.5380478-03:00 | Nivel=INFO | Usuario=Smoke Test | Perfil=Administrador | Tela=Geral | Acao=Adicionado ao cache: OrdensServico | ErroTecnico= | StackTrace=
DataHora=2026-09-26T14:09:39.5387290-03:00 | Nivel=INFO | Usuario=Smoke Test | Perfil=Administrador | Tela=Geral | Acao=Navegacao registrada: OrdensServico | ErroTecnico= | StackTrace=
DataHora=2026-09-26T14:09:39.5831774-03:00 | Nivel=INFO | Usuario=Smoke Test | Perfil=Administrador | Tela=Geral | Acao=Smoke test aprovado: Modulo:OrdensServico (121 ms). | ErroTecnico= | StackTrace=
DataHora=2026-09-26T14:09:39.5838456-03:00 | Nivel=INFO | Usuario=Smoke Test | Perfil=Administrador | Tela=Geral | Acao=Smoke test iniciando: Modulo:OficinaKanban. | ErroTecnico= | StackTrace=
DataHora=2026-09-26T14:09:39.9760372-03:00 | Nivel=INFO | Usuario=Smoke Test | Perfil=Administrador | Tela=Geral | Acao=Adicionado ao cache: OficinaKanban | ErroTecnico= | StackTrace=
DataHora=2026-09-26T14:09:39.9766557-03:00 | Nivel=INFO | Usuario=Smoke Test | Perfil=Administrador | Tela=Geral | Acao=Navegacao registrada: OficinaKanban | ErroTecnico= | StackTrace=
DataHora=2026-09-26T14:09:40.1120356-03:00 | Nivel=INFO | Usuario=Smoke Test | Perfil=Administrador | Tela=Geral | Acao=Smoke test aprovado: Modulo:OficinaKanban (528 ms). | ErroTecnico= | StackTrace=
DataHora=2026-09-26T14:09:40.1128220-03:00 | Nivel=INFO | Usuario=Smoke Test | Perfil=Administrador | Tela=Geral | Acao=Smoke test iniciando: Modulo:PDV. | ErroTecnico= | StackTrace=
DataHora=2026-09-26T14:09:40.1248007-03:00 | Nivel=INFO | Usuario=Smoke Test | Perfil=Administrador | Tela=Geral | Acao=Adicionado ao cache: PDV | ErroTecnico= | StackTrace=
DataHora=2026-09-26T14:09:40.1253986-03:00 | Nivel=INFO | Usuario=Smoke Test | Perfil=Administrador | Tela=Geral | Acao=Navegacao registrada: PDV | ErroTecnico= | StackTrace=
DataHora=2026-09-26T14:09:40.1441906-03:00 | Nivel=INFO | Usuario=Smoke Test | Perfil=Administrador | Tela=Geral | Acao=Smoke test aprovado: Modulo:PDV (31 ms). | ErroTecnico= | StackTrace=
DataHora=2026-09-26T14:09:40.1448043-03:00 | Nivel=INFO | Usuario=Smoke Test | Perfil=Administrador | Tela=Geral | Acao=Smoke test iniciando: Modulo:Estoque. | ErroTecnico= | StackTrace=
DataHora=2026-09-26T14:09:40.1531645-03:00 | Nivel=INFO | Usuario=Smoke Test | Perfil=Administrador | Tela=Geral | Acao=Adicionado ao cache: Estoque | ErroTecnico= | StackTrace=
DataHora=2026-09-26T14:09:40.1537488-03:00 | Nivel=INFO | Usuario=Smoke Test | Perfil=Administrador | Tela=Geral | Acao=Navegacao registrada: Estoque | ErroTecnico= | StackTrace=
DataHora=2026-09-26T14:09:40.1833690-03:00 | Nivel=INFO | Usuario=Smoke Test | Perfil=Administrador | Tela=Geral | Acao=Smoke test aprovado: Modulo:Estoque (38 ms). | ErroTecnico= | StackTrace=
DataHora=2026-09-26T14:09:40.1839907-03:00 | Nivel=INFO | Usuario=Smoke Test | Perfil=Administrador | Tela=Geral | Acao=Smoke test iniciando: Modulo:CatalogoPecas. | ErroTecnico= | StackTrace=
DataHora=2026-09-26T14:09:40.1923870-03:00 | Nivel=INFO | Usuario=Smoke Test | Perfil=Administrador | Tela=Geral | Acao=Adicionado ao cache: CatalogoPecas | ErroTecnico= | StackTrace=
DataHora=2026-09-26T14:09:40.1929626-03:00 | Nivel=INFO | Usuario=Smoke Test | Perfil=Administrador | Tela=Geral | Acao=Navegacao registrada: CatalogoPecas | ErroTecnico= | StackTrace=
DataHora=2026-09-26T14:09:40.2152181-03:00 | Nivel=INFO | Usuario=Smoke Test | Perfil=Administrador | Tela=Geral | Acao=Smoke test aprovado: Modulo:CatalogoPecas (31 ms). | ErroTecnico= | StackTrace=
DataHora=2026-09-26T14:09:40.2158316-03:00 | Nivel=INFO | Usuario=Smoke Test | Perfil=Administrador | Tela=Geral | Acao=Smoke test iniciando: Modulo:ImportarNFe. | ErroTecnico= | StackTrace=
DataHora=2026-09-26T14:09:40.2417786-03:00 | Nivel=INFO | Usuario=Smoke Test | Perfil=Administrador | Tela=Geral | Acao=Adicionado ao cache: ImportarNFe | ErroTecnico= | StackTrace=
DataHora=2026-09-26T14:09:40.2424999-03:00 | Nivel=INFO | Usuario=Smoke Test | Perfil=Administrador | Tela=Geral | Acao=Navegacao registrada: ImportarNFe | ErroTecnico= | StackTrace=
DataHora=2026-09-26T14:09:40.2561626-03:00 | Nivel=INFO | Usuario=Smoke Test | Perfil=Administrador | Tela=Geral | Acao=Smoke test aprovado: Modulo:ImportarNFe (40 ms). | ErroTecnico= | StackTrace=
DataHora=2026-09-26T14:09:40.2567756-03:00 | Nivel=INFO | Usuario=Smoke Test | Perfil=Administrador | Tela=Geral | Acao=Smoke test iniciando: Modulo:Financeiro. | ErroTecnico= | StackTrace=
DataHora=2026-09-26T14:09:40.2762877-03:00 | Nivel=INFO | Usuario=Smoke Test | Perfil=Administrador | Tela=Financeiro | Acao=ObterMovimentacoes(limit=1200) concluida em 2 ms. | ErroTecnico= | StackTrace=
DataHora=2026-09-26T14:09:40.2855057-03:00 | Nivel=INFO | Usuario=Smoke Test | Perfil=Administrador | Tela=Financeiro | Acao=ObterMovimentacoes(limit=1200) concluida em 2 ms. | ErroTecnico= | StackTrace=
DataHora=2026-09-26T14:09:40.3104438-03:00 | Nivel=INFO | Usuario=Smoke Test | Perfil=Administrador | Tela=Financeiro | Acao=ObterMovimentacoes(limit=1200) concluida em 2 ms. | ErroTecnico= | StackTrace=
DataHora=2026-09-26T14:09:40.3127358-03:00 | Nivel=INFO | Usuario=Smoke Test | Perfil=Administrador | Tela=Geral | Acao=Adicionado ao cache: Financeiro | ErroTecnico= | StackTrace=
DataHora=2026-09-26T14:09:40.3132974-03:00 | Nivel=INFO | Usuario=Smoke Test | Perfil=Administrador | Tela=Geral | Acao=Navegacao registrada: Financeiro | ErroTecnico= | StackTrace=
DataHora=2026-09-26T14:09:40.7856843-03:00 | Nivel=INFO | Usuario=Smoke Test | Perfil=Administrador | Tela=Geral | Acao=Smoke test aprovado: Modulo:Financeiro (528 ms). | ErroTecnico= | StackTrace=
DataHora=2026-09-26T14:09:40.7864133-03:00 | Nivel=INFO | Usuario=Smoke Test | Perfil=Administrador | Tela=Geral | Acao=Smoke test iniciando: Modulo:Fornecedores. | ErroTecnico= | StackTrace=
DataHora=2026-09-26T14:09:40.7934420-03:00 | Nivel=INFO | Usuario=Smoke Test | Perfil=Administrador | Tela=Geral | Acao=Adicionado ao cache: Fornecedores | ErroTecnico= | StackTrace=
DataHora=2026-09-26T14:09:40.7940326-03:00 | Nivel=INFO | Usuario=Smoke Test | Perfil=Administrador | Tela=Geral | Acao=Navegacao registrada: Fornecedores | ErroTecnico= | StackTrace=
DataHora=2026-09-26T14:09:40.8204632-03:00 | Nivel=INFO | Usuario=Smoke Test | Perfil=Administrador | Tela=Geral | Acao=Smoke test aprovado: Modulo:Fornecedores (34 ms). | ErroTecnico= | StackTrace=
DataHora=2026-09-26T14:09:40.8211613-03:00 | Nivel=INFO | Usuario=Smoke Test | Perfil=Administrador | Tela=Geral | Acao=Smoke test iniciando: Modulo:Funcionarios. | ErroTecnico= | StackTrace=
DataHora=2026-09-26T14:09:40.8277919-03:00 | Nivel=INFO | Usuario=Smoke Test | Perfil=Administrador | Tela=Geral | Acao=Adicionado ao cache: Funcionarios | ErroTecnico= | StackTrace=
DataHora=2026-09-26T14:09:40.8284598-03:00 | Nivel=INFO | Usuario=Smoke Test | Perfil=Administrador | Tela=Geral | Acao=Navegacao registrada: Funcionarios | ErroTecnico= | StackTrace=
DataHora=2026-09-26T14:09:40.8460210-03:00 | Nivel=INFO | Usuario=Smoke Test | Perfil=Administrador | Tela=Geral | Acao=Smoke test aprovado: Modulo:Funcionarios (24 ms). | ErroTecnico= | StackTrace=
DataHora=2026-09-26T14:09:40.8465945-03:00 | Nivel=INFO | Usuario=Smoke Test | Perfil=Administrador | Tela=Geral | Acao=Smoke test iniciando: Modulo:Agendamentos. | ErroTecnico= | StackTrace=
DataHora=2026-09-26T14:09:40.9419166-03:00 | Nivel=INFO | Usuario=Smoke Test | Perfil=Administrador | Tela=Geral | Acao=Adicionado ao cache: Agendamentos | ErroTecnico= | StackTrace=
DataHora=2026-09-26T14:09:40.9426622-03:00 | Nivel=INFO | Usuario=Smoke Test | Perfil=Administrador | Tela=Geral | Acao=Navegacao registrada: Agendamentos | ErroTecnico= | StackTrace=
DataHora=2026-09-26T14:09:41.0663529-03:00 | Nivel=INFO | Usuario=Smoke Test | Perfil=Administrador | Tela=Geral | Acao=Smoke test aprovado: Modulo:Agendamentos (219 ms). | ErroTecnico= | StackTrace=
DataHora=2026-09-26T14:09:41.0670421-03:00 | Nivel=INFO | Usuario=Smoke Test | Perfil=Administrador | Tela=Geral | Acao=Smoke test iniciando: Modulo:Relatorios. | ErroTecnico= | StackTrace=
DataHora=2026-09-26T14:09:41.0939017-03:00 | Nivel=INFO | Usuario=Smoke Test | Perfil=Administrador | Tela=Geral | Acao=Adicionado ao cache: Relatorios | ErroTecnico= | StackTrace=
DataHora=2026-09-26T14:09:41.0945291-03:00 | Nivel=INFO | Usuario=Smoke Test | Perfil=Administrador | Tela=Geral | Acao=Navegacao registrada: Relatorios | ErroTecnico= | StackTrace=
DataHora=2026-09-26T14:09:41.1588613-03:00 | Nivel=INFO | Usuario=Smoke Test | Perfil=Administrador | Tela=Geral | Acao=Smoke test aprovado: Modulo:Relatorios (91 ms). | ErroTecnico= | StackTrace=
DataHora=2026-09-26T14:09:41.1594837-03:00 | Nivel=INFO | Usuario=Smoke Test | Perfil=Administrador | Tela=Geral | Acao=Smoke test iniciando: Janela:ImportarNota. | ErroTecnico= | StackTrace=
DataHora=2026-09-26T14:09:41.4596938-03:00 | Nivel=INFO | Usuario=Smoke Test | Perfil=Administrador | Tela=Geral | Acao=Smoke test aprovado: Janela:ImportarNota (300 ms). | ErroTecnico= | StackTrace=
DataHora=2026-09-26T14:09:41.4603405-03:00 | Nivel=INFO | Usuario=Smoke Test | Perfil=Administrador | Tela=Geral | Acao=Smoke test iniciando: Janela:ImportarCatalogoPecas. | ErroTecnico= | StackTrace=
DataHora=2026-09-26T14:09:41.5982946-03:00 | Nivel=INFO | Usuario=Smoke Test | Perfil=Administrador | Tela=Geral | Acao=Smoke test aprovado: Janela:ImportarCatalogoPecas (137 ms). | ErroTecnico= | StackTrace=
DataHora=2026-09-26T14:09:41.6130503-03:00 | Nivel=INFO | Usuario=Smoke Test | Perfil=Administrador | Tela=Geral | Acao=Smoke test iniciando: Janela:AjusteEstoqueWindow. | ErroTecnico= | StackTrace=
DataHora=2026-09-26T14:09:41.7423306-03:00 | Nivel=INFO | Usuario=Smoke Test | Perfil=Administrador | Tela=Geral | Acao=Smoke test aprovado: Janela:AjusteEstoqueWindow (129 ms). | ErroTecnico= | StackTrace=
DataHora=2026-09-26T14:09:41.7429892-03:00 | Nivel=INFO | Usuario=Smoke Test | Perfil=Administrador | Tela=Geral | Acao=Smoke test iniciando: Janela:AtalhosTecladoWindow. | ErroTecnico= | StackTrace=
DataHora=2026-09-26T14:09:41.8919666-03:00 | Nivel=INFO | Usuario=Smoke Test | Perfil=Administrador | Tela=Geral | Acao=Smoke test aprovado: Janela:AtalhosTecladoWindow (148 ms). | ErroTecnico= | StackTrace=
DataHora=2026-09-26T14:09:41.8927416-03:00 | Nivel=INFO | Usuario=Smoke Test | Perfil=Administrador | Tela=Geral | Acao=Smoke test iniciando: Janela:NovoClienteWindow. | ErroTecnico= | StackTrace=
DataHora=2026-09-26T14:09:42.0122617-03:00 | Nivel=INFO | Usuario=Smoke Test | Perfil=Administrador | Tela=Geral | Acao=Smoke test aprovado: Janela:NovoClienteWindow (119 ms). | ErroTecnico= | StackTrace=
DataHora=2026-09-26T14:09:42.0129684-03:00 | Nivel=INFO | Usuario=Smoke Test | Perfil=Administrador | Tela=Geral | Acao=Smoke test iniciando: Janela:VisualizarClienteWindow. | ErroTecnico= | StackTrace=
DataHora=2026-09-26T14:09:42.1334219-03:00 | Nivel=INFO | Usuario=Smoke Test | Perfil=Administrador | Tela=Geral | Acao=Smoke test aprovado: Janela:VisualizarClienteWindow (120 ms). | ErroTecnico= | StackTrace=
DataHora=2026-09-26T14:09:42.1340539-03:00 | Nivel=INFO | Usuario=Smoke Test | Perfil=Administrador | Tela=Geral | Acao=Smoke test iniciando: Janela:ComissaoSettlementWindow. | ErroTecnico= | StackTrace=
DataHora=2026-09-26T14:09:42.2930102-03:00 | Nivel=INFO | Usuario=Smoke Test | Perfil=Administrador | Tela=Geral | Acao=Smoke test aprovado: Janela:ComissaoSettlementWindow (158 ms). | ErroTecnico= | StackTrace=
DataHora=2026-09-26T14:09:42.2937077-03:00 | Nivel=INFO | Usuario=Smoke Test | Perfil=Administrador | Tela=Geral | Acao=Smoke test iniciando: Janela:GarantiaRetornosWindow. | ErroTecnico= | StackTrace=
DataHora=2026-09-26T14:09:42.5223808-03:00 | Nivel=INFO | Usuario=Smoke Test | Perfil=Administrador | Tela=Geral | Acao=Smoke test aprovado: Janela:GarantiaRetornosWindow (228 ms). | ErroTecnico= | StackTrace=
DataHora=2026-09-26T14:09:42.5230765-03:00 | Nivel=INFO | Usuario=Smoke Test | Perfil=Administrador | Tela=Geral | Acao=Smoke test iniciando: Janela:ImportarCatalogoPecasWindow. | ErroTecnico= | StackTrace=
DataHora=2026-09-26T14:09:42.6510764-03:00 | Nivel=INFO | Usuario=Smoke Test | Perfil=Administrador | Tela=Geral | Acao=Smoke test aprovado: Janela:ImportarCatalogoPecasWindow (127 ms). | ErroTecnico= | StackTrace=
DataHora=2026-09-26T14:09:42.6517964-03:00 | Nivel=INFO | Usuario=Smoke Test | Perfil=Administrador | Tela=Geral | Acao=Smoke test iniciando: Janela:LembretesRevisaoWindow. | ErroTecnico= | StackTrace=
DataHora=2026-09-26T14:09:42.7426205-03:00 | Nivel=INFO | Usuario=Smoke Test | Perfil=Administrador | Tela=Geral | Acao=Smoke test aprovado: Janela:LembretesRevisaoWindow (90 ms). | ErroTecnico= | StackTrace=
DataHora=2026-09-26T14:09:42.7432991-03:00 | Nivel=INFO | Usuario=Smoke Test | Perfil=Administrador | Tela=Geral | Acao=Smoke test iniciando: Janela:LoginWindow. | ErroTecnico= | StackTrace=
DataHora=2026-09-26T14:09:42.8519512-03:00 | Nivel=INFO | Usuario=Smoke Test | Perfil=Administrador | Tela=Geral | Acao=Smoke test aprovado: Janela:LoginWindow (108 ms). | ErroTecnico= | StackTrace=
DataHora=2026-09-26T14:09:42.8526429-03:00 | Nivel=INFO | Usuario=Smoke Test | Perfil=Administrador | Tela=Geral | Acao=Smoke test iniciando: Janela:NovoAgendamentoPremiumWindow. | ErroTecnico= | StackTrace=
DataHora=2026-09-26T14:09:42.9890730-03:00 | Nivel=INFO | Usuario=Smoke Test | Perfil=Administrador | Tela=Geral | Acao=Smoke test aprovado: Janela:NovoAgendamentoPremiumWindow (136 ms). | ErroTecnico= | StackTrace=
DataHora=2026-09-26T14:09:42.9897032-03:00 | Nivel=INFO | Usuario=Smoke Test | Perfil=Administrador | Tela=Geral | Acao=Smoke test iniciando: Janela:NovoFornecedorWindow. | ErroTecnico= | StackTrace=
DataHora=2026-09-26T14:09:43.1104812-03:00 | Nivel=INFO | Usuario=Smoke Test | Perfil=Administrador | Tela=Geral | Acao=Smoke test aprovado: Janela:NovoFornecedorWindow (120 ms). | ErroTecnico= | StackTrace=
DataHora=2026-09-26T14:09:43.1111395-03:00 | Nivel=INFO | Usuario=Smoke Test | Perfil=Administrador | Tela=Geral | Acao=Smoke test iniciando: Janela:NovoProdutoWindow. | ErroTecnico= | StackTrace=
DataHora=2026-09-26T14:09:43.2419661-03:00 | Nivel=INFO | Usuario=Smoke Test | Perfil=Administrador | Tela=Geral | Acao=Smoke test aprovado: Janela:NovoProdutoWindow (130 ms). | ErroTecnico= | StackTrace=
DataHora=2026-09-26T14:09:43.2426427-03:00 | Nivel=INFO | Usuario=Smoke Test | Perfil=Administrador | Tela=Geral | Acao=Smoke test iniciando: Janela:OrcamentosView. | ErroTecnico= | StackTrace=
DataHora=2026-09-26T14:09:43.4858060-03:00 | Nivel=INFO | Usuario=Smoke Test | Perfil=Administrador | Tela=Geral | Acao=Smoke test aprovado: Janela:OrcamentosView (243 ms). | ErroTecnico= | StackTrace=
DataHora=2026-09-26T14:09:43.4864693-03:00 | Nivel=INFO | Usuario=Smoke Test | Perfil=Administrador | Tela=Geral | Acao=Smoke test iniciando: Janela:PrimeiraExecucaoWindow. | ErroTecnico= | StackTrace=
DataHora=2026-09-26T14:09:43.5942175-03:00 | Nivel=INFO | Usuario=Smoke Test | Perfil=Administrador | Tela=Geral | Acao=Smoke test aprovado: Janela:PrimeiraExecucaoWindow (107 ms). | ErroTecnico= | StackTrace=
DataHora=2026-09-26T14:09:43.5948848-03:00 | Nivel=INFO | Usuario=Smoke Test | Perfil=Administrador | Tela=Geral | Acao=Smoke test iniciando: Janela:SelecaoFilialWindow. | ErroTecnico= | StackTrace=
DataHora=2026-09-26T14:09:43.6723290-03:00 | Nivel=INFO | Usuario=Smoke Test | Perfil=Administrador | Tela=Geral | Acao=Unidade de trabalho atual: Unidade local | ErroTecnico= | StackTrace=
DataHora=2026-09-26T14:09:43.6729648-03:00 | Nivel=INFO | Usuario=Smoke Test | Perfil=Administrador | Tela=Geral | Acao=Multi-filial indisponivel: usando apenas Unidade local. | ErroTecnico= | StackTrace=
DataHora=2026-09-26T14:09:43.6900449-03:00 | Nivel=INFO | Usuario=Smoke Test | Perfil=Administrador | Tela=Geral | Acao=Smoke test aprovado: Janela:SelecaoFilialWindow (95 ms). | ErroTecnico= | StackTrace=
DataHora=2026-09-26T14:09:43.6906977-03:00 | Nivel=INFO | Usuario=Smoke Test | Perfil=Administrador | Tela=Geral | Acao=Smoke test iniciando: Janela:UsuariosOnlineWindow. | ErroTecnico= | StackTrace=
DataHora=2026-09-26T14:09:43.7941210-03:00 | Nivel=INFO | Usuario=Smoke Test | Perfil=Administrador | Tela=Geral | Acao=Smoke test aprovado: Janela:UsuariosOnlineWindow (103 ms). | ErroTecnico= | StackTrace=
DataHora=2026-09-26T14:09:43.7966478-03:00 | Nivel=INFO | Usuario=Smoke Test | Perfil=Administrador | Tela=Geral | Acao=Smoke test iniciando: Controle:BaseConhecimentoControl. | ErroTecnico= | StackTrace=
DataHora=2026-09-26T14:09:43.8214862-03:00 | Nivel=INFO | Usuario=Smoke Test | Perfil=Administrador | Tela=Geral | Acao=Smoke test aprovado: Controle:BaseConhecimentoControl (24 ms). | ErroTecnico= | StackTrace=
DataHora=2026-09-26T14:09:43.8221578-03:00 | Nivel=INFO | Usuario=Smoke Test | Perfil=Administrador | Tela=Geral | Acao=Smoke test iniciando: Controle:FerramentasControl. | ErroTecnico= | StackTrace=
DataHora=2026-09-26T14:09:43.8440651-03:00 | Nivel=INFO | Usuario=Smoke Test | Perfil=Administrador | Tela=Geral | Acao=Smoke test aprovado: Controle:FerramentasControl (21 ms). | ErroTecnico= | StackTrace=
DataHora=2026-09-26T14:09:43.8446843-03:00 | Nivel=INFO | Usuario=Smoke Test | Perfil=Administrador | Tela=Geral | Acao=Smoke test iniciando: Controle:FiscalOperationsControl. | ErroTecnico= | StackTrace=
DataHora=2026-09-26T14:09:43.8679724-03:00 | Nivel=INFO | Usuario=Smoke Test | Perfil=Administrador | Tela=Geral | Acao=Smoke test aprovado: Controle:FiscalOperationsControl (23 ms). | ErroTecnico= | StackTrace=
DataHora=2026-09-26T14:09:43.8686606-03:00 | Nivel=INFO | Usuario=Smoke Test | Perfil=Administrador | Tela=Geral | Acao=Smoke test iniciando: Controle:GlobalSearchControl. | ErroTecnico= | StackTrace=
DataHora=2026-09-26T14:09:43.8714622-03:00 | Nivel=INFO | Usuario=Smoke Test | Perfil=Administrador | Tela=Geral | Acao=Smoke test aprovado: Controle:GlobalSearchControl (2 ms). | ErroTecnico= | StackTrace=
DataHora=2026-09-26T14:09:43.8720159-03:00 | Nivel=INFO | Usuario=Smoke Test | Perfil=Administrador | Tela=Geral | Acao=Smoke test iniciando: Controle:HelpControl. | ErroTecnico= | StackTrace=
DataHora=2026-09-26T14:09:43.9149345-03:00 | Nivel=INFO | Usuario=Smoke Test | Perfil=Administrador | Tela=Geral | Acao=Smoke test aprovado: Controle:HelpControl (42 ms). | ErroTecnico= | StackTrace=
DataHora=2026-09-26T14:09:43.9156234-03:00 | Nivel=INFO | Usuario=Smoke Test | Perfil=Administrador | Tela=Geral | Acao=Smoke test iniciando: Controle:NecessidadesCompraControl. | ErroTecnico= | StackTrace=
DataHora=2026-09-26T14:09:43.9367641-03:00 | Nivel=INFO | Usuario=Smoke Test | Perfil=Administrador | Tela=Geral | Acao=Smoke test aprovado: Controle:NecessidadesCompraControl (21 ms). | ErroTecnico= | StackTrace=
DataHora=2026-09-26T14:09:43.9374313-03:00 | Nivel=INFO | Usuario=Smoke Test | Perfil=Administrador | Tela=Geral | Acao=Smoke test iniciando: Controle:OrcamentoAlertasControl. | ErroTecnico= | StackTrace=
DataHora=2026-09-26T14:09:43.9390752-03:00 | Nivel=INFO | Usuario=Smoke Test | Perfil=Administrador | Tela=Geral | Acao=Smoke test aprovado: Controle:OrcamentoAlertasControl (1 ms). | ErroTecnico= | StackTrace=
DataHora=2026-09-26T14:09:43.9397722-03:00 | Nivel=INFO | Usuario=Smoke Test | Perfil=Administrador | Tela=Geral | Acao=Smoke test iniciando: Controle:OrcamentoBuscaInteligenteControl. | ErroTecnico= | StackTrace=
DataHora=2026-09-26T14:09:43.9414412-03:00 | Nivel=INFO | Usuario=Smoke Test | Perfil=Administrador | Tela=Geral | Acao=Smoke test aprovado: Controle:OrcamentoBuscaInteligenteControl (1 ms). | ErroTecnico= | StackTrace=
DataHora=2026-09-26T14:09:43.9420484-03:00 | Nivel=INFO | Usuario=Smoke Test | Perfil=Administrador | Tela=Geral | Acao=Smoke test iniciando: Controle:OrcamentoCarrinhoControl. | ErroTecnico= | StackTrace=
DataHora=2026-09-26T14:09:43.9510349-03:00 | Nivel=INFO | Usuario=Smoke Test | Perfil=Administrador | Tela=Geral | Acao=Smoke test aprovado: Controle:OrcamentoCarrinhoControl (8 ms). | ErroTecnico= | StackTrace=
DataHora=2026-09-26T14:09:43.9516753-03:00 | Nivel=INFO | Usuario=Smoke Test | Perfil=Administrador | Tela=Geral | Acao=Smoke test iniciando: Controle:OrcamentoClientePanelControl. | ErroTecnico= | StackTrace=
DataHora=2026-09-26T14:09:43.9555147-03:00 | Nivel=INFO | Usuario=Smoke Test | Perfil=Administrador | Tela=Geral | Acao=Smoke test aprovado: Controle:OrcamentoClientePanelControl (3 ms). | ErroTecnico= | StackTrace=
DataHora=2026-09-26T14:09:43.9560810-03:00 | Nivel=INFO | Usuario=Smoke Test | Perfil=Administrador | Tela=Geral | Acao=Smoke test iniciando: Controle:OrcamentoHistoricoNegociacaoControl. | ErroTecnico= | StackTrace=
DataHora=2026-09-26T14:09:43.9585202-03:00 | Nivel=INFO | Usuario=Smoke Test | Perfil=Administrador | Tela=Geral | Acao=Smoke test aprovado: Controle:OrcamentoHistoricoNegociacaoControl (2 ms). | ErroTecnico= | StackTrace=
DataHora=2026-09-26T14:09:43.9590927-03:00 | Nivel=INFO | Usuario=Smoke Test | Perfil=Administrador | Tela=Geral | Acao=Smoke test iniciando: Controle:OrcamentoProdutosPanelControl. | ErroTecnico= | StackTrace=
DataHora=2026-09-26T14:09:43.9611209-03:00 | Nivel=INFO | Usuario=Smoke Test | Perfil=Administrador | Tela=Geral | Acao=Smoke test aprovado: Controle:OrcamentoProdutosPanelControl (2 ms). | ErroTecnico= | StackTrace=
DataHora=2026-09-26T14:09:43.9617674-03:00 | Nivel=INFO | Usuario=Smoke Test | Perfil=Administrador | Tela=Geral | Acao=Smoke test iniciando: Controle:OrcamentoResumoFinanceiroControl. | ErroTecnico= | StackTrace=
DataHora=2026-09-26T14:09:43.9652573-03:00 | Nivel=INFO | Usuario=Smoke Test | Perfil=Administrador | Tela=Geral | Acao=Smoke test aprovado: Controle:OrcamentoResumoFinanceiroControl (3 ms). | ErroTecnico= | StackTrace=
DataHora=2026-09-26T14:09:43.9658112-03:00 | Nivel=INFO | Usuario=Smoke Test | Perfil=Administrador | Tela=Geral | Acao=Smoke test iniciando: Controle:OrcamentoStatusControl. | ErroTecnico= | StackTrace=
DataHora=2026-09-26T14:09:43.9703369-03:00 | Nivel=INFO | Usuario=Smoke Test | Perfil=Administrador | Tela=Geral | Acao=Smoke test aprovado: Controle:OrcamentoStatusControl (4 ms). | ErroTecnico= | StackTrace=
DataHora=2026-09-26T14:09:43.9708985-03:00 | Nivel=INFO | Usuario=Smoke Test | Perfil=Administrador | Tela=Geral | Acao=Smoke test iniciando: Controle:OrcamentoTimelineControl. | ErroTecnico= | StackTrace=
DataHora=2026-09-26T14:09:43.9728632-03:00 | Nivel=INFO | Usuario=Smoke Test | Perfil=Administrador | Tela=Geral | Acao=Smoke test aprovado: Controle:OrcamentoTimelineControl (1 ms). | ErroTecnico= | StackTrace=
DataHora=2026-09-26T14:09:43.9735034-03:00 | Nivel=INFO | Usuario=Smoke Test | Perfil=Administrador | Tela=Geral | Acao=Smoke test iniciando: Controle:OrcamentosDashboardControl. | ErroTecnico= | StackTrace=
DataHora=2026-09-26T14:09:43.9747232-03:00 | Nivel=INFO | Usuario=Smoke Test | Perfil=Administrador | Tela=Geral | Acao=Smoke test aprovado: Controle:OrcamentosDashboardControl (1 ms). | ErroTecnico= | StackTrace=
DataHora=2026-09-26T14:09:43.9755846-03:00 | Nivel=INFO | Usuario=Smoke Test | Perfil=Administrador | Tela=Geral | Acao=Smoke test iniciando: Interacao:MainWindow:Botoes. | ErroTecnico= | StackTrace=
DataHora=2026-09-26T14:09:44.0250271-03:00 | Nivel=INFO | Usuario=Smoke Test | Perfil=Administrador | Tela=Geral | Acao=Adicionado ao cache: Dashboard | ErroTecnico= | StackTrace=
DataHora=2026-09-26T14:09:44.0257528-03:00 | Nivel=INFO | Usuario=Smoke Test | Perfil=Administrador | Tela=Geral | Acao=Navegacao registrada: Dashboard | ErroTecnico= | StackTrace=
DataHora=2026-09-26T14:09:44.0263592-03:00 | Nivel=INFO | Usuario=Smoke Test | Perfil=Administrador | Tela=Geral | Acao=Navegacao concluida para o modulo 'Dashboard'. | ErroTecnico= | StackTrace=
DataHora=2026-09-26T14:09:44.5733711-03:00 | Nivel=INFO | Usuario=Smoke Test | Perfil=Administrador | Tela=Geral | Acao=Adicionado ao cache: Dashboard | ErroTecnico= | StackTrace=
DataHora=2026-09-26T14:09:44.5739884-03:00 | Nivel=INFO | Usuario=Smoke Test | Perfil=Administrador | Tela=Geral | Acao=Navegacao registrada: Dashboard | ErroTecnico= | StackTrace=
DataHora=2026-09-26T14:09:44.5745336-03:00 | Nivel=INFO | Usuario=Smoke Test | Perfil=Administrador | Tela=Geral | Acao=Navegacao concluida para o modulo 'Dashboard'. | ErroTecnico= | StackTrace=
DataHora=2026-09-26T14:09:45.2687641-03:00 | Nivel=INFO | Usuario=Smoke Test | Perfil=Administrador | Tela=Geral | Acao=Adicionado ao cache: OficinaKanban | ErroTecnico= | StackTrace=
DataHora=2026-09-26T14:09:45.2694033-03:00 | Nivel=INFO | Usuario=Smoke Test | Perfil=Administrador | Tela=Geral | Acao=Navegacao registrada: OficinaKanban | ErroTecnico= | StackTrace=
DataHora=2026-09-26T14:09:45.2701109-03:00 | Nivel=INFO | Usuario=Smoke Test | Perfil=Administrador | Tela=Geral | Acao=Navegacao concluida para o modulo 'OficinaKanban'. | ErroTecnico= | StackTrace=
DataHora=2026-09-26T14:09:46.1907586-03:00 | Nivel=INFO | Usuario=Smoke Test | Perfil=Administrador | Tela=Geral | Acao=Adicionado ao cache: Dashboard | ErroTecnico= | StackTrace=
DataHora=2026-09-26T14:09:46.1914763-03:00 | Nivel=INFO | Usuario=Smoke Test | Perfil=Administrador | Tela=Geral | Acao=Navegacao registrada: Dashboard | ErroTecnico= | StackTrace=
DataHora=2026-09-26T14:09:46.1920272-03:00 | Nivel=INFO | Usuario=Smoke Test | Perfil=Administrador | Tela=Geral | Acao=Navegacao concluida para o modulo 'Dashboard'. | ErroTecnico= | StackTrace=
DataHora=2026-09-26T14:09:46.5367436-03:00 | Nivel=INFO | Usuario=Smoke Test | Perfil=Administrador | Tela=Financeiro | Acao=ObterMovimentacoes(limit=1200) concluida em 2 ms. | ErroTecnico= | StackTrace=
DataHora=2026-09-26T14:09:46.5458863-03:00 | Nivel=INFO | Usuario=Smoke Test | Perfil=Administrador | Tela=Financeiro | Acao=ObterMovimentacoes(limit=1200) concluida em 2 ms. | ErroTecnico= | StackTrace=
DataHora=2026-09-26T14:09:46.5709001-03:00 | Nivel=INFO | Usuario=Smoke Test | Perfil=Administrador | Tela=Financeiro | Acao=ObterMovimentacoes(limit=1200) concluida em 2 ms. | ErroTecnico= | StackTrace=
DataHora=2026-09-26T14:09:46.5732306-03:00 | Nivel=INFO | Usuario=Smoke Test | Perfil=Administrador | Tela=Geral | Acao=Adicionado ao cache: Financeiro | ErroTecnico= | StackTrace=
DataHora=2026-09-26T14:09:46.5737696-03:00 | Nivel=INFO | Usuario=Smoke Test | Perfil=Administrador | Tela=Geral | Acao=Navegacao registrada: Financeiro | ErroTecnico= | StackTrace=
DataHora=2026-09-26T14:09:46.5743451-03:00 | Nivel=INFO | Usuario=Smoke Test | Perfil=Administrador | Tela=Geral | Acao=Navegacao concluida para o modulo 'Financeiro'. | ErroTecnico= | StackTrace=
DataHora=2026-09-26T14:09:47.0576708-03:00 | Nivel=INFO | Usuario=Smoke Test | Perfil=Administrador | Tela=Financeiro | Acao=ObterMovimentacoes(limit=1200) concluida em 3 ms. | ErroTecnico= | StackTrace=
DataHora=2026-09-26T14:09:47.0708857-03:00 | Nivel=INFO | Usuario=Smoke Test | Perfil=Administrador | Tela=Financeiro | Acao=ObterMovimentacoes(limit=1200) concluida em 2 ms. | ErroTecnico= | StackTrace=
DataHora=2026-09-26T14:09:47.1444477-03:00 | Nivel=INFO | Usuario=Smoke Test | Perfil=Administrador | Tela=Financeiro | Acao=ObterMovimentacoes(limit=1200) concluida em 2 ms. | ErroTecnico= | StackTrace=
DataHora=2026-09-26T14:09:48.5443297-03:00 | Nivel=INFO | Usuario=Smoke Test | Perfil=Administrador | Tela=Geral | Acao=Adicionado ao cache: Dashboard | ErroTecnico= | StackTrace=
DataHora=2026-09-26T14:09:48.5450072-03:00 | Nivel=INFO | Usuario=Smoke Test | Perfil=Administrador | Tela=Geral | Acao=Navegacao registrada: Dashboard | ErroTecnico= | StackTrace=
DataHora=2026-09-26T14:09:48.5455795-03:00 | Nivel=INFO | Usuario=Smoke Test | Perfil=Administrador | Tela=Geral | Acao=Navegacao concluida para o modulo 'Dashboard'. | ErroTecnico= | StackTrace=
DataHora=2026-09-26T14:09:49.0579645-03:00 | Nivel=INFO | Usuario=Smoke Test | Perfil=Administrador | Tela=Geral | Acao=Adicionado ao cache: Estoque | ErroTecnico= | StackTrace=
DataHora=2026-09-26T14:09:49.0587008-03:00 | Nivel=INFO | Usuario=Smoke Test | Perfil=Administrador | Tela=Geral | Acao=Navegacao registrada: Estoque | ErroTecnico= | StackTrace=
DataHora=2026-09-26T14:09:49.0592678-03:00 | Nivel=INFO | Usuario=Smoke Test | Perfil=Administrador | Tela=Geral | Acao=Navegacao concluida para o modulo 'Estoque'. | ErroTecnico= | StackTrace=
DataHora=2026-09-26T14:09:49.1071414-03:00 | Nivel=INFO | Usuario=Smoke Test | Perfil=Administrador | Tela=Estoque | Acao=Estoque: listagem carregou 556 produto(s). | ErroTecnico= | StackTrace=
DataHora=2026-09-26T14:09:49.2259895-03:00 | Nivel=INFO | Usuario=Smoke Test | Perfil=Administrador | Tela=Estoque | Acao=Estoque layout: rootH=885; headerH=59; actionBarH=140; actionBarVis=Visible; metricsH=84; metricsVis=Visible; stateHostH=575; contentH=575; contentVis=Visible; loadingH=0; loadingVis=Collapsed; emptyH=0; emptyVis=Collapsed; errorH=0; errorVis=Collapsed; dataGridH=421; gridItems=556; totalTxt=556 | ErroTecnico= | StackTrace=
DataHora=2026-09-26T14:09:50.1307759-03:00 | Nivel=INFO | Usuario=Smoke Test | Perfil=Administrador | Tela=Geral | Acao=Adicionado ao cache: Dashboard | ErroTecnico= | StackTrace=
DataHora=2026-09-26T14:09:50.1314113-03:00 | Nivel=INFO | Usuario=Smoke Test | Perfil=Administrador | Tela=Geral | Acao=Navegacao registrada: Dashboard | ErroTecnico= | StackTrace=
DataHora=2026-09-26T14:09:50.1319467-03:00 | Nivel=INFO | Usuario=Smoke Test | Perfil=Administrador | Tela=Geral | Acao=Navegacao concluida para o modulo 'Dashboard'. | ErroTecnico= | StackTrace=
DataHora=2026-09-26T14:09:51.0028663-03:00 | Nivel=INFO | Usuario=Smoke Test | Perfil=Administrador | Tela=Geral | Acao=Adicionado ao cache: Veiculos | ErroTecnico= | StackTrace=
DataHora=2026-09-26T14:09:51.0036029-03:00 | Nivel=INFO | Usuario=Smoke Test | Perfil=Administrador | Tela=Geral | Acao=Navegacao registrada: Veiculos | ErroTecnico= | StackTrace=
DataHora=2026-09-26T14:09:51.0042012-03:00 | Nivel=INFO | Usuario=Smoke Test | Perfil=Administrador | Tela=Geral | Acao=Navegacao concluida para o modulo 'Veiculos'. | ErroTecnico= | StackTrace=
DataHora=2026-09-26T14:09:51.9583565-03:00 | Nivel=INFO | Usuario=Smoke Test | Perfil=Administrador | Tela=Geral | Acao=Adicionado ao cache: Dashboard | ErroTecnico= | StackTrace=
DataHora=2026-09-26T14:09:51.9589394-03:00 | Nivel=INFO | Usuario=Smoke Test | Perfil=Administrador | Tela=Geral | Acao=Navegacao registrada: Dashboard | ErroTecnico= | StackTrace=
DataHora=2026-09-26T14:09:51.9594977-03:00 | Nivel=INFO | Usuario=Smoke Test | Perfil=Administrador | Tela=Geral | Acao=Navegacao concluida para o modulo 'Dashboard'. | ErroTecnico= | StackTrace=
DataHora=2026-09-26T14:09:52.5004717-03:00 | Nivel=INFO | Usuario=Smoke Test | Perfil=Administrador | Tela=Geral | Acao=Adicionado ao cache: Clientes | ErroTecnico= | StackTrace=
DataHora=2026-09-26T14:09:52.5011774-03:00 | Nivel=INFO | Usuario=Smoke Test | Perfil=Administrador | Tela=Geral | Acao=Navegacao registrada: Clientes | ErroTecnico= | StackTrace=
DataHora=2026-09-26T14:09:52.5017838-03:00 | Nivel=INFO | Usuario=Smoke Test | Perfil=Administrador | Tela=Geral | Acao=Navegacao concluida para o modulo 'Clientes'. | ErroTecnico= | StackTrace=
DataHora=2026-09-26T14:09:53.6190474-03:00 | Nivel=INFO | Usuario=Smoke Test | Perfil=Administrador | Tela=Geral | Acao=Adicionado ao cache: Dashboard | ErroTecnico= | StackTrace=
DataHora=2026-09-26T14:09:53.6196803-03:00 | Nivel=INFO | Usuario=Smoke Test | Perfil=Administrador | Tela=Geral | Acao=Navegacao registrada: Dashboard | ErroTecnico= | StackTrace=
DataHora=2026-09-26T14:09:53.6202635-03:00 | Nivel=INFO | Usuario=Smoke Test | Perfil=Administrador | Tela=Geral | Acao=Navegacao concluida para o modulo 'Dashboard'. | ErroTecnico= | StackTrace=
DataHora=2026-09-26T14:09:54.1049947-03:00 | Nivel=INFO | Usuario=Smoke Test | Perfil=Administrador | Tela=Geral | Acao=Adicionado ao cache: PDV | ErroTecnico= | StackTrace=
DataHora=2026-09-26T14:09:54.1056257-03:00 | Nivel=INFO | Usuario=Smoke Test | Perfil=Administrador | Tela=Geral | Acao=Navegacao registrada: PDV | ErroTecnico= | StackTrace=
DataHora=2026-09-26T14:09:54.1061945-03:00 | Nivel=INFO | Usuario=Smoke Test | Perfil=Administrador | Tela=Geral | Acao=Navegacao concluida para o modulo 'PDV'. | ErroTecnico= | StackTrace=
DataHora=2026-09-26T14:09:54.2327923-03:00 | Nivel=INFO | Usuario=Smoke Test | Perfil=Administrador | Tela=PDV | Acao=Diagnostico de impressao do PDV: Default=Microsoft Print to PDF / Fisica=False / Instaladas=1 / Microsoft Print to PDF [Driver=Microsoft Print To PDF; Porta=PORTPROMPT:; Default=True; Virtual=True; Offline=False; Shared=False] | ErroTecnico= | StackTrace=
DataHora=2026-09-26T14:09:54.2337137-03:00 | Nivel=WARN | Usuario=Smoke Test | Perfil=Administrador | Tela=PDV | Acao=Nenhuma impressora fisica foi detectada para homologacao final do PDV. O ambiente atual depende apenas de fila virtual. | ErroTecnico= | StackTrace=
DataHora=2026-09-26T14:09:54.9526816-03:00 | Nivel=INFO | Usuario=Smoke Test | Perfil=Administrador | Tela=Geral | Acao=Adicionado ao cache: Dashboard | ErroTecnico= | StackTrace=
DataHora=2026-09-26T14:09:54.9533178-03:00 | Nivel=INFO | Usuario=Smoke Test | Perfil=Administrador | Tela=Geral | Acao=Navegacao registrada: Dashboard | ErroTecnico= | StackTrace=
DataHora=2026-09-26T14:09:54.9539074-03:00 | Nivel=INFO | Usuario=Smoke Test | Perfil=Administrador | Tela=Geral | Acao=Navegacao concluida para o modulo 'Dashboard'. | ErroTecnico= | StackTrace=
DataHora=2026-09-26T14:09:55.3876852-03:00 | Nivel=INFO | Usuario=Smoke Test | Perfil=Administrador | Tela=Geral | Acao=Adicionado ao cache: Agendamentos | ErroTecnico= | StackTrace=
DataHora=2026-09-26T14:09:55.3884157-03:00 | Nivel=INFO | Usuario=Smoke Test | Perfil=Administrador | Tela=Geral | Acao=Navegacao registrada: Agendamentos | ErroTecnico= | StackTrace=
DataHora=2026-09-26T14:09:55.3890053-03:00 | Nivel=INFO | Usuario=Smoke Test | Perfil=Administrador | Tela=Geral | Acao=Navegacao concluida para o modulo 'Agendamentos'. | ErroTecnico= | StackTrace=
DataHora=2026-09-26T14:09:56.3888183-03:00 | Nivel=INFO | Usuario=Smoke Test | Perfil=Administrador | Tela=Geral | Acao=Adicionado ao cache: Dashboard | ErroTecnico= | StackTrace=
DataHora=2026-09-26T14:09:56.3894176-03:00 | Nivel=INFO | Usuario=Smoke Test | Perfil=Administrador | Tela=Geral | Acao=Navegacao registrada: Dashboard | ErroTecnico= | StackTrace=
DataHora=2026-09-26T14:09:56.3899769-03:00 | Nivel=INFO | Usuario=Smoke Test | Perfil=Administrador | Tela=Geral | Acao=Navegacao concluida para o modulo 'Dashboard'. | ErroTecnico= | StackTrace=
DataHora=2026-09-26T14:09:56.8062005-03:00 | Nivel=INFO | Usuario=Smoke Test | Perfil=Administrador | Tela=Geral | Acao=Adicionado ao cache: OrdensServico | ErroTecnico= | StackTrace=
DataHora=2026-09-26T14:09:56.8068762-03:00 | Nivel=INFO | Usuario=Smoke Test | Perfil=Administrador | Tela=Geral | Acao=Navegacao registrada: OrdensServico | ErroTecnico= | StackTrace=
DataHora=2026-09-26T14:09:56.8075354-03:00 | Nivel=INFO | Usuario=Smoke Test | Perfil=Administrador | Tela=Geral | Acao=Navegacao concluida para o modulo 'OrdensServico'. | ErroTecnico= | StackTrace=
DataHora=2026-09-26T14:09:57.6735940-03:00 | Nivel=INFO | Usuario=Smoke Test | Perfil=Administrador | Tela=Geral | Acao=Adicionado ao cache: Dashboard | ErroTecnico= | StackTrace=
DataHora=2026-09-26T14:09:57.6742564-03:00 | Nivel=INFO | Usuario=Smoke Test | Perfil=Administrador | Tela=Geral | Acao=Navegacao registrada: Dashboard | ErroTecnico= | StackTrace=
DataHora=2026-09-26T14:09:57.6747958-03:00 | Nivel=INFO | Usuario=Smoke Test | Perfil=Administrador | Tela=Geral | Acao=Navegacao concluida para o modulo 'Dashboard'. | ErroTecnico= | StackTrace=
DataHora=2026-09-26T14:09:58.2741751-03:00 | Nivel=INFO | Usuario=Smoke Test | Perfil=Administrador | Tela=Geral | Acao=Adicionado ao cache: Orcamentos | ErroTecnico= | StackTrace=
DataHora=2026-09-26T14:09:58.2748400-03:00 | Nivel=INFO | Usuario=Smoke Test | Perfil=Administrador | Tela=Geral | Acao=Navegacao registrada: Orcamentos | ErroTecnico= | StackTrace=
DataHora=2026-09-26T14:09:58.2755215-03:00 | Nivel=INFO | Usuario=Smoke Test | Perfil=Administrador | Tela=Geral | Acao=Navegacao concluida para o modulo 'Orcamentos'. | ErroTecnico= | StackTrace=
DataHora=2026-09-26T14:09:59.1346155-03:00 | Nivel=INFO | Usuario=Smoke Test | Perfil=Administrador | Tela=Geral | Acao=Adicionado ao cache: Dashboard | ErroTecnico= | StackTrace=
DataHora=2026-09-26T14:09:59.1352755-03:00 | Nivel=INFO | Usuario=Smoke Test | Perfil=Administrador | Tela=Geral | Acao=Navegacao registrada: Dashboard | ErroTecnico= | StackTrace=
DataHora=2026-09-26T14:09:59.1358197-03:00 | Nivel=INFO | Usuario=Smoke Test | Perfil=Administrador | Tela=Geral | Acao=Navegacao concluida para o modulo 'Dashboard'. | ErroTecnico= | StackTrace=
DataHora=2026-09-26T14:09:59.5876726-03:00 | Nivel=INFO | Usuario=Smoke Test | Perfil=Administrador | Tela=Geral | Acao=Adicionado ao cache: Agendamentos | ErroTecnico= | StackTrace=
DataHora=2026-09-26T14:09:59.5884267-03:00 | Nivel=INFO | Usuario=Smoke Test | Perfil=Administrador | Tela=Geral | Acao=Navegacao registrada: Agendamentos | ErroTecnico= | StackTrace=
DataHora=2026-09-26T14:09:59.5890085-03:00 | Nivel=INFO | Usuario=Smoke Test | Perfil=Administrador | Tela=Geral | Acao=Navegacao concluida para o modulo 'Agendamentos'. | ErroTecnico= | StackTrace=
DataHora=2026-09-26T14:10:00.5830004-03:00 | Nivel=INFO | Usuario=Smoke Test | Perfil=Administrador | Tela=Geral | Acao=Adicionado ao cache: Dashboard | ErroTecnico= | StackTrace=
DataHora=2026-09-26T14:10:00.5836620-03:00 | Nivel=INFO | Usuario=Smoke Test | Perfil=Administrador | Tela=Geral | Acao=Navegacao registrada: Dashboard | ErroTecnico= | StackTrace=
DataHora=2026-09-26T14:10:00.5841997-03:00 | Nivel=INFO | Usuario=Smoke Test | Perfil=Administrador | Tela=Geral | Acao=Navegacao concluida para o modulo 'Dashboard'. | ErroTecnico= | StackTrace=
DataHora=2026-09-26T14:10:00.9993921-03:00 | Nivel=INFO | Usuario=Smoke Test | Perfil=Administrador | Tela=Geral | Acao=Adicionado ao cache: OrdensServico | ErroTecnico= | StackTrace=
DataHora=2026-09-26T14:10:01.0000458-03:00 | Nivel=INFO | Usuario=Smoke Test | Perfil=Administrador | Tela=Geral | Acao=Navegacao registrada: OrdensServico | ErroTecnico= | StackTrace=
DataHora=2026-09-26T14:10:01.0006569-03:00 | Nivel=INFO | Usuario=Smoke Test | Perfil=Administrador | Tela=Geral | Acao=Navegacao concluida para o modulo 'OrdensServico'. | ErroTecnico= | StackTrace=
DataHora=2026-09-26T14:10:01.8863224-03:00 | Nivel=INFO | Usuario=Smoke Test | Perfil=Administrador | Tela=Geral | Acao=Adicionado ao cache: Dashboard | ErroTecnico= | StackTrace=
DataHora=2026-09-26T14:10:01.8869878-03:00 | Nivel=INFO | Usuario=Smoke Test | Perfil=Administrador | Tela=Geral | Acao=Navegacao registrada: Dashboard | ErroTecnico= | StackTrace=
DataHora=2026-09-26T14:10:01.8875708-03:00 | Nivel=INFO | Usuario=Smoke Test | Perfil=Administrador | Tela=Geral | Acao=Navegacao concluida para o modulo 'Dashboard'. | ErroTecnico= | StackTrace=
DataHora=2026-09-26T14:10:02.4147329-03:00 | Nivel=INFO | Usuario=Smoke Test | Perfil=Administrador | Tela=Geral | Acao=Adicionado ao cache: OrdensServico | ErroTecnico= | StackTrace=
DataHora=2026-09-26T14:10:02.4153545-03:00 | Nivel=INFO | Usuario=Smoke Test | Perfil=Administrador | Tela=Geral | Acao=Navegacao registrada: OrdensServico | ErroTecnico= | StackTrace=
DataHora=2026-09-26T14:10:02.4159305-03:00 | Nivel=INFO | Usuario=Smoke Test | Perfil=Administrador | Tela=Geral | Acao=Navegacao concluida para o modulo 'OrdensServico'. | ErroTecnico= | StackTrace=
DataHora=2026-09-26T14:10:03.2894373-03:00 | Nivel=INFO | Usuario=Smoke Test | Perfil=Administrador | Tela=Geral | Acao=Adicionado ao cache: Dashboard | ErroTecnico= | StackTrace=
DataHora=2026-09-26T14:10:03.2900600-03:00 | Nivel=INFO | Usuario=Smoke Test | Perfil=Administrador | Tela=Geral | Acao=Navegacao registrada: Dashboard | ErroTecnico= | StackTrace=
DataHora=2026-09-26T14:10:03.2906443-03:00 | Nivel=INFO | Usuario=Smoke Test | Perfil=Administrador | Tela=Geral | Acao=Navegacao concluida para o modulo 'Dashboard'. | ErroTecnico= | StackTrace=
DataHora=2026-09-26T14:10:03.8304365-03:00 | Nivel=INFO | Usuario=Smoke Test | Perfil=Administrador | Tela=Geral | Acao=Adicionado ao cache: OrdensServico | ErroTecnico= | StackTrace=
DataHora=2026-09-26T14:10:03.8310789-03:00 | Nivel=INFO | Usuario=Smoke Test | Perfil=Administrador | Tela=Geral | Acao=Navegacao registrada: OrdensServico | ErroTecnico= | StackTrace=
DataHora=2026-09-26T14:10:03.8316305-03:00 | Nivel=INFO | Usuario=Smoke Test | Perfil=Administrador | Tela=Geral | Acao=Navegacao concluida para o modulo 'OrdensServico'. | ErroTecnico= | StackTrace=
DataHora=2026-09-26T14:10:04.8238693-03:00 | Nivel=INFO | Usuario=Smoke Test | Perfil=Administrador | Tela=Geral | Acao=Adicionado ao cache: Dashboard | ErroTecnico= | StackTrace=
DataHora=2026-09-26T14:10:04.8246465-03:00 | Nivel=INFO | Usuario=Smoke Test | Perfil=Administrador | Tela=Geral | Acao=Navegacao registrada: Dashboard | ErroTecnico= | StackTrace=
DataHora=2026-09-26T14:10:04.8251919-03:00 | Nivel=INFO | Usuario=Smoke Test | Perfil=Administrador | Tela=Geral | Acao=Navegacao concluida para o modulo 'Dashboard'. | ErroTecnico= | StackTrace=
DataHora=2026-09-26T14:10:05.3611194-03:00 | Nivel=INFO | Usuario=Smoke Test | Perfil=Administrador | Tela=Geral | Acao=Adicionado ao cache: OrdensServico | ErroTecnico= | StackTrace=
DataHora=2026-09-26T14:10:05.3617974-03:00 | Nivel=INFO | Usuario=Smoke Test | Perfil=Administrador | Tela=Geral | Acao=Navegacao registrada: OrdensServico | ErroTecnico= | StackTrace=
DataHora=2026-09-26T14:10:05.3624263-03:00 | Nivel=INFO | Usuario=Smoke Test | Perfil=Administrador | Tela=Geral | Acao=Navegacao concluida para o modulo 'OrdensServico'. | ErroTecnico= | StackTrace=
DataHora=2026-09-26T14:10:06.2479075-03:00 | Nivel=INFO | Usuario=Smoke Test | Perfil=Administrador | Tela=Geral | Acao=Adicionado ao cache: Dashboard | ErroTecnico= | StackTrace=
DataHora=2026-09-26T14:10:06.2485703-03:00 | Nivel=INFO | Usuario=Smoke Test | Perfil=Administrador | Tela=Geral | Acao=Navegacao registrada: Dashboard | ErroTecnico= | StackTrace=
DataHora=2026-09-26T14:10:06.2491168-03:00 | Nivel=INFO | Usuario=Smoke Test | Perfil=Administrador | Tela=Geral | Acao=Navegacao concluida para o modulo 'Dashboard'. | ErroTecnico= | StackTrace=
DataHora=2026-09-26T14:10:06.8061690-03:00 | Nivel=INFO | Usuario=Smoke Test | Perfil=Administrador | Tela=Geral | Acao=Adicionado ao cache: OrdensServico | ErroTecnico= | StackTrace=
DataHora=2026-09-26T14:10:06.8068411-03:00 | Nivel=INFO | Usuario=Smoke Test | Perfil=Administrador | Tela=Geral | Acao=Navegacao registrada: OrdensServico | ErroTecnico= | StackTrace=
DataHora=2026-09-26T14:10:06.8074060-03:00 | Nivel=INFO | Usuario=Smoke Test | Perfil=Administrador | Tela=Geral | Acao=Navegacao concluida para o modulo 'OrdensServico'. | ErroTecnico= | StackTrace=
DataHora=2026-09-26T14:10:07.6544335-03:00 | Nivel=INFO | Usuario=Smoke Test | Perfil=Administrador | Tela=Geral | Acao=Adicionado ao cache: Dashboard | ErroTecnico= | StackTrace=
DataHora=2026-09-26T14:10:07.6550976-03:00 | Nivel=INFO | Usuario=Smoke Test | Perfil=Administrador | Tela=Geral | Acao=Navegacao registrada: Dashboard | ErroTecnico= | StackTrace=
DataHora=2026-09-26T14:10:07.6556435-03:00 | Nivel=INFO | Usuario=Smoke Test | Perfil=Administrador | Tela=Geral | Acao=Navegacao concluida para o modulo 'Dashboard'. | ErroTecnico= | StackTrace=
DataHora=2026-09-26T14:10:08.3821041-03:00 | Nivel=INFO | Usuario=Smoke Test | Perfil=Administrador | Tela=Geral | Acao=Adicionado ao cache: OrdensServico | ErroTecnico= | StackTrace=
DataHora=2026-09-26T14:10:08.3827935-03:00 | Nivel=INFO | Usuario=Smoke Test | Perfil=Administrador | Tela=Geral | Acao=Navegacao registrada: OrdensServico | ErroTecnico= | StackTrace=
DataHora=2026-09-26T14:10:08.3833878-03:00 | Nivel=INFO | Usuario=Smoke Test | Perfil=Administrador | Tela=Geral | Acao=Navegacao concluida para o modulo 'OrdensServico'. | ErroTecnico= | StackTrace=
DataHora=2026-09-26T14:10:09.2589647-03:00 | Nivel=INFO | Usuario=Smoke Test | Perfil=Administrador | Tela=Geral | Acao=Adicionado ao cache: Dashboard | ErroTecnico= | StackTrace=
DataHora=2026-09-26T14:10:09.2596257-03:00 | Nivel=INFO | Usuario=Smoke Test | Perfil=Administrador | Tela=Geral | Acao=Navegacao registrada: Dashboard | ErroTecnico= | StackTrace=
DataHora=2026-09-26T14:10:09.2601707-03:00 | Nivel=INFO | Usuario=Smoke Test | Perfil=Administrador | Tela=Geral | Acao=Navegacao concluida para o modulo 'Dashboard'. | ErroTecnico= | StackTrace=
DataHora=2026-09-26T14:10:09.8039584-03:00 | Nivel=INFO | Usuario=Smoke Test | Perfil=Administrador | Tela=Geral | Acao=Adicionado ao cache: OrdensServico | ErroTecnico= | StackTrace=
DataHora=2026-09-26T14:10:09.8046407-03:00 | Nivel=INFO | Usuario=Smoke Test | Perfil=Administrador | Tela=Geral | Acao=Navegacao registrada: OrdensServico | ErroTecnico= | StackTrace=
DataHora=2026-09-26T14:10:09.8052137-03:00 | Nivel=INFO | Usuario=Smoke Test | Perfil=Administrador | Tela=Geral | Acao=Navegacao concluida para o modulo 'OrdensServico'. | ErroTecnico= | StackTrace=
DataHora=2026-09-26T14:10:10.6669207-03:00 | Nivel=INFO | Usuario=Smoke Test | Perfil=Administrador | Tela=Geral | Acao=Adicionado ao cache: Dashboard | ErroTecnico= | StackTrace=
DataHora=2026-09-26T14:10:10.6677068-03:00 | Nivel=INFO | Usuario=Smoke Test | Perfil=Administrador | Tela=Geral | Acao=Navegacao registrada: Dashboard | ErroTecnico= | StackTrace=
DataHora=2026-09-26T14:10:10.6683396-03:00 | Nivel=INFO | Usuario=Smoke Test | Perfil=Administrador | Tela=Geral | Acao=Navegacao concluida para o modulo 'Dashboard'. | ErroTecnico= | StackTrace=
DataHora=2026-09-26T14:10:11.4724469-03:00 | Nivel=INFO | Usuario=Smoke Test | Perfil=Administrador | Tela=Geral | Acao=Adicionado ao cache: OrdensServico | ErroTecnico= | StackTrace=
DataHora=2026-09-26T14:10:11.4731882-03:00 | Nivel=INFO | Usuario=Smoke Test | Perfil=Administrador | Tela=Geral | Acao=Navegacao registrada: OrdensServico | ErroTecnico= | StackTrace=
DataHora=2026-09-26T14:10:11.4737664-03:00 | Nivel=INFO | Usuario=Smoke Test | Perfil=Administrador | Tela=Geral | Acao=Navegacao concluida para o modulo 'OrdensServico'. | ErroTecnico= | StackTrace=
DataHora=2026-09-26T14:10:12.3479928-03:00 | Nivel=INFO | Usuario=Smoke Test | Perfil=Administrador | Tela=Geral | Acao=Adicionado ao cache: Dashboard | ErroTecnico= | StackTrace=
DataHora=2026-09-26T14:10:12.3486291-03:00 | Nivel=INFO | Usuario=Smoke Test | Perfil=Administrador | Tela=Geral | Acao=Navegacao registrada: Dashboard | ErroTecnico= | StackTrace=
DataHora=2026-09-26T14:10:12.3492031-03:00 | Nivel=INFO | Usuario=Smoke Test | Perfil=Administrador | Tela=Geral | Acao=Navegacao concluida para o modulo 'Dashboard'. | ErroTecnico= | StackTrace=
DataHora=2026-09-26T14:10:12.9516638-03:00 | Nivel=INFO | Usuario=Smoke Test | Perfil=Administrador | Tela=Geral | Acao=Adicionado ao cache: Orcamentos | ErroTecnico= | StackTrace=
DataHora=2026-09-26T14:10:12.9523955-03:00 | Nivel=INFO | Usuario=Smoke Test | Perfil=Administrador | Tela=Geral | Acao=Navegacao registrada: Orcamentos | ErroTecnico= | StackTrace=
DataHora=2026-09-26T14:10:12.9530348-03:00 | Nivel=INFO | Usuario=Smoke Test | Perfil=Administrador | Tela=Geral | Acao=Navegacao concluida para o modulo 'Orcamentos'. | ErroTecnico= | StackTrace=
DataHora=2026-09-26T14:10:13.8625408-03:00 | Nivel=INFO | Usuario=Smoke Test | Perfil=Administrador | Tela=Geral | Acao=Adicionado ao cache: Dashboard | ErroTecnico= | StackTrace=
DataHora=2026-09-26T14:10:13.8633016-03:00 | Nivel=INFO | Usuario=Smoke Test | Perfil=Administrador | Tela=Geral | Acao=Navegacao registrada: Dashboard | ErroTecnico= | StackTrace=
DataHora=2026-09-26T14:10:13.8639572-03:00 | Nivel=INFO | Usuario=Smoke Test | Perfil=Administrador | Tela=Geral | Acao=Navegacao concluida para o modulo 'Dashboard'. | ErroTecnico= | StackTrace=
DataHora=2026-09-26T14:10:15.1027576-03:00 | Nivel=INFO | Usuario=Smoke Test | Perfil=Administrador | Tela=Geral | Acao=Adicionado ao cache: Dashboard | ErroTecnico= | StackTrace=
DataHora=2026-09-26T14:10:15.1035373-03:00 | Nivel=INFO | Usuario=Smoke Test | Perfil=Administrador | Tela=Geral | Acao=Navegacao registrada: Dashboard | ErroTecnico= | StackTrace=
DataHora=2026-09-26T14:10:15.1041281-03:00 | Nivel=INFO | Usuario=Smoke Test | Perfil=Administrador | Tela=Geral | Acao=Navegacao concluida para o modulo 'Dashboard'. | ErroTecnico= | StackTrace=
DataHora=2026-09-26T14:10:16.5180774-03:00 | Nivel=INFO | Usuario=Smoke Test | Perfil=Administrador | Tela=Geral | Acao=Adicionado ao cache: Dashboard | ErroTecnico= | StackTrace=
DataHora=2026-09-26T14:10:16.5187074-03:00 | Nivel=INFO | Usuario=Smoke Test | Perfil=Administrador | Tela=Geral | Acao=Navegacao registrada: Dashboard | ErroTecnico= | StackTrace=
DataHora=2026-09-26T14:10:16.5192507-03:00 | Nivel=INFO | Usuario=Smoke Test | Perfil=Administrador | Tela=Geral | Acao=Navegacao concluida para o modulo 'Dashboard'. | ErroTecnico= | StackTrace=
DataHora=2026-09-26T14:10:17.7239742-03:00 | Nivel=INFO | Usuario=Smoke Test | Perfil=Administrador | Tela=Geral | Acao=Adicionado ao cache: Dashboard | ErroTecnico= | StackTrace=
DataHora=2026-09-26T14:10:17.7246080-03:00 | Nivel=INFO | Usuario=Smoke Test | Perfil=Administrador | Tela=Geral | Acao=Navegacao registrada: Dashboard | ErroTecnico= | StackTrace=
DataHora=2026-09-26T14:10:17.7251619-03:00 | Nivel=INFO | Usuario=Smoke Test | Perfil=Administrador | Tela=Geral | Acao=Navegacao concluida para o modulo 'Dashboard'. | ErroTecnico= | StackTrace=
DataHora=2026-09-26T14:10:18.8908598-03:00 | Nivel=INFO | Usuario=Smoke Test | Perfil=Administrador | Tela=Geral | Acao=Adicionado ao cache: Dashboard | ErroTecnico= | StackTrace=
DataHora=2026-09-26T14:10:18.8914982-03:00 | Nivel=INFO | Usuario=Smoke Test | Perfil=Administrador | Tela=Geral | Acao=Navegacao registrada: Dashboard | ErroTecnico= | StackTrace=
DataHora=2026-09-26T14:10:18.8920171-03:00 | Nivel=INFO | Usuario=Smoke Test | Perfil=Administrador | Tela=Geral | Acao=Navegacao concluida para o modulo 'Dashboard'. | ErroTecnico= | StackTrace=
DataHora=2026-09-26T14:10:20.0917888-03:00 | Nivel=INFO | Usuario=Smoke Test | Perfil=Administrador | Tela=Geral | Acao=Adicionado ao cache: Dashboard | ErroTecnico= | StackTrace=
DataHora=2026-09-26T14:10:20.0924273-03:00 | Nivel=INFO | Usuario=Smoke Test | Perfil=Administrador | Tela=Geral | Acao=Navegacao registrada: Dashboard | ErroTecnico= | StackTrace=
DataHora=2026-09-26T14:10:20.0929611-03:00 | Nivel=INFO | Usuario=Smoke Test | Perfil=Administrador | Tela=Geral | Acao=Navegacao concluida para o modulo 'Dashboard'. | ErroTecnico= | StackTrace=
DataHora=2026-09-26T14:10:21.1439033-03:00 | Nivel=INFO | Usuario=Smoke Test | Perfil=Administrador | Tela=Geral | Acao=Adicionado ao cache: Dashboard | ErroTecnico= | StackTrace=
DataHora=2026-09-26T14:10:21.1445381-03:00 | Nivel=INFO | Usuario=Smoke Test | Perfil=Administrador | Tela=Geral | Acao=Navegacao registrada: Dashboard | ErroTecnico= | StackTrace=
DataHora=2026-09-26T14:10:21.1450786-03:00 | Nivel=INFO | Usuario=Smoke Test | Perfil=Administrador | Tela=Geral | Acao=Navegacao concluida para o modulo 'Dashboard'. | ErroTecnico= | StackTrace=
DataHora=2026-09-26T14:10:22.3361075-03:00 | Nivel=INFO | Usuario=Smoke Test | Perfil=Administrador | Tela=Geral | Acao=Adicionado ao cache: Dashboard | ErroTecnico= | StackTrace=
DataHora=2026-09-26T14:10:22.3367436-03:00 | Nivel=INFO | Usuario=Smoke Test | Perfil=Administrador | Tela=Geral | Acao=Navegacao registrada: Dashboard | ErroTecnico= | StackTrace=
DataHora=2026-09-26T14:10:22.3372895-03:00 | Nivel=INFO | Usuario=Smoke Test | Perfil=Administrador | Tela=Geral | Acao=Navegacao concluida para o modulo 'Dashboard'. | ErroTecnico= | StackTrace=
DataHora=2026-09-26T14:10:22.6877535-03:00 | Nivel=INFO | Usuario=Smoke Test | Perfil=Administrador | Tela=Geral | Acao=Modulo removido manualmente do cache: Dashboard | ErroTecnico= | StackTrace=
DataHora=2026-09-26T14:10:22.6946039-03:00 | Nivel=INFO | Usuario=Smoke Test | Perfil=Administrador | Tela=Geral | Acao=Adicionado ao cache: Dashboard | ErroTecnico= | StackTrace=
DataHora=2026-09-26T14:10:22.6952304-03:00 | Nivel=INFO | Usuario=Smoke Test | Perfil=Administrador | Tela=Geral | Acao=Navegacao concluida para o modulo 'Dashboard'. | ErroTecnico= | StackTrace=
DataHora=2026-09-26T14:10:22.7052764-03:00 | Nivel=INFO | Usuario=Smoke Test | Perfil=Administrador | Tela=Geral | Acao=Modulo atualizado manualmente: Dashboard | ErroTecnico= | StackTrace=
DataHora=2026-09-26T14:10:23.5361456-03:00 | Nivel=INFO | Usuario=Smoke Test | Perfil=Administrador | Tela=Geral | Acao=Adicionado ao cache: Dashboard | ErroTecnico= | StackTrace=
DataHora=2026-09-26T14:10:23.5368064-03:00 | Nivel=INFO | Usuario=Smoke Test | Perfil=Administrador | Tela=Geral | Acao=Navegacao registrada: Dashboard | ErroTecnico= | StackTrace=
DataHora=2026-09-26T14:10:23.5373457-03:00 | Nivel=INFO | Usuario=Smoke Test | Perfil=Administrador | Tela=Geral | Acao=Navegacao concluida para o modulo 'Dashboard'. | ErroTecnico= | StackTrace=
DataHora=2026-09-26T14:10:23.8814411-03:00 | Nivel=INFO | Usuario=Smoke Test | Perfil=Administrador | Tela=Geral | Acao=Adicionado ao cache: Help | ErroTecnico= | StackTrace=
DataHora=2026-09-26T14:10:23.8822051-03:00 | Nivel=INFO | Usuario=Smoke Test | Perfil=Administrador | Tela=Geral | Acao=Navegacao registrada: Help | ErroTecnico= | StackTrace=
DataHora=2026-09-26T14:10:23.8827430-03:00 | Nivel=INFO | Usuario=Smoke Test | Perfil=Administrador | Tela=Geral | Acao=Navegacao concluida para o modulo 'Help'. | ErroTecnico= | StackTrace=
DataHora=2026-09-26T14:10:24.6729536-03:00 | Nivel=INFO | Usuario=Smoke Test | Perfil=Administrador | Tela=Geral | Acao=Adicionado ao cache: Dashboard | ErroTecnico= | StackTrace=
DataHora=2026-09-26T14:10:24.6735621-03:00 | Nivel=INFO | Usuario=Smoke Test | Perfil=Administrador | Tela=Geral | Acao=Navegacao registrada: Dashboard | ErroTecnico= | StackTrace=
DataHora=2026-09-26T14:10:24.6741006-03:00 | Nivel=INFO | Usuario=Smoke Test | Perfil=Administrador | Tela=Geral | Acao=Navegacao concluida para o modulo 'Dashboard'. | ErroTecnico= | StackTrace=
DataHora=2026-09-26T14:10:25.8717956-03:00 | Nivel=INFO | Usuario=Smoke Test | Perfil=Administrador | Tela=Geral | Acao=Adicionado ao cache: Dashboard | ErroTecnico= | StackTrace=
DataHora=2026-09-26T14:10:25.8724374-03:00 | Nivel=INFO | Usuario=Smoke Test | Perfil=Administrador | Tela=Geral | Acao=Navegacao registrada: Dashboard | ErroTecnico= | StackTrace=
DataHora=2026-09-26T14:10:25.8729810-03:00 | Nivel=INFO | Usuario=Smoke Test | Perfil=Administrador | Tela=Geral | Acao=Navegacao concluida para o modulo 'Dashboard'. | ErroTecnico= | StackTrace=
DataHora=2026-09-26T14:10:26.2451778-03:00 | Nivel=INFO | Usuario=Smoke Test | Perfil=Administrador | Tela=Geral | Acao=Adicionado ao cache: Relatorios | ErroTecnico= | StackTrace=
DataHora=2026-09-26T14:10:26.2459476-03:00 | Nivel=INFO | Usuario=Smoke Test | Perfil=Administrador | Tela=Geral | Acao=Navegacao registrada: Relatorios | ErroTecnico= | StackTrace=
DataHora=2026-09-26T14:10:26.2465563-03:00 | Nivel=INFO | Usuario=Smoke Test | Perfil=Administrador | Tela=Geral | Acao=Navegacao concluida para o modulo 'Relatorios'. | ErroTecnico= | StackTrace=
DataHora=2026-09-26T14:10:26.2684517-03:00 | Nivel=INFO | Usuario=Smoke Test | Perfil=Administrador | Tela=Relatorios | Acao=ObterDadosFinanceiros(limit=250) concluida em 0 ms. | ErroTecnico= | StackTrace=
DataHora=2026-09-26T14:10:26.2698546-03:00 | Nivel=INFO | Usuario=Smoke Test | Perfil=Administrador | Tela=Relatorios | Acao=ObterDadosVendas(limit=250) concluida em 0 ms. | ErroTecnico= | StackTrace=
DataHora=2026-09-26T14:10:26.2713606-03:00 | Nivel=INFO | Usuario=Smoke Test | Perfil=Administrador | Tela=Relatorios | Acao=ObterMargemPorProduto(limit=100) concluida em 0 ms. | ErroTecnico= | StackTrace=
DataHora=2026-09-26T14:10:26.2725226-03:00 | Nivel=INFO | Usuario=Smoke Test | Perfil=Administrador | Tela=Relatorios | Acao=ObterVendasPorHora concluida em 0 ms. | ErroTecnico= | StackTrace=
DataHora=2026-09-26T14:10:26.2736771-03:00 | Nivel=INFO | Usuario=Smoke Test | Perfil=Administrador | Tela=Relatorios | Acao=ObterVendasPorDia(limit=31) concluida em 0 ms. | ErroTecnico= | StackTrace=
DataHora=2026-09-26T14:10:26.2747933-03:00 | Nivel=INFO | Usuario=Smoke Test | Perfil=Administrador | Tela=Relatorios | Acao=ObterInadimplenciaDetalhada(limit=100) concluida em 0 ms. | ErroTecnico= | StackTrace=
DataHora=2026-09-26T14:10:26.2760647-03:00 | Nivel=INFO | Usuario=Smoke Test | Perfil=Administrador | Tela=Relatorios | Acao=ObterConciliacaoFinanceira concluida em 0 ms. | ErroTecnico= | StackTrace=
DataHora=2026-09-26T14:10:26.2774881-03:00 | Nivel=INFO | Usuario=Smoke Test | Perfil=Administrador | Tela=Relatorios | Acao=ObterOsAbertas concluida em 0 ms. | ErroTecnico= | StackTrace=
DataHora=2026-09-26T14:10:26.2789893-03:00 | Nivel=INFO | Usuario=Smoke Test | Perfil=Administrador | Tela=Relatorios | Acao=ObterOsFinalizadas concluida em 0 ms. | ErroTecnico= | StackTrace=
DataHora=2026-09-26T14:10:26.2807573-03:00 | Nivel=INFO | Usuario=Smoke Test | Perfil=Administrador | Tela=Relatorios | Acao=ObterOrdensServicoPorTecnico concluida em 0 ms. | ErroTecnico= | StackTrace=
DataHora=2026-09-26T14:10:26.2826953-03:00 | Nivel=INFO | Usuario=Smoke Test | Perfil=Administrador | Tela=Relatorios | Acao=ObterServicosRelatorio concluida em 1 ms. | ErroTecnico= | StackTrace=
DataHora=2026-09-26T14:10:26.2855021-03:00 | Nivel=INFO | Usuario=Smoke Test | Perfil=Administrador | Tela=Relatorios | Acao=ObterDadosEstoque(limit=250) concluida em 1 ms. | ErroTecnico= | StackTrace=
DataHora=2026-09-26T14:10:26.2869517-03:00 | Nivel=INFO | Usuario=Smoke Test | Perfil=Administrador | Tela=Relatorios | Acao=ObterDadosClientes(limit=250) concluida em 0 ms. | ErroTecnico= | StackTrace=
DataHora=2026-09-26T14:10:26.2882633-03:00 | Nivel=INFO | Usuario=Smoke Test | Perfil=Administrador | Tela=Relatorios | Acao=ObterDadosOrcamentos(limit=250) concluida em 0 ms. | ErroTecnico= | StackTrace=
DataHora=2026-09-26T14:10:26.2892848-03:00 | Nivel=INFO | Usuario=Smoke Test | Perfil=Administrador | Tela=Relatorios | Acao=ObterDadosCaixa(limit=250) concluida em 0 ms. | ErroTecnico= | StackTrace=
DataHora=2026-09-26T14:10:26.2922202-03:00 | Nivel=INFO | Usuario=Smoke Test | Perfil=Administrador | Tela=Relatorios | Acao=ObterDemonstrativoResultado concluida em 0 ms. | ErroTecnico= | StackTrace=
DataHora=2026-09-26T14:10:26.2935908-03:00 | Nivel=INFO | Usuario=Smoke Test | Perfil=Administrador | Tela=Relatorios | Acao=ObterTicketMedio concluida em 0 ms. | ErroTecnico= | StackTrace=
DataHora=2026-09-26T14:10:26.2945093-03:00 | Nivel=INFO | Usuario=Smoke Test | Perfil=Administrador | Tela=Relatorios | Acao=ObterTotalClientes concluida em 0 ms. | ErroTecnico= | StackTrace=
DataHora=2026-09-26T14:10:26.2955339-03:00 | Nivel=INFO | Usuario=Smoke Test | Perfil=Administrador | Tela=Relatorios | Acao=ObterProdutosSemGiro concluida em 0 ms. | ErroTecnico= | StackTrace=
DataHora=2026-09-26T14:10:26.2966380-03:00 | Nivel=INFO | Usuario=Smoke Test | Perfil=Administrador | Tela=Relatorios | Acao=ObterConversaoOrcamentos concluida em 0 ms. | ErroTecnico= | StackTrace=
DataHora=2026-09-26T14:10:26.2982554-03:00 | Nivel=INFO | Usuario=Smoke Test | Perfil=Administrador | Tela=Relatorios | Acao=ObterResumoConsistenciaOperacional concluida em 0 ms. | ErroTecnico= | StackTrace=
DataHora=2026-09-26T14:10:26.3548640-03:00 | Nivel=INFO | Usuario=Smoke Test | Perfil=Administrador | Tela=Auditoria | Acao=ObterAuditoriaPaginada(pagina=1, tamanho=100) concluida em 2 ms. | ErroTecnico= | StackTrace=
DataHora=2026-09-26T14:10:26.3567233-03:00 | Nivel=INFO | Usuario=Smoke Test | Perfil=Administrador | Tela=Auditoria | Acao=ObterCategoriasAuditoriaOperacional concluida em 0 ms. | ErroTecnico= | StackTrace=
DataHora=2026-09-26T14:10:26.4328727-03:00 | Nivel=INFO | Usuario=Smoke Test | Perfil=Administrador | Tela=Relatorios | Acao=Workspace de relatorios carregado com 0 vendas, 104 clientes e 100 eventos de auditoria exibidos. | ErroTecnico= | StackTrace=
DataHora=2026-09-26T14:10:28.3130685-03:00 | Nivel=INFO | Usuario=Smoke Test | Perfil=Administrador | Tela=Geral | Acao=Adicionado ao cache: Dashboard | ErroTecnico= | StackTrace=
DataHora=2026-09-26T14:10:28.3136965-03:00 | Nivel=INFO | Usuario=Smoke Test | Perfil=Administrador | Tela=Geral | Acao=Navegacao registrada: Dashboard | ErroTecnico= | StackTrace=
DataHora=2026-09-26T14:10:28.3142165-03:00 | Nivel=INFO | Usuario=Smoke Test | Perfil=Administrador | Tela=Geral | Acao=Navegacao concluida para o modulo 'Dashboard'. | ErroTecnico= | StackTrace=
DataHora=2026-09-26T14:10:28.6730158-03:00 | Nivel=INFO | Usuario=Smoke Test | Perfil=Administrador | Tela=Financeiro | Acao=ObterMovimentacoes(limit=1200) concluida em 2 ms. | ErroTecnico= | StackTrace=
DataHora=2026-09-26T14:10:28.6823572-03:00 | Nivel=INFO | Usuario=Smoke Test | Perfil=Administrador | Tela=Financeiro | Acao=ObterMovimentacoes(limit=1200) concluida em 2 ms. | ErroTecnico= | StackTrace=
DataHora=2026-09-26T14:10:28.7071566-03:00 | Nivel=INFO | Usuario=Smoke Test | Perfil=Administrador | Tela=Financeiro | Acao=ObterMovimentacoes(limit=1200) concluida em 2 ms. | ErroTecnico= | StackTrace=
DataHora=2026-09-26T14:10:28.7094678-03:00 | Nivel=INFO | Usuario=Smoke Test | Perfil=Administrador | Tela=Geral | Acao=Adicionado ao cache: Financeiro | ErroTecnico= | StackTrace=
DataHora=2026-09-26T14:10:28.7099774-03:00 | Nivel=INFO | Usuario=Smoke Test | Perfil=Administrador | Tela=Geral | Acao=Navegacao registrada: Financeiro | ErroTecnico= | StackTrace=
DataHora=2026-09-26T14:10:28.7105329-03:00 | Nivel=INFO | Usuario=Smoke Test | Perfil=Administrador | Tela=Geral | Acao=Navegacao concluida para o modulo 'Financeiro'. | ErroTecnico= | StackTrace=
DataHora=2026-09-26T14:10:29.1874811-03:00 | Nivel=INFO | Usuario=Smoke Test | Perfil=Administrador | Tela=Financeiro | Acao=ObterMovimentacoes(limit=1200) concluida em 2 ms. | ErroTecnico= | StackTrace=
DataHora=2026-09-26T14:10:29.2000140-03:00 | Nivel=INFO | Usuario=Smoke Test | Perfil=Administrador | Tela=Financeiro | Acao=ObterMovimentacoes(limit=1200) concluida em 2 ms. | ErroTecnico= | StackTrace=
DataHora=2026-09-26T14:10:29.2738767-03:00 | Nivel=INFO | Usuario=Smoke Test | Perfil=Administrador | Tela=Financeiro | Acao=ObterMovimentacoes(limit=1200) concluida em 2 ms. | ErroTecnico= | StackTrace=
DataHora=2026-09-26T14:10:30.5332828-03:00 | Nivel=INFO | Usuario=Smoke Test | Perfil=Administrador | Tela=Geral | Acao=Adicionado ao cache: Dashboard | ErroTecnico= | StackTrace=
DataHora=2026-09-26T14:10:30.5338929-03:00 | Nivel=INFO | Usuario=Smoke Test | Perfil=Administrador | Tela=Geral | Acao=Navegacao registrada: Dashboard | ErroTecnico= | StackTrace=
DataHora=2026-09-26T14:10:30.5344158-03:00 | Nivel=INFO | Usuario=Smoke Test | Perfil=Administrador | Tela=Geral | Acao=Navegacao concluida para o modulo 'Dashboard'. | ErroTecnico= | StackTrace=
DataHora=2026-09-26T14:10:31.0465880-03:00 | Nivel=INFO | Usuario=Smoke Test | Perfil=Administrador | Tela=Geral | Acao=Adicionado ao cache: Funcionarios | ErroTecnico= | StackTrace=
DataHora=2026-09-26T14:10:31.0473151-03:00 | Nivel=INFO | Usuario=Smoke Test | Perfil=Administrador | Tela=Geral | Acao=Navegacao registrada: Funcionarios | ErroTecnico= | StackTrace=
DataHora=2026-09-26T14:10:31.0479959-03:00 | Nivel=INFO | Usuario=Smoke Test | Perfil=Administrador | Tela=Geral | Acao=Navegacao concluida para o modulo 'Funcionarios'. | ErroTecnico= | StackTrace=
DataHora=2026-09-26T14:10:31.8911590-03:00 | Nivel=INFO | Usuario=Smoke Test | Perfil=Administrador | Tela=Geral | Acao=Adicionado ao cache: Dashboard | ErroTecnico= | StackTrace=
DataHora=2026-09-26T14:10:31.8919216-03:00 | Nivel=INFO | Usuario=Smoke Test | Perfil=Administrador | Tela=Geral | Acao=Navegacao registrada: Dashboard | ErroTecnico= | StackTrace=
DataHora=2026-09-26T14:10:31.8924631-03:00 | Nivel=INFO | Usuario=Smoke Test | Perfil=Administrador | Tela=Geral | Acao=Navegacao concluida para o modulo 'Dashboard'. | ErroTecnico= | StackTrace=
DataHora=2026-09-26T14:10:32.2345218-03:00 | Nivel=INFO | Usuario=Smoke Test | Perfil=Administrador | Tela=Geral | Acao=Adicionado ao cache: Fornecedores | ErroTecnico= | StackTrace=
DataHora=2026-09-26T14:10:32.2351840-03:00 | Nivel=INFO | Usuario=Smoke Test | Perfil=Administrador | Tela=Geral | Acao=Navegacao registrada: Fornecedores | ErroTecnico= | StackTrace=
DataHora=2026-09-26T14:10:32.2357210-03:00 | Nivel=INFO | Usuario=Smoke Test | Perfil=Administrador | Tela=Geral | Acao=Navegacao concluida para o modulo 'Fornecedores'. | ErroTecnico= | StackTrace=
DataHora=2026-09-26T14:10:33.0983822-03:00 | Nivel=INFO | Usuario=Smoke Test | Perfil=Administrador | Tela=Geral | Acao=Adicionado ao cache: Dashboard | ErroTecnico= | StackTrace=
DataHora=2026-09-26T14:10:33.0990101-03:00 | Nivel=INFO | Usuario=Smoke Test | Perfil=Administrador | Tela=Geral | Acao=Navegacao registrada: Dashboard | ErroTecnico= | StackTrace=
DataHora=2026-09-26T14:10:33.0995482-03:00 | Nivel=INFO | Usuario=Smoke Test | Perfil=Administrador | Tela=Geral | Acao=Navegacao concluida para o modulo 'Dashboard'. | ErroTecnico= | StackTrace=
DataHora=2026-09-26T14:10:33.4317826-03:00 | Nivel=INFO | Usuario=Smoke Test | Perfil=Administrador | Tela=Geral | Acao=Adicionado ao cache: BaseConhecimento | ErroTecnico= | StackTrace=
DataHora=2026-09-26T14:10:33.4324485-03:00 | Nivel=INFO | Usuario=Smoke Test | Perfil=Administrador | Tela=Geral | Acao=Navegacao registrada: BaseConhecimento | ErroTecnico= | StackTrace=
DataHora=2026-09-26T14:10:33.4329862-03:00 | Nivel=INFO | Usuario=Smoke Test | Perfil=Administrador | Tela=Geral | Acao=Navegacao concluida para o modulo 'BaseConhecimento'. | ErroTecnico= | StackTrace=
DataHora=2026-09-26T14:10:34.2869127-03:00 | Nivel=INFO | Usuario=Smoke Test | Perfil=Administrador | Tela=Geral | Acao=Adicionado ao cache: Dashboard | ErroTecnico= | StackTrace=
DataHora=2026-09-26T14:10:34.2876060-03:00 | Nivel=INFO | Usuario=Smoke Test | Perfil=Administrador | Tela=Geral | Acao=Navegacao registrada: Dashboard | ErroTecnico= | StackTrace=
DataHora=2026-09-26T14:10:34.2881442-03:00 | Nivel=INFO | Usuario=Smoke Test | Perfil=Administrador | Tela=Geral | Acao=Navegacao concluida para o modulo 'Dashboard'. | ErroTecnico= | StackTrace=
DataHora=2026-09-26T14:10:34.6140897-03:00 | Nivel=INFO | Usuario=Smoke Test | Perfil=Administrador | Tela=Geral | Acao=Adicionado ao cache: NecessidadesCompra | ErroTecnico= | StackTrace=
DataHora=2026-09-26T14:10:34.6148157-03:00 | Nivel=INFO | Usuario=Smoke Test | Perfil=Administrador | Tela=Geral | Acao=Navegacao registrada: NecessidadesCompra | ErroTecnico= | StackTrace=
DataHora=2026-09-26T14:10:34.6153497-03:00 | Nivel=INFO | Usuario=Smoke Test | Perfil=Administrador | Tela=Geral | Acao=Navegacao concluida para o modulo 'NecessidadesCompra'. | ErroTecnico= | StackTrace=
DataHora=2026-09-26T14:10:35.3343040-03:00 | Nivel=INFO | Usuario=Smoke Test | Perfil=Administrador | Tela=Geral | Acao=Adicionado ao cache: Dashboard | ErroTecnico= | StackTrace=
DataHora=2026-09-26T14:10:35.3349281-03:00 | Nivel=INFO | Usuario=Smoke Test | Perfil=Administrador | Tela=Geral | Acao=Navegacao registrada: Dashboard | ErroTecnico= | StackTrace=
DataHora=2026-09-26T14:10:35.3354968-03:00 | Nivel=INFO | Usuario=Smoke Test | Perfil=Administrador | Tela=Geral | Acao=Navegacao concluida para o modulo 'Dashboard'. | ErroTecnico= | StackTrace=
DataHora=2026-09-26T14:10:35.6816779-03:00 | Nivel=INFO | Usuario=Smoke Test | Perfil=Administrador | Tela=Geral | Acao=Adicionado ao cache: Ferramentas | ErroTecnico= | StackTrace=
DataHora=2026-09-26T14:10:35.6824095-03:00 | Nivel=INFO | Usuario=Smoke Test | Perfil=Administrador | Tela=Geral | Acao=Navegacao registrada: Ferramentas | ErroTecnico= | StackTrace=
DataHora=2026-09-26T14:10:35.6829736-03:00 | Nivel=INFO | Usuario=Smoke Test | Perfil=Administrador | Tela=Geral | Acao=Navegacao concluida para o modulo 'Ferramentas'. | ErroTecnico= | StackTrace=
DataHora=2026-09-26T14:10:36.5454839-03:00 | Nivel=INFO | Usuario=Smoke Test | Perfil=Administrador | Tela=Geral | Acao=Adicionado ao cache: Dashboard | ErroTecnico= | StackTrace=
DataHora=2026-09-26T14:10:36.5460980-03:00 | Nivel=INFO | Usuario=Smoke Test | Perfil=Administrador | Tela=Geral | Acao=Navegacao registrada: Dashboard | ErroTecnico= | StackTrace=
DataHora=2026-09-26T14:10:36.5466491-03:00 | Nivel=INFO | Usuario=Smoke Test | Perfil=Administrador | Tela=Geral | Acao=Navegacao concluida para o modulo 'Dashboard'. | ErroTecnico= | StackTrace=
DataHora=2026-09-26T14:10:36.9185885-03:00 | Nivel=INFO | Usuario=Smoke Test | Perfil=Administrador | Tela=Geral | Acao=Adicionado ao cache: CatalogoPecas | ErroTecnico= | StackTrace=
DataHora=2026-09-26T14:10:36.9193483-03:00 | Nivel=INFO | Usuario=Smoke Test | Perfil=Administrador | Tela=Geral | Acao=Navegacao registrada: CatalogoPecas | ErroTecnico= | StackTrace=
DataHora=2026-09-26T14:10:36.9198871-03:00 | Nivel=INFO | Usuario=Smoke Test | Perfil=Administrador | Tela=Geral | Acao=Navegacao concluida para o modulo 'CatalogoPecas'. | ErroTecnico= | StackTrace=
DataHora=2026-09-26T14:10:37.2569903-03:00 | Nivel=INFO | Usuario=Smoke Test | Perfil=Administrador | Tela=Geral | Acao=Catalogo veiculos: seed +0 veiculos, +0 vinculos peca↔veiculo. | ErroTecnico= | StackTrace=
DataHora=2026-09-26T14:10:38.3251609-03:00 | Nivel=INFO | Usuario=Smoke Test | Perfil=Administrador | Tela=Geral | Acao=Adicionado ao cache: Dashboard | ErroTecnico= | StackTrace=
DataHora=2026-09-26T14:10:38.3257502-03:00 | Nivel=INFO | Usuario=Smoke Test | Perfil=Administrador | Tela=Geral | Acao=Navegacao registrada: Dashboard | ErroTecnico= | StackTrace=
DataHora=2026-09-26T14:10:38.3262717-03:00 | Nivel=INFO | Usuario=Smoke Test | Perfil=Administrador | Tela=Geral | Acao=Navegacao concluida para o modulo 'Dashboard'. | ErroTecnico= | StackTrace=
DataHora=2026-09-26T14:10:38.8361634-03:00 | Nivel=INFO | Usuario=Smoke Test | Perfil=Administrador | Tela=Geral | Acao=Adicionado ao cache: Estoque | ErroTecnico= | StackTrace=
DataHora=2026-09-26T14:10:38.8368545-03:00 | Nivel=INFO | Usuario=Smoke Test | Perfil=Administrador | Tela=Geral | Acao=Navegacao registrada: Estoque | ErroTecnico= | StackTrace=
DataHora=2026-09-26T14:10:38.8373858-03:00 | Nivel=INFO | Usuario=Smoke Test | Perfil=Administrador | Tela=Geral | Acao=Navegacao concluida para o modulo 'Estoque'. | ErroTecnico= | StackTrace=
DataHora=2026-09-26T14:10:38.8858406-03:00 | Nivel=INFO | Usuario=Smoke Test | Perfil=Administrador | Tela=Estoque | Acao=Estoque: listagem carregou 556 produto(s). | ErroTecnico= | StackTrace=
DataHora=2026-09-26T14:10:39.0377365-03:00 | Nivel=INFO | Usuario=Smoke Test | Perfil=Administrador | Tela=Estoque | Acao=Estoque layout: rootH=885; headerH=59; actionBarH=140; actionBarVis=Visible; metricsH=84; metricsVis=Visible; stateHostH=575; contentH=575; contentVis=Visible; loadingH=0; loadingVis=Collapsed; emptyH=0; emptyVis=Collapsed; errorH=0; errorVis=Collapsed; dataGridH=427; gridItems=556; totalTxt=556 | ErroTecnico= | StackTrace=
DataHora=2026-09-26T14:10:39.9214968-03:00 | Nivel=INFO | Usuario=Smoke Test | Perfil=Administrador | Tela=Geral | Acao=Adicionado ao cache: Dashboard | ErroTecnico= | StackTrace=
DataHora=2026-09-26T14:10:39.9221080-03:00 | Nivel=INFO | Usuario=Smoke Test | Perfil=Administrador | Tela=Geral | Acao=Navegacao registrada: Dashboard | ErroTecnico= | StackTrace=
DataHora=2026-09-26T14:10:39.9226886-03:00 | Nivel=INFO | Usuario=Smoke Test | Perfil=Administrador | Tela=Geral | Acao=Navegacao concluida para o modulo 'Dashboard'. | ErroTecnico= | StackTrace=
DataHora=2026-09-26T14:10:40.3543087-03:00 | Nivel=INFO | Usuario=Smoke Test | Perfil=Administrador | Tela=Geral | Acao=Adicionado ao cache: AutoEletricaTecnica | ErroTecnico= | StackTrace=
DataHora=2026-09-26T14:10:40.3549652-03:00 | Nivel=INFO | Usuario=Smoke Test | Perfil=Administrador | Tela=Geral | Acao=Navegacao registrada: AutoEletricaTecnica | ErroTecnico= | StackTrace=
DataHora=2026-09-26T14:10:40.3555301-03:00 | Nivel=INFO | Usuario=Smoke Test | Perfil=Administrador | Tela=Geral | Acao=Navegacao concluida para o modulo 'AutoEletricaTecnica'. | ErroTecnico= | StackTrace=
DataHora=2026-09-26T14:10:41.7514650-03:00 | Nivel=INFO | Usuario=Smoke Test | Perfil=Administrador | Tela=Geral | Acao=Adicionado ao cache: Dashboard | ErroTecnico= | StackTrace=
DataHora=2026-09-26T14:10:41.7522017-03:00 | Nivel=INFO | Usuario=Smoke Test | Perfil=Administrador | Tela=Geral | Acao=Navegacao registrada: Dashboard | ErroTecnico= | StackTrace=
DataHora=2026-09-26T14:10:41.7527533-03:00 | Nivel=INFO | Usuario=Smoke Test | Perfil=Administrador | Tela=Geral | Acao=Navegacao concluida para o modulo 'Dashboard'. | ErroTecnico= | StackTrace=
DataHora=2026-09-26T14:10:42.5086759-03:00 | Nivel=INFO | Usuario=Smoke Test | Perfil=Administrador | Tela=Geral | Acao=Adicionado ao cache: Veiculos | ErroTecnico= | StackTrace=
DataHora=2026-09-26T14:10:42.5093539-03:00 | Nivel=INFO | Usuario=Smoke Test | Perfil=Administrador | Tela=Geral | Acao=Navegacao registrada: Veiculos | ErroTecnico= | StackTrace=
DataHora=2026-09-26T14:10:42.5099415-03:00 | Nivel=INFO | Usuario=Smoke Test | Perfil=Administrador | Tela=Geral | Acao=Navegacao concluida para o modulo 'Veiculos'. | ErroTecnico= | StackTrace=
DataHora=2026-09-26T14:10:43.4849987-03:00 | Nivel=INFO | Usuario=Smoke Test | Perfil=Administrador | Tela=Geral | Acao=Adicionado ao cache: Dashboard | ErroTecnico= | StackTrace=
DataHora=2026-09-26T14:10:43.4857599-03:00 | Nivel=INFO | Usuario=Smoke Test | Perfil=Administrador | Tela=Geral | Acao=Navegacao registrada: Dashboard | ErroTecnico= | StackTrace=
DataHora=2026-09-26T14:10:43.4863142-03:00 | Nivel=INFO | Usuario=Smoke Test | Perfil=Administrador | Tela=Geral | Acao=Navegacao concluida para o modulo 'Dashboard'. | ErroTecnico= | StackTrace=
DataHora=2026-09-26T14:10:44.0141458-03:00 | Nivel=INFO | Usuario=Smoke Test | Perfil=Administrador | Tela=Geral | Acao=Adicionado ao cache: Clientes | ErroTecnico= | StackTrace=
DataHora=2026-09-26T14:10:44.0148468-03:00 | Nivel=INFO | Usuario=Smoke Test | Perfil=Administrador | Tela=Geral | Acao=Navegacao registrada: Clientes | ErroTecnico= | StackTrace=
DataHora=2026-09-26T14:10:44.0154267-03:00 | Nivel=INFO | Usuario=Smoke Test | Perfil=Administrador | Tela=Geral | Acao=Navegacao concluida para o modulo 'Clientes'. | ErroTecnico= | StackTrace=
DataHora=2026-09-26T14:10:45.1622121-03:00 | Nivel=INFO | Usuario=Smoke Test | Perfil=Administrador | Tela=Geral | Acao=Adicionado ao cache: Dashboard | ErroTecnico= | StackTrace=
DataHora=2026-09-26T14:10:45.1628528-03:00 | Nivel=INFO | Usuario=Smoke Test | Perfil=Administrador | Tela=Geral | Acao=Navegacao registrada: Dashboard | ErroTecnico= | StackTrace=
DataHora=2026-09-26T14:10:45.1633967-03:00 | Nivel=INFO | Usuario=Smoke Test | Perfil=Administrador | Tela=Geral | Acao=Navegacao concluida para o modulo 'Dashboard'. | ErroTecnico= | StackTrace=
DataHora=2026-09-26T14:10:45.6493733-03:00 | Nivel=INFO | Usuario=Smoke Test | Perfil=Administrador | Tela=Geral | Acao=Adicionado ao cache: FiscalOperacoes | ErroTecnico= | StackTrace=
DataHora=2026-09-26T14:10:45.6501509-03:00 | Nivel=INFO | Usuario=Smoke Test | Perfil=Administrador | Tela=Geral | Acao=Navegacao registrada: FiscalOperacoes | ErroTecnico= | StackTrace=
DataHora=2026-09-26T14:10:45.6507496-03:00 | Nivel=INFO | Usuario=Smoke Test | Perfil=Administrador | Tela=Geral | Acao=Navegacao concluida para o modulo 'FiscalOperacoes'. | ErroTecnico= | StackTrace=
DataHora=2026-09-26T14:10:46.5083322-03:00 | Nivel=INFO | Usuario=Smoke Test | Perfil=Administrador | Tela=Geral | Acao=Adicionado ao cache: Dashboard | ErroTecnico= | StackTrace=
DataHora=2026-09-26T14:10:46.5089673-03:00 | Nivel=INFO | Usuario=Smoke Test | Perfil=Administrador | Tela=Geral | Acao=Navegacao registrada: Dashboard | ErroTecnico= | StackTrace=
DataHora=2026-09-26T14:10:46.5095083-03:00 | Nivel=INFO | Usuario=Smoke Test | Perfil=Administrador | Tela=Geral | Acao=Navegacao concluida para o modulo 'Dashboard'. | ErroTecnico= | StackTrace=
DataHora=2026-09-26T14:10:46.8304094-03:00 | Nivel=INFO | Usuario=Smoke Test | Perfil=Administrador | Tela=Geral | Acao=Abertura da pagina de importacao NF-e. | ErroTecnico= | StackTrace=
DataHora=2026-09-26T14:10:46.8386039-03:00 | Nivel=INFO | Usuario=Smoke Test | Perfil=Administrador | Tela=Geral | Acao=Adicionado ao cache: ImportarNFe | ErroTecnico= | StackTrace=
DataHora=2026-09-26T14:10:46.8391955-03:00 | Nivel=INFO | Usuario=Smoke Test | Perfil=Administrador | Tela=Geral | Acao=Navegacao registrada: ImportarNFe | ErroTecnico= | StackTrace=
DataHora=2026-09-26T14:10:46.8397489-03:00 | Nivel=INFO | Usuario=Smoke Test | Perfil=Administrador | Tela=Geral | Acao=Navegacao concluida para o modulo 'ImportarNFe'. | ErroTecnico= | StackTrace=
DataHora=2026-09-26T14:10:47.6535390-03:00 | Nivel=INFO | Usuario=Smoke Test | Perfil=Administrador | Tela=Geral | Acao=Adicionado ao cache: Dashboard | ErroTecnico= | StackTrace=
DataHora=2026-09-26T14:10:47.6541380-03:00 | Nivel=INFO | Usuario=Smoke Test | Perfil=Administrador | Tela=Geral | Acao=Navegacao registrada: Dashboard | ErroTecnico= | StackTrace=
DataHora=2026-09-26T14:10:47.6546863-03:00 | Nivel=INFO | Usuario=Smoke Test | Perfil=Administrador | Tela=Geral | Acao=Navegacao concluida para o modulo 'Dashboard'. | ErroTecnico= | StackTrace=
DataHora=2026-09-26T14:10:48.0048203-03:00 | Nivel=INFO | Usuario=Smoke Test | Perfil=Administrador | Tela=Geral | Acao=Adicionado ao cache: PDV | ErroTecnico= | StackTrace=
DataHora=2026-09-26T14:10:48.0054567-03:00 | Nivel=INFO | Usuario=Smoke Test | Perfil=Administrador | Tela=Geral | Acao=Navegacao registrada: PDV | ErroTecnico= | StackTrace=
DataHora=2026-09-26T14:10:48.0060143-03:00 | Nivel=INFO | Usuario=Smoke Test | Perfil=Administrador | Tela=Geral | Acao=Navegacao concluida para o modulo 'PDV'. | ErroTecnico= | StackTrace=
DataHora=2026-09-26T14:10:48.1425452-03:00 | Nivel=INFO | Usuario=Smoke Test | Perfil=Administrador | Tela=PDV | Acao=Diagnostico de impressao do PDV: Default=Microsoft Print to PDF / Fisica=False / Instaladas=1 / Microsoft Print to PDF [Driver=Microsoft Print To PDF; Porta=PORTPROMPT:; Default=True; Virtual=True; Offline=False; Shared=False] | ErroTecnico= | StackTrace=
DataHora=2026-09-26T14:10:48.1437209-03:00 | Nivel=WARN | Usuario=Smoke Test | Perfil=Administrador | Tela=PDV | Acao=Nenhuma impressora fisica foi detectada para homologacao final do PDV. O ambiente atual depende apenas de fila virtual. | ErroTecnico= | StackTrace=
DataHora=2026-09-26T14:10:48.8410705-03:00 | Nivel=INFO | Usuario=Smoke Test | Perfil=Administrador | Tela=Geral | Acao=Adicionado ao cache: Dashboard | ErroTecnico= | StackTrace=
DataHora=2026-09-26T14:10:48.8416456-03:00 | Nivel=INFO | Usuario=Smoke Test | Perfil=Administrador | Tela=Geral | Acao=Navegacao registrada: Dashboard | ErroTecnico= | StackTrace=
DataHora=2026-09-26T14:10:48.8421838-03:00 | Nivel=INFO | Usuario=Smoke Test | Perfil=Administrador | Tela=Geral | Acao=Navegacao concluida para o modulo 'Dashboard'. | ErroTecnico= | StackTrace=
DataHora=2026-09-26T14:10:49.5474095-03:00 | Nivel=INFO | Usuario=Smoke Test | Perfil=Administrador | Tela=Geral | Acao=Adicionado ao cache: OficinaKanban | ErroTecnico= | StackTrace=
DataHora=2026-09-26T14:10:49.5480935-03:00 | Nivel=INFO | Usuario=Smoke Test | Perfil=Administrador | Tela=Geral | Acao=Navegacao registrada: OficinaKanban | ErroTecnico= | StackTrace=
DataHora=2026-09-26T14:10:49.5487666-03:00 | Nivel=INFO | Usuario=Smoke Test | Perfil=Administrador | Tela=Geral | Acao=Navegacao concluida para o modulo 'OficinaKanban'. | ErroTecnico= | StackTrace=
DataHora=2026-09-26T14:10:50.4543199-03:00 | Nivel=INFO | Usuario=Smoke Test | Perfil=Administrador | Tela=Geral | Acao=Adicionado ao cache: Dashboard | ErroTecnico= | StackTrace=
DataHora=2026-09-26T14:10:50.4549799-03:00 | Nivel=INFO | Usuario=Smoke Test | Perfil=Administrador | Tela=Geral | Acao=Navegacao registrada: Dashboard | ErroTecnico= | StackTrace=
DataHora=2026-09-26T14:10:50.4555191-03:00 | Nivel=INFO | Usuario=Smoke Test | Perfil=Administrador | Tela=Geral | Acao=Navegacao concluida para o modulo 'Dashboard'. | ErroTecnico= | StackTrace=
DataHora=2026-09-26T14:10:50.8540750-03:00 | Nivel=INFO | Usuario=Smoke Test | Perfil=Administrador | Tela=Geral | Acao=Adicionado ao cache: OrdensServico | ErroTecnico= | StackTrace=
DataHora=2026-09-26T14:10:50.8548276-03:00 | Nivel=INFO | Usuario=Smoke Test | Perfil=Administrador | Tela=Geral | Acao=Navegacao registrada: OrdensServico | ErroTecnico= | StackTrace=
DataHora=2026-09-26T14:10:50.8553869-03:00 | Nivel=INFO | Usuario=Smoke Test | Perfil=Administrador | Tela=Geral | Acao=Navegacao concluida para o modulo 'OrdensServico'. | ErroTecnico= | StackTrace=
DataHora=2026-09-26T14:10:51.7173571-03:00 | Nivel=INFO | Usuario=Smoke Test | Perfil=Administrador | Tela=Geral | Acao=Adicionado ao cache: Dashboard | ErroTecnico= | StackTrace=
DataHora=2026-09-26T14:10:51.7179994-03:00 | Nivel=INFO | Usuario=Smoke Test | Perfil=Administrador | Tela=Geral | Acao=Navegacao registrada: Dashboard | ErroTecnico= | StackTrace=
DataHora=2026-09-26T14:10:51.7185435-03:00 | Nivel=INFO | Usuario=Smoke Test | Perfil=Administrador | Tela=Geral | Acao=Navegacao concluida para o modulo 'Dashboard'. | ErroTecnico= | StackTrace=
DataHora=2026-09-26T14:10:52.3290614-03:00 | Nivel=INFO | Usuario=Smoke Test | Perfil=Administrador | Tela=Geral | Acao=Adicionado ao cache: Orcamentos | ErroTecnico= | StackTrace=
DataHora=2026-09-26T14:10:52.3298042-03:00 | Nivel=INFO | Usuario=Smoke Test | Perfil=Administrador | Tela=Geral | Acao=Navegacao registrada: Orcamentos | ErroTecnico= | StackTrace=
DataHora=2026-09-26T14:10:52.3303900-03:00 | Nivel=INFO | Usuario=Smoke Test | Perfil=Administrador | Tela=Geral | Acao=Navegacao concluida para o modulo 'Orcamentos'. | ErroTecnico= | StackTrace=
DataHora=2026-09-26T14:10:53.1797481-03:00 | Nivel=INFO | Usuario=Smoke Test | Perfil=Administrador | Tela=Geral | Acao=Adicionado ao cache: Dashboard | ErroTecnico= | StackTrace=
DataHora=2026-09-26T14:10:53.1804383-03:00 | Nivel=INFO | Usuario=Smoke Test | Perfil=Administrador | Tela=Geral | Acao=Navegacao registrada: Dashboard | ErroTecnico= | StackTrace=
DataHora=2026-09-26T14:10:53.1809786-03:00 | Nivel=INFO | Usuario=Smoke Test | Perfil=Administrador | Tela=Geral | Acao=Navegacao concluida para o modulo 'Dashboard'. | ErroTecnico= | StackTrace=
DataHora=2026-09-26T14:10:53.6323169-03:00 | Nivel=INFO | Usuario=Smoke Test | Perfil=Administrador | Tela=Geral | Acao=Adicionado ao cache: Agendamentos | ErroTecnico= | StackTrace=
DataHora=2026-09-26T14:10:53.6331099-03:00 | Nivel=INFO | Usuario=Smoke Test | Perfil=Administrador | Tela=Geral | Acao=Navegacao registrada: Agendamentos | ErroTecnico= | StackTrace=
DataHora=2026-09-26T14:10:53.6336959-03:00 | Nivel=INFO | Usuario=Smoke Test | Perfil=Administrador | Tela=Geral | Acao=Navegacao concluida para o modulo 'Agendamentos'. | ErroTecnico= | StackTrace=
DataHora=2026-09-26T14:10:54.6348267-03:00 | Nivel=INFO | Usuario=Smoke Test | Perfil=Administrador | Tela=Geral | Acao=Adicionado ao cache: Dashboard | ErroTecnico= | StackTrace=
DataHora=2026-09-26T14:10:54.6354468-03:00 | Nivel=INFO | Usuario=Smoke Test | Perfil=Administrador | Tela=Geral | Acao=Navegacao registrada: Dashboard | ErroTecnico= | StackTrace=
DataHora=2026-09-26T14:10:54.6360301-03:00 | Nivel=INFO | Usuario=Smoke Test | Perfil=Administrador | Tela=Geral | Acao=Navegacao concluida para o modulo 'Dashboard'. | ErroTecnico= | StackTrace=
DataHora=2026-09-26T14:10:54.9610334-03:00 | Nivel=INFO | Usuario=Smoke Test | Perfil=Administrador | Tela=Geral | Acao=Obtido do cache: Dashboard | ErroTecnico= | StackTrace=
DataHora=2026-09-26T14:10:54.9617955-03:00 | Nivel=INFO | Usuario=Smoke Test | Perfil=Administrador | Tela=Geral | Acao=Navegacao registrada: Dashboard | ErroTecnico= | StackTrace=
DataHora=2026-09-26T14:10:54.9623236-03:00 | Nivel=INFO | Usuario=Smoke Test | Perfil=Administrador | Tela=Geral | Acao=Navegacao concluida para o modulo 'Dashboard'. | ErroTecnico= | StackTrace=
DataHora=2026-09-26T14:10:55.6960221-03:00 | Nivel=INFO | Usuario=Smoke Test | Perfil=Administrador | Tela=Geral | Acao=Adicionado ao cache: Dashboard | ErroTecnico= | StackTrace=
DataHora=2026-09-26T14:10:55.6968297-03:00 | Nivel=INFO | Usuario=Smoke Test | Perfil=Administrador | Tela=Geral | Acao=Navegacao registrada: Dashboard | ErroTecnico= | StackTrace=
DataHora=2026-09-26T14:10:55.6974163-03:00 | Nivel=INFO | Usuario=Smoke Test | Perfil=Administrador | Tela=Geral | Acao=Navegacao concluida para o modulo 'Dashboard'. | ErroTecnico= | StackTrace=
DataHora=2026-09-26T14:10:56.8259472-03:00 | Nivel=WARN | Usuario=Smoke Test | Perfil=Administrador | Tela=Geral | Acao=Smoke test 'Interacao:MainWindow:Botoes' demorou 72850 ms (acima de 30000 ms). | ErroTecnico= | StackTrace=
DataHora=2026-09-26T14:10:56.8266564-03:00 | Nivel=INFO | Usuario=Smoke Test | Perfil=Administrador | Tela=Geral | Acao=Smoke test aprovado: Interacao:MainWindow:Botoes (72850 ms). | ErroTecnico= | StackTrace=
DataHora=2026-09-26T14:10:56.8274032-03:00 | Nivel=INFO | Usuario=Smoke Test | Perfil=Administrador | Tela=Geral | Acao=Smoke test iniciando: PDV:SelecaoClienteConsumidorFinalPelaTela. | ErroTecnico= | StackTrace=
DataHora=2026-09-26T14:10:57.0164786-03:00 | Nivel=INFO | Usuario=Smoke Test | Perfil=Administrador | Tela=PDV | Acao=Diagnostico de impressao do PDV: Default=Microsoft Print to PDF / Fisica=False / Instaladas=1 / Microsoft Print to PDF [Driver=Microsoft Print To PDF; Porta=PORTPROMPT:; Default=True; Virtual=True; Offline=False; Shared=False] | ErroTecnico= | StackTrace=
DataHora=2026-09-26T14:10:57.0175139-03:00 | Nivel=WARN | Usuario=Smoke Test | Perfil=Administrador | Tela=PDV | Acao=Nenhuma impressora fisica foi detectada para homologacao final do PDV. O ambiente atual depende apenas de fila virtual. | ErroTecnico= | StackTrace=
DataHora=2026-09-26T14:10:57.1091589-03:00 | Nivel=INFO | Usuario=Smoke Test | Perfil=Administrador | Tela=PDV | Acao=Cliente: Cliente selecionado: Cliente Smoke 12298464171405 | ErroTecnico= | StackTrace=
DataHora=2026-09-26T14:10:57.1471366-03:00 | Nivel=INFO | Usuario=Smoke Test | Perfil=Administrador | Tela=Geral | Acao=Smoke test aprovado: PDV:SelecaoClienteConsumidorFinalPelaTela (319 ms). | ErroTecnico= | StackTrace=
DataHora=2026-09-26T14:10:57.1477866-03:00 | Nivel=INFO | Usuario=Smoke Test | Perfil=Administrador | Tela=Geral | Acao=Smoke test iniciando: PDV:InteracaoCompletaTela. | ErroTecnico= | StackTrace=
DataHora=2026-09-26T14:10:57.3551920-03:00 | Nivel=INFO | Usuario=Smoke Test | Perfil=Administrador | Tela=PDV | Acao=Diagnostico de impressao do PDV: Default=Microsoft Print to PDF / Fisica=False / Instaladas=1 / Microsoft Print to PDF [Driver=Microsoft Print To PDF; Porta=PORTPROMPT:; Default=True; Virtual=True; Offline=False; Shared=False] | ErroTecnico= | StackTrace=
DataHora=2026-09-26T14:10:57.3561840-03:00 | Nivel=WARN | Usuario=Smoke Test | Perfil=Administrador | Tela=PDV | Acao=Nenhuma impressora fisica foi detectada para homologacao final do PDV. O ambiente atual depende apenas de fila virtual. | ErroTecnico= | StackTrace=
DataHora=2026-09-26T14:10:58.0217329-03:00 | Nivel=WARN | Usuario=Smoke Test | Perfil=Administrador | Tela=PDV | Acao=Caixa fechado: Abra o caixa antes de finalizar uma venda. O PDV agora bloqueia pagamentos sem sessao operacional ativa. | ErroTecnico= | StackTrace=
DataHora=2026-09-26T14:10:58.6720621-03:00 | Nivel=INFO | Usuario=Smoke Test | Perfil=Administrador | Tela=PDV | Acao=PDV: Venda suspensa com sucesso.\nTotal: R$ 25,00 | ErroTecnico= | StackTrace=
DataHora=2026-09-26T14:10:59.3231477-03:00 | Nivel=INFO | Usuario=Smoke Test | Perfil=Administrador | Tela=PDV | Acao=PDV: Venda suspensa retomada.\nTotal: R$ 25,00 | ErroTecnico= | StackTrace=
DataHora=2026-09-26T14:11:00.4888000-03:00 | Nivel=INFO | Usuario=Smoke Test | Perfil=Administrador | Tela=PDV | Acao=Caixa: Caixa 01 aberto com sucesso.\nSaldo inicial: R$ 10,00 | ErroTecnico= | StackTrace=
DataHora=2026-09-26T14:11:01.2411606-03:00 | Nivel=INFO | Usuario=Smoke Test | Perfil=Administrador | Tela=PDV | Acao=Caixa: Suprimento registrado.\nSaldo esperado atual: R$ 20,00 | ErroTecnico= | StackTrace=
DataHora=2026-09-26T14:11:02.0148809-03:00 | Nivel=INFO | Usuario=Smoke Test | Perfil=Administrador | Tela=PDV | Acao=Caixa: Sangria registrada.\nSaldo esperado atual: R$ 10,00 | ErroTecnico= | StackTrace=
DataHora=2026-09-26T14:11:02.6477382-03:00 | Nivel=INFO | Usuario=Smoke Test | Perfil=Administrador | Tela=PDV | Acao=Desconto: Desconto de R$ 1,00 aplicado! | ErroTecnico= | StackTrace=
DataHora=2026-09-26T14:11:03.9178031-03:00 | Nivel=INFO | Usuario=Smoke Test | Perfil=Administrador | Tela=PDV | Acao=Pagamento misto validado em automacao: Misto: Dinheiro R$ 12,00 / PIX R$ 12,00. | ErroTecnico= | StackTrace=
DataHora=2026-09-26T14:11:03.9230585-03:00 | Nivel=INFO | Usuario=Smoke Test | Perfil=Administrador | Tela=Geral | Acao=Venda '85279690-c0f6-4550-807e-4ab9188dad44' registrada com 1 item(ns) e total R$ 24,00. | ErroTecnico= | StackTrace=
DataHora=2026-09-26T14:11:03.9271494-03:00 | Nivel=INFO | Usuario=Smoke Test | Perfil=Administrador | Tela=PDV | Acao=Sucesso: Venda realizada com sucesso!\nForma de pagamento: Misto: Dinheiro R$ 12,00 / PIX R$ 12,00\nTotal: R$ 24,00 | ErroTecnico= | StackTrace=
DataHora=2026-09-26T14:11:04.6502647-03:00 | Nivel=INFO | Usuario=Smoke Test | Perfil=Administrador | Tela=Financeiro | Acao=ObterMovimentacoes(limit=200) concluida em 0 ms. | ErroTecnico= | StackTrace=
DataHora=2026-09-26T14:11:05.4670005-03:00 | Nivel=INFO | Usuario=Smoke Test | Perfil=Administrador | Tela=Geral | Acao=Venda '85279690-c0f6-4550-807e-4ab9188dad44' cancelada com sucesso. | ErroTecnico= | StackTrace=
DataHora=2026-09-26T14:11:05.5568798-03:00 | Nivel=INFO | Usuario=Smoke Test | Perfil=Administrador | Tela=PDV | Acao=PDV: Venda cancelada com estorno completo do fluxo operacional. | ErroTecnico= | StackTrace=
DataHora=2026-09-26T14:11:06.2068618-03:00 | Nivel=INFO | Usuario=Smoke Test | Perfil=Administrador | Tela=Financeiro | Acao=ObterMovimentacoes(limit=200) concluida em 0 ms. | ErroTecnico= | StackTrace=
DataHora=2026-09-26T14:11:06.2778714-03:00 | Nivel=INFO | Usuario=Smoke Test | Perfil=Administrador | Tela=PDV | Acao=Caixa: Caixa fechado com sucesso.\nValor esperado: R$ 10,00\nValor informado: R$ 10,00\nDiferenca: R$ 0,00 | ErroTecnico= | StackTrace=
DataHora=2026-09-26T14:11:06.9425056-03:00 | Nivel=INFO | Usuario=Smoke Test | Perfil=Administrador | Tela=Geral | Acao=Smoke test aprovado: PDV:InteracaoCompletaTela (9794 ms). | ErroTecnico= | StackTrace=
DataHora=2026-09-26T14:11:06.9436327-03:00 | Nivel=INFO | Usuario=Smoke Test | Perfil=Administrador | Tela=Geral | Acao=Smoke test iniciando: Interacao:Modulo:DashboardControl. | ErroTecnico= | StackTrace=
DataHora=2026-09-26T14:11:12.9459645-03:00 | Nivel=WARN | Usuario=Smoke Test | Perfil=Administrador | Tela=Geral | Acao=Smoke test: janela Window nao ficou visivel apos 5s. | ErroTecnico= | StackTrace=
DataHora=2026-09-26T14:11:23.6195574-03:00 | Nivel=WARN | Usuario=Smoke Test | Perfil=Administrador | Tela=Geral | Acao=Smoke test: janela Window nao ficou visivel apos 5s. | ErroTecnico= | StackTrace=
DataHora=2026-09-26T14:11:33.1483226-03:00 | Nivel=WARN | Usuario=Smoke Test | Perfil=Administrador | Tela=Geral | Acao=Smoke test: janela Window nao ficou visivel apos 5s. | ErroTecnico= | StackTrace=
DataHora=2026-09-26T14:11:39.1019282-03:00 | Nivel=WARN | Usuario=Smoke Test | Perfil=Administrador | Tela=Geral | Acao=Smoke test: janela Window nao ficou visivel apos 5s. | ErroTecnico= | StackTrace=
DataHora=2026-09-26T14:11:45.0518725-03:00 | Nivel=WARN | Usuario=Smoke Test | Perfil=Administrador | Tela=Geral | Acao=Smoke test: janela Window nao ficou visivel apos 5s. | ErroTecnico= | StackTrace=
DataHora=2026-09-26T14:11:53.3950454-03:00 | Nivel=WARN | Usuario=Smoke Test | Perfil=Administrador | Tela=Geral | Acao=Smoke test: janela Window nao ficou visivel apos 5s. | ErroTecnico= | StackTrace=
DataHora=2026-09-26T14:12:05.8022957-03:00 | Nivel=WARN | Usuario=Smoke Test | Perfil=Administrador | Tela=Geral | Acao=Smoke test: janela Window nao ficou visivel apos 5s. | ErroTecnico= | StackTrace=
DataHora=2026-09-26T14:12:13.0610137-03:00 | Nivel=WARN | Usuario=Smoke Test | Perfil=Administrador | Tela=Geral | Acao=Smoke test: janela Window nao ficou visivel apos 5s. | ErroTecnico= | StackTrace=
DataHora=2026-09-26T14:12:13.7614499-03:00 | Nivel=WARN | Usuario=Smoke Test | Perfil=Administrador | Tela=Geral | Acao=Smoke test 'Interacao:Modulo:DashboardControl' demorou 66817 ms (acima de 30000 ms). | ErroTecnico= | StackTrace=
DataHora=2026-09-26T14:12:13.7622018-03:00 | Nivel=INFO | Usuario=Smoke Test | Perfil=Administrador | Tela=Geral | Acao=Smoke test aprovado: Interacao:Modulo:DashboardControl (66817 ms). | ErroTecnico= | StackTrace=
DataHora=2026-09-26T14:12:13.7627542-03:00 | Nivel=INFO | Usuario=Smoke Test | Perfil=Administrador | Tela=Geral | Acao=Smoke test iniciando: Interacao:Modulo:ClientesControl. | ErroTecnico= | StackTrace=
DataHora=2026-09-26T14:12:19.8750471-03:00 | Nivel=WARN | Usuario=Smoke Test | Perfil=Administrador | Tela=Geral | Acao=Smoke test: janela Window nao ficou visivel apos 5s. | ErroTecnico= | StackTrace=
DataHora=2026-09-26T14:12:21.7072536-03:00 | Nivel=INFO | Usuario=Smoke Test | Perfil=Administrador | Tela=Clientes | Acao=Janela de Cliente 360 validada em automacao sem abrir modal bloqueante. | ErroTecnico= | StackTrace=
DataHora=2026-09-26T14:12:22.9536502-03:00 | Nivel=INFO | Usuario=Smoke Test | Perfil=Administrador | Tela=Geral | Acao=Bloqueio criado: Cliente/6055f6e8-c9bf-4e9f-8aa5-91b30a9de59a por Smoke Test em CIRO. Expira em 30 minutos. | ErroTecnico= | StackTrace=
DataHora=2026-09-26T14:12:23.0182560-03:00 | Nivel=INFO | Usuario=Smoke Test | Perfil=Administrador | Tela=Geral | Acao=Bloqueio liberado: Cliente/6055f6e8-c9bf-4e9f-8aa5-91b30a9de59a por Smoke Test. | ErroTecnico= | StackTrace=
DataHora=2026-09-26T14:12:31.8680014-03:00 | Nivel=WARN | Usuario=Smoke Test | Perfil=Administrador | Tela=Geral | Acao=Smoke test: janela Window nao ficou visivel apos 5s. | ErroTecnico= | StackTrace=
DataHora=2026-09-26T14:12:32.3639311-03:00 | Nivel=INFO | Usuario=Smoke Test | Perfil=Administrador | Tela=Clientes | Acao=Janela de Cliente 360 validada em automacao sem abrir modal bloqueante. | ErroTecnico= | StackTrace=
DataHora=2026-09-26T14:12:38.6115146-03:00 | Nivel=WARN | Usuario=Smoke Test | Perfil=Administrador | Tela=Geral | Acao=Smoke test: janela Window nao ficou visivel apos 5s. | ErroTecnico= | StackTrace=
DataHora=2026-09-26T14:12:38.7028587-03:00 | Nivel=INFO | Usuario=Smoke Test | Perfil=Administrador | Tela=Geral | Acao=Bloqueio criado: Cliente/c6ad1c5d-d8e8-4d36-8172-6af464f319f2 por Smoke Test em CIRO. Expira em 30 minutos. | ErroTecnico= | StackTrace=
DataHora=2026-09-26T14:12:38.7403054-03:00 | Nivel=INFO | Usuario=Smoke Test | Perfil=Administrador | Tela=Geral | Acao=Bloqueio liberado: Cliente/c6ad1c5d-d8e8-4d36-8172-6af464f319f2 por Smoke Test. | ErroTecnico= | StackTrace=
DataHora=2026-09-26T14:12:43.4251513-03:00 | Nivel=INFO | Usuario=Smoke Test | Perfil=Administrador | Tela=Clientes | Acao=Janela de Cliente 360 validada em automacao sem abrir modal bloqueante. | ErroTecnico= | StackTrace=
DataHora=2026-09-26T14:12:49.6837314-03:00 | Nivel=WARN | Usuario=Smoke Test | Perfil=Administrador | Tela=Geral | Acao=Smoke test: janela Window nao ficou visivel apos 5s. | ErroTecnico= | StackTrace=
DataHora=2026-09-26T14:12:49.8015347-03:00 | Nivel=INFO | Usuario=Smoke Test | Perfil=Administrador | Tela=Geral | Acao=Bloqueio criado: Cliente/c6ad1c5d-d8e8-4d36-8172-6af464f319f2 por Smoke Test em CIRO. Expira em 30 minutos. | ErroTecnico= | StackTrace=
DataHora=2026-09-26T14:12:49.8418523-03:00 | Nivel=INFO | Usuario=Smoke Test | Perfil=Administrador | Tela=Geral | Acao=Bloqueio liberado: Cliente/c6ad1c5d-d8e8-4d36-8172-6af464f319f2 por Smoke Test. | ErroTecnico= | StackTrace=
DataHora=2026-09-26T14:12:54.2637988-03:00 | Nivel=INFO | Usuario=Smoke Test | Perfil=Administrador | Tela=Clientes | Acao=Janela de Cliente 360 validada em automacao sem abrir modal bloqueante. | ErroTecnico= | StackTrace=
DataHora=2026-09-26T14:13:00.5507352-03:00 | Nivel=WARN | Usuario=Smoke Test | Perfil=Administrador | Tela=Geral | Acao=Smoke test: janela Window nao ficou visivel apos 5s. | ErroTecnico= | StackTrace=
DataHora=2026-09-26T14:13:00.6406086-03:00 | Nivel=INFO | Usuario=Smoke Test | Perfil=Administrador | Tela=Geral | Acao=Bloqueio criado: Cliente/c6ad1c5d-d8e8-4d36-8172-6af464f319f2 por Smoke Test em CIRO. Expira em 30 minutos. | ErroTecnico= | StackTrace=
DataHora=2026-09-26T14:13:00.6793806-03:00 | Nivel=INFO | Usuario=Smoke Test | Perfil=Administrador | Tela=Geral | Acao=Bloqueio liberado: Cliente/c6ad1c5d-d8e8-4d36-8172-6af464f319f2 por Smoke Test. | ErroTecnico= | StackTrace=
DataHora=2026-09-26T14:13:04.9943799-03:00 | Nivel=INFO | Usuario=Smoke Test | Perfil=Administrador | Tela=Clientes | Acao=Janela de Cliente 360 validada em automacao sem abrir modal bloqueante. | ErroTecnico= | StackTrace=
DataHora=2026-09-26T14:13:11.2311686-03:00 | Nivel=WARN | Usuario=Smoke Test | Perfil=Administrador | Tela=Geral | Acao=Smoke test: janela Window nao ficou visivel apos 5s. | ErroTecnico= | StackTrace=
DataHora=2026-09-26T14:13:11.3214529-03:00 | Nivel=INFO | Usuario=Smoke Test | Perfil=Administrador | Tela=Geral | Acao=Bloqueio criado: Cliente/c6ad1c5d-d8e8-4d36-8172-6af464f319f2 por Smoke Test em CIRO. Expira em 30 minutos. | ErroTecnico= | StackTrace=
DataHora=2026-09-26T14:13:11.3594729-03:00 | Nivel=INFO | Usuario=Smoke Test | Perfil=Administrador | Tela=Geral | Acao=Bloqueio liberado: Cliente/c6ad1c5d-d8e8-4d36-8172-6af464f319f2 por Smoke Test. | ErroTecnico= | StackTrace=
DataHora=2026-09-26T14:13:19.1287137-03:00 | Nivel=WARN | Usuario=Smoke Test | Perfil=Administrador | Tela=Geral | Acao=Smoke test: janela Window nao ficou visivel apos 5s. | ErroTecnico= | StackTrace=
DataHora=2026-09-26T14:13:21.0887041-03:00 | Nivel=INFO | Usuario=Smoke Test | Perfil=Administrador | Tela=Clientes | Acao=Janela de Cliente 360 validada em automacao sem abrir modal bloqueante. | ErroTecnico= | StackTrace=
DataHora=2026-09-26T14:13:22.3600513-03:00 | Nivel=INFO | Usuario=Smoke Test | Perfil=Administrador | Tela=Geral | Acao=Bloqueio criado: Cliente/6055f6e8-c9bf-4e9f-8aa5-91b30a9de59a por Smoke Test em CIRO. Expira em 30 minutos. | ErroTecnico= | StackTrace=
DataHora=2026-09-26T14:13:22.4471178-03:00 | Nivel=INFO | Usuario=Smoke Test | Perfil=Administrador | Tela=Geral | Acao=Bloqueio liberado: Cliente/6055f6e8-c9bf-4e9f-8aa5-91b30a9de59a por Smoke Test. | ErroTecnico= | StackTrace=
DataHora=2026-09-26T14:13:26.6360646-03:00 | Nivel=INFO | Usuario=Smoke Test | Perfil=Administrador | Tela=Clientes | Acao=Janela de Cliente 360 validada em automacao sem abrir modal bloqueante. | ErroTecnico= | StackTrace=
DataHora=2026-09-26T14:13:32.8666042-03:00 | Nivel=WARN | Usuario=Smoke Test | Perfil=Administrador | Tela=Geral | Acao=Smoke test: janela Window nao ficou visivel apos 5s. | ErroTecnico= | StackTrace=
DataHora=2026-09-26T14:13:32.9601886-03:00 | Nivel=INFO | Usuario=Smoke Test | Perfil=Administrador | Tela=Geral | Acao=Bloqueio criado: Cliente/c6ad1c5d-d8e8-4d36-8172-6af464f319f2 por Smoke Test em CIRO. Expira em 30 minutos. | ErroTecnico= | StackTrace=
DataHora=2026-09-26T14:13:32.9976980-03:00 | Nivel=INFO | Usuario=Smoke Test | Perfil=Administrador | Tela=Geral | Acao=Bloqueio liberado: Cliente/c6ad1c5d-d8e8-4d36-8172-6af464f319f2 por Smoke Test. | ErroTecnico= | StackTrace=
DataHora=2026-09-26T14:13:40.6036783-03:00 | Nivel=WARN | Usuario=Smoke Test | Perfil=Administrador | Tela=Geral | Acao=Smoke test: janela Window nao ficou visivel apos 5s. | ErroTecnico= | StackTrace=
DataHora=2026-09-26T14:13:42.4031498-03:00 | Nivel=INFO | Usuario=Smoke Test | Perfil=Administrador | Tela=Clientes | Acao=Janela de Cliente 360 validada em automacao sem abrir modal bloqueante. | ErroTecnico= | StackTrace=
DataHora=2026-09-26T14:13:48.9989697-03:00 | Nivel=WARN | Usuario=Smoke Test | Perfil=Administrador | Tela=Geral | Acao=Smoke test: janela Window nao ficou visivel apos 5s. | ErroTecnico= | StackTrace=
DataHora=2026-09-26T14:13:49.0910310-03:00 | Nivel=INFO | Usuario=Smoke Test | Perfil=Administrador | Tela=Geral | Acao=Bloqueio criado: Cliente/c6ad1c5d-d8e8-4d36-8172-6af464f319f2 por Smoke Test em CIRO. Expira em 30 minutos. | ErroTecnico= | StackTrace=
DataHora=2026-09-26T14:13:49.1286003-03:00 | Nivel=INFO | Usuario=Smoke Test | Perfil=Administrador | Tela=Geral | Acao=Bloqueio liberado: Cliente/c6ad1c5d-d8e8-4d36-8172-6af464f319f2 por Smoke Test. | ErroTecnico= | StackTrace=
DataHora=2026-09-26T14:13:55.3584250-03:00 | Nivel=WARN | Usuario=Smoke Test | Perfil=Administrador | Tela=Geral | Acao=Smoke test: janela Window nao ficou visivel apos 5s. | ErroTecnico= | StackTrace=
DataHora=2026-09-26T14:14:01.6408125-03:00 | Nivel=WARN | Usuario=Smoke Test | Perfil=Administrador | Tela=Geral | Acao=Smoke test: janela Window nao ficou visivel apos 5s. | ErroTecnico= | StackTrace=
DataHora=2026-09-26T14:14:07.9670064-03:00 | Nivel=WARN | Usuario=Smoke Test | Perfil=Administrador | Tela=Geral | Acao=Smoke test: janela Window nao ficou visivel apos 5s. | ErroTecnico= | StackTrace=
DataHora=2026-09-26T14:14:08.4596564-03:00 | Nivel=INFO | Usuario=Smoke Test | Perfil=Administrador | Tela=Clientes | Acao=Janela de Cliente 360 validada em automacao sem abrir modal bloqueante. | ErroTecnico= | StackTrace=
DataHora=2026-09-26T14:14:14.8649960-03:00 | Nivel=WARN | Usuario=Smoke Test | Perfil=Administrador | Tela=Geral | Acao=Smoke test: janela Window nao ficou visivel apos 5s. | ErroTecnico= | StackTrace=
DataHora=2026-09-26T14:14:14.9933197-03:00 | Nivel=INFO | Usuario=Smoke Test | Perfil=Administrador | Tela=Geral | Acao=Bloqueio criado: Cliente/c6ad1c5d-d8e8-4d36-8172-6af464f319f2 por Smoke Test em CIRO. Expira em 30 minutos. | ErroTecnico= | StackTrace=
DataHora=2026-09-26T14:14:15.0312690-03:00 | Nivel=INFO | Usuario=Smoke Test | Perfil=Administrador | Tela=Geral | Acao=Bloqueio liberado: Cliente/c6ad1c5d-d8e8-4d36-8172-6af464f319f2 por Smoke Test. | ErroTecnico= | StackTrace=
DataHora=2026-09-26T14:14:19.3863121-03:00 | Nivel=INFO | Usuario=Smoke Test | Perfil=Administrador | Tela=Clientes | Acao=Janela de Cliente 360 validada em automacao sem abrir modal bloqueante. | ErroTecnico= | StackTrace=
DataHora=2026-09-26T14:14:20.6590494-03:00 | Nivel=INFO | Usuario=Smoke Test | Perfil=Administrador | Tela=Geral | Acao=Bloqueio criado: Cliente/6055f6e8-c9bf-4e9f-8aa5-91b30a9de59a por Smoke Test em CIRO. Expira em 30 minutos. | ErroTecnico= | StackTrace=
DataHora=2026-09-26T14:14:20.7155766-03:00 | Nivel=INFO | Usuario=Smoke Test | Perfil=Administrador | Tela=Geral | Acao=Bloqueio liberado: Cliente/6055f6e8-c9bf-4e9f-8aa5-91b30a9de59a por Smoke Test. | ErroTecnico= | StackTrace=
DataHora=2026-09-26T14:14:26.9414925-03:00 | Nivel=WARN | Usuario=Smoke Test | Perfil=Administrador | Tela=Geral | Acao=Smoke test: janela Window nao ficou visivel apos 5s. | ErroTecnico= | StackTrace=
DataHora=2026-09-26T14:14:33.2713554-03:00 | Nivel=WARN | Usuario=Smoke Test | Perfil=Administrador | Tela=Geral | Acao=Smoke test: janela Window nao ficou visivel apos 5s. | ErroTecnico= | StackTrace=
DataHora=2026-09-26T14:14:35.0698698-03:00 | Nivel=INFO | Usuario=Smoke Test | Perfil=Administrador | Tela=Clientes | Acao=Janela de Cliente 360 validada em automacao sem abrir modal bloqueante. | ErroTecnico= | StackTrace=
DataHora=2026-09-26T14:14:36.3330564-03:00 | Nivel=INFO | Usuario=Smoke Test | Perfil=Administrador | Tela=Geral | Acao=Bloqueio criado: Cliente/6055f6e8-c9bf-4e9f-8aa5-91b30a9de59a por Smoke Test em CIRO. Expira em 30 minutos. | ErroTecnico= | StackTrace=
DataHora=2026-09-26T14:14:36.3875204-03:00 | Nivel=INFO | Usuario=Smoke Test | Perfil=Administrador | Tela=Geral | Acao=Bloqueio liberado: Cliente/6055f6e8-c9bf-4e9f-8aa5-91b30a9de59a por Smoke Test. | ErroTecnico= | StackTrace=
DataHora=2026-09-26T14:14:42.6438109-03:00 | Nivel=WARN | Usuario=Smoke Test | Perfil=Administrador | Tela=Geral | Acao=Smoke test: janela Window nao ficou visivel apos 5s. | ErroTecnico= | StackTrace=
DataHora=2026-09-26T14:14:46.0353876-03:00 | Nivel=INFO | Usuario=Smoke Test | Perfil=Administrador | Tela=Clientes | Acao=Janela de Cliente 360 validada em automacao sem abrir modal bloqueante. | ErroTecnico= | StackTrace=
DataHora=2026-09-26T14:14:52.2979358-03:00 | Nivel=WARN | Usuario=Smoke Test | Perfil=Administrador | Tela=Geral | Acao=Smoke test: janela Window nao ficou visivel apos 5s. | ErroTecnico= | StackTrace=
DataHora=2026-09-26T14:14:52.4181154-03:00 | Nivel=INFO | Usuario=Smoke Test | Perfil=Administrador | Tela=Geral | Acao=Bloqueio criado: Cliente/c6ad1c5d-d8e8-4d36-8172-6af464f319f2 por Smoke Test em CIRO. Expira em 30 minutos. | ErroTecnico= | StackTrace=
DataHora=2026-09-26T14:14:52.4552095-03:00 | Nivel=INFO | Usuario=Smoke Test | Perfil=Administrador | Tela=Geral | Acao=Bloqueio liberado: Cliente/c6ad1c5d-d8e8-4d36-8172-6af464f319f2 por Smoke Test. | ErroTecnico= | StackTrace=
DataHora=2026-09-26T14:14:56.7989132-03:00 | Nivel=INFO | Usuario=Smoke Test | Perfil=Administrador | Tela=Clientes | Acao=Janela de Cliente 360 validada em automacao sem abrir modal bloqueante. | ErroTecnico= | StackTrace=
DataHora=2026-09-26T14:14:58.0900574-03:00 | Nivel=INFO | Usuario=Smoke Test | Perfil=Administrador | Tela=Geral | Acao=Bloqueio criado: Cliente/6055f6e8-c9bf-4e9f-8aa5-91b30a9de59a por Smoke Test em CIRO. Expira em 30 minutos. | ErroTecnico= | StackTrace=
DataHora=2026-09-26T14:14:58.1513982-03:00 | Nivel=INFO | Usuario=Smoke Test | Perfil=Administrador | Tela=Geral | Acao=Bloqueio liberado: Cliente/6055f6e8-c9bf-4e9f-8aa5-91b30a9de59a por Smoke Test. | ErroTecnico= | StackTrace=
DataHora=2026-09-26T14:15:04.3405210-03:00 | Nivel=WARN | Usuario=Smoke Test | Perfil=Administrador | Tela=Geral | Acao=Smoke test: janela Window nao ficou visivel apos 5s. | ErroTecnico= | StackTrace=
DataHora=2026-09-26T14:15:07.4376637-03:00 | Nivel=INFO | Usuario=Smoke Test | Perfil=Administrador | Tela=Clientes | Acao=Janela de Cliente 360 validada em automacao sem abrir modal bloqueante. | ErroTecnico= | StackTrace=
DataHora=2026-09-26T14:15:13.7305118-03:00 | Nivel=WARN | Usuario=Smoke Test | Perfil=Administrador | Tela=Geral | Acao=Smoke test: janela Window nao ficou visivel apos 5s. | ErroTecnico= | StackTrace=
DataHora=2026-09-26T14:15:13.8234537-03:00 | Nivel=INFO | Usuario=Smoke Test | Perfil=Administrador | Tela=Geral | Acao=Bloqueio criado: Cliente/c6ad1c5d-d8e8-4d36-8172-6af464f319f2 por Smoke Test em CIRO. Expira em 30 minutos. | ErroTecnico= | StackTrace=
DataHora=2026-09-26T14:15:13.8605466-03:00 | Nivel=INFO | Usuario=Smoke Test | Perfil=Administrador | Tela=Geral | Acao=Bloqueio liberado: Cliente/c6ad1c5d-d8e8-4d36-8172-6af464f319f2 por Smoke Test. | ErroTecnico= | StackTrace=
DataHora=2026-09-26T14:15:20.0095095-03:00 | Nivel=WARN | Usuario=Smoke Test | Perfil=Administrador | Tela=Geral | Acao=Smoke test: janela Window nao ficou visivel apos 5s. | ErroTecnico= | StackTrace=
DataHora=2026-09-26T14:15:27.7484197-03:00 | Nivel=WARN | Usuario=Smoke Test | Perfil=Administrador | Tela=Geral | Acao=Smoke test: janela Window nao ficou visivel apos 5s. | ErroTecnico= | StackTrace=
DataHora=2026-09-26T14:15:34.0483668-03:00 | Nivel=WARN | Usuario=Smoke Test | Perfil=Administrador | Tela=Geral | Acao=Smoke test: janela Window nao ficou visivel apos 5s. | ErroTecnico= | StackTrace=
DataHora=2026-09-26T14:15:36.9405450-03:00 | Nivel=INFO | Usuario=Smoke Test | Perfil=Administrador | Tela=Clientes | Acao=Janela de novo orcamento por atalho de cliente validada em automacao sem abrir modal bloqueante. | ErroTecnico= | StackTrace=
DataHora=2026-09-26T14:15:43.2047389-03:00 | Nivel=WARN | Usuario=Smoke Test | Perfil=Administrador | Tela=Geral | Acao=Smoke test: janela Window nao ficou visivel apos 5s. | ErroTecnico= | StackTrace=
DataHora=2026-09-26T14:15:43.4848400-03:00 | Nivel=INFO | Usuario=Smoke Test | Perfil=Administrador | Tela=Clientes | Acao=Janela de nova OS por atalho de cliente validada em automacao sem abrir modal bloqueante. | ErroTecnico= | StackTrace=
DataHora=2026-09-26T14:15:50.1440850-03:00 | Nivel=WARN | Usuario=Smoke Test | Perfil=Administrador | Tela=Geral | Acao=Smoke test: janela Window nao ficou visivel apos 5s. | ErroTecnico= | StackTrace=
DataHora=2026-09-26T14:15:50.1587788-03:00 | Nivel=INFO | Usuario=Smoke Test | Perfil=Administrador | Tela=Clientes | Acao=WhatsApp do cliente validado em automacao para o telefone 5511988881111. | ErroTecnico= | StackTrace=
DataHora=2026-09-26T14:15:51.8072359-03:00 | Nivel=INFO | Usuario=Smoke Test | Perfil=Administrador | Tela=Clientes | Acao=Janela de Cliente 360 validada em automacao sem abrir modal bloqueante. | ErroTecnico= | StackTrace=
DataHora=2026-09-26T14:15:53.1383400-03:00 | Nivel=INFO | Usuario=Smoke Test | Perfil=Administrador | Tela=Clientes | Acao=Janela de novo veiculo por atalho de cliente validada em automacao sem abrir modal bloqueante. | ErroTecnico= | StackTrace=
DataHora=2026-09-26T14:15:54.3049745-03:00 | Nivel=INFO | Usuario=Smoke Test | Perfil=Administrador | Tela=Clientes | Acao=Janela de agendamento por atalho de cliente validada em automacao sem abrir modal bloqueante. | ErroTecnico= | StackTrace=
DataHora=2026-09-26T14:16:00.5545345-03:00 | Nivel=WARN | Usuario=Smoke Test | Perfil=Administrador | Tela=Geral | Acao=Smoke test: janela Window nao ficou visivel apos 5s. | ErroTecnico= | StackTrace=
DataHora=2026-09-26T14:16:00.5731103-03:00 | Nivel=INFO | Usuario=Smoke Test | Perfil=Administrador | Tela=Clientes | Acao=Exportacao de clientes: Exportacao concluida em:\nC:\Users\campo\AppData\Local\Temp\primox-c113-smoke-20260926_140533\Exports\clientes_20260926141600.csv | ErroTecnico= | StackTrace=
DataHora=2026-09-26T14:16:02.5456220-03:00 | Nivel=WARN | Usuario=Smoke Test | Perfil=Administrador | Tela=Geral | Acao=Smoke test 'Interacao:Modulo:ClientesControl' demorou 228782 ms (acima de 30000 ms). | ErroTecnico= | StackTrace=
DataHora=2026-09-26T14:16:02.5465312-03:00 | Nivel=ERROR | Usuario=Smoke Test | Perfil=Administrador | Tela=Geral | Acao=Smoke test falhou: Interacao:Modulo:ClientesControl | ErroTecnico=System.TimeoutException: Smoke test 'Interacao:Modulo:ClientesControl' excedeu o tempo limite de 120000 ms. | StackTrace=   at PrimoAutoEletrica.Services.UiSmokeTestService.RunCheck(UiSmokeTestRunResult result, String name, Action action) in C:\Projetos\PrimoAutoEletrica\PrimoAutoEletrica\Services\UiSmokeTestService.cs:line 534
DataHora=2026-09-26T14:16:02.5471221-03:00 | Nivel=INFO | Usuario=Smoke Test | Perfil=Administrador | Tela=Geral | Acao=Smoke test iniciando: Interacao:Modulo:VeiculosControl. | ErroTecnico= | StackTrace=
DataHora=2026-09-26T14:16:03.9943520-03:00 | Nivel=INFO | Usuario=Smoke Test | Perfil=Administrador | Tela=Geral | Acao=Exportacao de veiculos validada em automacao: C:\Users\campo\AppData\Local\Temp\primox-c113-smoke-20260926_140533\Exports\veiculos_20260926141603.csv | ErroTecnico= | StackTrace=
DataHora=2026-09-26T14:16:08.8436132-03:00 | Nivel=INFO | Usuario=Smoke Test | Perfil=Administrador | Tela=Geral | Acao=Smoke test aprovado: Interacao:Modulo:VeiculosControl (6296 ms). | ErroTecnico= | StackTrace=
DataHora=2026-09-26T14:16:08.8447107-03:00 | Nivel=INFO | Usuario=Smoke Test | Perfil=Administrador | Tela=Geral | Acao=Smoke test iniciando: Interacao:Modulo:AutoEletricaTecnicaControl. | ErroTecnico= | StackTrace=
DataHora=2026-09-26T14:16:15.2184378-03:00 | Nivel=WARN | Usuario=Smoke Test | Perfil=Administrador | Tela=Geral | Acao=Smoke test: janela Window nao ficou visivel apos 5s. | ErroTecnico= | StackTrace=
DataHora=2026-09-26T14:16:21.5182226-03:00 | Nivel=WARN | Usuario=Smoke Test | Perfil=Administrador | Tela=Geral | Acao=Smoke test: janela Window nao ficou visivel apos 5s. | ErroTecnico= | StackTrace=
DataHora=2026-09-26T14:16:23.1718140-03:00 | Nivel=INFO | Usuario=Smoke Test | Perfil=Administrador | Tela=Geral | Acao=Auto eletrica tecnica: Orcamento ORC-20260926-0011 gerado em rascunho a partir do diagnostico. | ErroTecnico= | StackTrace=
DataHora=2026-09-26T14:16:25.5948260-03:00 | Nivel=INFO | Usuario=Smoke Test | Perfil=Administrador | Tela=Geral | Acao=Smoke test aprovado: Interacao:Modulo:AutoEletricaTecnicaControl (16750 ms). | ErroTecnico= | StackTrace=
DataHora=2026-09-26T14:16:25.5955292-03:00 | Nivel=INFO | Usuario=Smoke Test | Perfil=Administrador | Tela=Geral | Acao=Smoke test iniciando: Interacao:Modulo:OrcamentosControl. | ErroTecnico= | StackTrace=
DataHora=2026-09-26T14:16:30.9757153-03:00 | Nivel=WARN | Usuario=Smoke Test | Perfil=Administrador | Tela=Geral | Acao=Smoke test: janela Window nao ficou visivel apos 5s. | ErroTecnico= | StackTrace=
DataHora=2026-09-26T14:16:36.4867885-03:00 | Nivel=WARN | Usuario=Smoke Test | Perfil=Administrador | Tela=Geral | Acao=Smoke test: janela Window nao ficou visivel apos 5s. | ErroTecnico= | StackTrace=
DataHora=2026-09-26T14:16:48.6935650-03:00 | Nivel=WARN | Usuario=Smoke Test | Perfil=Administrador | Tela=Geral | Acao=Smoke test: janela Window nao ficou visivel apos 5s. | ErroTecnico= | StackTrace=
DataHora=2026-09-26T14:16:51.5745110-03:00 | Nivel=INFO | Usuario=Smoke Test | Perfil=Administrador | Tela=Geral | Acao=Orcamento '3cb624d2-5a8c-424a-a463-0a9f2679dac9' convertido em OS 'ad45f59e-0060-454c-9023-5085e2aea8eb'. | ErroTecnico= | StackTrace=
DataHora=2026-09-26T14:16:52.8336130-03:00 | Nivel=INFO | Usuario=Smoke Test | Perfil=Administrador | Tela=Geral | Acao=Venda '93904f0c-06d5-4c72-9df5-c8b262ee21df' registrada com 2 item(ns) e total R$ 115,00. | ErroTecnico= | StackTrace=
DataHora=2026-09-26T14:16:52.8357926-03:00 | Nivel=INFO | Usuario=Smoke Test | Perfil=Administrador | Tela=Geral | Acao=Orcamento '3cb624d2-5a8c-424a-a463-0a9f2679dac9' integrado ao financeiro. Total=R$ 115,00; PagamentoImediato=False. | ErroTecnico= | StackTrace=
DataHora=2026-09-26T14:16:52.9890626-03:00 | Nivel=INFO | Usuario=Smoke Test | Perfil=Administrador | Tela=Geral | Acao=Orcamento '3cb624d2-5a8c-424a-a463-0a9f2679dac9' convertido em venda '93904f0c-06d5-4c72-9df5-c8b262ee21df'. | ErroTecnico= | StackTrace=
DataHora=2026-09-26T14:17:01.6350524-03:00 | Nivel=WARN | Usuario=Smoke Test | Perfil=Administrador | Tela=Geral | Acao=Smoke test: janela Window nao ficou visivel apos 5s. | ErroTecnico= | StackTrace=
DataHora=2026-09-26T14:17:01.6439373-03:00 | Nivel=INFO | Usuario=Smoke Test | Perfil=Administrador | Tela=Geral | Acao=Compartilhamento WhatsApp do orcamento 'ORC-20260926-0010' validado em automacao. | ErroTecnico= | StackTrace=
DataHora=2026-09-26T14:17:04.0231358-03:00 | Nivel=INFO | Usuario=Smoke Test | Perfil=Administrador | Tela=Geral | Acao=Exportacao PDF do orcamento 'ORC-20260926-0010' validada em automacao: C:\Users\campo\AppData\Local\Temp\primox-c113-smoke-20260926_140533\Logs\orcamentos-smoke\Orcamento_ORC-20260926-0010_20260926141704005.pdf | ErroTecnico= | StackTrace=
DataHora=2026-09-26T14:17:07.4477772-03:00 | Nivel=WARN | Usuario=Smoke Test | Perfil=Administrador | Tela=Geral | Acao=Smoke test 'Interacao:Modulo:OrcamentosControl' demorou 41852 ms (acima de 30000 ms). | ErroTecnico= | StackTrace=
DataHora=2026-09-26T14:17:07.4485450-03:00 | Nivel=INFO | Usuario=Smoke Test | Perfil=Administrador | Tela=Geral | Acao=Smoke test aprovado: Interacao:Modulo:OrcamentosControl (41852 ms). | ErroTecnico= | StackTrace=
DataHora=2026-09-26T14:17:07.4490782-03:00 | Nivel=INFO | Usuario=Smoke Test | Perfil=Administrador | Tela=Geral | Acao=Smoke test iniciando: Interacao:Modulo:OrdensServicoControl. | ErroTecnico= | StackTrace=
DataHora=2026-09-26T14:17:13.2730564-03:00 | Nivel=WARN | Usuario=Smoke Test | Perfil=Administrador | Tela=Geral | Acao=Smoke test: janela Window nao ficou visivel apos 5s. | ErroTecnico= | StackTrace=
DataHora=2026-09-26T14:17:13.3219628-03:00 | Nivel=INFO | Usuario=Smoke Test | Perfil=Administrador | Tela=OrdensServico | Acao=Janela de agendamento retorno por atalho de OS validada em automacao sem abrir modal bloqueante. | ErroTecnico= | StackTrace=
DataHora=2026-09-26T14:17:19.6337393-03:00 | Nivel=WARN | Usuario=Smoke Test | Perfil=Administrador | Tela=Geral | Acao=Smoke test: janela Window nao ficou visivel apos 5s. | ErroTecnico= | StackTrace=
DataHora=2026-09-26T14:17:26.2851793-03:00 | Nivel=WARN | Usuario=Smoke Test | Perfil=Administrador | Tela=Geral | Acao=Smoke test: janela Window nao ficou visivel apos 5s. | ErroTecnico= | StackTrace=
DataHora=2026-09-26T14:17:33.0484216-03:00 | Nivel=WARN | Usuario=Smoke Test | Perfil=Administrador | Tela=Geral | Acao=Smoke test: janela Window nao ficou visivel apos 5s. | ErroTecnico= | StackTrace=
